ply
format ascii 1.0
comment Created by Open3D
element vertex 25440
property double x
property double y
property double z
end_header
0 0 -25.7804
1 0 -25.7804
2 0 -25.7804
3 0 -25.7804
4 0 -25.7804
5 0 -25.7804
6 0 -25.7804
7 0 -25.7804
8 0 -25.7804
9 0 -25.7804
10 0 -25.7804
11 0 -25.7804
12 0 -25.7804
13 0 -25.7804
14 0 -25.7804
15 0 -25.7804
16 0 -25.7804
17 0 -25.7804
18 0 -25.7804
19 0 -25.7804
20 0 -25.7804
21 0 -25.7804
22 0 -25.7804
23 0 -25.7804
24 0 -25.7804
25 0 -25.7804
26 0 -25.7804
27 0 -25.7804
28 0 -25.7804
29 0 -25.7804
30 0 -25.7804
31 0 -25.7804
32 0 -25.7804
33 0 -25.7804
34 0 -25.7804
35 0 -25.7804
36 0 -25.7804
37 0 -25.7804
38 0 -25.7804
39 0 -25.7804
40 0 -25.7804
41 0 -25.7804
42 0 -25.7804
43 0 -25.7804
44 0 -25.7804
45 0 -25.7804
46 0 -25.7804
47 0 -25.7804
48 0 -25.7804
49 0 -25.7804
50 0 -25.7804
51 0 -25.7804
52 0 -25.7804
53 0 -25.7804
54 0 -25.7804
55 0 -25.7804
56 0 -25.7804
57 0 -25.7804
58 0 -25.7804
59 0 -25.7804
60 0 -25.7804
61 0 -25.7804
62 0 -25.7804
63 0 -25.7804
64 0 -25.7804
65 0 -25.7804
66 0 -25.7804
67 0 -25.7804
68 0 -25.7804
69 0 -25.7804
70 0 -25.7804
71 0 -25.7804
72 0 -25.7804
73 0 -25.7804
74 0 -25.7804
75 0 -25.7804
76 0 -25.7804
77 0 -25.7804
78 0 -25.7804
79 0 -25.7804
80 0 -25.7804
81 0 -25.7804
82 0 -25.7804
83 0 -25.7804
84 0 -25.7804
85 0 -25.7804
86 0 -25.7804
87 0 -25.7804
88 0 -25.7804
89 0 -25.7804
90 0 -25.7804
91 0 -25.7804
92 0 -25.7804
93 0 -25.7804
94 0 -25.7804
95 0 -25.7804
96 0 -25.7804
97 0 -25.7804
98 0 -25.7804
99 0 -25.7804
100 0 -25.7804
101 0 -25.7804
102 0 -25.7804
103 0 -25.7804
104 0 -25.7804
105 0 -25.7804
106 0 -25.7804
107 0 -25.7804
108 0 -25.7804
109 0 -25.7804
110 0 -25.7804
111 0 -25.7804
112 0 -25.7804
113 0 -25.7804
114 0 -25.7804
115 0 -25.7804
116 0 -25.7804
117 0 -25.7804
118 0 -25.7804
119 0 -25.7804
0 1 -25.7804
1 1 -25.7804
2 1 -25.7804
3 1 -25.7804
4 1 -25.7804
5 1 -25.7804
6 1 -25.7804
7 1 -25.7804
8 1 -25.7804
9 1 -25.7804
10 1 -25.7804
11 1 -25.7804
12 1 -25.7804
13 1 -25.7804
14 1 -25.7804
15 1 -25.7804
16 1 -25.7804
17 1 -25.7804
18 1 -25.7804
19 1 -25.7804
20 1 -25.7804
21 1 -25.7804
22 1 -25.7804
23 1 -25.7804
24 1 -25.7804
25 1 -25.7804
26 1 -25.7804
27 1 -25.7804
28 1 -25.7804
29 1 -25.7804
30 1 -25.7804
31 1 -25.7804
32 1 -25.7804
33 1 -25.7804
34 1 -25.7804
35 1 -25.7804
36 1 -25.7804
37 1 -25.7804
38 1 -25.7804
39 1 -25.7804
40 1 -25.7804
41 1 -25.7804
42 1 -25.7804
43 1 -25.7804
44 1 -25.7804
45 1 -25.7804
46 1 -25.7804
47 1 -25.7804
48 1 -25.7804
49 1 -25.7804
50 1 -25.7804
51 1 -25.7804
52 1 -25.7804
53 1 -25.7804
54 1 -25.7804
55 1 -25.7804
56 1 -25.7804
57 1 -25.7804
58 1 -25.7804
59 1 -25.7804
60 1 -25.7804
61 1 -25.7804
62 1 -25.7804
63 1 -25.7804
64 1 -25.7804
65 1 -25.7804
66 1 -25.7804
67 1 -25.7804
68 1 -25.7804
69 1 -25.7804
70 1 -25.7804
71 1 -25.7804
72 1 -25.7804
73 1 -25.7804
74 1 -25.7804
75 1 -25.7804
76 1 -25.7804
77 1 -25.7804
78 1 -25.7804
79 1 -25.7804
80 1 -25.7804
81 1 -25.7804
82 1 -25.7804
83 1 -25.7804
84 1 -25.7804
85 1 -25.7804
86 1 -25.7804
87 1 -25.7804
88 1 -25.7804
89 1 -25.7804
90 1 -25.7804
91 1 -25.7804
92 1 -25.7804
93 1 -25.7804
94 1 -25.7804
95 1 -25.7804
96 1 -25.7804
97 1 -25.7804
98 1 -25.7804
99 1 -25.7804
100 1 -25.7804
101 1 -25.7804
102 1 -25.7804
103 1 -25.7804
104 1 -25.7804
105 1 -25.7804
106 1 -25.7804
107 1 -25.7804
108 1 -25.7804
109 1 -25.7804
110 1 -25.7804
111 1 -25.7804
112 1 -25.7804
113 1 -25.7804
114 1 -25.7804
115 1 -25.7804
116 1 -25.7804
117 1 -25.7804
118 1 -25.7804
119 1 -25.7804
0 2 -25.7804
1 2 -25.7804
2 2 -25.7804
3 2 -25.7804
4 2 -25.7804
5 2 -25.7804
6 2 -25.7804
7 2 -25.7804
8 2 -25.7804
9 2 -25.7804
10 2 -25.7804
11 2 -25.7804
12 2 -25.7804
13 2 -25.7804
14 2 -25.7804
15 2 -25.7804
16 2 -25.7804
17 2 -25.7804
18 2 -25.7804
19 2 -25.7804
20 2 -25.7804
21 2 -25.7804
22 2 -25.7804
23 2 -25.7804
24 2 -25.7804
25 2 -25.7804
26 2 -25.7804
27 2 -25.7804
28 2 -25.7804
29 2 -25.7804
30 2 -25.7804
31 2 -25.7804
32 2 -25.7804
33 2 -25.7804
34 2 -25.7804
35 2 -25.7804
36 2 -25.7804
37 2 -25.7804
38 2 -25.7804
39 2 -25.7804
40 2 -25.7804
41 2 -25.7804
42 2 -25.7804
43 2 -25.7804
44 2 -25.7804
45 2 -25.7804
46 2 -25.7804
47 2 -25.7804
48 2 -25.7804
49 2 -25.7804
50 2 -25.7804
51 2 -25.7804
52 2 -25.7804
53 2 -25.7804
54 2 -25.7804
55 2 -25.7804
56 2 -25.7804
57 2 -25.7804
58 2 -25.7804
59 2 -25.7804
60 2 -25.7804
61 2 -25.7804
62 2 -25.7804
63 2 -25.7804
64 2 -25.7804
65 2 -25.7804
66 2 -25.7804
67 2 -25.7804
68 2 -25.7804
69 2 -25.7804
70 2 -25.7804
71 2 -25.7804
72 2 -25.7804
73 2 -25.7804
74 2 -25.7804
75 2 -25.7804
76 2 -25.7804
77 2 -25.7804
78 2 -25.7804
79 2 -25.7804
80 2 -25.7804
81 2 -25.7804
82 2 -25.7804
83 2 -25.7804
84 2 -25.7804
85 2 -25.7804
86 2 -25.7804
87 2 -25.7804
88 2 -25.7804
89 2 -25.7804
90 2 -25.7804
91 2 -25.7804
92 2 -25.7804
93 2 -25.7804
94 2 -25.7804
95 2 -25.7804
96 2 -25.7804
97 2 -25.7804
98 2 -25.7804
99 2 -25.7804
100 2 -25.7804
101 2 -25.7804
102 2 -25.7804
103 2 -25.7804
104 2 -25.7804
105 2 -25.7804
106 2 -25.7804
107 2 -25.7804
108 2 -25.7804
109 2 -25.7804
110 2 -25.7804
111 2 -25.7804
112 2 -25.7804
113 2 -25.7804
114 2 -25.7804
115 2 -25.7804
116 2 -25.7804
117 2 -25.7804
118 2 -25.7804
119 2 -25.7804
0 3 -25.7804
1 3 -25.7804
2 3 -25.7804
3 3 -25.7804
4 3 -25.7804
5 3 -25.7804
6 3 -25.7804
7 3 -25.7804
8 3 -25.7804
9 3 -25.7804
10 3 -25.7804
11 3 -25.7804
12 3 -25.7804
13 3 -25.7804
14 3 -25.7804
15 3 -25.7804
16 3 -25.7804
17 3 -25.7804
18 3 -25.7804
19 3 -25.7804
20 3 -25.7804
21 3 -25.7804
22 3 -25.7804
23 3 -25.7804
24 3 -25.7804
25 3 -25.7804
26 3 -25.7804
27 3 -25.7804
28 3 -25.7804
29 3 -25.7804
30 3 -25.7804
31 3 -25.7804
32 3 -25.7804
33 3 -25.7804
34 3 -25.7804
35 3 -25.7804
36 3 -25.7804
37 3 -25.7804
38 3 -25.7804
39 3 -25.7804
40 3 -25.7804
41 3 -25.7804
42 3 -25.7804
43 3 -25.7804
44 3 -25.7804
45 3 -25.7804
46 3 -25.7804
47 3 -25.7804
48 3 -25.7804
49 3 -25.7804
50 3 -25.7804
51 3 -25.7804
52 3 -25.7804
53 3 -25.7804
54 3 -25.7804
55 3 -25.7804
56 3 -25.7804
57 3 -25.7804
58 3 -25.7804
59 3 -25.7804
60 3 -25.7804
61 3 -25.7804
62 3 -25.7804
63 3 -25.7804
64 3 -25.7804
65 3 -25.7804
66 3 -25.7804
67 3 -25.7804
68 3 -25.7804
69 3 -25.7804
70 3 -25.7804
71 3 -25.7804
72 3 -25.7804
73 3 -25.7804
74 3 -25.7804
75 3 -25.7804
76 3 -25.7804
77 3 -25.7804
78 3 -25.7804
79 3 -25.7804
80 3 -25.7804
81 3 -25.7804
82 3 -25.7804
83 3 -25.7804
84 3 -25.7804
85 3 -25.7804
86 3 -25.7804
87 3 -25.7804
88 3 -25.7804
89 3 -25.7804
90 3 -25.7804
91 3 -25.7804
92 3 -25.7804
93 3 -25.7804
94 3 -25.7804
95 3 -25.7804
96 3 -25.7804
97 3 -25.7804
98 3 -25.7804
99 3 -25.7804
100 3 -25.7804
101 3 -25.7804
102 3 -25.7804
103 3 -25.7804
104 3 -25.7804
105 3 -25.7804
106 3 -25.7804
107 3 -25.7804
108 3 -25.7804
109 3 -25.7804
110 3 -25.7804
111 3 -25.7804
112 3 -25.7804
113 3 -25.7804
114 3 -25.7804
115 3 -25.7804
116 3 -25.7804
117 3 -25.7804
118 3 -25.7804
119 3 -25.7804
0 4 -25.7804
1 4 -25.7804
2 4 -25.7804
3 4 -25.7804
4 4 -25.7804
5 4 -25.7804
6 4 -25.7804
7 4 -25.7804
8 4 -25.7804
9 4 -25.7804
10 4 -25.7804
11 4 -25.7804
12 4 -25.7804
13 4 -25.7804
14 4 -25.7804
15 4 -25.7804
16 4 -25.7804
17 4 -25.7804
18 4 -25.7804
19 4 -25.7804
20 4 -25.7804
21 4 -25.7804
22 4 -25.7804
23 4 -25.7804
24 4 -25.7804
25 4 -25.7804
26 4 -25.7804
27 4 -25.7804
28 4 -25.7804
29 4 -25.7804
30 4 -25.7804
31 4 -25.7804
32 4 -25.7804
33 4 -25.7804
34 4 -25.7804
35 4 -25.7804
36 4 -25.7804
37 4 -25.7804
38 4 -25.7804
39 4 -25.7804
40 4 -25.7804
41 4 -25.7804
42 4 -25.7804
43 4 -25.7804
44 4 -25.7804
45 4 -25.7804
46 4 -25.7804
47 4 -25.7804
48 4 -25.7804
49 4 -25.7804
50 4 -25.7804
51 4 -25.7804
52 4 -25.7804
53 4 -25.7804
54 4 -25.7804
55 4 -25.7804
56 4 -25.7804
57 4 -25.7804
58 4 -25.7804
59 4 -25.7804
60 4 -25.7804
61 4 -25.7804
62 4 -25.7804
63 4 -25.7804
64 4 -25.7804
65 4 -25.7804
66 4 -25.7804
67 4 -25.7804
68 4 -25.7804
69 4 -25.7804
70 4 -25.7804
71 4 -25.7804
72 4 -25.7804
73 4 -25.7804
74 4 -25.7804
75 4 -25.7804
76 4 -25.7804
77 4 -25.7804
78 4 -25.7804
79 4 -25.7804
80 4 -25.7804
81 4 -25.7804
82 4 -25.7804
83 4 -25.7804
84 4 -25.7804
85 4 -25.7804
86 4 -25.7804
87 4 -25.7804
88 4 -25.7804
89 4 -25.7804
90 4 -25.7804
91 4 -25.7804
92 4 -25.7804
93 4 -25.7804
94 4 -25.7804
95 4 -25.7804
96 4 -25.7804
97 4 -25.7804
98 4 -25.7804
99 4 -25.7804
100 4 -25.7804
101 4 -25.7804
102 4 -25.7804
103 4 -25.7804
104 4 -25.7804
105 4 -25.7804
106 4 -25.7804
107 4 -25.7804
108 4 -25.7804
109 4 -25.7804
110 4 -25.7804
111 4 -25.7804
112 4 -25.7804
113 4 -25.7804
114 4 -25.7804
115 4 -25.7804
116 4 -25.7804
117 4 -25.7804
118 4 -25.7804
119 4 -25.7804
0 5 -25.7804
1 5 -25.7804
2 5 -25.7804
3 5 -25.7804
4 5 -25.7804
5 5 -25.7804
6 5 -25.7804
7 5 -25.7804
8 5 -25.7804
9 5 -25.7804
10 5 -25.7804
11 5 -25.7804
12 5 -25.7804
13 5 -25.7804
14 5 -25.7804
15 5 -25.7804
16 5 -25.7804
17 5 -25.7804
18 5 -25.7804
19 5 -25.7804
20 5 -25.7804
21 5 -25.7804
22 5 -25.7804
23 5 -25.7804
24 5 -25.7804
25 5 -25.7804
26 5 -25.7804
27 5 -25.7804
28 5 -25.7804
29 5 -25.7804
30 5 -25.7804
31 5 -25.7804
32 5 -25.7804
33 5 -25.7804
34 5 -25.7804
35 5 -25.7804
36 5 -25.7804
37 5 -25.7804
38 5 -25.7804
39 5 -25.7804
40 5 -25.7804
41 5 -25.7804
42 5 -25.7804
43 5 -25.7804
44 5 -25.7804
45 5 -25.7804
46 5 -25.7804
47 5 -25.7804
48 5 -25.7804
49 5 -25.7804
50 5 -25.7804
51 5 -25.7804
52 5 -25.7804
53 5 -25.7804
54 5 -25.7804
55 5 -25.7804
56 5 -25.7804
57 5 -25.7804
58 5 -25.7804
59 5 -25.7804
60 5 -25.7804
61 5 -25.7804
62 5 -25.7804
63 5 -25.7804
64 5 -25.7804
65 5 -25.7804
66 5 -25.7804
67 5 -25.7804
68 5 -25.7804
69 5 -25.7804
70 5 -25.7804
71 5 -25.7804
72 5 -25.7804
73 5 -25.7804
74 5 -25.7804
75 5 -25.7804
76 5 -25.7804
77 5 -25.7804
78 5 -25.7804
79 5 -25.7804
80 5 -25.7804
81 5 -25.7804
82 5 -25.7804
83 5 -25.7804
84 5 -25.7804
85 5 -25.7804
86 5 -25.7804
87 5 -25.7804
88 5 -25.7804
89 5 -25.7804
90 5 -25.7804
91 5 -25.7804
92 5 -25.7804
93 5 -25.7804
94 5 -25.7804
95 5 -25.7804
96 5 -25.7804
97 5 -25.7804
98 5 -25.7804
99 5 -25.7804
100 5 -25.7804
101 5 -25.7804
102 5 -25.7804
103 5 -25.7804
104 5 -25.7804
105 5 -25.7804
106 5 -25.7804
107 5 -25.7804
108 5 -25.7804
109 5 -25.7804
110 5 -25.7804
111 5 -25.7804
112 5 -25.7804
113 5 -25.7804
114 5 -25.7804
115 5 -25.7804
116 5 -25.7804
117 5 -25.7804
118 5 -25.7804
119 5 -25.7804
0 6 -25.7804
1 6 -25.7804
2 6 -25.7804
3 6 -25.7804
4 6 -25.7804
5 6 -25.7804
6 6 -25.7804
7 6 -25.7804
8 6 -25.7804
9 6 -25.7804
10 6 -25.7804
11 6 -25.7804
12 6 -25.7804
13 6 -25.7804
14 6 -25.7804
15 6 -25.7804
16 6 -25.7804
17 6 -25.7804
18 6 -25.7804
19 6 -25.7804
20 6 -25.7804
21 6 -25.7804
22 6 -25.7804
23 6 -25.7804
24 6 -25.7804
25 6 -25.7804
26 6 -25.7804
27 6 -25.7804
28 6 -25.7804
29 6 -25.7804
30 6 -25.7804
31 6 -25.7804
32 6 -25.7804
33 6 -25.7804
34 6 -25.7804
35 6 -25.7804
36 6 -25.7804
37 6 -25.7804
38 6 -25.7804
39 6 -25.7804
40 6 -25.7804
41 6 -25.7804
42 6 -25.7804
43 6 -25.7804
44 6 -25.7804
45 6 -25.7804
46 6 -25.7804
47 6 -25.7804
48 6 -25.7804
49 6 -25.7804
50 6 -25.7804
51 6 -25.7804
52 6 -25.7804
53 6 -25.7804
54 6 -25.7804
55 6 -25.7804
56 6 -25.7804
57 6 -25.7804
58 6 -25.7804
59 6 -25.7804
60 6 -25.7804
61 6 -25.7804
62 6 -25.7804
63 6 -25.7804
64 6 -25.7804
65 6 -25.7804
66 6 -25.7804
67 6 -25.7804
68 6 -25.7804
69 6 -25.7804
70 6 -25.7804
71 6 -25.7804
72 6 -25.7804
73 6 -25.7804
74 6 -25.7804
75 6 -25.7804
76 6 -25.7804
77 6 -25.7804
78 6 -25.7804
79 6 -25.7804
80 6 -25.7804
81 6 -25.7804
82 6 -25.7804
83 6 -25.7804
84 6 -25.7804
85 6 -25.7804
86 6 -25.7804
87 6 -25.7804
88 6 -25.7804
89 6 -25.7804
90 6 -25.7804
91 6 -25.7804
92 6 -25.7804
93 6 -25.7804
94 6 -25.7804
95 6 -25.7804
96 6 -25.7804
97 6 -25.7804
98 6 -25.7804
99 6 -25.7804
100 6 -25.7804
101 6 -25.7804
102 6 -25.7804
103 6 -25.7804
104 6 -25.7804
105 6 -25.7804
106 6 -25.7804
107 6 -25.7804
108 6 -25.7804
109 6 -25.7804
110 6 -25.7804
111 6 -25.7804
112 6 -25.7804
113 6 -25.7804
114 6 -25.7804
115 6 -25.7804
116 6 -25.7804
117 6 -25.7804
118 6 -25.7804
119 6 -25.7804
0 7 -25.7804
1 7 -25.7804
2 7 -25.7804
3 7 -25.7804
4 7 -25.7804
5 7 -25.7804
6 7 -25.7804
7 7 -25.7804
8 7 -25.7804
9 7 -25.7804
10 7 -25.7804
11 7 -25.7804
12 7 -25.7804
13 7 -25.7804
14 7 -25.7804
15 7 -25.7804
16 7 -25.7804
17 7 -25.7804
18 7 -25.7804
19 7 -25.7804
20 7 -25.7804
21 7 -25.7804
22 7 -25.7804
23 7 -25.7804
24 7 -25.7804
25 7 -25.7804
26 7 -25.7804
27 7 -25.7804
28 7 -25.7804
29 7 -25.7804
30 7 -25.7804
31 7 -25.7804
32 7 -25.7804
33 7 -25.7804
34 7 -25.7804
35 7 -25.7804
36 7 -25.7804
37 7 -25.7804
38 7 -25.7804
39 7 -25.7804
40 7 -25.7804
41 7 -25.7804
42 7 -25.7804
43 7 -25.7804
44 7 -25.7804
45 7 -25.7804
46 7 -25.7804
47 7 -25.7804
48 7 -25.7804
49 7 -25.7804
50 7 -25.7804
51 7 -25.7804
52 7 -25.7804
53 7 -25.7804
54 7 -25.7804
55 7 -25.7804
56 7 -25.7804
57 7 -25.7804
58 7 -25.7804
59 7 -25.7804
60 7 -25.7804
61 7 -25.7804
62 7 -25.7804
63 7 -25.7804
64 7 -25.7804
65 7 -25.7804
66 7 -25.7804
67 7 -25.7804
68 7 -25.7804
69 7 -25.7804
70 7 -25.7804
71 7 -25.7804
72 7 -25.7804
73 7 -25.7804
74 7 -25.7804
75 7 -25.7804
76 7 -25.7804
77 7 -25.7804
78 7 -25.7804
79 7 -25.7804
80 7 -25.7804
81 7 -25.7804
82 7 -25.7804
83 7 -25.7804
84 7 -25.7804
85 7 -25.7804
86 7 -25.7804
87 7 -25.7804
88 7 -25.7804
89 7 -25.7804
90 7 -25.7804
91 7 -25.7804
92 7 -25.7804
93 7 -25.7804
94 7 -25.7804
95 7 -25.7804
96 7 -25.7804
97 7 -25.7804
98 7 -25.7804
99 7 -25.7804
100 7 -25.7804
101 7 -25.7804
102 7 -25.7804
103 7 -25.7804
104 7 -25.7804
105 7 -25.7804
106 7 -25.7804
107 7 -25.7804
108 7 -25.7804
109 7 -25.7804
110 7 -25.7804
111 7 -25.7804
112 7 -25.7804
113 7 -25.7804
114 7 -25.7804
115 7 -25.7804
116 7 -25.7804
117 7 -25.7804
118 7 -25.7804
119 7 -25.7804
0 8 -25.7804
1 8 -25.7804
2 8 -25.7804
3 8 -25.7804
4 8 -25.7804
5 8 -25.7804
6 8 -25.7804
7 8 -25.7804
8 8 -25.7804
9 8 -25.7804
10 8 -25.7804
11 8 -25.7804
12 8 -25.7804
13 8 -25.7804
14 8 -25.7804
15 8 -25.7804
16 8 -25.7804
17 8 -25.7804
18 8 -25.7804
19 8 -25.7804
20 8 -25.7804
21 8 -25.7804
22 8 -25.7804
23 8 -25.7804
24 8 -25.7804
25 8 -25.7804
26 8 -25.7804
27 8 -25.7804
28 8 -25.7804
29 8 -25.7804
30 8 -25.7804
31 8 -25.7804
32 8 -25.7804
33 8 -25.7804
34 8 -25.7804
35 8 -25.7804
36 8 -25.7804
37 8 -25.7804
38 8 -25.7804
39 8 -25.7804
40 8 -25.7804
41 8 -25.7804
42 8 -25.7804
43 8 -25.7804
44 8 -25.7804
45 8 -25.7804
46 8 -25.7804
47 8 -25.7804
48 8 -25.7804
49 8 -25.7804
50 8 -25.7804
51 8 -25.7804
52 8 -25.7804
53 8 -25.7804
54 8 -25.7804
55 8 -25.7804
56 8 -25.7804
57 8 -25.7804
58 8 -25.7804
59 8 -25.7804
60 8 -25.7804
61 8 -25.7804
62 8 -25.7804
63 8 -25.7804
64 8 -25.7804
65 8 -25.7804
66 8 -25.7804
67 8 -25.7804
68 8 -25.7804
69 8 -25.7804
70 8 -25.7804
71 8 -25.7804
72 8 -25.7804
73 8 -25.7804
74 8 -25.7804
75 8 -25.7804
76 8 -25.7804
77 8 -25.7804
78 8 -25.7804
79 8 -25.7804
80 8 -25.7804
81 8 -25.7804
82 8 -25.7804
83 8 -25.7804
84 8 -25.7804
85 8 -25.7804
86 8 -25.7804
87 8 -25.7804
88 8 -25.7804
89 8 -25.7804
90 8 -25.7804
91 8 -25.7804
92 8 -25.7804
93 8 -25.7804
94 8 -25.7804
95 8 -25.7804
96 8 -25.7804
97 8 -25.7804
98 8 -25.7804
99 8 -25.7804
100 8 -25.7804
101 8 -25.7804
102 8 -25.7804
103 8 -25.7804
104 8 -25.7804
105 8 -25.7804
106 8 -25.7804
107 8 -25.7804
108 8 -25.7804
109 8 -25.7804
110 8 -25.7804
111 8 -25.7804
112 8 -25.7804
113 8 -25.7804
114 8 -25.7804
115 8 -25.7804
116 8 -25.7804
117 8 -25.7804
118 8 -25.7804
119 8 -25.7804
0 9 -25.7804
1 9 -25.7804
2 9 -25.7804
3 9 -25.7804
4 9 -25.7804
5 9 -25.7804
6 9 -25.7804
7 9 -25.7804
8 9 -25.7804
9 9 -25.7804
10 9 -25.7804
11 9 -25.7804
12 9 -25.7804
13 9 -25.7804
14 9 -25.7804
15 9 -25.7804
16 9 -25.7804
17 9 -25.7804
18 9 -25.7804
19 9 -25.7804
20 9 -25.7804
21 9 -25.7804
22 9 -25.7804
23 9 -25.7804
24 9 -25.7804
25 9 -25.7804
26 9 -25.7804
27 9 -25.7804
28 9 -25.7804
29 9 -25.7804
30 9 -25.7804
31 9 -25.7804
32 9 -25.7804
33 9 -25.7804
34 9 -25.7804
35 9 -25.7804
36 9 -25.7804
37 9 -25.7804
38 9 -25.7804
39 9 -25.7804
40 9 -25.7804
41 9 -25.7804
42 9 -25.7804
43 9 -25.7804
44 9 -25.7804
45 9 -25.7804
46 9 -25.7804
47 9 -25.7804
48 9 -25.7804
49 9 -25.7804
50 9 -25.7804
51 9 -25.7804
52 9 -25.7804
53 9 -25.7804
54 9 -25.7804
55 9 -25.7804
56 9 -25.7804
57 9 -25.7804
58 9 -25.7804
59 9 -25.7804
60 9 -25.7804
61 9 -25.7804
62 9 -25.7804
63 9 -25.7804
64 9 -25.7804
65 9 -25.7804
66 9 -25.7804
67 9 -25.7804
68 9 -25.7804
69 9 -25.7804
70 9 -25.7804
71 9 -25.7804
72 9 -25.7804
73 9 -25.7804
74 9 -25.7804
75 9 -25.7804
76 9 -25.7804
77 9 -25.7804
78 9 -25.7804
79 9 -25.7804
80 9 -25.7804
81 9 -25.7804
82 9 -25.7804
83 9 -25.7804
84 9 -25.7804
85 9 -25.7804
86 9 -25.7804
87 9 -25.7804
88 9 -25.7804
89 9 -25.7804
90 9 -25.7804
91 9 -25.7804
92 9 -25.7804
93 9 -25.7804
94 9 -25.7804
95 9 -25.7804
96 9 -25.7804
97 9 -25.7804
98 9 -25.7804
99 9 -25.7804
100 9 -25.7804
101 9 -25.7804
102 9 -25.7804
103 9 -25.7804
104 9 -25.7804
105 9 -25.7804
106 9 -25.7804
107 9 -25.7804
108 9 -25.7804
109 9 -25.7804
110 9 -25.7804
111 9 -25.7804
112 9 -25.7804
113 9 -25.7804
114 9 -25.7804
115 9 -25.7804
116 9 -25.7804
117 9 -25.7804
118 9 -25.7804
119 9 -25.7804
0 10 -25.7804
1 10 -25.7804
2 10 -25.7804
3 10 -25.7804
4 10 -25.7804
5 10 -25.7804
6 10 -25.7804
7 10 -25.7804
8 10 -25.7804
9 10 -25.7804
10 10 -25.7804
11 10 -25.7804
12 10 -25.7804
13 10 -25.7804
14 10 -25.7804
15 10 -25.7804
16 10 -25.7804
17 10 -25.7804
18 10 -25.7804
19 10 -25.7804
20 10 -25.7804
21 10 -25.7804
22 10 -25.7804
23 10 -25.7804
24 10 -25.7804
25 10 -25.7804
26 10 -25.7804
27 10 -25.7804
28 10 -25.7804
29 10 -25.7804
30 10 -25.7804
31 10 -25.7804
32 10 -25.7804
33 10 -25.7804
34 10 -25.7804
35 10 -25.7804
36 10 -25.7804
37 10 -25.7804
38 10 -25.7804
39 10 -25.7804
40 10 -25.7804
41 10 -25.7804
42 10 -25.7804
43 10 -25.7804
44 10 -25.7804
45 10 -25.7804
46 10 -25.7804
47 10 -25.7804
48 10 -25.7804
49 10 -25.7804
50 10 -25.7804
51 10 -25.7804
52 10 -25.7804
53 10 -25.7804
54 10 -25.7804
55 10 -25.7804
56 10 -25.7804
57 10 -25.7804
58 10 -25.7804
59 10 -25.7804
60 10 -25.7804
61 10 -25.7804
62 10 -25.7804
63 10 -25.7804
64 10 -25.7804
65 10 -25.7804
66 10 -25.7804
67 10 -25.7804
68 10 -25.7804
69 10 -25.7804
70 10 -25.7804
71 10 -25.7804
72 10 -25.7804
73 10 -25.7804
74 10 -25.7804
75 10 -25.7804
76 10 -25.7804
77 10 -25.7804
78 10 -25.7804
79 10 -25.7804
80 10 -25.7804
81 10 -25.7804
82 10 -25.7804
83 10 -25.7804
84 10 -25.7804
85 10 -25.7804
86 10 -25.7804
87 10 -25.7804
88 10 -25.7804
89 10 -25.7804
90 10 -25.7804
91 10 -25.7804
92 10 -25.7804
93 10 -25.7804
94 10 -25.7804
95 10 -25.7804
96 10 -25.7804
97 10 -25.7804
98 10 -25.7804
99 10 -25.7804
100 10 -25.7804
101 10 -25.7804
102 10 -25.7804
103 10 -25.7804
104 10 -25.7804
105 10 -25.7804
106 10 -25.7804
107 10 -25.7804
108 10 -25.7804
109 10 -25.7804
110 10 -25.7804
111 10 -25.7804
112 10 -25.7804
113 10 -25.7804
114 10 -25.7804
115 10 -25.7804
116 10 -25.7804
117 10 -25.7804
118 10 -25.7804
119 10 -25.7804
0 11 -25.7804
1 11 -25.7804
2 11 -25.7804
3 11 -25.7804
4 11 -25.7804
5 11 -25.7804
6 11 -25.7804
7 11 -25.7804
8 11 -25.7804
9 11 -25.7804
10 11 -25.7804
11 11 -25.7804
12 11 -25.7804
13 11 -25.7804
14 11 -25.7804
15 11 -25.7804
16 11 -25.7804
17 11 -25.7804
18 11 -25.7804
19 11 -25.7804
20 11 -25.7804
21 11 -25.7804
22 11 -25.7804
23 11 -25.7804
24 11 -25.7804
25 11 -25.7804
26 11 -25.7804
27 11 -25.7804
28 11 -25.7804
29 11 -25.7804
30 11 -25.7804
31 11 -25.7804
32 11 -25.7804
33 11 -25.7804
34 11 -16.2436
35 11 -15.6395
36 11 -14.835
37 11 -14.1924
38 11 -13.6666
39 11 -13.0351
40 11 -12.5684
41 11 -12.1843
42 11 -11.9859
43 11 -11.6998
44 11 -11.4526
45 11 -11.2233
46 11 -11.2259
47 11 -10.8453
48 11 -10.778
49 11 -25.7804
50 11 -25.7804
51 11 -25.7804
52 11 -25.7804
53 11 -25.7804
54 11 -25.7804
55 11 -25.7804
56 11 -25.7804
57 11 -25.7804
58 11 -25.7804
59 11 -25.7804
60 11 -25.7804
61 11 -25.7804
62 11 -25.7804
63 11 -25.7804
64 11 -25.7804
65 11 -25.7804
66 11 -25.7804
67 11 -25.7804
68 11 -25.7804
69 11 -25.7804
70 11 -25.7804
71 11 -25.7804
72 11 -25.7804
73 11 -25.7804
74 11 -25.7804
75 11 -25.7804
76 11 -25.7804
77 11 -25.7804
78 11 -25.7804
79 11 -25.7804
80 11 -25.7804
81 11 -25.7804
82 11 -25.7804
83 11 -25.7804
84 11 -25.7804
85 11 -25.7804
86 11 -25.7804
87 11 -25.7804
88 11 -25.7804
89 11 -25.7804
90 11 -25.7804
91 11 -25.7804
92 11 -25.7804
93 11 -25.7804
94 11 -25.7804
95 11 -25.7804
96 11 -25.7804
97 11 -25.7804
98 11 -25.7804
99 11 -25.7804
100 11 -25.7804
101 11 -25.7804
102 11 -25.7804
103 11 -25.7804
104 11 -25.7804
105 11 -25.7804
106 11 -25.7804
107 11 -25.7804
108 11 -25.7804
109 11 -25.7804
110 11 -25.7804
111 11 -25.7804
112 11 -25.7804
113 11 -25.7804
114 11 -25.7804
115 11 -25.7804
116 11 -25.7804
117 11 -25.7804
118 11 -25.7804
119 11 -25.7804
0 12 -25.7804
1 12 -25.7804
2 12 -25.7804
3 12 -25.7804
4 12 -25.7804
5 12 -25.7804
6 12 -25.7804
7 12 -25.7804
8 12 -25.7804
9 12 -25.7804
10 12 -25.7804
11 12 -25.7804
12 12 -25.7804
13 12 -25.7804
14 12 -25.7804
15 12 -25.7804
16 12 -25.7804
17 12 -25.7804
18 12 -25.7804
19 12 -25.7804
20 12 -25.7804
21 12 -25.7804
22 12 -25.7804
23 12 -25.7804
24 12 -25.7804
25 12 -25.7804
26 12 -25.7804
27 12 -25.7804
28 12 -25.7804
29 12 -25.7804
30 12 -25.7804
31 12 -25.7804
32 12 -18.2611
33 12 -17.3931
34 12 -16.1388
35 12 -15.2724
36 12 -14.5642
37 12 -13.909
38 12 -13.3748
39 12 -12.8422
40 12 -12.4298
41 12 -12.1294
42 12 -11.8482
43 12 -11.6868
44 12 -11.4988
45 12 -11.3758
46 12 -11.327
47 12 -11.1314
48 12 -11.3142
49 12 -11.1944
50 12 -11.3213
51 12 -11.5454
52 12 -11.9136
53 12 -12.5536
54 12 -25.7804
55 12 -25.7804
56 12 -25.7804
57 12 -25.7804
58 12 -25.7804
59 12 -25.7804
60 12 -25.7804
61 12 -25.7804
62 12 -25.7804
63 12 -25.7804
64 12 -25.7804
65 12 -25.7804
66 12 -25.7804
67 12 -25.7804
68 12 -25.7804
69 12 -25.7804
70 12 -25.7804
71 12 -25.7804
72 12 -25.7804
73 12 -25.7804
74 12 -8.53471
75 12 -8.64812
76 12 -25.7804
77 12 -25.7804
78 12 -25.7804
79 12 -25.7804
80 12 -25.7804
81 12 -25.7804
82 12 -25.7804
83 12 -25.7804
84 12 -25.7804
85 12 -25.7804
86 12 -25.7804
87 12 -25.7804
88 12 -25.7804
89 12 -25.7804
90 12 -25.7804
91 12 -25.7804
92 12 -25.7804
93 12 -25.7804
94 12 -25.7804
95 12 -25.7804
96 12 -25.7804
97 12 -25.7804
98 12 -25.7804
99 12 -25.7804
100 12 -25.7804
101 12 -25.7804
102 12 -25.7804
103 12 -25.7804
104 12 -25.7804
105 12 -25.7804
106 12 -25.7804
107 12 -25.7804
108 12 -25.7804
109 12 -25.7804
110 12 -25.7804
111 12 -25.7804
112 12 -25.7804
113 12 -25.7804
114 12 -25.7804
115 12 -25.7804
116 12 -25.7804
117 12 -25.7804
118 12 -25.7804
119 12 -25.7804
0 13 -25.7804
1 13 -25.7804
2 13 -25.7804
3 13 -25.7804
4 13 -25.7804
5 13 -25.7804
6 13 -25.7804
7 13 -25.7804
8 13 -25.7804
9 13 -25.7804
10 13 -25.7804
11 13 -25.7804
12 13 -25.7804
13 13 -25.7804
14 13 -25.7804
15 13 -25.7804
16 13 -25.7804
17 13 -25.7804
18 13 -25.7804
19 13 -25.7804
20 13 -25.7804
21 13 -25.7804
22 13 -25.7804
23 13 -25.7804
24 13 -25.7804
25 13 -25.7804
26 13 -25.7804
27 13 -25.7804
28 13 -25.7804
29 13 -25.7804
30 13 -20.6342
31 13 -19.5001
32 13 -17.8452
33 13 -16.878
34 13 -15.8547
35 13 -14.9554
36 13 -14.2507
37 13 -13.6729
38 13 -13.1942
39 13 -12.7144
40 13 -12.2693
41 13 -11.9623
42 13 -11.7006
43 13 -11.5097
44 13 -11.3442
45 13 -11.1968
46 13 -11.0683
47 13 -10.9994
48 13 -11.0605
49 13 -11.1366
50 13 -11.2859
51 13 -11.4375
52 13 -11.6329
53 13 -11.9335
54 13 -12.153
55 13 -12.5416
56 13 -25.7804
57 13 -25.7804
58 13 -25.7804
59 13 -25.7804
60 13 -25.7804
61 13 -25.7804
62 13 -25.7804
63 13 -25.7804
64 13 -25.7804
65 13 -25.7804
66 13 -25.7804
67 13 -25.7804
68 13 -25.7804
69 13 -25.7804
70 13 -25.7804
71 13 -25.7804
72 13 -25.7804
73 13 -9.27544
74 13 -8.84825
75 13 -8.70685
76 13 -8.43882
77 13 -8.17269
78 13 -25.7804
79 13 -25.7804
80 13 -25.7804
81 13 -25.7804
82 13 -25.7804
83 13 -25.7804
84 13 -25.7804
85 13 -25.7804
86 13 -25.7804
87 13 -25.7804
88 13 -25.7804
89 13 -25.7804
90 13 -25.7804
91 13 -25.7804
92 13 -25.7804
93 13 -25.7804
94 13 -25.7804
95 13 -25.7804
96 13 -25.7804
97 13 -25.7804
98 13 -25.7804
99 13 -25.7804
100 13 -25.7804
101 13 -25.7804
102 13 -25.7804
103 13 -25.7804
104 13 -25.7804
105 13 -25.7804
106 13 -25.7804
107 13 -25.7804
108 13 -25.7804
109 13 -25.7804
110 13 -25.7804
111 13 -25.7804
112 13 -25.7804
113 13 -25.7804
114 13 -25.7804
115 13 -25.7804
116 13 -25.7804
117 13 -25.7804
118 13 -25.7804
119 13 -25.7804
0 14 -25.7804
1 14 -25.7804
2 14 -25.7804
3 14 -25.7804
4 14 -25.7804
5 14 -25.7804
6 14 -25.7804
7 14 -25.7804
8 14 -25.7804
9 14 -25.7804
10 14 -25.7804
11 14 -25.7804
12 14 -25.7804
13 14 -25.7804
14 14 -25.7804
15 14 -25.7804
16 14 -25.7804
17 14 -25.7804
18 14 -25.7804
19 14 -25.7804
20 14 -25.7804
21 14 -25.7804
22 14 -25.7804
23 14 -25.7804
24 14 -25.7804
25 14 -25.7804
26 14 -25.7804
27 14 -25.7804
28 14 -25.2081
29 14 -21.9101
30 14 -19.9845
31 14 -18.8667
32 14 -17.6249
33 14 -16.5577
34 14 -15.5947
35 14 -14.75
36 14 -14.0546
37 14 -13.4555
38 14 -12.9488
39 14 -12.4766
40 14 -12.1049
41 14 -11.7936
42 14 -11.5365
43 14 -11.3419
44 14 -11.1742
45 14 -11.0766
46 14 -10.9899
47 14 -10.9454
48 14 -10.9946
49 14 -11.0769
50 14 -11.2347
51 14 -11.3694
52 14 -11.5744
53 14 -11.8613
54 14 -12.1227
55 14 -12.382
56 14 -12.9282
57 14 -13.4322
58 14 -25.7804
59 14 -25.7804
60 14 -25.7804
61 14 -25.7804
62 14 -25.7804
63 14 -25.7804
64 14 -25.7804
65 14 -25.7804
66 14 -25.7804
67 14 -25.7804
68 14 -25.7804
69 14 -25.7804
70 14 -11.3227
71 14 -10.3748
72 14 -9.96178
73 14 -9.31139
74 14 -8.97651
75 14 -8.68303
76 14 -8.31632
77 14 -8.01288
78 14 -7.75362
79 14 -7.58958
80 14 -25.7804
81 14 -25.7804
82 14 -25.7804
83 14 -25.7804
84 14 -25.7804
85 14 -25.7804
86 14 -25.7804
87 14 -25.7804
88 14 -25.7804
89 14 -25.7804
90 14 -25.7804
91 14 -25.7804
92 14 -25.7804
93 14 -25.7804
94 14 -25.7804
95 14 -25.7804
96 14 -25.7804
97 14 -25.7804
98 14 -25.7804
99 14 -25.7804
100 14 -25.7804
101 14 -25.7804
102 14 -25.7804
103 14 -25.7804
104 14 -25.7804
105 14 -25.7804
106 14 -25.7804
107 14 -25.7804
108 14 -25.7804
109 14 -25.7804
110 14 -25.7804
111 14 -25.7804
112 14 -25.7804
113 14 -25.7804
114 14 -25.7804
115 14 -25.7804
116 14 -25.7804
117 14 -25.7804
118 14 -25.7804
119 14 -25.7804
0 15 -25.7804
1 15 -25.7804
2 15 -25.7804
3 15 -25.7804
4 15 -25.7804
5 15 -25.7804
6 15 -25.7804
7 15 -25.7804
8 15 -25.7804
9 15 -25.7804
10 15 -25.7804
11 15 -25.7804
12 15 -25.7804
13 15 -25.7804
14 15 -25.7804
15 15 -25.7804
16 15 -25.7804
17 15 -25.7804
18 15 -25.7804
19 15 -25.7804
20 15 -25.7804
21 15 -25.7804
22 15 -25.7804
23 15 -25.7804
24 15 -25.7804
25 15 -25.7804
26 15 -25.7804
27 15 -25.7804
28 15 -24.298
29 15 -21.8118
30 15 -19.9342
31 15 -18.4947
32 15 -17.2561
33 15 -16.2303
34 15 -15.2994
35 15 -14.479
36 15 -13.8048
37 15 -13.2121
38 15 -12.7233
39 15 -12.2906
40 15 -11.9044
41 15 -11.6162
42 15 -11.3661
43 15 -11.179
44 15 -11.0431
45 15 -10.9338
46 15 -10.891
47 15 -10.8635
48 15 -10.9117
49 15 -11.0001
50 15 -11.1316
51 15 -11.3189
52 15 -11.5358
53 15 -11.8332
54 15 -12.1711
55 15 -12.5727
56 15 -13.0331
57 15 -13.4166
58 15 -14.3102
59 15 -15.0678
60 15 -25.7804
61 15 -25.7804
62 15 -25.7804
63 15 -25.7804
64 15 -25.7804
65 15 -25.7804
66 15 -25.7804
67 15 -25.7804
68 15 -25.7804
69 15 -12.5586
70 15 -11.6906
71 15 -10.5961
72 15 -10.1229
73 15 -9.51705
74 15 -9.11275
75 15 -8.7259
76 15 -8.41095
77 15 -8.07985
78 15 -7.79997
79 15 -7.84404
80 15 -7.69119
81 15 -7.93573
82 15 -25.7804
83 15 -25.7804
84 15 -25.7804
85 15 -25.7804
86 15 -25.7804
87 15 -25.7804
88 15 -25.7804
89 15 -25.7804
90 15 -25.7804
91 15 -25.7804
92 15 -25.7804
93 15 -25.7804
94 15 -25.7804
95 15 -25.7804
96 15 -25.7804
97 15 -25.7804
98 15 -25.7804
99 15 -25.7804
100 15 -25.7804
101 15 -25.7804
102 15 -25.7804
103 15 -25.7804
104 15 -25.7804
105 15 -25.7804
106 15 -25.7804
107 15 -25.7804
108 15 -25.7804
109 15 -25.7804
110 15 -25.7804
111 15 -25.7804
112 15 -25.7804
113 15 -25.7804
114 15 -25.7804
115 15 -25.7804
116 15 -25.7804
117 15 -25.7804
118 15 -25.7804
119 15 -25.7804
0 16 -25.7804
1 16 -25.7804
2 16 -25.7804
3 16 -25.7804
4 16 -25.7804
5 16 -25.7804
6 16 -25.7804
7 16 -25.7804
8 16 -25.7804
9 16 -25.7804
10 16 -25.7804
11 16 -25.7804
12 16 -25.7804
13 16 -25.7804
14 16 -25.7804
15 16 -25.7804
16 16 -25.7804
17 16 -25.7804
18 16 -25.7804
19 16 -25.7804
20 16 -25.7804
21 16 -25.7804
22 16 -25.7804
23 16 -25.7804
24 16 -25.7804
25 16 -25.7804
26 16 -25.7804
27 16 -22.4606
28 16 -24.8334
29 16 -21.6191
30 16 -19.5512
31 16 -18.1055
32 16 -16.9114
33 16 -15.8973
34 16 -15.0118
35 16 -14.2267
36 16 -13.5562
37 16 -12.9885
38 16 -12.5097
39 16 -12.0925
40 16 -11.7323
41 16 -11.4455
42 16 -11.2113
43 16 -11.0454
44 16 -10.923
45 16 -10.8092
46 16 -10.774
47 16 -10.7677
48 16 -10.8254
49 16 -10.9313
50 16 -11.0631
51 16 -11.2499
52 16 -11.4948
53 16 -11.7975
54 16 -12.1462
55 16 -12.5769
56 16 -13.0772
57 16 -13.6739
58 16 -14.345
59 16 -14.7714
60 16 -15.8906
61 16 -16.7801
62 16 -25.7804
63 16 -25.7804
64 16 -25.7804
65 16 -25.7804
66 16 -25.7804
67 16 -14.3836
68 16 -13.6168
69 16 -12.6239
70 16 -11.8966
71 16 -10.9407
72 16 -10.2411
73 16 -9.67248
74 16 -9.21534
75 16 -8.80939
76 16 -8.4819
77 16 -8.17681
78 16 -7.95301
79 16 -7.76407
80 16 -7.65845
81 16 -6.91023
82 16 -7.28582
83 16 -25.7804
84 16 -25.7804
85 16 -25.7804
86 16 -25.7804
87 16 -25.7804
88 16 -25.7804
89 16 -25.7804
90 16 -25.7804
91 16 -25.7804
92 16 -25.7804
93 16 -25.7804
94 16 -25.7804
95 16 -25.7804
96 16 -25.7804
97 16 -25.7804
98 16 -25.7804
99 16 -25.7804
100 16 -25.7804
101 16 -25.7804
102 16 -25.7804
103 16 -25.7804
104 16 -25.7804
105 16 -25.7804
106 16 -25.7804
107 16 -25.7804
108 16 -25.7804
109 16 -25.7804
110 16 -25.7804
111 16 -25.7804
112 16 -25.7804
113 16 -25.7804
114 16 -25.7804
115 16 -25.7804
116 16 -25.7804
117 16 -25.7804
118 16 -25.7804
119 16 -25.7804
0 17 -25.7804
1 17 -25.7804
2 17 -25.7804
3 17 -25.7804
4 17 -25.7804
5 17 -25.7804
6 17 -25.7804
7 17 -25.7804
8 17 -25.7804
9 17 -25.7804
10 17 -25.7804
11 17 -25.7804
12 17 -25.7804
13 17 -25.7804
14 17 -25.7804
15 17 -25.7804
16 17 -25.7804
17 17 -25.7804
18 17 -25.7804
19 17 -25.7804
20 17 -25.7804
21 17 -25.7804
22 17 -25.7804
23 17 -25.7804
24 17 -25.7804
25 17 -25.7804
26 17 -25.7804
27 17 -16.1752
28 17 -22.7203
29 17 -20.59
30 17 -18.9242
31 17 -17.615
32 17 -16.4946
33 17 -15.5429
34 17 -14.7031
35 17 -13.954
36 17 -13.3191
37 17 -12.7533
38 17 -12.3011
39 17 -11.8885
40 17 -11.5597
41 17 -11.2856
42 17 -11.0674
43 17 -10.9042
44 17 -10.7949
45 17 -10.7157
46 17 -10.6768
47 17 -10.6734
48 17 -10.7596
49 17 -10.8556
50 17 -11.0233
51 17 -11.2375
52 17 -11.4604
53 17 -11.7856
54 17 -12.1539
55 17 -12.5917
56 17 -13.0939
57 17 -13.6683
58 17 -14.3482
59 17 -15.0607
60 17 -15.9732
61 17 -16.7824
62 17 -17.6907
63 17 -25.7804
64 17 -25.7804
65 17 -25.7804
66 17 -15.7681
67 17 -14.8001
68 17 -13.6979
69 17 -12.9588
70 17 -11.955
71 17 -11.0825
72 17 -10.3944
73 17 -9.8215
74 17 -9.34133
75 17 -8.92007
76 17 -8.57556
77 17 -8.26889
78 17 -8.01779
79 17 -7.80493
80 17 -7.57566
81 17 -7.27642
82 17 -7.31607
83 17 -7.19524
84 17 -7.00587
85 17 -6.91072
86 17 -7.36488
87 17 -25.7804
88 17 -25.7804
89 17 -25.7804
90 17 -25.7804
91 17 -25.7804
92 17 -25.7804
93 17 -25.7804
94 17 -25.7804
95 17 -25.7804
96 17 -25.7804
97 17 -25.7804
98 17 -25.7804
99 17 -25.7804
100 17 -25.7804
101 17 -25.7804
102 17 -25.7804
103 17 -25.7804
104 17 -25.7804
105 17 -25.7804
106 17 -25.7804
107 17 -25.7804
108 17 -25.7804
109 17 -25.7804
110 17 -25.7804
111 17 -25.7804
112 17 -25.7804
113 17 -25.7804
114 17 -25.7804
115 17 -25.7804
116 17 -25.7804
117 17 -25.7804
118 17 -25.7804
119 17 -25.7804
0 18 -25.7804
1 18 -25.7804
2 18 -25.7804
3 18 -25.7804
4 18 -25.7804
5 18 -25.7804
6 18 -25.7804
7 18 -25.7804
8 18 -25.7804
9 18 -25.7804
10 18 -25.7804
11 18 -25.7804
12 18 -25.7804
13 18 -25.7804
14 18 -25.7804
15 18 -25.7804
16 18 -25.7804
17 18 -25.7804
18 18 -25.7804
19 18 -25.7804
20 18 -25.7804
21 18 -25.7804
22 18 -25.7804
23 18 -25.7804
24 18 -25.7804
25 18 -25.7804
26 18 -25.7804
27 18 -18.6424
28 18 -20.8522
29 18 -19.5141
30 18 -18.2429
31 18 -17.1182
32 18 -16.098
33 18 -15.1918
34 18 -14.4017
35 18 -13.6979
36 18 -13.0818
37 18 -12.5534
38 18 -12.1017
39 18 -11.7163
40 18 -11.3847
41 18 -11.1246
42 18 -10.9281
43 18 -10.766
44 18 -10.6666
45 18 -10.61
46 18 -10.5663
47 18 -10.6045
48 18 -10.6824
49 18 -10.7995
50 18 -10.9737
51 18 -11.1993
52 18 -11.4365
53 18 -11.7678
54 18 -12.1155
55 18 -12.5775
56 18 -13.0972
57 18 -13.681
58 18 -14.3523
59 18 -15.1124
60 18 -15.9953
61 18 -16.9004
62 18 -17.6684
63 18 -17.9982
64 18 -25.7804
65 18 -16.8016
66 18 -15.7179
67 18 -14.9759
68 18 -14.064
69 18 -13.0869
70 18 -12.0895
71 18 -11.2357
72 18 -10.529
73 18 -9.93023
74 18 -9.45407
75 18 -9.03115
76 18 -8.65861
77 18 -8.34261
78 18 -8.07156
79 18 -7.85345
80 18 -7.65796
81 18 -7.48397
82 18 -7.40044
83 18 -7.38107
84 18 -7.35427
85 18 -7.31412
86 18 -7.70679
87 18 -8.05794
88 18 -8.51665
89 18 -9.0814
90 18 -9.5319
91 18 -25.7804
92 18 -14.9254
93 18 -25.7804
94 18 -25.7804
95 18 -25.7804
96 18 -25.7804
97 18 -25.7804
98 18 -25.7804
99 18 -25.7804
100 18 -25.7804
101 18 -25.7804
102 18 -25.7804
103 18 -25.7804
104 18 -25.7804
105 18 -25.7804
106 18 -25.7804
107 18 -25.7804
108 18 -25.7804
109 18 -25.7804
110 18 -25.7804
111 18 -25.7804
112 18 -25.7804
113 18 -25.7804
114 18 -25.7804
115 18 -25.7804
116 18 -25.7804
117 18 -25.7804
118 18 -25.7804
119 18 -25.7804
0 19 -25.7804
1 19 -25.7804
2 19 -25.7804
3 19 -25.7804
4 19 -25.7804
5 19 -25.7804
6 19 -25.7804
7 19 -25.7804
8 19 -25.7804
9 19 -25.7804
10 19 -25.7804
11 19 -25.7804
12 19 -25.7804
13 19 -25.7804
14 19 -25.7804
15 19 -25.7804
16 19 -25.7804
17 19 -25.7804
18 19 -25.7804
19 19 -25.7804
20 19 -25.7804
21 19 -25.7804
22 19 -25.7804
23 19 -25.7804
24 19 -25.7804
25 19 -25.7804
26 19 -25.7804
27 19 -19.102
28 19 -20.3368
29 19 -18.8833
30 19 -17.6958
31 19 -16.6675
32 19 -15.729
33 19 -14.887
34 19 -14.1026
35 19 -13.4381
36 19 -12.864
37 19 -12.3473
38 19 -11.9384
39 19 -11.5382
40 19 -11.2152
41 19 -10.9763
42 19 -10.7813
43 19 -10.633
44 19 -10.5354
45 19 -10.5105
46 19 -10.4964
47 19 -10.5292
48 19 -10.6021
49 19 -10.7675
50 19 -10.9088
51 19 -11.1385
52 19 -11.4177
53 19 -11.7219
54 19 -12.1086
55 19 -12.5512
56 19 -13.0751
57 19 -13.6739
58 19 -14.3653
59 19 -15.139
60 19 -16.0344
61 19 -17.0044
62 19 -17.9072
63 19 -17.9972
64 19 -17.7088
65 19 -16.8139
66 19 -16.0697
67 19 -15.1781
68 19 -14.2682
69 19 -13.2938
70 19 -12.2932
71 19 -11.4046
72 19 -10.6708
73 19 -10.0373
74 19 -9.54775
75 19 -9.13179
76 19 -8.77274
77 19 -8.45754
78 19 -8.18851
79 19 -7.92789
80 19 -7.75463
81 19 -7.60529
82 19 -7.50889
83 19 -7.48677
84 19 -7.52659
85 19 -7.58138
86 19 -7.80446
87 19 -8.08808
88 19 -8.54309
89 19 -9.09245
90 19 -9.73193
91 19 -10.5523
92 19 -11.2061
93 19 -12.4639
94 19 -13.7416
95 19 -14.7457
96 19 -15.2571
97 19 -25.7804
98 19 -25.7804
99 19 -25.7804
100 19 -25.7804
101 19 -25.7804
102 19 -25.7804
103 19 -25.7804
104 19 -25.7804
105 19 -25.7804
106 19 -25.7804
107 19 -25.7804
108 19 -25.7804
109 19 -25.7804
110 19 -25.7804
111 19 -25.7804
112 19 -25.7804
113 19 -25.7804
114 19 -25.7804
115 19 -25.7804
116 19 -25.7804
117 19 -25.7804
118 19 -25.7804
119 19 -25.7804
0 20 -25.7804
1 20 -25.7804
2 20 -25.7804
3 20 -25.7804
4 20 -25.7804
5 20 -25.7804
6 20 -25.7804
7 20 -25.7804
8 20 -25.7804
9 20 -25.7804
10 20 -25.7804
11 20 -25.7804
12 20 -25.7804
13 20 -25.7804
14 20 -25.7804
15 20 -25.7804
16 20 -25.7804
17 20 -25.7804
18 20 -25.7804
19 20 -25.7804
20 20 -25.7804
21 20 -25.7804
22 20 -25.7804
23 20 -25.7804
24 20 -25.7804
25 20 -25.7804
26 20 -25.7804
27 20 -20.5753
28 20 -19.892
29 20 -18.4243
30 20 -17.2925
31 20 -16.3018
32 20 -15.3955
33 20 -14.5627
34 20 -13.8454
35 20 -13.1866
36 20 -12.6417
37 20 -12.139
38 20 -11.7313
39 20 -11.3776
40 20 -11.0591
41 20 -10.8535
42 20 -10.6735
43 20 -10.5198
44 20 -10.4268
45 20 -10.3853
46 20 -10.3961
47 20 -10.4459
48 20 -10.5421
49 20 -10.6936
50 20 -10.9001
51 20 -11.1124
52 20 -11.3794
53 20 -11.7186
54 20 -12.0981
55 20 -12.5491
56 20 -13.0723
57 20 -13.6763
58 20 -14.373
59 20 -15.1644
60 20 -16.0638
61 20 -17.167
62 20 -17.9736
63 20 -18.0675
64 20 -17.6651
65 20 -17.1676
66 20 -16.3852
67 20 -15.4951
68 20 -14.5575
69 20 -13.6088
70 20 -12.5378
71 20 -11.6469
72 20 -10.8666
73 20 -10.2077
74 20 -9.66755
75 20 -9.26075
76 20 -8.91305
77 20 -8.58002
78 20 -8.30647
79 20 -8.06666
80 20 -7.84303
81 20 -7.68561
82 20 -7.62742
83 20 -7.62333
84 20 -7.70217
85 20 -7.8101
86 20 -8.03912
87 20 -8.35882
88 20 -8.77435
89 20 -9.32539
90 20 -9.89227
91 20 -10.628
92 20 -11.4686
93 20 -12.3589
94 20 -13.504
95 20 -14.7179
96 20 -15.9779
97 20 -17.1852
98 20 -18.4116
99 20 -19.7256
100 20 -21.3505
101 20 -22.2048
102 20 -22.6937
103 20 -25.7804
104 20 -25.7804
105 20 -25.7804
106 20 -25.7804
107 20 -25.7804
108 20 -25.7804
109 20 -25.7804
110 20 -25.7804
111 20 -25.7804
112 20 -25.7804
113 20 -25.7804
114 20 -25.7804
115 20 -25.7804
116 20 -25.7804
117 20 -25.7804
118 20 -25.7804
119 20 -25.7804
0 21 -25.7804
1 21 -25.7804
2 21 -25.7804
3 21 -25.7804
4 21 -25.7804
5 21 -25.7804
6 21 -25.7804
7 21 -25.7804
8 21 -25.7804
9 21 -25.7804
10 21 -25.7804
11 21 -25.7804
12 21 -25.7804
13 21 -25.7804
14 21 -25.7804
15 21 -25.7804
16 21 -25.7804
17 21 -25.7804
18 21 -25.7804
19 21 -25.7804
20 21 -25.7804
21 21 -25.7804
22 21 -25.7804
23 21 -25.7804
24 21 -25.7804
25 21 -25.7804
26 21 -25.7804
27 21 -21.026
28 21 -19.5847
29 21 -18.2316
30 21 -16.9585
31 21 -15.9751
32 21 -15.0888
33 21 -14.299
34 21 -13.5785
35 21 -12.9509
36 21 -12.4307
37 21 -11.9399
38 21 -11.5514
39 21 -11.1994
40 21 -10.9234
41 21 -10.7101
42 21 -10.5492
43 21 -10.4317
44 21 -10.329
45 21 -10.2894
46 21 -10.319
47 21 -10.3685
48 21 -10.5008
49 21 -10.664
50 21 -10.8528
51 21 -11.1019
52 21 -11.3528
53 21 -11.7071
54 21 -12.1089
55 21 -12.5581
56 21 -13.0705
57 21 -13.6789
58 21 -14.3638
59 21 -15.1527
60 21 -16.1067
61 21 -17.1997
62 21 -17.9089
63 21 -17.9723
64 21 -17.7902
65 21 -17.4035
66 21 -16.7679
67 21 -15.9133
68 21 -14.9574
69 21 -13.9423
70 21 -12.8351
71 21 -11.9046
72 21 -11.1011
73 21 -10.4274
74 21 -9.84604
75 21 -9.41739
76 21 -9.06637
77 21 -8.71719
78 21 -8.42284
79 21 -8.18077
80 21 -7.93017
81 21 -7.79888
82 21 -7.74788
83 21 -7.77699
84 21 -7.87431
85 21 -8.01662
86 21 -8.25432
87 21 -8.5731
88 21 -8.98749
89 21 -9.50551
90 21 -10.1351
91 21 -10.9313
92 21 -11.8158
93 21 -12.7421
94 21 -13.7985
95 21 -14.9154
96 21 -16.0867
97 21 -17.1807
98 21 -18.3527
99 21 -19.6715
100 21 -21.1315
101 21 -22.1846
102 21 -25.7804
103 21 -25.7804
104 21 -25.7804
105 21 -25.7804
106 21 -25.7804
107 21 -25.7804
108 21 -25.7804
109 21 -25.7804
110 21 -25.7804
111 21 -25.7804
112 21 -25.7804
113 21 -25.7804
114 21 -25.7804
115 21 -25.7804
116 21 -25.7804
117 21 -25.7804
118 21 -25.7804
119 21 -25.7804
0 22 -25.7804
1 22 -25.7804
2 22 -25.7804
3 22 -25.7804
4 22 -25.7804
5 22 -25.7804
6 22 -25.7804
7 22 -25.7804
8 22 -25.7804
9 22 -25.7804
10 22 -25.7804
11 22 -25.7804
12 22 -25.7804
13 22 -25.7804
14 22 -25.7804
15 22 -25.7804
16 22 -25.7804
17 22 -25.7804
18 22 -25.7804
19 22 -25.7804
20 22 -25.7804
21 22 -25.7804
22 22 -25.7804
23 22 -25.7804
24 22 -25.7804
25 22 -25.7804
26 22 -25.7804
27 22 -21.6352
28 22 -19.565
29 22 -18.047
30 22 -16.7033
31 22 -15.6987
32 22 -14.8196
33 22 -14.0478
34 22 -13.3625
35 22 -12.7457
36 22 -12.2141
37 22 -11.7524
38 22 -11.3813
39 22 -11.0592
40 22 -10.7824
41 22 -10.5828
42 22 -10.4317
43 22 -10.3192
44 22 -10.2405
45 22 -10.2181
46 22 -10.2604
47 22 -10.317
48 22 -10.4406
49 22 -10.6372
50 22 -10.8209
51 22 -11.0935
52 22 -11.3625
53 22 -11.7064
54 22 -12.0875
55 22 -12.5564
56 22 -13.0761
57 22 -13.6811
58 22 -14.3478
59 22 -15.1231
60 22 -16.0907
61 22 -17.1775
62 22 -17.7447
63 22 -17.9447
64 22 -17.8995
65 22 -17.627
66 22 -17.1036
67 22 -16.3823
68 22 -15.4533
69 22 -14.3544
70 22 -13.1949
71 22 -12.1986
72 22 -11.3643
73 22 -10.6504
74 22 -10.0562
75 22 -9.602
76 22 -9.23583
77 22 -8.87154
78 22 -8.55432
79 22 -8.28229
80 22 -8.06801
81 22 -7.94751
82 22 -7.9023
83 22 -7.94657
84 22 -8.06145
85 22 -8.21958
86 22 -8.46302
87 22 -8.788
88 22 -9.20311
89 22 -9.70338
90 22 -10.3555
91 22 -11.1629
92 22 -12.0451
93 22 -12.9788
94 22 -13.9542
95 22 -14.9836
96 22 -16.0201
97 22 -17.081
98 22 -18.1612
99 22 -19.2988
100 22 -20.6097
101 22 -21.9804
102 22 -25.7804
103 22 -25.7804
104 22 -25.7804
105 22 -25.7804
106 22 -25.7804
107 22 -25.7804
108 22 -25.7804
109 22 -25.7804
110 22 -25.7804
111 22 -25.7804
112 22 -25.7804
113 22 -25.7804
114 22 -25.7804
115 22 -25.7804
116 22 -25.7804
117 22 -25.7804
118 22 -25.7804
119 22 -25.7804
0 23 -25.7804
1 23 -25.7804
2 23 -25.7804
3 23 -25.7804
4 23 -25.7804
5 23 -25.7804
6 23 -25.7804
7 23 -25.7804
8 23 -25.7804
9 23 -25.7804
10 23 -25.7804
11 23 -25.7804
12 23 -25.7804
13 23 -25.7804
14 23 -25.7804
15 23 -25.7804
16 23 -25.7804
17 23 -25.7804
18 23 -25.7804
19 23 -25.7804
20 23 -25.7804
21 23 -25.7804
22 23 -25.7804
23 23 -25.7804
24 23 -25.7804
25 23 -25.7804
26 23 -20.2919
27 23 -22.4437
28 23 -19.5116
29 23 -17.7907
30 23 -16.4241
31 23 -15.4246
32 23 -14.5533
33 23 -13.806
34 23 -13.1368
35 23 -12.5266
36 23 -12.0224
37 23 -11.576
38 23 -11.2063
39 23 -10.8926
40 23 -10.6438
41 23 -10.4511
42 23 -10.3263
43 23 -10.2092
44 23 -10.164
45 23 -10.1466
46 23 -10.2007
47 23 -10.2739
48 23 -10.3907
49 23 -10.5954
50 23 -10.8262
51 23 -11.0694
52 23 -11.3646
53 23 -11.7186
54 23 -12.1217
55 23 -12.5757
56 23 -13.1002
57 23 -13.6902
58 23 -14.3432
59 23 -15.1295
60 23 -16.0424
61 23 -17.0071
62 23 -17.6089
63 23 -17.9312
64 23 -17.9998
65 23 -17.8526
66 23 -17.4447
67 23 -16.8424
68 23 -15.9872
69 23 -14.9417
70 23 -13.6461
71 23 -12.5609
72 23 -11.6486
73 23 -10.8895
74 23 -10.2865
75 23 -9.78894
76 23 -9.38622
77 23 -9.03833
78 23 -8.70448
79 23 -8.41859
80 23 -8.20475
81 23 -8.10298
82 23 -8.06189
83 23 -8.12531
84 23 -8.25218
85 23 -8.40251
86 23 -8.65777
87 23 -8.99254
88 23 -9.40678
89 23 -9.91551
90 23 -10.5741
91 23 -11.3649
92 23 -12.2263
93 23 -13.1316
94 23 -14.0814
95 23 -15.0349
96 23 -16.0141
97 23 -16.9971
98 23 -17.9323
99 23 -18.8185
100 23 -19.3453
101 23 -21.0892
102 23 -25.7804
103 23 -25.7804
104 23 -25.7804
105 23 -25.7804
106 23 -25.7804
107 23 -25.7804
108 23 -25.7804
109 23 -25.7804
110 23 -25.7804
111 23 -25.7804
112 23 -25.7804
113 23 -25.7804
114 23 -25.7804
115 23 -25.7804
116 23 -25.7804
117 23 -25.7804
118 23 -25.7804
119 23 -25.7804
0 24 -25.7804
1 24 -25.7804
2 24 -25.7804
3 24 -25.7804
4 24 -25.7804
5 24 -25.7804
6 24 -25.7804
7 24 -25.7804
8 24 -25.7804
9 24 -25.7804
10 24 -25.7804
11 24 -25.7804
12 24 -25.7804
13 24 -25.7804
14 24 -25.7804
15 24 -25.7804
16 24 -25.7804
17 24 -25.7804
18 24 -25.7804
19 24 -25.7804
20 24 -25.7804
21 24 -25.7804
22 24 -25.7804
23 24 -25.7804
24 24 -25.7804
25 24 -25.7804
26 24 -14.8856
27 24 -20.9056
28 24 -18.8027
29 24 -17.316
30 24 -16.0748
31 24 -15.1283
32 24 -14.2844
33 24 -13.5575
34 24 -12.913
35 24 -12.3097
36 24 -11.8301
37 24 -11.4017
38 24 -11.0591
39 24 -10.7622
40 24 -10.5158
41 24 -10.3463
42 24 -10.1918
43 24 -10.1248
44 24 -10.0897
45 24 -10.113
46 24 -10.1391
47 24 -10.2265
48 24 -10.3758
49 24 -10.5635
50 24 -10.8305
51 24 -11.0859
52 24 -11.3845
53 24 -11.728
54 24 -12.1335
55 24 -12.6041
56 24 -13.0966
57 24 -13.7001
58 24 -14.3328
59 24 -15.0707
60 24 -15.8881
61 24 -16.7763
62 24 -17.4954
63 24 -17.9433
64 24 -18.118
65 24 -18.0606
66 24 -17.7978
67 24 -17.266
68 24 -16.5378
69 24 -15.5801
70 24 -14.1732
71 24 -12.9655
72 24 -11.9854
73 24 -11.1587
74 24 -10.505
75 24 -10.008
76 24 -9.59158
77 24 -9.19328
78 24 -8.84009
79 24 -8.55774
80 24 -8.344
81 24 -8.25065
82 24 -8.23598
83 24 -8.29514
84 24 -8.42312
85 24 -8.6056
86 24 -8.87755
87 24 -9.21123
88 24 -9.61122
89 24 -10.1299
90 24 -10.7889
91 24 -11.5512
92 24 -12.3966
93 24 -13.2739
94 24 -14.1668
95 24 -15.0916
96 24 -16.0175
97 24 -16.9414
98 24 -17.8475
99 24 -18.6415
100 24 -18.6319
101 24 -17.7062
102 24 -25.7804
103 24 -25.7804
104 24 -25.7804
105 24 -25.7804
106 24 -25.7804
107 24 -25.7804
108 24 -25.7804
109 24 -25.7804
110 24 -25.7804
111 24 -25.7804
112 24 -25.7804
113 24 -25.7804
114 24 -25.7804
115 24 -25.7804
116 24 -25.7804
117 24 -25.7804
118 24 -25.7804
119 24 -25.7804
0 25 -25.7804
1 25 -25.7804
2 25 -25.7804
3 25 -25.7804
4 25 -25.7804
5 25 -25.7804
6 25 -25.7804
7 25 -25.7804
8 25 -25.7804
9 25 -25.7804
10 25 -25.7804
11 25 -25.7804
12 25 -25.7804
13 25 -25.7804
14 25 -25.7804
15 25 -25.7804
16 25 -25.7804
17 25 -25.7804
18 25 -25.7804
19 25 -25.7804
20 25 -25.7804
21 25 -25.7804
22 25 -25.7804
23 25 -25.7804
24 25 -25.7804
25 25 -25.7804
26 25 -17.7893
27 25 -19.1412
28 25 -17.9849
29 25 -16.8168
30 25 -15.708
31 25 -14.84
32 25 -14.0099
33 25 -13.3188
34 25 -12.6857
35 25 -12.1248
36 25 -11.6533
37 25 -11.234
38 25 -10.8898
39 25 -10.623
40 25 -10.3896
41 25 -10.2434
42 25 -10.1162
43 25 -10.0299
44 25 -10.0144
45 25 -10.04
46 25 -10.118
47 25 -10.1981
48 25 -10.3485
49 25 -10.5681
50 25 -10.8165
51 25 -11.0912
52 25 -11.4177
53 25 -11.7945
54 25 -12.1858
55 25 -12.6548
56 25 -13.1695
57 25 -13.7289
58 25 -14.3541
59 25 -15.0353
60 25 -15.7752
61 25 -16.5632
62 25 -17.3704
63 25 -17.9388
64 25 -18.2435
65 25 -18.2918
66 25 -18.1174
67 25 -17.7311
68 25 -17.0873
69 25 -16.1415
70 25 -14.6851
71 25 -13.4197
72 25 -12.3976
73 25 -11.5071
74 25 -10.7884
75 25 -10.2544
76 25 -9.79139
77 25 -9.33692
78 25 -8.98996
79 25 -8.73598
80 25 -8.541
81 25 -8.4399
82 25 -8.45364
83 25 -8.50917
84 25 -8.64514
85 25 -8.83076
86 25 -9.07514
87 25 -9.42645
88 25 -9.85523
89 25 -10.3535
90 25 -10.9849
91 25 -11.7115
92 25 -12.5361
93 25 -13.4116
94 25 -14.2872
95 25 -15.1781
96 25 -16.0862
97 25 -17.0135
98 25 -17.9336
99 25 -18.7982
100 25 -19.1057
101 25 -25.7804
102 25 -25.7804
103 25 -25.7804
104 25 -25.7804
105 25 -25.7804
106 25 -25.7804
107 25 -25.7804
108 25 -25.7804
109 25 -25.7804
110 25 -25.7804
111 25 -25.7804
112 25 -25.7804
113 25 -25.7804
114 25 -25.7804
115 25 -25.7804
116 25 -25.7804
117 25 -25.7804
118 25 -25.7804
119 25 -25.7804
0 26 -25.7804
1 26 -25.7804
2 26 -25.7804
3 26 -25.7804
4 26 -25.7804
5 26 -25.7804
6 26 -25.7804
7 26 -25.7804
8 26 -25.7804
9 26 -25.7804
10 26 -25.7804
11 26 -25.7804
12 26 -25.7804
13 26 -25.7804
14 26 -25.7804
15 26 -25.7804
16 26 -25.7804
17 26 -25.7804
18 26 -25.7804
19 26 -25.7804
20 26 -25.7804
21 26 -25.7804
22 26 -25.7804
23 26 -25.7804
24 26 -25.7804
25 26 -25.7804
26 26 -19.7483
27 26 -18.5573
28 26 -17.6152
29 26 -16.4306
30 26 -15.3838
31 26 -14.5436
32 26 -13.7839
33 26 -13.0824
34 26 -12.4675
35 26 -11.9185
36 26 -11.4787
37 26 -11.0766
38 26 -10.7671
39 26 -10.4804
40 26 -10.2872
41 26 -10.1463
42 26 -10.0366
43 26 -9.95851
44 26 -9.92966
45 26 -9.99957
46 26 -10.0541
47 26 -10.1736
48 26 -10.3393
49 26 -10.5891
50 26 -10.8269
51 26 -11.1508
52 26 -11.4778
53 26 -11.8583
54 26 -12.2813
55 26 -12.729
56 26 -13.2522
57 26 -13.7824
58 26 -14.3785
59 26 -15.0357
60 26 -15.7085
61 26 -16.4134
62 26 -17.2062
63 26 -17.9202
64 26 -18.3342
65 26 -18.5215
66 26 -18.488
67 26 -18.1969
68 26 -17.6365
69 26 -16.683
70 26 -15.1412
71 26 -13.8392
72 26 -12.7556
73 26 -11.8528
74 26 -11.1016
75 26 -10.4979
76 26 -9.99862
77 26 -9.54785
78 26 -9.19456
79 26 -8.93591
80 26 -8.76279
81 26 -8.67563
82 26 -8.67364
83 26 -8.74007
84 26 -8.86852
85 26 -9.03562
86 26 -9.31086
87 26 -9.65828
88 26 -10.0565
89 26 -10.562
90 26 -11.1773
91 26 -11.8881
92 26 -12.6838
93 26 -13.5229
94 26 -14.3832
95 26 -15.2739
96 26 -16.1796
97 26 -17.1198
98 26 -18.0558
99 26 -18.9697
100 26 -19.3941
101 26 -25.7804
102 26 -25.7804
103 26 -25.7804
104 26 -25.7804
105 26 -25.7804
106 26 -25.7804
107 26 -25.7804
108 26 -25.7804
109 26 -25.7804
110 26 -25.7804
111 26 -25.7804
112 26 -25.7804
113 26 -25.7804
114 26 -25.7804
115 26 -25.7804
116 26 -25.7804
117 26 -25.7804
118 26 -25.7804
119 26 -25.7804
0 27 -25.7804
1 27 -25.7804
2 27 -25.7804
3 27 -25.7804
4 27 -25.7804
5 27 -25.7804
6 27 -25.7804
7 27 -25.7804
8 27 -25.7804
9 27 -25.7804
10 27 -25.7804
11 27 -25.7804
12 27 -25.7804
13 27 -25.7804
14 27 -25.7804
15 27 -25.7804
16 27 -25.7804
17 27 -25.7804
18 27 -25.7804
19 27 -25.7804
20 27 -25.7804
21 27 -25.7804
22 27 -25.7804
23 27 -25.7804
24 27 -25.7804
25 27 -25.7804
26 27 -20.9757
27 27 -18.6931
28 27 -17.4118
29 27 -16.1463
30 27 -15.107
31 27 -14.2915
32 27 -13.5449
33 27 -12.8526
34 27 -12.245
35 27 -11.7301
36 27 -11.29
37 27 -10.9126
38 27 -10.6154
39 27 -10.3673
40 27 -10.179
41 27 -10.0629
42 27 -9.9548
43 27 -9.91307
44 27 -9.89563
45 27 -9.94192
46 27 -10.0327
47 27 -10.1717
48 27 -10.3648
49 27 -10.5968
50 27 -10.8786
51 27 -11.203
52 27 -11.5488
53 27 -11.9612
54 27 -12.3679
55 27 -12.8211
56 27 -13.3207
57 27 -13.8556
58 27 -14.4333
59 27 -15.0288
60 27 -15.6844
61 27 -16.3598
62 27 -17.0684
63 27 -17.8243
64 27 -18.4309
65 27 -18.7591
66 27 -18.8594
67 27 -18.658
68 27 -18.0546
69 27 -17.0872
70 27 -15.5494
71 27 -14.2138
72 27 -13.0939
73 27 -12.1564
74 27 -11.3899
75 27 -10.7513
76 27 -10.2233
77 27 -9.79765
78 27 -9.45057
79 27 -9.1621
80 27 -8.96809
81 27 -8.9075
82 27 -8.88729
83 27 -8.95554
84 27 -9.09588
85 27 -9.29509
86 27 -9.55354
87 27 -9.89858
88 27 -10.2997
89 27 -10.8239
90 27 -11.4165
91 27 -12.0416
92 27 -12.8191
93 27 -13.6475
94 27 -14.5324
95 27 -15.4115
96 27 -16.3296
97 27 -17.2608
98 27 -18.1924
99 27 -19.1144
100 27 -19.6307
101 27 -25.7804
102 27 -25.7804
103 27 -25.7804
104 27 -25.7804
105 27 -25.7804
106 27 -25.7804
107 27 -25.7804
108 27 -25.7804
109 27 -25.7804
110 27 -25.7804
111 27 -25.7804
112 27 -25.7804
113 27 -25.7804
114 27 -25.7804
115 27 -25.7804
116 27 -25.7804
117 27 -25.7804
118 27 -25.7804
119 27 -25.7804
0 28 -25.7804
1 28 -25.7804
2 28 -25.7804
3 28 -25.7804
4 28 -25.7804
5 28 -25.7804
6 28 -25.7804
7 28 -25.7804
8 28 -25.7804
9 28 -25.7804
10 28 -25.7804
11 28 -25.7804
12 28 -25.7804
13 28 -25.7804
14 28 -25.7804
15 28 -25.7804
16 28 -25.7804
17 28 -25.7804
18 28 -25.7804
19 28 -25.7804
20 28 -25.7804
21 28 -25.7804
22 28 -25.7804
23 28 -25.7804
24 28 -25.7804
25 28 -19.7004
26 28 -21.974
27 28 -18.7739
28 28 -17.1402
29 28 -15.8723
30 28 -14.8504
31 28 -14.0639
32 28 -13.3282
33 28 -12.6791
34 28 -12.0901
35 28 -11.5792
36 28 -11.1773
37 28 -10.8004
38 28 -10.5362
39 28 -10.2791
40 28 -10.1043
41 28 -9.99407
42 28 -9.92606
43 28 -9.87551
44 28 -9.90071
45 28 -9.94375
46 28 -10.0703
47 28 -10.2065
48 28 -10.4216
49 28 -10.691
50 28 -10.9511
51 28 -11.2935
52 28 -11.6577
53 28 -12.0569
54 28 -12.467
55 28 -12.9307
56 28 -13.427
57 28 -13.9516
58 28 -14.5196
59 28 -15.098
60 28 -15.736
61 28 -16.3673
62 28 -17.0711
63 28 -17.788
64 28 -18.5164
65 28 -18.9761
66 28 -19.2262
67 28 -19.0456
68 28 -18.4425
69 28 -17.418
70 28 -15.8896
71 28 -14.5537
72 28 -13.4031
73 28 -12.4346
74 28 -11.66
75 28 -11.0108
76 28 -10.4823
77 28 -10.0328
78 28 -9.68056
79 28 -9.41073
80 28 -9.20202
81 28 -9.11871
82 28 -9.13701
83 28 -9.20513
84 28 -9.34968
85 28 -9.53313
86 28 -9.79116
87 28 -10.1345
88 28 -10.5649
89 28 -11.0405
90 28 -11.5991
91 28 -12.1821
92 28 -12.9452
93 28 -13.7645
94 28 -14.6334
95 28 -15.5641
96 28 -16.4884
97 28 -17.4432
98 28 -18.3968
99 28 -19.2866
100 28 -19.7142
101 28 -25.7804
102 28 -25.7804
103 28 -25.7804
104 28 -25.7804
105 28 -25.7804
106 28 -25.7804
107 28 -25.7804
108 28 -25.7804
109 28 -25.7804
110 28 -25.7804
111 28 -25.7804
112 28 -25.7804
113 28 -25.7804
114 28 -25.7804
115 28 -25.7804
116 28 -25.7804
117 28 -25.7804
118 28 -25.7804
119 28 -25.7804
0 29 -25.7804
1 29 -25.7804
2 29 -25.7804
3 29 -25.7804
4 29 -25.7804
5 29 -25.7804
6 29 -25.7804
7 29 -25.7804
8 29 -25.7804
9 29 -25.7804
10 29 -25.7804
11 29 -25.7804
12 29 -25.7804
13 29 -25.7804
14 29 -25.7804
15 29 -25.7804
16 29 -25.7804
17 29 -25.7804
18 29 -25.7804
19 29 -25.7804
20 29 -25.7804
21 29 -25.7804
22 29 -25.7804
23 29 -25.7804
24 29 -25.7804
25 29 -13.4645
26 29 -19.7971
27 29 -18.0379
28 29 -16.6389
29 29 -15.5284
30 29 -14.6068
31 29 -13.8621
32 29 -13.1557
33 29 -12.5434
34 29 -11.9805
35 29 -11.4656
36 29 -11.0725
37 29 -10.7244
38 29 -10.4612
39 29 -10.2237
40 29 -10.055
41 29 -9.95037
42 29 -9.91076
43 29 -9.87174
44 29 -9.90431
45 29 -9.97243
46 29 -10.1252
47 29 -10.2901
48 29 -10.5135
49 29 -10.7896
50 29 -11.0588
51 29 -11.4166
52 29 -11.7703
53 29 -12.1886
54 29 -12.5923
55 29 -13.0635
56 29 -13.5578
57 29 -14.0835
58 29 -14.639
59 29 -15.2094
60 29 -15.8513
61 29 -16.494
62 29 -17.1655
63 29 -17.8987
64 29 -18.6461
65 29 -19.2637
66 29 -19.525
67 29 -19.3369
68 29 -18.7276
69 29 -17.7207
70 29 -16.1932
71 29 -14.844
72 29 -13.6805
73 29 -12.7167
74 29 -11.9156
75 29 -11.2655
76 29 -10.7365
77 29 -10.2742
78 29 -9.9113
79 29 -9.65384
80 29 -9.47759
81 29 -9.37727
82 29 -9.37896
83 29 -9.45286
84 29 -9.6129
85 29 -9.81201
86 29 -10.0814
87 29 -10.4102
88 29 -10.7955
89 29 -11.2613
90 29 -11.7799
91 29 -12.3511
92 29 -13.0264
93 29 -13.8809
94 29 -14.7693
95 29 -15.7108
96 29 -16.6789
97 29 -17.6839
98 29 -18.7063
99 29 -19.729
100 29 -19.6794
101 29 -25.7804
102 29 -25.7804
103 29 -25.7804
104 29 -25.7804
105 29 -25.7804
106 29 -25.7804
107 29 -25.7804
108 29 -25.7804
109 29 -25.7804
110 29 -25.7804
111 29 -25.7804
112 29 -25.7804
113 29 -25.7804
114 29 -25.7804
115 29 -25.7804
116 29 -25.7804
117 29 -25.7804
118 29 -25.7804
119 29 -25.7804
0 30 -25.7804
1 30 -25.7804
2 30 -25.7804
3 30 -25.7804
4 30 -25.7804
5 30 -25.7804
6 30 -25.7804
7 30 -25.7804
8 30 -25.7804
9 30 -25.7804
10 30 -25.7804
11 30 -25.7804
12 30 -25.7804
13 30 -25.7804
14 30 -25.7804
15 30 -25.7804
16 30 -25.7804
17 30 -25.7804
18 30 -25.7804
19 30 -25.7804
20 30 -25.7804
21 30 -25.7804
22 30 -25.7804
23 30 -25.7804
24 30 -25.7804
25 30 -17.1492
26 30 -17.8732
27 30 -17.0848
28 30 -16.1282
29 30 -15.2255
30 30 -14.3843
31 30 -13.6825
32 30 -13.0038
33 30 -12.4056
34 30 -11.8821
35 30 -11.4056
36 30 -10.9936
37 30 -10.6667
38 30 -10.4158
39 30 -10.2014
40 30 -10.0342
41 30 -9.94474
42 30 -9.88426
43 30 -9.88077
44 30 -9.94428
45 30 -10.0404
46 30 -10.1806
47 30 -10.3603
48 30 -10.5985
49 30 -10.8687
50 30 -11.1779
51 30 -11.5137
52 30 -11.8681
53 30 -12.2784
54 30 -12.7154
55 30 -13.1931
56 30 -13.6766
57 30 -14.2146
58 30 -14.7565
59 30 -15.3638
60 30 -16.0007
61 30 -16.6512
62 30 -17.3696
63 30 -18.1213
64 30 -18.8207
65 30 -19.4497
66 30 -19.7184
67 30 -19.5256
68 30 -18.9158
69 30 -17.9607
70 30 -16.4312
71 30 -15.0625
72 30 -13.9365
73 30 -12.9561
74 30 -12.173
75 30 -11.5266
76 30 -10.9942
77 30 -10.5272
78 30 -10.1577
79 30 -9.89628
80 30 -9.7131
81 30 -9.6439
82 30 -9.64844
83 30 -9.73657
84 30 -9.90329
85 30 -10.0954
86 30 -10.3541
87 30 -10.6673
88 30 -11.0481
89 30 -11.4789
90 30 -11.9744
91 30 -12.5047
92 30 -13.1469
93 30 -13.9754
94 30 -14.908
95 30 -15.8526
96 30 -16.856
97 30 -17.9493
98 30 -19.16
99 30 -19.9046
100 30 -21.5661
101 30 -25.7804
102 30 -25.7804
103 30 -25.7804
104 30 -25.7804
105 30 -25.7804
106 30 -25.7804
107 30 -25.7804
108 30 -25.7804
109 30 -25.7804
110 30 -25.7804
111 30 -25.7804
112 30 -25.7804
113 30 -25.7804
114 30 -25.7804
115 30 -25.7804
116 30 -25.7804
117 30 -25.7804
118 30 -25.7804
119 30 -25.7804
0 31 -25.7804
1 31 -25.7804
2 31 -25.7804
3 31 -25.7804
4 31 -25.7804
5 31 -25.7804
6 31 -25.7804
7 31 -25.7804
8 31 -25.7804
9 31 -25.7804
10 31 -25.7804
11 31 -25.7804
12 31 -25.7804
13 31 -25.7804
14 31 -25.7804
15 31 -25.7804
16 31 -25.7804
17 31 -25.7804
18 31 -25.7804
19 31 -25.7804
20 31 -25.7804
21 31 -25.7804
22 31 -25.7804
23 31 -25.7804
24 31 -25.7804
25 31 -17.6947
26 31 -17.632
27 31 -16.7195
28 31 -15.8146
29 31 -15.015
30 31 -14.2107
31 31 -13.5326
32 31 -12.8844
33 31 -12.3063
34 31 -11.7996
35 31 -11.3405
36 31 -10.9684
37 31 -10.6299
38 31 -10.3931
39 31 -10.1989
40 31 -10.0603
41 31 -9.97602
42 31 -9.92801
43 31 -9.92678
44 31 -10.002
45 31 -10.1144
46 31 -10.2511
47 31 -10.433
48 31 -10.6678
49 31 -10.9589
50 31 -11.292
51 31 -11.6141
52 31 -11.9976
53 31 -12.4119
54 31 -12.841
55 31 -13.3191
56 31 -13.823
57 31 -14.3594
58 31 -14.9192
59 31 -15.532
60 31 -16.1713
61 31 -16.837
62 31 -17.5869
63 31 -18.3272
64 31 -18.995
65 31 -19.6239
66 31 -19.8439
67 31 -19.6378
68 31 -19.08
69 31 -18.1141
70 31 -16.6032
71 31 -15.266
72 31 -14.1477
73 31 -13.1873
74 31 -12.4323
75 31 -11.7933
76 31 -11.2602
77 31 -10.807
78 31 -10.4342
79 31 -10.1767
80 31 -9.97063
81 31 -9.90516
82 31 -9.91181
83 31 -10.011
84 31 -10.161
85 31 -10.3585
86 31 -10.6295
87 31 -10.9191
88 31 -11.2767
89 31 -11.6948
90 31 -12.159
91 31 -12.6604
92 31 -13.2837
93 31 -14.0466
94 31 -14.9914
95 31 -15.9814
96 31 -17.0315
97 31 -18.1488
98 31 -19.3444
99 31 -19.8912
100 31 -25.7804
101 31 -25.7804
102 31 -25.7804
103 31 -25.7804
104 31 -25.7804
105 31 -25.7804
106 31 -25.7804
107 31 -25.7804
108 31 -25.7804
109 31 -25.7804
110 31 -25.7804
111 31 -25.7804
112 31 -25.7804
113 31 -25.7804
114 31 -25.7804
115 31 -25.7804
116 31 -25.7804
117 31 -25.7804
118 31 -25.7804
119 31 -25.7804
0 32 -25.7804
1 32 -25.7804
2 32 -25.7804
3 32 -25.7804
4 32 -25.7804
5 32 -25.7804
6 32 -25.7804
7 32 -25.7804
8 32 -25.7804
9 32 -25.7804
10 32 -25.7804
11 32 -25.7804
12 32 -25.7804
13 32 -25.7804
14 32 -25.7804
15 32 -25.7804
16 32 -25.7804
17 32 -25.7804
18 32 -25.7804
19 32 -25.7804
20 32 -25.7804
21 32 -25.7804
22 32 -25.7804
23 32 -25.7804
24 32 -25.7804
25 32 -18.6319
26 32 -17.6061
27 32 -16.5741
28 32 -15.6807
29 32 -14.8514
30 32 -14.103
31 32 -13.4412
32 32 -12.8003
33 32 -12.2615
34 32 -11.7697
35 32 -11.3467
36 32 -10.9682
37 32 -10.6456
38 32 -10.4236
39 32 -10.2328
40 32 -10.0895
41 32 -10.0203
42 32 -10.0004
43 32 -10.0097
44 32 -10.0874
45 32 -10.1886
46 32 -10.3272
47 32 -10.5149
48 32 -10.7578
49 32 -11.0593
50 32 -11.3618
51 32 -11.7388
52 32 -12.1215
53 32 -12.5477
54 32 -13.0036
55 32 -13.4734
56 32 -13.9909
57 32 -14.5271
58 32 -15.0995
59 32 -15.7063
60 32 -16.3834
61 32 -17.0957
62 32 -17.7826
63 32 -18.4464
64 32 -19.0743
65 32 -19.6507
66 32 -19.9002
67 32 -19.7092
68 32 -19.1353
69 32 -18.1789
70 32 -16.7291
71 32 -15.4078
72 32 -14.3234
73 32 -13.3859
74 32 -12.6501
75 32 -12.0311
76 32 -11.5082
77 32 -11.0683
78 32 -10.7092
79 32 -10.4478
80 32 -10.2522
81 32 -10.1846
82 32 -10.1953
83 32 -10.28
84 32 -10.4337
85 32 -10.6199
86 32 -10.8694
87 32 -11.1824
88 32 -11.5127
89 32 -11.9146
90 32 -12.353
91 32 -12.8305
92 32 -13.4011
93 32 -14.1555
94 32 -15.0799
95 32 -16.0803
96 32 -17.1582
97 32 -18.2691
98 32 -19.5104
99 32 -20.0481
100 32 -25.7804
101 32 -25.7804
102 32 -25.7804
103 32 -25.7804
104 32 -25.7804
105 32 -25.7804
106 32 -25.7804
107 32 -25.7804
108 32 -25.7804
109 32 -25.7804
110 32 -25.7804
111 32 -25.7804
112 32 -25.7804
113 32 -25.7804
114 32 -25.7804
115 32 -25.7804
116 32 -25.7804
117 32 -25.7804
118 32 -25.7804
119 32 -25.7804
0 33 -25.7804
1 33 -25.7804
2 33 -25.7804
3 33 -25.7804
4 33 -25.7804
5 33 -25.7804
6 33 -25.7804
7 33 -25.7804
8 33 -25.7804
9 33 -25.7804
10 33 -25.7804
11 33 -25.7804
12 33 -25.7804
13 33 -25.7804
14 33 -25.7804
15 33 -25.7804
16 33 -25.7804
17 33 -25.7804
18 33 -25.7804
19 33 -25.7804
20 33 -25.7804
21 33 -25.7804
22 33 -25.7804
23 33 -25.7804
24 33 -25.7804
25 33 -18.9308
26 33 -17.6612
27 33 -16.5792
28 33 -15.6475
29 33 -14.7867
30 33 -14.0486
31 33 -13.4008
32 33 -12.7749
33 33 -12.2398
34 33 -11.761
35 33 -11.3473
36 33 -11.0018
37 33 -10.6978
38 33 -10.47
39 33 -10.2937
40 33 -10.1599
41 33 -10.0963
42 33 -10.0656
43 33 -10.0767
44 33 -10.1703
45 33 -10.2623
46 33 -10.438
47 33 -10.6124
48 33 -10.857
49 33 -11.159
50 33 -11.4966
51 33 -11.8464
52 33 -12.2439
53 33 -12.6898
54 33 -13.148
55 33 -13.6428
56 33 -14.1637
57 33 -14.7436
58 33 -15.3386
59 33 -15.9505
60 33 -16.5931
61 33 -17.248
62 33 -17.8941
63 33 -18.5076
64 33 -19.0951
65 33 -19.6444
66 33 -19.8429
67 33 -19.6452
68 33 -19.079
69 33 -18.1713
70 33 -16.7804
71 33 -15.4943
72 33 -14.4778
73 33 -13.6025
74 33 -12.8838
75 33 -12.2804
76 33 -11.7719
77 33 -11.3321
78 33 -10.9751
79 33 -10.7182
80 33 -10.5592
81 33 -10.4856
82 33 -10.4803
83 33 -10.5535
84 33 -10.686
85 33 -10.8907
86 33 -11.1137
87 33 -11.4
88 33 -11.759
89 33 -12.1285
90 33 -12.5503
91 33 -13.0092
92 33 -13.5643
93 33 -14.2774
94 33 -15.1325
95 33 -16.1664
96 33 -17.2856
97 33 -18.4337
98 33 -19.6796
99 33 -20.2523
100 33 -25.7804
101 33 -25.7804
102 33 -25.7804
103 33 -25.7804
104 33 -25.7804
105 33 -25.7804
106 33 -25.7804
107 33 -25.7804
108 33 -25.7804
109 33 -25.7804
110 33 -25.7804
111 33 -25.7804
112 33 -25.7804
113 33 -25.7804
114 33 -25.7804
115 33 -25.7804
116 33 -25.7804
117 33 -25.7804
118 33 -25.7804
119 33 -25.7804
0 34 -25.7804
1 34 -25.7804
2 34 -25.7804
3 34 -25.7804
4 34 -25.7804
5 34 -25.7804
6 34 -25.7804
7 34 -25.7804
8 34 -25.7804
9 34 -25.7804
10 34 -25.7804
11 34 -25.7804
12 34 -25.7804
13 34 -25.7804
14 34 -25.7804
15 34 -25.7804
16 34 -25.7804
17 34 -25.7804
18 34 -25.7804
19 34 -25.7804
20 34 -25.7804
21 34 -25.7804
22 34 -25.7804
23 34 -25.7804
24 34 -25.7804
25 34 -19.1569
26 34 -17.7723
27 34 -16.655
28 34 -15.6679
29 34 -14.7962
30 34 -14.0466
31 34 -13.3974
32 34 -12.7985
33 34 -12.2436
34 34 -11.7994
35 34 -11.3744
36 34 -11.0412
37 34 -10.7579
38 34 -10.544
39 34 -10.3513
40 34 -10.2436
41 34 -10.1647
42 34 -10.1249
43 34 -10.1579
44 34 -10.2178
45 34 -10.3334
46 34 -10.5142
47 34 -10.7174
48 34 -10.9629
49 34 -11.2582
50 34 -11.5988
51 34 -11.9771
52 34 -12.3567
53 34 -12.8153
54 34 -13.2963
55 34 -13.7995
56 34 -14.3675
57 34 -14.9513
58 34 -15.5567
59 34 -16.1627
60 34 -16.8015
61 34 -17.3383
62 34 -17.9134
63 34 -18.4802
64 34 -18.9953
65 34 -19.4988
66 34 -19.6533
67 34 -19.4344
68 34 -18.9074
69 34 -18.0686
70 34 -16.7937
71 34 -15.5933
72 34 -14.6394
73 34 -13.8167
74 34 -13.1293
75 34 -12.5371
76 34 -12.0246
77 34 -11.5982
78 34 -11.2761
79 34 -11.025
80 34 -10.8585
81 34 -10.7732
82 34 -10.7671
83 34 -10.8222
84 34 -10.9344
85 34 -11.1261
86 34 -11.3724
87 34 -11.641
88 34 -11.9736
89 34 -12.3518
90 34 -12.7464
91 34 -13.1926
92 34 -13.7265
93 34 -14.4113
94 34 -15.2408
95 34 -16.2427
96 34 -17.3877
97 34 -18.593
98 34 -19.8698
99 34 -20.5293
100 34 -25.7804
101 34 -25.7804
102 34 -25.7804
103 34 -25.7804
104 34 -25.7804
105 34 -25.7804
106 34 -25.7804
107 34 -25.7804
108 34 -25.7804
109 34 -25.7804
110 34 -25.7804
111 34 -25.7804
112 34 -25.7804
113 34 -25.7804
114 34 -25.7804
115 34 -25.7804
116 34 -25.7804
117 34 -25.7804
118 34 -25.7804
119 34 -25.7804
0 35 -25.7804
1 35 -25.7804
2 35 -25.7804
3 35 -25.7804
4 35 -25.7804
5 35 -25.7804
6 35 -25.7804
7 35 -25.7804
8 35 -25.7804
9 35 -25.7804
10 35 -25.7804
11 35 -25.7804
12 35 -25.7804
13 35 -25.7804
14 35 -25.7804
15 35 -25.7804
16 35 -25.7804
17 35 -25.7804
18 35 -25.7804
19 35 -25.7804
20 35 -25.7804
21 35 -25.7804
22 35 -25.7804
23 35 -25.7804
24 35 -25.7804
25 35 -19.4313
26 35 -17.9042
27 35 -16.7544
28 35 -15.7237
29 35 -14.8415
30 35 -14.0812
31 35 -13.4277
32 35 -12.8297
33 35 -12.2931
34 35 -11.8362
35 35 -11.4365
36 35 -11.1219
37 35 -10.8347
38 35 -10.6168
39 35 -10.4327
40 35 -10.287
41 35 -10.2215
42 35 -10.1923
43 35 -10.2152
44 35 -10.2698
45 35 -10.416
46 35 -10.5883
47 35 -10.7856
48 35 -11.0521
49 35 -11.3806
50 35 -11.6955
51 35 -12.0726
52 35 -12.4984
53 35 -12.9465
54 35 -13.4585
55 35 -13.971
56 35 -14.5318
57 35 -15.1521
58 35 -15.7888
59 35 -16.3526
60 35 -16.9039
61 35 -17.3374
62 35 -17.8292
63 35 -18.3039
64 35 -18.7742
65 35 -19.2234
66 35 -19.3396
67 35 -19.1287
68 35 -18.5841
69 35 -17.7655
70 35 -16.6917
71 35 -15.7438
72 35 -14.8306
73 35 -14.0171
74 35 -13.3667
75 35 -12.8309
76 35 -12.3333
77 35 -11.9231
78 35 -11.5945
79 35 -11.3451
80 35 -11.1696
81 35 -11.0704
82 35 -11.0519
83 35 -11.1008
84 35 -11.1995
85 35 -11.3591
86 35 -11.5955
87 35 -11.8795
88 35 -12.1904
89 35 -12.5589
90 35 -12.9675
91 35 -13.401
92 35 -13.9052
93 35 -14.5562
94 35 -15.3479
95 35 -16.2916
96 35 -17.4281
97 35 -18.6923
98 35 -20.0709
99 35 -20.88
100 35 -25.7804
101 35 -25.7804
102 35 -25.7804
103 35 -25.7804
104 35 -25.7804
105 35 -25.7804
106 35 -25.7804
107 35 -25.7804
108 35 -25.7804
109 35 -25.7804
110 35 -25.7804
111 35 -25.7804
112 35 -25.7804
113 35 -25.7804
114 35 -25.7804
115 35 -25.7804
116 35 -25.7804
117 35 -25.7804
118 35 -25.7804
119 35 -25.7804
0 36 -25.7804
1 36 -25.7804
2 36 -25.7804
3 36 -25.7804
4 36 -25.7804
5 36 -25.7804
6 36 -25.7804
7 36 -25.7804
8 36 -25.7804
9 36 -25.7804
10 36 -25.7804
11 36 -25.7804
12 36 -25.7804
13 36 -25.7804
14 36 -25.7804
15 36 -25.7804
16 36 -25.7804
17 36 -25.7804
18 36 -25.7804
19 36 -25.7804
20 36 -25.7804
21 36 -25.7804
22 36 -25.7804
23 36 -25.7804
24 36 -21.194
25 36 -19.4184
26 36 -18.0865
27 36 -16.844
28 36 -15.8084
29 36 -14.9089
30 36 -14.1424
31 36 -13.4792
32 36 -12.89
33 36 -12.3645
34 36 -11.9252
35 36 -11.5352
36 36 -11.2045
37 36 -10.9315
38 36 -10.6972
39 36 -10.4888
40 36 -10.3361
41 36 -10.2605
42 36 -10.2402
43 36 -10.2588
44 36 -10.3445
45 36 -10.4865
46 36 -10.6491
47 36 -10.8557
48 36 -11.1313
49 36 -11.4458
50 36 -11.8069
51 36 -12.1873
52 36 -12.6123
53 36 -13.0851
54 36 -13.5925
55 36 -14.134
56 36 -14.7452
57 36 -15.3415
58 36 -15.9319
59 36 -16.4331
60 36 -16.8828
61 36 -17.2403
62 36 -17.6459
63 36 -18.0138
64 36 -18.3726
65 36 -18.7641
66 36 -18.8314
67 36 -18.5815
68 36 -18.021
69 36 -17.2299
70 36 -16.4598
71 36 -15.7577
72 36 -15.0276
73 36 -14.3111
74 36 -13.6749
75 36 -13.1193
76 36 -12.6454
77 36 -12.2442
78 36 -11.9157
79 36 -11.6494
80 36 -11.4618
81 36 -11.3519
82 36 -11.3309
83 36 -11.3758
84 36 -11.466
85 36 -11.6125
86 36 -11.8214
87 36 -12.0963
88 36 -12.4226
89 36 -12.7769
90 36 -13.1758
91 36 -13.6159
92 36 -14.0859
93 36 -14.715
94 36 -15.4726
95 36 -16.3743
96 36 -17.447
97 36 -18.6931
98 36 -20.2404
99 36 -21.2469
100 36 -25.7804
101 36 -25.7804
102 36 -25.7804
103 36 -25.7804
104 36 -25.7804
105 36 -25.7804
106 36 -25.7804
107 36 -25.7804
108 36 -25.7804
109 36 -25.7804
110 36 -25.7804
111 36 -25.7804
112 36 -25.7804
113 36 -25.7804
114 36 -25.7804
115 36 -25.7804
116 36 -25.7804
117 36 -25.7804
118 36 -25.7804
119 36 -25.7804
0 37 -25.7804
1 37 -25.7804
2 37 -25.7804
3 37 -25.7804
4 37 -25.7804
5 37 -25.7804
6 37 -25.7804
7 37 -25.7804
8 37 -25.7804
9 37 -25.7804
10 37 -25.7804
11 37 -25.7804
12 37 -25.7804
13 37 -25.7804
14 37 -25.7804
15 37 -25.7804
16 37 -25.7804
17 37 -25.7804
18 37 -25.7804
19 37 -25.7804
20 37 -25.7804
21 37 -25.7804
22 37 -25.7804
23 37 -25.7804
24 37 -21.2151
25 37 -19.4977
26 37 -18.1955
27 37 -16.93
28 37 -15.8885
29 37 -15.0086
30 37 -14.223
31 37 -13.5617
32 37 -12.9713
33 37 -12.4546
34 37 -12.0148
35 37 -11.6366
36 37 -11.2984
37 37 -11.0121
38 37 -10.7557
39 37 -10.5376
40 37 -10.3646
41 37 -10.2934
42 37 -10.2725
43 37 -10.3016
44 37 -10.408
45 37 -10.5216
46 37 -10.7164
47 37 -10.9376
48 37 -11.2141
49 37 -11.5406
50 37 -11.8816
51 37 -12.2762
52 37 -12.7199
53 37 -13.1933
54 37 -13.7187
55 37 -14.2732
56 37 -14.8524
57 37 -15.4361
58 37 -15.9863
59 37 -16.4116
60 37 -16.7608
61 37 -17.0302
62 37 -17.2844
63 37 -17.5663
64 37 -17.8268
65 37 -18.1256
66 37 -18.1371
67 37 -17.836
68 37 -17.2578
69 37 -16.681
70 37 -16.1141
71 37 -15.6279
72 37 -15.0748
73 37 -14.5371
74 37 -13.9924
75 37 -13.4742
76 37 -12.9954
77 37 -12.5822
78 37 -12.2422
79 37 -11.9688
80 37 -11.7734
81 37 -11.6372
82 37 -11.6066
83 37 -11.6384
84 37 -11.7336
85 37 -11.8795
86 37 -12.071
87 37 -12.3321
88 37 -12.6525
89 37 -13.0113
90 37 -13.3868
91 37 -13.8146
92 37 -14.2993
93 37 -14.8906
94 37 -15.619
95 37 -16.4761
96 37 -17.4483
97 37 -18.512
98 37 -19.7031
99 37 -22.7882
100 37 -25.7804
101 37 -25.7804
102 37 -25.7804
103 37 -25.7804
104 37 -25.7804
105 37 -25.7804
106 37 -25.7804
107 37 -25.7804
108 37 -25.7804
109 37 -25.7804
110 37 -25.7804
111 37 -25.7804
112 37 -25.7804
113 37 -25.7804
114 37 -25.7804
115 37 -25.7804
116 37 -25.7804
117 37 -25.7804
118 37 -25.7804
119 37 -25.7804
0 38 -25.7804
1 38 -25.7804
2 38 -25.7804
3 38 -25.7804
4 38 -25.7804
5 38 -25.7804
6 38 -25.7804
7 38 -25.7804
8 38 -25.7804
9 38 -25.7804
10 38 -25.7804
11 38 -25.7804
12 38 -25.7804
13 38 -25.7804
14 38 -25.7804
15 38 -25.7804
16 38 -25.7804
17 38 -25.7804
18 38 -25.7804
19 38 -25.7804
20 38 -25.7804
21 38 -25.7804
22 38 -25.7804
23 38 -25.7804
24 38 -21.395
25 38 -19.583
26 38 -18.2812
27 38 -17.032
28 38 -15.988
29 38 -15.0894
30 38 -14.3167
31 38 -13.6592
32 38 -13.0752
33 38 -12.5678
34 38 -12.1377
35 38 -11.7352
36 38 -11.3752
37 38 -11.0703
38 38 -10.7921
39 38 -10.5599
40 38 -10.3873
41 38 -10.316
42 38 -10.2971
43 38 -10.3356
44 38 -10.445
45 38 -10.5761
46 38 -10.7748
47 38 -11.0041
48 38 -11.273
49 38 -11.6088
50 38 -11.9629
51 38 -12.3502
52 38 -12.8005
53 38 -13.287
54 38 -13.808
55 38 -14.3216
56 38 -14.8498
57 38 -15.3916
58 38 -15.8805
59 38 -16.2206
60 38 -16.4637
61 38 -16.6484
62 38 -16.76
63 38 -16.9259
64 38 -17.0936
65 38 -17.2833
66 38 -17.1831
67 38 -16.8178
68 38 -16.4094
69 38 -16.0215
70 38 -15.6553
71 38 -15.3564
72 38 -15.0044
73 38 -14.6273
74 38 -14.257
75 38 -13.8462
76 38 -13.3668
77 38 -12.9336
78 38 -12.5822
79 38 -12.2868
80 38 -12.0843
81 38 -11.9459
82 38 -11.8912
83 38 -11.9005
84 38 -11.9918
85 38 -12.1311
86 38 -12.3127
87 38 -12.5547
88 38 -12.8688
89 38 -13.2268
90 38 -13.6131
91 38 -14.0429
92 38 -14.5245
93 38 -15.1156
94 38 -15.8069
95 38 -16.6055
96 38 -17.5226
97 38 -18.3889
98 38 -19.1416
99 38 -25.7804
100 38 -25.7804
101 38 -25.7804
102 38 -25.7804
103 38 -25.7804
104 38 -25.7804
105 38 -25.7804
106 38 -25.7804
107 38 -25.7804
108 38 -25.7804
109 38 -25.7804
110 38 -25.7804
111 38 -25.7804
112 38 -25.7804
113 38 -25.7804
114 38 -25.7804
115 38 -25.7804
116 38 -25.7804
117 38 -25.7804
118 38 -25.7804
119 38 -25.7804
0 39 -25.7804
1 39 -25.7804
2 39 -25.7804
3 39 -25.7804
4 39 -25.7804
5 39 -25.7804
6 39 -25.7804
7 39 -25.7804
8 39 -25.7804
9 39 -25.7804
10 39 -25.7804
11 39 -25.7804
12 39 -25.7804
13 39 -25.7804
14 39 -25.7804
15 39 -25.7804
16 39 -25.7804
17 39 -25.7804
18 39 -25.7804
19 39 -25.7804
20 39 -25.7804
21 39 -25.7804
22 39 -25.7804
23 39 -25.7804
24 39 -21.4508
25 39 -19.8113
26 39 -18.3429
27 39 -17.1138
28 39 -16.0719
29 39 -15.2006
30 39 -14.4385
31 39 -13.7874
32 39 -13.1964
33 39 -12.6812
34 39 -12.2246
35 39 -11.8195
36 39 -11.447
37 39 -11.1162
38 39 -10.8311
39 39 -10.5864
40 39 -10.4096
41 39 -10.3358
42 39 -10.3242
43 39 -10.3746
44 39 -10.4658
45 39 -10.6421
46 39 -10.8461
47 39 -11.0601
48 39 -11.3708
49 39 -11.683
50 39 -12.0219
51 39 -12.44
52 39 -12.8738
53 39 -13.334
54 39 -13.8146
55 39 -14.285
56 39 -14.7588
57 39 -15.2147
58 39 -15.5558
59 39 -15.8227
60 39 -15.9539
61 39 -16.0314
62 39 -16.0835
63 39 -16.0928
64 39 -16.1414
65 39 -16.2395
66 39 -16.0291
67 39 -15.7311
68 39 -15.5091
69 39 -15.3061
70 39 -15.1246
71 39 -15.0075
72 39 -14.8231
73 39 -14.6211
74 39 -14.3801
75 39 -14.0692
76 39 -13.7228
77 39 -13.3016
78 39 -12.923
79 39 -12.6212
80 39 -12.402
81 39 -12.2479
82 39 -12.1801
83 39 -12.1818
84 39 -12.2439
85 39 -12.3643
86 39 -12.5529
87 39 -12.7999
88 39 -13.1021
89 39 -13.4455
90 39 -13.8513
91 39 -14.2827
92 39 -14.7796
93 39 -15.3774
94 39 -16.0572
95 39 -16.8723
96 39 -17.7833
97 39 -18.8013
98 39 -20.1238
99 39 -25.7804
100 39 -25.7804
101 39 -25.7804
102 39 -25.7804
103 39 -25.7804
104 39 -25.7804
105 39 -25.7804
106 39 -25.7804
107 39 -25.7804
108 39 -25.7804
109 39 -25.7804
110 39 -25.7804
111 39 -25.7804
112 39 -25.7804
113 39 -25.7804
114 39 -25.7804
115 39 -25.7804
116 39 -25.7804
117 39 -25.7804
118 39 -25.7804
119 39 -25.7804
0 40 -25.7804
1 40 -25.7804
2 40 -25.7804
3 40 -25.7804
4 40 -25.7804
5 40 -25.7804
6 40 -25.7804
7 40 -25.7804
8 40 -25.7804
9 40 -25.7804
10 40 -25.7804
11 40 -25.7804
12 40 -25.7804
13 40 -25.7804
14 40 -25.7804
15 40 -25.7804
16 40 -25.7804
17 40 -25.7804
18 40 -25.7804
19 40 -25.7804
20 40 -25.7804
21 40 -25.7804
22 40 -25.7804
23 40 -25.7804
24 40 -22.0039
25 40 -20.0001
26 40 -18.4738
27 40 -17.174
28 40 -16.1455
29 40 -15.2808
30 40 -14.542
31 40 -13.8991
32 40 -13.3008
33 40 -12.7651
34 40 -12.2857
35 40 -11.8524
36 40 -11.4759
37 40 -11.1432
38 40 -10.8568
39 40 -10.6066
40 40 -10.4273
41 40 -10.3467
42 40 -10.335
43 40 -10.3849
44 40 -10.5081
45 40 -10.6819
46 40 -10.8816
47 40 -11.1183
48 40 -11.4143
49 40 -11.7423
50 40 -12.1225
51 40 -12.4959
52 40 -12.9128
53 40 -13.3131
54 40 -13.7032
55 40 -14.1389
56 40 -14.5369
57 40 -14.888
58 40 -15.0837
59 40 -15.1802
60 40 -15.1643
61 40 -15.1266
62 40 -15.0765
63 40 -15.0196
64 40 -14.9447
65 40 -14.9025
66 40 -14.7239
67 40 -14.6142
68 40 -14.553
69 40 -14.5143
70 40 -14.4988
71 40 -14.5364
72 40 -14.5353
73 40 -14.4785
74 40 -14.362
75 40 -14.168
76 40 -13.9314
77 40 -13.6451
78 40 -13.294
79 40 -12.9698
80 40 -12.7287
81 40 -12.5678
82 40 -12.4737
83 40 -12.4567
84 40 -12.5098
85 40 -12.6284
86 40 -12.8092
87 40 -13.0431
88 40 -13.3365
89 40 -13.7094
90 40 -14.1001
91 40 -14.5247
92 40 -15.0155
93 40 -15.6213
94 40 -16.3317
95 40 -17.1856
96 40 -18.1926
97 40 -19.3589
98 40 -21.0817
99 40 -25.7804
100 40 -25.7804
101 40 -25.7804
102 40 -25.7804
103 40 -25.7804
104 40 -25.7804
105 40 -25.7804
106 40 -25.7804
107 40 -25.7804
108 40 -25.7804
109 40 -25.7804
110 40 -25.7804
111 40 -25.7804
112 40 -25.7804
113 40 -25.7804
114 40 -25.7804
115 40 -25.7804
116 40 -25.7804
117 40 -25.7804
118 40 -25.7804
119 40 -25.7804
0 41 -25.7804
1 41 -25.7804
2 41 -25.7804
3 41 -25.7804
4 41 -25.7804
5 41 -25.7804
6 41 -25.7804
7 41 -25.7804
8 41 -25.7804
9 41 -25.7804
10 41 -25.7804
11 41 -25.7804
12 41 -25.7804
13 41 -25.7804
14 41 -25.7804
15 41 -25.7804
16 41 -25.7804
17 41 -25.7804
18 41 -25.7804
19 41 -25.7804
20 41 -25.7804
21 41 -25.7804
22 41 -25.7804
23 41 -24.4925
24 41 -22.4065
25 41 -20.272
26 41 -18.6002
27 41 -17.2681
28 41 -16.2327
29 41 -15.3714
30 41 -14.6573
31 41 -13.9803
32 41 -13.3695
33 41 -12.8114
34 41 -12.3249
35 41 -11.8756
36 41 -11.4882
37 41 -11.1584
38 41 -10.8787
39 41 -10.6202
40 41 -10.4328
41 41 -10.3683
42 41 -10.3566
43 41 -10.4151
44 41 -10.5364
45 41 -10.7101
46 41 -10.9209
47 41 -11.1827
48 41 -11.4682
49 41 -11.7846
50 41 -12.1554
51 41 -12.5017
52 41 -12.8339
53 41 -13.1633
54 41 -13.49
55 41 -13.8533
56 41 -14.133
57 41 -14.2923
58 41 -14.3047
59 41 -14.1659
60 41 -13.9911
61 41 -13.8079
62 41 -13.6728
63 41 -13.5855
64 41 -13.435
65 41 -13.3489
66 41 -13.3287
67 41 -13.3766
68 41 -13.4699
69 41 -13.6058
70 41 -13.7669
71 41 -13.9903
72 41 -14.125
73 41 -14.1959
74 41 -14.191
75 41 -14.1353
76 41 -14.0323
77 41 -13.8536
78 41 -13.6359
79 41 -13.3541
80 41 -13.0755
81 41 -12.8801
82 41 -12.7647
83 41 -12.7425
84 41 -12.7869
85 41 -12.8814
86 41 -13.0594
87 41 -13.2939
88 41 -13.5913
89 41 -13.9353
90 41 -14.3362
91 41 -14.7617
92 41 -15.2665
93 41 -15.9009
94 41 -16.6449
95 41 -17.5698
96 41 -18.6714
97 41 -19.9309
98 41 -21.4478
99 41 -25.7804
100 41 -25.7804
101 41 -25.7804
102 41 -25.7804
103 41 -25.7804
104 41 -25.7804
105 41 -25.7804
106 41 -25.7804
107 41 -25.7804
108 41 -25.7804
109 41 -25.7804
110 41 -25.7804
111 41 -25.7804
112 41 -25.7804
113 41 -25.7804
114 41 -25.7804
115 41 -25.7804
116 41 -25.7804
117 41 -25.7804
118 41 -25.7804
119 41 -25.7804
0 42 -25.7804
1 42 -25.7804
2 42 -25.7804
3 42 -25.7804
4 42 -25.7804
5 42 -25.7804
6 42 -25.7804
7 42 -25.7804
8 42 -25.7804
9 42 -25.7804
10 42 -25.7804
11 42 -25.7804
12 42 -25.7804
13 42 -25.7804
14 42 -25.7804
15 42 -25.7804
16 42 -25.7804
17 42 -25.7804
18 42 -25.7804
19 42 -25.7804
20 42 -25.7804
21 42 -25.7804
22 42 -25.7804
23 42 -24.1355
24 42 -22.5681
25 42 -20.3916
26 42 -18.6832
27 42 -17.3399
28 42 -16.2936
29 42 -15.4403
30 42 -14.7119
31 42 -14.0369
32 42 -13.4036
33 42 -12.8409
34 42 -12.3342
35 42 -11.8866
36 42 -11.4966
37 42 -11.1516
38 42 -10.8678
39 42 -10.6176
40 42 -10.4386
41 42 -10.3642
42 42 -10.3628
43 42 -10.4259
44 42 -10.5503
45 42 -10.7321
46 42 -10.9706
47 42 -11.2243
48 42 -11.5228
49 42 -11.8392
50 42 -12.1166
51 42 -12.404
52 42 -12.6646
53 42 -12.9213
54 42 -13.1823
55 42 -13.4151
56 42 -13.5158
57 42 -13.4434
58 42 -13.1859
59 42 -12.7543
60 42 -12.2872
61 42 -11.9683
62 42 -11.7835
63 42 -11.7612
64 42 -11.8066
65 42 -11.9101
66 42 -11.9953
67 42 -12.1191
68 42 -12.3262
69 42 -12.6033
70 42 -12.9329
71 42 -13.3074
72 42 -13.5987
73 42 -13.7957
74 42 -13.9124
75 42 -13.9922
76 42 -13.9761
77 42 -13.9336
78 42 -13.8203
79 42 -13.6584
80 42 -13.4299
81 42 -13.2081
82 42 -13.0464
83 42 -13.0131
84 42 -13.0513
85 42 -13.1475
86 42 -13.2924
87 42 -13.5229
88 42 -13.8119
89 42 -14.1543
90 42 -14.5615
91 42 -14.9922
92 42 -15.4987
93 42 -16.1632
94 42 -16.9601
95 42 -17.9433
96 42 -19.1495
97 42 -20.722
98 42 -21.6457
99 42 -25.7804
100 42 -25.7804
101 42 -25.7804
102 42 -25.7804
103 42 -25.7804
104 42 -25.7804
105 42 -25.7804
106 42 -25.7804
107 42 -25.7804
108 42 -25.7804
109 42 -25.7804
110 42 -25.7804
111 42 -25.7804
112 42 -25.7804
113 42 -25.7804
114 42 -25.7804
115 42 -25.7804
116 42 -25.7804
117 42 -25.7804
118 42 -25.7804
119 42 -25.7804
0 43 -25.7804
1 43 -25.7804
2 43 -25.7804
3 43 -25.7804
4 43 -25.7804
5 43 -25.7804
6 43 -25.7804
7 43 -25.7804
8 43 -25.7804
9 43 -25.7804
10 43 -25.7804
11 43 -25.7804
12 43 -25.7804
13 43 -25.7804
14 43 -25.7804
15 43 -25.7804
16 43 -25.7804
17 43 -25.7804
18 43 -25.7804
19 43 -25.7804
20 43 -25.7804
21 43 -25.7804
22 43 -25.7804
23 43 -24.5888
24 43 -22.5133
25 43 -20.4282
26 43 -18.7573
27 43 -17.3872
28 43 -16.3522
29 43 -15.4827
30 43 -14.7429
31 43 -14.0261
32 43 -13.3943
33 43 -12.829
34 43 -12.3049
35 43 -11.8558
36 43 -11.4775
37 43 -11.1414
38 43 -10.854
39 43 -10.6155
40 43 -10.447
41 43 -10.3863
42 43 -10.3869
43 43 -10.4419
44 43 -10.5665
45 43 -10.7614
46 43 -11.0024
47 43 -11.2637
48 43 -11.5418
49 43 -11.7879
50 43 -11.9992
51 43 -12.2121
52 43 -12.4039
53 43 -12.5938
54 43 -12.7478
55 43 -12.8201
56 43 -12.6987
57 43 -12.3693
58 43 -11.6999
59 43 -10.8706
60 43 -10.3042
61 43 -10.054
62 43 -9.99886
63 43 -10.0236
64 43 -10.1903
65 43 -10.3963
66 43 -10.6803
67 43 -10.9332
68 43 -11.2323
69 43 -11.6022
70 43 -12.0094
71 43 -12.4816
72 43 -12.9056
73 43 -13.2548
74 43 -13.502
75 43 -13.702
76 43 -13.8068
77 43 -13.8653
78 43 -13.8695
79 43 -13.7875
80 43 -13.7068
81 43 -13.5305
82 43 -13.3522
83 43 -13.2753
84 43 -13.2923
85 43 -13.3783
86 43 -13.5155
87 43 -13.7332
88 43 -14.0047
89 43 -14.3475
90 43 -14.7471
91 43 -15.21
92 43 -15.7308
93 43 -16.4262
94 43 -17.2534
95 43 -18.2909
96 43 -19.5806
97 43 -21.2322
98 43 -22.103
99 43 -25.7804
100 43 -25.7804
101 43 -25.7804
102 43 -25.7804
103 43 -25.7804
104 43 -25.7804
105 43 -25.7804
106 43 -25.7804
107 43 -25.7804
108 43 -25.7804
109 43 -25.7804
110 43 -25.7804
111 43 -25.7804
112 43 -25.7804
113 43 -25.7804
114 43 -25.7804
115 43 -25.7804
116 43 -25.7804
117 43 -25.7804
118 43 -25.7804
119 43 -25.7804
0 44 -25.7804
1 44 -25.7804
2 44 -25.7804
3 44 -25.7804
4 44 -25.7804
5 44 -25.7804
6 44 -25.7804
7 44 -25.7804
8 44 -25.7804
9 44 -25.7804
10 44 -25.7804
11 44 -25.7804
12 44 -25.7804
13 44 -25.7804
14 44 -25.7804
15 44 -25.7804
16 44 -25.7804
17 44 -25.7804
18 44 -25.7804
19 44 -25.7804
20 44 -25.7804
21 44 -25.7804
22 44 -25.7804
23 44 -24.928
24 44 -22.65
25 44 -20.4922
26 44 -18.8075
27 44 -17.4272
28 44 -16.3349
29 44 -15.4679
30 44 -14.7272
31 44 -13.9912
32 44 -13.3607
33 44 -12.7767
34 44 -12.2798
35 44 -11.8227
36 44 -11.4238
37 44 -11.0986
38 44 -10.8346
39 44 -10.6146
40 44 -10.4703
41 44 -10.4313
42 44 -10.4386
43 44 -10.5067
44 44 -10.6326
45 44 -10.8152
46 44 -11.0523
47 44 -11.274
48 44 -11.4801
49 44 -11.66
50 44 -11.8109
51 44 -11.9632
52 44 -12.081
53 44 -12.1851
54 44 -12.2245
55 44 -12.1138
56 44 -11.7517
57 44 -11.1111
58 44 -10.0265
59 44 -9.44665
60 44 -9.16259
61 44 -9.01204
62 44 -8.967
63 44 -8.99474
64 44 -9.14143
65 44 -9.375
66 44 -9.66339
67 44 -9.97359
68 44 -10.311
69 44 -10.6714
70 44 -11.0931
71 44 -11.557
72 44 -12.0746
73 44 -12.564
74 44 -12.9559
75 44 -13.2592
76 44 -13.5296
77 44 -13.678
78 44 -13.7873
79 44 -13.815
80 44 -13.8205
81 44 -13.7756
82 44 -13.6752
83 44 -13.5751
84 44 -13.5271
85 44 -13.5925
86 44 -13.7225
87 44 -13.9167
88 44 -14.2004
89 44 -14.5424
90 44 -14.9448
91 44 -15.4111
92 44 -15.9593
93 44 -16.6746
94 44 -17.5259
95 44 -18.6092
96 44 -19.9609
97 44 -21.6759
98 44 -22.5624
99 44 -25.7804
100 44 -25.7804
101 44 -25.7804
102 44 -25.7804
103 44 -25.7804
104 44 -25.7804
105 44 -25.7804
106 44 -25.7804
107 44 -25.7804
108 44 -25.7804
109 44 -25.7804
110 44 -25.7804
111 44 -25.7804
112 44 -25.7804
113 44 -25.7804
114 44 -25.7804
115 44 -25.7804
116 44 -25.7804
117 44 -25.7804
118 44 -25.7804
119 44 -25.7804
0 45 -25.7804
1 45 -25.7804
2 45 -25.7804
3 45 -25.7804
4 45 -25.7804
5 45 -25.7804
6 45 -25.7804
7 45 -25.7804
8 45 -25.7804
9 45 -25.7804
10 45 -25.7804
11 45 -25.7804
12 45 -25.7804
13 45 -25.7804
14 45 -25.7804
15 45 -25.7804
16 45 -25.7804
17 45 -25.7804
18 45 -25.7804
19 45 -25.7804
20 45 -25.7804
21 45 -25.7804
22 45 -25.7804
23 45 -25.5555
24 45 -22.9097
25 45 -20.5878
26 45 -18.8332
27 45 -17.3901
28 45 -16.2941
29 45 -15.3945
30 45 -14.653
31 45 -13.9312
32 45 -13.3041
33 45 -12.7093
34 45 -12.1969
35 45 -11.7376
36 45 -11.3416
37 45 -11.0071
38 45 -10.7534
39 45 -10.5863
40 45 -10.4618
41 45 -10.444
42 45 -10.472
43 45 -10.5566
44 45 -10.6925
45 45 -10.8689
46 45 -11.0585
47 45 -11.2182
48 45 -11.3517
49 45 -11.4632
50 45 -11.5496
51 45 -11.6303
52 45 -11.6874
53 45 -11.7035
54 45 -11.5582
55 45 -11.2178
56 45 -10.6193
57 45 -9.56533
58 45 -8.88735
59 45 -8.54168
60 45 -8.44705
61 45 -8.3625
62 45 -8.32042
63 45 -8.38838
64 45 -8.5695
65 45 -8.80841
66 45 -9.07895
67 45 -9.37175
68 45 -9.68469
69 45 -10.0113
70 45 -10.3638
71 45 -10.7383
72 45 -11.1896
73 45 -11.7116
74 45 -12.2587
75 45 -12.7141
76 45 -13.0657
77 45 -13.3457
78 45 -13.5741
79 45 -13.7109
80 45 -13.8121
81 45 -13.8594
82 45 -13.8577
83 45 -13.7915
84 45 -13.7178
85 45 -13.7664
86 45 -13.8972
87 45 -14.0921
88 45 -14.3732
89 45 -14.7214
90 45 -15.1342
91 45 -15.5975
92 45 -16.1545
93 45 -16.8704
94 45 -17.7713
95 45 -18.9036
96 45 -20.3071
97 45 -22.0982
98 45 -23.0942
99 45 -25.7804
100 45 -25.7804
101 45 -25.7804
102 45 -25.7804
103 45 -25.7804
104 45 -25.7804
105 45 -25.7804
106 45 -25.7804
107 45 -25.7804
108 45 -25.7804
109 45 -25.7804
110 45 -25.7804
111 45 -25.7804
112 45 -25.7804
113 45 -25.7804
114 45 -25.7804
115 45 -25.7804
116 45 -25.7804
117 45 -25.7804
118 45 -25.7804
119 45 -25.7804
0 46 -25.7804
1 46 -25.7804
2 46 -25.7804
3 46 -25.7804
4 46 -25.7804
5 46 -25.7804
6 46 -25.7804
7 46 -25.7804
8 46 -25.7804
9 46 -25.7804
10 46 -25.7804
11 46 -25.7804
12 46 -25.7804
13 46 -25.7804
14 46 -25.7804
15 46 -25.7804
16 46 -25.7804
17 46 -25.7804
18 46 -25.7804
19 46 -25.7804
20 46 -25.7804
21 46 -25.7804
22 46 -25.7804
23 46 -25.7804
24 46 -23.1836
25 46 -20.6862
26 46 -18.7705
27 46 -17.2962
28 46 -16.1683
29 46 -15.2933
30 46 -14.5206
31 46 -13.8099
32 46 -13.1584
33 46 -12.5768
34 46 -12.0733
35 46 -11.6139
36 46 -11.219
37 46 -10.9061
38 46 -10.6787
39 46 -10.5378
40 46 -10.4532
41 46 -10.4283
42 46 -10.4675
43 46 -10.5605
44 46 -10.7059
45 46 -10.8728
46 46 -10.9847
47 46 -11.074
48 46 -11.1466
49 46 -11.1924
50 46 -11.2181
51 46 -11.2081
52 46 -11.2012
53 46 -11.0671
54 46 -10.753
55 46 -10.243
56 46 -9.2687
57 46 -8.51136
58 46 -8.10284
59 46 -7.96697
60 46 -7.86551
61 46 -7.886
62 46 -7.97201
63 46 -8.09083
64 46 -8.25143
65 46 -8.47483
66 46 -8.7402
67 46 -9.02051
68 46 -9.31437
69 46 -9.629
70 46 -9.9285
71 46 -10.2566
72 46 -10.6205
73 46 -11.045
74 46 -11.528
75 46 -12.057
76 46 -12.5642
77 46 -12.971
78 46 -13.2943
79 46 -13.5448
80 46 -13.7158
81 46 -13.8248
82 46 -13.8853
83 46 -13.9059
84 46 -13.8893
85 46 -13.9214
86 46 -14.0462
87 46 -14.242
88 46 -14.5132
89 46 -14.8631
90 46 -15.276
91 46 -15.7625
92 46 -16.3242
93 46 -17.0693
94 46 -17.9981
95 46 -19.1486
96 46 -20.5623
97 46 -22.2588
98 46 -23.7449
99 46 -25.7804
100 46 -25.7804
101 46 -25.7804
102 46 -25.7804
103 46 -25.7804
104 46 -25.7804
105 46 -25.7804
106 46 -25.7804
107 46 -25.7804
108 46 -25.7804
109 46 -25.7804
110 46 -25.7804
111 46 -25.7804
112 46 -25.7804
113 46 -25.7804
114 46 -25.7804
115 46 -25.7804
116 46 -25.7804
117 46 -25.7804
118 46 -25.7804
119 46 -25.7804
0 47 -25.7804
1 47 -25.7804
2 47 -25.7804
3 47 -25.7804
4 47 -25.7804
5 47 -25.7804
6 47 -25.7804
7 47 -25.7804
8 47 -25.7804
9 47 -25.7804
10 47 -25.7804
11 47 -25.7804
12 47 -25.7804
13 47 -25.7804
14 47 -25.7804
15 47 -25.7804
16 47 -25.7804
17 47 -25.7804
18 47 -25.7804
19 47 -25.7804
20 47 -25.7804
21 47 -25.7804
22 47 -25.7804
23 47 -25.7804
24 47 -23.5019
25 47 -20.629
26 47 -18.6108
27 47 -17.1194
28 47 -15.9778
29 47 -15.0993
30 47 -14.339
31 47 -13.6231
32 47 -12.9838
33 47 -12.3978
34 47 -11.8937
35 47 -11.4331
36 47 -11.0502
37 47 -10.7622
38 47 -10.5821
39 47 -10.4645
40 47 -10.3911
41 47 -10.4103
42 47 -10.454
43 47 -10.5684
44 47 -10.693
45 47 -10.7823
46 47 -10.8222
47 47 -10.8503
48 47 -10.8646
49 47 -10.861
50 47 -10.791
51 47 -10.7203
52 47 -10.592
53 47 -10.3337
54 47 -9.87325
55 47 -9.10161
56 47 -8.1841
57 47 -7.65204
58 47 -7.47116
59 47 -7.39514
60 47 -7.34993
61 47 -7.45665
62 47 -7.58597
63 47 -7.74596
64 47 -7.92513
65 47 -8.16762
66 47 -8.42288
67 47 -8.69315
68 47 -8.98559
69 47 -9.2982
70 47 -9.62857
71 47 -9.94186
72 47 -10.2852
73 47 -10.6564
74 47 -11.0223
75 47 -11.4582
76 47 -11.9921
77 47 -12.5158
78 47 -12.9311
79 47 -13.2712
80 47 -13.5334
81 47 -13.7184
82 47 -13.8365
83 47 -13.9079
84 47 -13.9659
85 47 -14.0486
86 47 -14.1664
87 47 -14.3708
88 47 -14.6429
89 47 -14.9846
90 47 -15.4136
91 47 -15.8844
92 47 -16.4633
93 47 -17.2184
94 47 -18.1744
95 47 -19.3816
96 47 -20.9127
97 47 -23.2102
98 47 -25.0835
99 47 -25.7804
100 47 -25.7804
101 47 -25.7804
102 47 -25.7804
103 47 -25.7804
104 47 -25.7804
105 47 -25.7804
106 47 -25.7804
107 47 -25.7804
108 47 -25.7804
109 47 -25.7804
110 47 -25.7804
111 47 -25.7804
112 47 -25.7804
113 47 -25.7804
114 47 -25.7804
115 47 -25.7804
116 47 -25.7804
117 47 -25.7804
118 47 -25.7804
119 47 -25.7804
0 48 -25.7804
1 48 -25.7804
2 48 -25.7804
3 48 -25.7804
4 48 -25.7804
5 48 -25.7804
6 48 -25.7804
7 48 -25.7804
8 48 -25.7804
9 48 -25.7804
10 48 -25.7804
11 48 -25.7804
12 48 -25.7804
13 48 -25.7804
14 48 -25.7804
15 48 -25.7804
16 48 -25.7804
17 48 -25.7804
18 48 -25.7804
19 48 -25.7804
20 48 -25.7804
21 48 -25.7804
22 48 -22.7933
23 48 -25.7804
24 48 -22.7147
25 48 -20.1893
26 48 -18.2769
27 48 -16.8192
28 48 -15.7352
29 48 -14.8641
30 48 -14.1077
31 48 -13.4051
32 48 -12.7758
33 48 -12.1974
34 48 -11.6702
35 48 -11.2241
36 48 -10.8904
37 48 -10.6519
38 48 -10.4893
39 48 -10.3902
40 48 -10.3449
41 48 -10.3644
42 48 -10.4233
43 48 -10.5388
44 48 -10.5983
45 48 -10.6152
46 48 -10.6049
47 48 -10.5654
48 48 -10.5179
49 48 -10.4259
50 48 -10.3105
51 48 -10.1455
52 48 -9.91601
53 48 -9.55369
54 48 -8.86666
55 48 -8.02614
56 48 -7.3024
57 48 -7.02657
58 48 -6.90976
59 48 -6.87703
60 48 -6.90301
61 48 -7.09129
62 48 -7.24501
63 48 -7.41657
64 48 -7.61132
65 48 -7.83907
66 48 -8.11453
67 48 -8.37681
68 48 -8.67479
69 48 -8.99118
70 48 -9.30896
71 48 -9.65228
72 48 -10.0134
73 48 -10.3994
74 48 -10.7432
75 48 -11.1066
76 48 -11.5151
77 48 -11.999
78 48 -12.527
79 48 -12.9361
80 48 -13.2755
81 48 -13.5328
82 48 -13.7271
83 48 -13.8457
84 48 -13.9663
85 48 -14.114
86 48 -14.2691
87 48 -14.4559
88 48 -14.723
89 48 -15.0692
90 48 -15.5112
91 48 -15.9974
92 48 -16.5789
93 48 -17.376
94 48 -18.3155
95 48 -19.4984
96 48 -21.0069
97 48 -22.9694
98 48 -25.4564
99 48 -25.7804
100 48 -25.7804
101 48 -25.7804
102 48 -25.7804
103 48 -25.7804
104 48 -25.7804
105 48 -25.7804
106 48 -25.7804
107 48 -25.7804
108 48 -25.7804
109 48 -25.7804
110 48 -25.7804
111 48 -25.7804
112 48 -25.7804
113 48 -25.7804
114 48 -25.7804
115 48 -25.7804
116 48 -25.7804
117 48 -25.7804
118 48 -25.7804
119 48 -25.7804
0 49 -25.7804
1 49 -25.7804
2 49 -25.7804
3 49 -25.7804
4 49 -25.7804
5 49 -25.7804
6 49 -25.7804
7 49 -25.7804
8 49 -25.7804
9 49 -25.7804
10 49 -25.7804
11 49 -25.7804
12 49 -25.7804
13 49 -25.7804
14 49 -25.7804
15 49 -25.7804
16 49 -25.7804
17 49 -25.7804
18 49 -25.7804
19 49 -25.7804
20 49 -25.7804
21 49 -25.7804
22 49 -21.6659
23 49 -25.0972
24 49 -21.7409
25 49 -19.5117
26 49 -17.7987
27 49 -16.4487
28 49 -15.4297
29 49 -14.6097
30 49 -13.8715
31 49 -13.1981
32 49 -12.542
33 49 -11.939
34 49 -11.4399
35 49 -11.0474
36 49 -10.7324
37 49 -10.5314
38 49 -10.392
39 49 -10.3119
40 49 -10.2743
41 49 -10.3157
42 49 -10.3704
43 49 -10.4257
44 49 -10.4149
45 49 -10.3367
46 49 -10.2528
47 49 -10.1646
48 49 -10.0651
49 49 -9.92336
50 49 -9.76764
51 49 -9.50589
52 49 -9.12811
53 49 -8.62359
54 49 -7.82131
55 49 -7.00709
56 49 -6.66006
57 49 -6.42684
58 49 -6.38457
59 49 -6.44528
60 49 -6.57368
61 49 -6.75781
62 49 -6.94775
63 49 -7.0985
64 49 -7.29405
65 49 -7.51525
66 49 -7.79175
67 49 -8.04943
68 49 -8.34708
69 49 -8.66736
70 49 -9.0134
71 49 -9.35907
72 49 -9.75247
73 49 -10.1219
74 49 -10.4953
75 49 -10.8732
76 49 -11.2612
77 49 -11.6544
78 49 -12.0702
79 49 -12.5499
80 49 -12.9809
81 49 -13.288
82 49 -13.5402
83 49 -13.7133
84 49 -13.8929
85 49 -14.0911
86 49 -14.3068
87 49 -14.5253
88 49 -14.81
89 49 -15.1455
90 49 -15.5743
91 49 -16.0823
92 49 -16.6808
93 49 -17.4785
94 49 -18.4443
95 49 -19.6337
96 49 -21.1118
97 49 -23.0866
98 49 -25.7804
99 49 -25.7804
100 49 -25.7804
101 49 -25.7804
102 49 -25.7804
103 49 -25.7804
104 49 -25.7804
105 49 -25.7804
106 49 -25.7804
107 49 -25.7804
108 49 -25.7804
109 49 -25.7804
110 49 -25.7804
111 49 -25.7804
112 49 -25.7804
113 49 -25.7804
114 49 -25.7804
115 49 -25.7804
116 49 -25.7804
117 49 -25.7804
118 49 -25.7804
119 49 -25.7804
0 50 -25.7804
1 50 -25.7804
2 50 -25.7804
3 50 -25.7804
4 50 -25.7804
5 50 -25.7804
6 50 -25.7804
7 50 -25.7804
8 50 -25.7804
9 50 -25.7804
10 50 -25.7804
11 50 -25.7804
12 50 -25.7804
13 50 -25.7804
14 50 -25.7804
15 50 -25.7804
16 50 -25.7804
17 50 -25.7804
18 50 -25.7804
19 50 -25.7804
20 50 -25.7804
21 50 -25.7804
22 50 -20.8171
23 50 -23.658
24 50 -20.8317
25 50 -18.8616
26 50 -17.3209
27 50 -16.0592
28 50 -15.1159
29 50 -14.2957
30 50 -13.6181
31 50 -12.9103
32 50 -12.2722
33 50 -11.6828
34 50 -11.222
35 50 -10.8664
36 50 -10.5977
37 50 -10.3919
38 50 -10.2693
39 50 -10.2075
40 50 -10.1893
41 50 -10.2334
42 50 -10.2501
43 50 -10.2176
44 50 -10.1413
45 50 -9.98344
46 50 -9.84934
47 50 -9.69288
48 50 -9.52711
49 50 -9.34401
50 50 -9.10669
51 50 -8.68458
52 50 -8.13732
53 50 -7.49517
54 50 -6.76839
55 50 -6.29466
56 50 -6.04626
57 50 -5.93431
58 50 -5.96491
59 50 -6.08788
60 50 -6.27911
61 50 -6.43983
62 50 -6.62628
63 50 -6.81177
64 50 -6.9999
65 50 -7.20119
66 50 -7.46651
67 50 -7.74162
68 50 -8.02907
69 50 -8.36671
70 50 -8.71603
71 50 -9.0852
72 50 -9.46918
73 50 -9.87291
74 50 -10.2558
75 50 -10.6234
76 50 -10.9993
77 50 -11.3939
78 50 -11.7927
79 50 -12.191
80 50 -12.6201
81 50 -13.0163
82 50 -13.3252
83 50 -13.5487
84 50 -13.7442
85 50 -13.9846
86 50 -14.2611
87 50 -14.5504
88 50 -14.8399
89 50 -15.2016
90 50 -15.6427
91 50 -16.1577
92 50 -16.7902
93 50 -17.5763
94 50 -18.5572
95 50 -19.7992
96 50 -21.3382
97 50 -23.5103
98 50 -25.7804
99 50 -25.7804
100 50 -25.7804
101 50 -25.7804
102 50 -25.7804
103 50 -25.7804
104 50 -25.7804
105 50 -25.7804
106 50 -25.7804
107 50 -25.7804
108 50 -25.7804
109 50 -25.7804
110 50 -25.7804
111 50 -25.7804
112 50 -25.7804
113 50 -25.7804
114 50 -25.7804
115 50 -25.7804
116 50 -25.7804
117 50 -25.7804
118 50 -25.7804
119 50 -25.7804
0 51 -25.7804
1 51 -25.7804
2 51 -25.7804
3 51 -25.7804
4 51 -25.7804
5 51 -25.7804
6 51 -25.7804
7 51 -25.7804
8 51 -25.7804
9 51 -25.7804
10 51 -25.7804
11 51 -25.7804
12 51 -25.7804
13 51 -25.7804
14 51 -25.7804
15 51 -25.7804
16 51 -25.7804
17 51 -25.7804
18 51 -25.7804
19 51 -25.7804
20 51 -25.7804
21 51 -25.7804
22 51 -19.9409
23 51 -22.3294
24 51 -20.0119
25 51 -18.4369
26 51 -16.9372
27 51 -15.7298
28 51 -14.7988
29 51 -14.0318
30 51 -13.3282
31 51 -12.6034
32 51 -11.9852
33 51 -11.4618
34 51 -11.0114
35 51 -10.6823
36 51 -10.4306
37 51 -10.2437
38 51 -10.1534
39 51 -10.1097
40 51 -10.0844
41 51 -10.0767
42 51 -10.025
43 51 -9.90978
44 51 -9.74662
45 51 -9.5547
46 51 -9.35327
47 51 -9.13028
48 51 -8.88541
49 51 -8.56721
50 51 -8.22236
51 51 -7.71086
52 51 -7.11824
53 51 -6.45019
54 51 -5.96563
55 51 -5.69694
56 51 -5.5765
57 51 -5.5741
58 51 -5.67751
59 51 -5.83627
60 51 -5.98339
61 51 -6.15161
62 51 -6.31168
63 51 -6.49314
64 51 -6.68847
65 51 -6.88528
66 51 -7.15998
67 51 -7.42384
68 51 -7.71256
69 51 -8.04748
70 51 -8.4128
71 51 -8.78758
72 51 -9.19106
73 51 -9.57988
74 51 -9.96218
75 51 -10.3806
76 51 -10.7557
77 51 -11.1424
78 51 -11.5215
79 51 -11.9131
80 51 -12.31
81 51 -12.6899
82 51 -13.0388
83 51 -13.3061
84 51 -13.5422
85 51 -13.8297
86 51 -14.1309
87 51 -14.4665
88 51 -14.8243
89 51 -15.2195
90 51 -15.6813
91 51 -16.2239
92 51 -16.8915
93 51 -17.7148
94 51 -18.7297
95 51 -19.9945
96 51 -21.6303
97 51 -23.9319
98 51 -25.7804
99 51 -25.7804
100 51 -25.7804
101 51 -25.7804
102 51 -25.7804
103 51 -25.7804
104 51 -25.7804
105 51 -25.7804
106 51 -25.7804
107 51 -25.7804
108 51 -25.7804
109 51 -25.7804
110 51 -25.7804
111 51 -25.7804
112 51 -25.7804
113 51 -25.7804
114 51 -25.7804
115 51 -25.7804
116 51 -25.7804
117 51 -25.7804
118 51 -25.7804
119 51 -25.7804
0 52 -25.7804
1 52 -25.7804
2 52 -25.7804
3 52 -25.7804
4 52 -25.7804
5 52 -25.7804
6 52 -25.7804
7 52 -25.7804
8 52 -25.7804
9 52 -25.7804
10 52 -25.7804
11 52 -25.7804
12 52 -25.7804
13 52 -25.7804
14 52 -25.7804
15 52 -25.7804
16 52 -25.7804
17 52 -25.7804
18 52 -25.7804
19 52 -25.7804
20 52 -25.7804
21 52 -25.7804
22 52 -19.9127
23 52 -21.1789
24 52 -19.3903
25 52 -18.0455
26 52 -16.7102
27 52 -15.5144
28 52 -14.5461
29 52 -13.7683
30 52 -12.9998
31 52 -12.3368
32 52 -11.7454
33 52 -11.2567
34 52 -10.838
35 52 -10.5237
36 52 -10.2802
37 52 -10.1193
38 52 -10.0241
39 52 -9.99049
40 52 -9.93806
41 52 -9.83616
42 52 -9.69653
43 52 -9.50735
44 52 -9.25529
45 52 -8.99139
46 52 -8.72854
47 52 -8.47023
48 52 -8.17651
49 52 -7.82297
50 52 -7.43859
51 52 -6.92149
52 52 -6.37686
53 52 -5.90428
54 52 -5.57637
55 52 -5.35968
56 52 -5.29747
57 52 -5.33586
58 52 -5.45907
59 52 -5.60812
60 52 -5.73937
61 52 -5.88532
62 52 -6.03295
63 52 -6.20462
64 52 -6.39392
65 52 -6.58668
66 52 -6.85436
67 52 -7.10494
68 52 -7.37379
69 52 -7.71305
70 52 -8.08958
71 52 -8.47603
72 52 -8.88155
73 52 -9.29172
74 52 -9.66159
75 52 -10.0822
76 52 -10.4688
77 52 -10.8693
78 52 -11.252
79 52 -11.6212
80 52 -12.0187
81 52 -12.3854
82 52 -12.7444
83 52 -13.0252
84 52 -13.2977
85 52 -13.6122
86 52 -13.9385
87 52 -14.318
88 52 -14.7369
89 52 -15.1845
90 52 -15.6787
91 52 -16.2349
92 52 -16.9367
93 52 -17.816
94 52 -18.8974
95 52 -20.3061
96 52 -22.1377
97 52 -24.698
98 52 -25.7804
99 52 -25.7804
100 52 -25.7804
101 52 -25.7804
102 52 -25.7804
103 52 -25.7804
104 52 -25.7804
105 52 -25.7804
106 52 -25.7804
107 52 -25.7804
108 52 -25.7804
109 52 -25.7804
110 52 -25.7804
111 52 -25.7804
112 52 -25.7804
113 52 -25.7804
114 52 -25.7804
115 52 -25.7804
116 52 -25.7804
117 52 -25.7804
118 52 -25.7804
119 52 -25.7804
0 53 -25.7804
1 53 -25.7804
2 53 -25.7804
3 53 -25.7804
4 53 -25.7804
5 53 -25.7804
6 53 -25.7804
7 53 -25.7804
8 53 -25.7804
9 53 -25.7804
10 53 -25.7804
11 53 -25.7804
12 53 -25.7804
13 53 -25.7804
14 53 -25.7804
15 53 -25.7804
16 53 -25.7804
17 53 -25.7804
18 53 -25.7804
19 53 -25.7804
20 53 -25.7804
21 53 -25.7804
22 53 -25.7804
23 53 -22.032
24 53 -19.3556
25 53 -17.8821
26 53 -16.5462
27 53 -15.366
28 53 -14.4005
29 53 -13.5215
30 53 -12.7285
31 53 -12.1154
32 53 -11.561
33 53 -11.0876
34 53 -10.6939
35 53 -10.3638
36 53 -10.1287
37 53 -9.98008
38 53 -9.89338
39 53 -9.79683
40 53 -9.66992
41 53 -9.4909
42 53 -9.29777
43 53 -9.06704
44 53 -8.8124
45 53 -8.54771
46 53 -8.24084
47 53 -7.94329
48 53 -7.61571
49 53 -7.24328
50 53 -6.83686
51 53 -6.38522
52 53 -5.93322
53 53 -5.63016
54 53 -5.39665
55 53 -5.25949
56 53 -5.21524
57 53 -5.23542
58 53 -5.29817
59 53 -5.37972
60 53 -5.49131
61 53 -5.6095
62 53 -5.75191
63 53 -5.92545
64 53 -6.11071
65 53 -6.27971
66 53 -6.54804
67 53 -6.79148
68 53 -7.05996
69 53 -7.37959
70 53 -7.75207
71 53 -8.15594
72 53 -8.55429
73 53 -8.96934
74 53 -9.36245
75 53 -9.76586
76 53 -10.1787
77 53 -10.5795
78 53 -10.9695
79 53 -11.3396
80 53 -11.7409
81 53 -12.1046
82 53 -12.4476
83 53 -12.7459
84 53 -13.0424
85 53 -13.3555
86 53 -13.7069
87 53 -14.1178
88 53 -14.5602
89 53 -15.0533
90 53 -15.6122
91 53 -16.2367
92 53 -16.9812
93 53 -17.955
94 53 -19.1639
95 53 -20.6924
96 53 -22.6841
97 53 -25.422
98 53 -25.7804
99 53 -25.7804
100 53 -25.7804
101 53 -25.7804
102 53 -25.7804
103 53 -25.7804
104 53 -25.7804
105 53 -25.7804
106 53 -25.7804
107 53 -25.7804
108 53 -25.7804
109 53 -25.7804
110 53 -25.7804
111 53 -25.7804
112 53 -25.7804
113 53 -25.7804
114 53 -25.7804
115 53 -25.7804
116 53 -25.7804
117 53 -25.7804
118 53 -25.7804
119 53 -25.7804
0 54 -25.7804
1 54 -25.7804
2 54 -25.7804
3 54 -25.7804
4 54 -25.7804
5 54 -25.7804
6 54 -25.7804
7 54 -25.7804
8 54 -25.7804
9 54 -25.7804
10 54 -25.7804
11 54 -25.7804
12 54 -25.7804
13 54 -25.7804
14 54 -25.7804
15 54 -25.7804
16 54 -25.7804
17 54 -25.7804
18 54 -25.7804
19 54 -25.7804
20 54 -25.7804
21 54 -25.7804
22 54 -25.7804
23 54 -22.2964
24 54 -19.313
25 54 -17.8254
26 54 -16.4115
27 54 -15.2355
28 54 -14.1827
29 54 -13.3005
30 54 -12.5566
31 54 -11.9285
32 54 -11.3887
33 54 -10.9224
34 54 -10.5371
35 54 -10.2205
36 54 -9.97606
37 54 -9.80655
38 54 -9.68903
39 54 -9.54423
40 54 -9.37472
41 54 -9.16637
42 54 -8.93401
43 54 -8.68661
44 54 -8.38437
45 54 -8.08431
46 54 -7.78815
47 54 -7.47348
48 54 -7.13867
49 54 -6.76963
50 54 -6.37852
51 54 -6.01321
52 54 -5.72178
53 54 -5.47506
54 54 -5.2872
55 54 -5.17204
56 54 -5.12734
57 54 -5.13003
58 54 -5.14879
59 54 -5.18217
60 54 -5.25546
61 54 -5.36689
62 54 -5.49597
63 54 -5.64194
64 54 -5.80148
65 54 -5.98853
66 54 -6.23064
67 54 -6.46434
68 54 -6.73124
69 54 -7.05063
70 54 -7.41293
71 54 -7.83127
72 54 -8.24571
73 54 -8.63639
74 54 -9.05683
75 54 -9.45964
76 54 -9.86223
77 54 -10.2679
78 54 -10.651
79 54 -11.0674
80 54 -11.4402
81 54 -11.8099
82 54 -12.1445
83 54 -12.4745
84 54 -12.7813
85 54 -13.1314
86 54 -13.4868
87 54 -13.8927
88 54 -14.3749
89 54 -14.9144
90 54 -15.5134
91 54 -16.2063
92 54 -17.0015
93 54 -18.0319
94 54 -19.2837
95 54 -20.9111
96 54 -22.9833
97 54 -25.7804
98 54 -25.7804
99 54 -25.7804
100 54 -25.7804
101 54 -25.7804
102 54 -25.7804
103 54 -25.7804
104 54 -25.7804
105 54 -25.7804
106 54 -25.7804
107 54 -25.7804
108 54 -25.7804
109 54 -25.7804
110 54 -25.7804
111 54 -25.7804
112 54 -25.7804
113 54 -25.7804
114 54 -25.7804
115 54 -25.7804
116 54 -25.7804
117 54 -25.7804
118 54 -25.7804
119 54 -25.7804
0 55 -25.7804
1 55 -25.7804
2 55 -25.7804
3 55 -25.7804
4 55 -25.7804
5 55 -25.7804
6 55 -25.7804
7 55 -25.7804
8 55 -25.7804
9 55 -25.7804
10 55 -25.7804
11 55 -25.7804
12 55 -25.7804
13 55 -25.7804
14 55 -25.7804
15 55 -25.7804
16 55 -25.7804
17 55 -25.7804
18 55 -25.7804
19 55 -25.7804
20 55 -25.7804
21 55 -25.7804
22 55 -25.7804
23 55 -21.9949
24 55 -19.4072
25 55 -17.7771
26 55 -16.3408
27 55 -15.099
28 55 -14.0387
29 55 -13.1746
30 55 -12.4135
31 55 -11.7973
32 55 -11.2526
33 55 -10.8099
34 55 -10.4128
35 55 -10.0913
36 55 -9.84081
37 55 -9.64647
38 55 -9.48731
39 55 -9.298
40 55 -9.09114
41 55 -8.8589
42 55 -8.61282
43 55 -8.3524
44 55 -8.03483
45 55 -7.72571
46 55 -7.42157
47 55 -7.12718
48 55 -6.80721
49 55 -6.48025
50 55 -6.12233
51 55 -5.83943
52 55 -5.58311
53 55 -5.38439
54 55 -5.22828
55 55 -5.10499
56 55 -5.01054
57 55 -4.99295
58 55 -4.98018
59 55 -4.98575
60 55 -5.03452
61 55 -5.12097
62 55 -5.24204
63 55 -5.36223
64 55 -5.50711
65 55 -5.69212
66 55 -5.91412
67 55 -6.14657
68 55 -6.41008
69 55 -6.71032
70 55 -7.08094
71 55 -7.47515
72 55 -7.88597
73 55 -8.29899
74 55 -8.70244
75 55 -9.12993
76 55 -9.54793
77 55 -9.94202
78 55 -10.3558
79 55 -10.7408
80 55 -11.1216
81 55 -11.4909
82 55 -11.8477
83 55 -12.1946
84 55 -12.5217
85 55 -12.8719
86 55 -13.2715
87 55 -13.6999
88 55 -14.183
89 55 -14.7411
90 55 -15.4015
91 55 -16.1403
92 55 -16.9908
93 55 -18.0819
94 55 -19.3844
95 55 -21.066
96 55 -23.1192
97 55 -25.7804
98 55 -25.7804
99 55 -25.7804
100 55 -25.7804
101 55 -25.7804
102 55 -25.7804
103 55 -25.7804
104 55 -25.7804
105 55 -25.7804
106 55 -25.7804
107 55 -25.7804
108 55 -25.7804
109 55 -25.7804
110 55 -25.7804
111 55 -25.7804
112 55 -25.7804
113 55 -25.7804
114 55 -25.7804
115 55 -25.7804
116 55 -25.7804
117 55 -25.7804
118 55 -25.7804
119 55 -25.7804
0 56 -25.7804
1 56 -25.7804
2 56 -25.7804
3 56 -25.7804
4 56 -25.7804
5 56 -25.7804
6 56 -25.7804
7 56 -25.7804
8 56 -25.7804
9 56 -25.7804
10 56 -25.7804
11 56 -25.7804
12 56 -25.7804
13 56 -25.7804
14 56 -25.7804
15 56 -25.7804
16 56 -25.7804
17 56 -25.7804
18 56 -25.7804
19 56 -25.7804
20 56 -25.7804
21 56 -25.7804
22 56 -25.7804
23 56 -21.8645
24 56 -19.282
25 56 -17.6816
26 56 -16.2472
27 56 -14.9887
28 56 -13.9657
29 56 -13.0969
30 56 -12.3398
31 56 -11.7235
32 56 -11.1817
33 56 -10.7107
34 56 -10.3265
35 56 -10.0062
36 56 -9.73276
37 56 -9.51873
38 56 -9.30472
39 56 -9.08162
40 56 -8.84381
41 56 -8.60564
42 56 -8.33769
43 56 -8.04724
44 56 -7.73073
45 56 -7.41912
46 56 -7.13778
47 56 -6.8294
48 56 -6.55489
49 56 -6.24369
50 56 -5.96085
51 56 -5.69692
52 56 -5.47158
53 56 -5.27653
54 56 -5.11257
55 56 -4.97501
56 56 -4.87322
57 56 -4.84036
58 56 -4.80393
59 56 -4.78678
60 56 -4.81505
61 56 -4.88457
62 56 -4.98125
63 56 -5.08164
64 56 -5.22337
65 56 -5.38374
66 56 -5.5867
67 56 -5.82176
68 56 -6.09808
69 56 -6.37849
70 56 -6.73269
71 56 -7.11805
72 56 -7.52183
73 56 -7.94604
74 56 -8.35427
75 56 -8.7859
76 56 -9.2192
77 56 -9.60753
78 56 -10.0034
79 56 -10.3914
80 56 -10.7755
81 56 -11.1474
82 56 -11.5183
83 56 -11.8759
84 56 -12.2346
85 56 -12.6068
86 56 -13.0197
87 56 -13.4694
88 56 -13.9838
89 56 -14.552
90 56 -15.2318
91 56 -16.0065
92 56 -16.9354
93 56 -18.0553
94 56 -19.4031
95 56 -21.0761
96 56 -23.143
97 56 -25.7804
98 56 -25.7804
99 56 -25.7804
100 56 -25.7804
101 56 -25.7804
102 56 -25.7804
103 56 -25.7804
104 56 -25.7804
105 56 -25.7804
106 56 -25.7804
107 56 -25.7804
108 56 -25.7804
109 56 -25.7804
110 56 -25.7804
111 56 -25.7804
112 56 -25.7804
113 56 -25.7804
114 56 -25.7804
115 56 -25.7804
116 56 -25.7804
117 56 -25.7804
118 56 -25.7804
119 56 -25.7804
0 57 -25.7804
1 57 -25.7804
2 57 -25.7804
3 57 -25.7804
4 57 -25.7804
5 57 -25.7804
6 57 -25.7804
7 57 -25.7804
8 57 -25.7804
9 57 -25.7804
10 57 -25.7804
11 57 -25.7804
12 57 -25.7804
13 57 -25.7804
14 57 -25.7804
15 57 -25.7804
16 57 -25.7804
17 57 -25.7804
18 57 -25.7804
19 57 -25.7804
20 57 -25.7804
21 57 -25.7804
22 57 -25.7804
23 57 -21.8749
24 57 -19.0254
25 57 -17.5279
26 57 -16.1319
27 57 -14.9155
28 57 -13.9061
29 57 -13.0491
30 57 -12.3058
31 57 -11.6848
32 57 -11.1528
33 57 -10.684
34 57 -10.28
35 57 -9.94877
36 57 -9.64041
37 57 -9.38991
38 57 -9.15011
39 57 -8.90156
40 57 -8.6382
41 57 -8.36425
42 57 -8.08591
43 57 -7.78724
44 57 -7.45935
45 57 -7.15106
46 57 -6.86195
47 57 -6.5973
48 57 -6.32645
49 57 -6.05611
50 57 -5.78524
51 57 -5.54881
52 57 -5.31446
53 57 -5.13458
54 57 -4.96815
55 57 -4.82833
56 57 -4.71718
57 57 -4.66889
58 57 -4.62894
59 57 -4.58639
60 57 -4.60446
61 57 -4.6603
62 57 -4.74029
63 57 -4.82883
64 57 -4.93911
65 57 -5.091
66 57 -5.28487
67 57 -5.51431
68 57 -5.75524
69 57 -6.0428
70 57 -6.38021
71 57 -6.7764
72 57 -7.15992
73 57 -7.57677
74 57 -7.99416
75 57 -8.42615
76 57 -8.86234
77 57 -9.26847
78 57 -9.65199
79 57 -10.0253
80 57 -10.4081
81 57 -10.7929
82 57 -11.1581
83 57 -11.5183
84 57 -11.8824
85 57 -12.2871
86 57 -12.7187
87 57 -13.1778
88 57 -13.7401
89 57 -14.3324
90 57 -15.0117
91 57 -15.8214
92 57 -16.7848
93 57 -17.9171
94 57 -19.267
95 57 -20.8934
96 57 -22.8154
97 57 -25.0728
98 57 -25.7804
99 57 -25.7804
100 57 -25.7804
101 57 -25.7804
102 57 -25.7804
103 57 -25.7804
104 57 -25.7804
105 57 -25.7804
106 57 -25.7804
107 57 -25.7804
108 57 -25.7804
109 57 -25.7804
110 57 -25.7804
111 57 -25.7804
112 57 -25.7804
113 57 -25.7804
114 57 -25.7804
115 57 -25.7804
116 57 -25.7804
117 57 -25.7804
118 57 -25.7804
119 57 -25.7804
0 58 -25.7804
1 58 -25.7804
2 58 -25.7804
3 58 -25.7804
4 58 -25.7804
5 58 -25.7804
6 58 -25.7804
7 58 -25.7804
8 58 -25.7804
9 58 -25.7804
10 58 -25.7804
11 58 -25.7804
12 58 -25.7804
13 58 -25.7804
14 58 -25.7804
15 58 -25.7804
16 58 -25.7804
17 58 -25.7804
18 58 -25.7804
19 58 -25.7804
20 58 -25.7804
21 58 -25.7804
22 58 -25.7804
23 58 -21.8146
24 58 -18.8044
25 58 -17.3756
26 58 -16.0461
27 58 -14.8491
28 58 -13.8722
29 58 -13.0251
30 58 -12.2959
31 58 -11.6851
32 58 -11.1502
33 58 -10.6744
34 58 -10.2521
35 58 -9.8841
36 58 -9.56797
37 58 -9.27712
38 58 -9.00404
39 58 -8.73214
40 58 -8.46282
41 58 -8.16984
42 58 -7.85544
43 58 -7.54427
44 58 -7.22336
45 58 -6.91674
46 58 -6.63353
47 58 -6.3731
48 58 -6.10463
49 58 -5.87095
50 58 -5.61103
51 58 -5.38331
52 58 -5.15481
53 58 -4.97797
54 58 -4.81003
55 58 -4.66854
56 58 -4.5524
57 58 -4.47833
58 58 -4.42998
59 58 -4.39104
60 58 -4.38829
61 58 -4.43284
62 58 -4.46049
63 58 -4.54609
64 58 -4.64962
65 58 -4.79729
66 58 -4.98758
67 58 -5.18094
68 58 -5.42674
69 58 -5.69248
70 58 -6.03342
71 58 -6.39838
72 58 -6.79013
73 58 -7.20255
74 58 -7.62536
75 58 -8.07013
76 58 -8.50642
77 58 -8.93614
78 58 -9.32394
79 58 -9.68825
80 58 -10.0747
81 58 -10.4348
82 58 -10.7777
83 58 -11.1591
84 58 -11.5258
85 58 -11.9339
86 58 -12.3762
87 58 -12.8892
88 58 -13.4534
89 58 -14.0581
90 58 -14.766
91 58 -15.5786
92 58 -16.5378
93 58 -17.6869
94 58 -19.0318
95 58 -20.579
96 58 -22.3955
97 58 -24.2953
98 58 -25.7804
99 58 -25.7804
100 58 -25.7804
101 58 -25.7804
102 58 -25.7804
103 58 -25.7804
104 58 -25.7804
105 58 -25.7804
106 58 -25.7804
107 58 -25.7804
108 58 -25.7804
109 58 -25.7804
110 58 -25.7804
111 58 -25.7804
112 58 -25.7804
113 58 -25.7804
114 58 -25.7804
115 58 -25.7804
116 58 -25.7804
117 58 -25.7804
118 58 -25.7804
119 58 -25.7804
0 59 -25.7804
1 59 -25.7804
2 59 -25.7804
3 59 -25.7804
4 59 -25.7804
5 59 -25.7804
6 59 -25.7804
7 59 -25.7804
8 59 -25.7804
9 59 -25.7804
10 59 -25.7804
11 59 -25.7804
12 59 -25.7804
13 59 -25.7804
14 59 -25.7804
15 59 -25.7804
16 59 -25.7804
17 59 -25.7804
18 59 -25.7804
19 59 -25.7804
20 59 -25.7804
21 59 -25.7804
22 59 -25.7804
23 59 -21.7158
24 59 -18.5894
25 59 -17.2346
26 59 -15.9707
27 59 -14.8116
28 59 -13.861
29 59 -13.0434
30 59 -12.3226
31 59 -11.7064
32 59 -11.1677
33 59 -10.6638
34 59 -10.2305
35 59 -9.83654
36 59 -9.49404
37 59 -9.16366
38 59 -8.87704
39 59 -8.57566
40 59 -8.292
41 59 -7.98244
42 59 -7.6599
43 59 -7.33981
44 59 -7.01547
45 59 -6.71134
46 59 -6.43833
47 59 -6.17804
48 59 -5.89956
49 59 -5.66746
50 59 -5.44378
51 59 -5.20513
52 59 -4.98749
53 59 -4.81126
54 59 -4.64073
55 59 -4.4953
56 59 -4.37291
57 59 -4.28254
58 59 -4.21677
59 59 -4.18085
60 59 -4.16481
61 59 -4.17099
62 59 -4.18763
63 59 -4.26067
64 59 -4.35318
65 59 -4.48584
66 59 -4.66594
67 59 -4.87356
68 59 -5.09922
69 59 -5.34925
70 59 -5.67936
71 59 -6.03617
72 59 -6.41817
73 59 -6.8225
74 59 -7.27332
75 59 -7.70536
76 59 -8.17004
77 59 -8.6003
78 59 -9.00402
79 59 -9.36408
80 59 -9.74149
81 59 -10.0916
82 59 -10.4493
83 59 -10.8205
84 59 -11.1939
85 59 -11.5999
86 59 -12.0849
87 59 -12.5913
88 59 -13.1675
89 59 -13.7796
90 59 -14.4981
91 59 -15.2974
92 59 -16.2625
93 59 -17.4158
94 59 -18.7329
95 59 -20.2594
96 59 -22.0861
97 59 -24.2575
98 59 -25.7804
99 59 -25.7804
100 59 -25.7804
101 59 -25.7804
102 59 -25.7804
103 59 -25.7804
104 59 -25.7804
105 59 -25.7804
106 59 -25.7804
107 59 -25.7804
108 59 -25.7804
109 59 -25.7804
110 59 -25.7804
111 59 -25.7804
112 59 -25.7804
113 59 -25.7804
114 59 -25.7804
115 59 -25.7804
116 59 -25.7804
117 59 -25.7804
118 59 -25.7804
119 59 -25.7804
0 60 -25.7804
1 60 -25.7804
2 60 -25.7804
3 60 -25.7804
4 60 -25.7804
5 60 -25.7804
6 60 -25.7804
7 60 -25.7804
8 60 -25.7804
9 60 -25.7804
10 60 -25.7804
11 60 -25.7804
12 60 -25.7804
13 60 -25.7804
14 60 -25.7804
15 60 -25.7804
16 60 -25.7804
17 60 -25.7804
18 60 -25.7804
19 60 -25.7804
20 60 -25.7804
21 60 -25.7804
22 60 -25.7804
23 60 -21.4578
24 60 -18.5119
25 60 -17.1614
26 60 -15.915
27 60 -14.8222
28 60 -13.8773
29 60 -13.0663
30 60 -12.3797
31 60 -11.7543
32 60 -11.1804
33 60 -10.6699
34 60 -10.2179
35 60 -9.80018
36 60 -9.43403
37 60 -9.08148
38 60 -8.76497
39 60 -8.45427
40 60 -8.12743
41 60 -7.82619
42 60 -7.5052
43 60 -7.16281
44 60 -6.82977
45 60 -6.54466
46 60 -6.27265
47 60 -5.98538
48 60 -5.72182
49 60 -5.47781
50 60 -5.24365
51 60 -5.0239
52 60 -4.80725
53 60 -4.63373
54 60 -4.47147
55 60 -4.31211
56 60 -4.18342
57 60 -4.07818
58 60 -3.99751
59 60 -3.9368
60 60 -3.89869
61 60 -3.89467
62 60 -3.92364
63 60 -3.97826
64 60 -4.05318
65 60 -4.17098
66 60 -4.33675
67 60 -4.52295
68 60 -4.74835
69 60 -5.02033
70 60 -5.3186
71 60 -5.67355
72 60 -6.04223
73 60 -6.4518
74 60 -6.86975
75 60 -7.33975
76 60 -7.80946
77 60 -8.26485
78 60 -8.68463
79 60 -9.06402
80 60 -9.43834
81 60 -9.78163
82 60 -10.1505
83 60 -10.5096
84 60 -10.8981
85 60 -11.2952
86 60 -11.7882
87 60 -12.3126
88 60 -12.8752
89 60 -13.496
90 60 -14.1985
91 60 -14.9935
92 60 -15.9451
93 60 -17.0578
94 60 -18.3553
95 60 -19.864
96 60 -21.7167
97 60 -24.0501
98 60 -25.7804
99 60 -25.7804
100 60 -25.7804
101 60 -25.7804
102 60 -25.7804
103 60 -25.7804
104 60 -25.7804
105 60 -25.7804
106 60 -25.7804
107 60 -25.7804
108 60 -25.7804
109 60 -25.7804
110 60 -25.7804
111 60 -25.7804
112 60 -25.7804
113 60 -25.7804
114 60 -25.7804
115 60 -25.7804
116 60 -25.7804
117 60 -25.7804
118 60 -25.7804
119 60 -25.7804
0 61 -25.7804
1 61 -25.7804
2 61 -25.7804
3 61 -25.7804
4 61 -25.7804
5 61 -25.7804
6 61 -25.7804
7 61 -25.7804
8 61 -25.7804
9 61 -25.7804
10 61 -25.7804
11 61 -25.7804
12 61 -25.7804
13 61 -25.7804
14 61 -25.7804
15 61 -25.7804
16 61 -25.7804
17 61 -25.7804
18 61 -25.7804
19 61 -25.7804
20 61 -25.7804
21 61 -25.7804
22 61 -25.7804
23 61 -21.1875
24 61 -18.9317
25 61 -17.1706
26 61 -15.9132
27 61 -14.8102
28 61 -13.8962
29 61 -13.1007
30 61 -12.401
31 61 -11.776
32 61 -11.2014
33 61 -10.68
34 61 -10.2071
35 61 -9.77862
36 61 -9.37945
37 61 -9.01568
38 61 -8.68021
39 61 -8.34019
40 61 -8.00006
41 61 -7.66858
42 61 -7.33508
43 61 -7.003
44 61 -6.66488
45 61 -6.3676
46 61 -6.09386
47 61 -5.79537
48 61 -5.55272
49 61 -5.2928
50 61 -5.07025
51 61 -4.83188
52 61 -4.62561
53 61 -4.44285
54 61 -4.2891
55 61 -4.12121
56 61 -3.99247
57 61 -3.8709
58 61 -3.78813
59 61 -3.70388
60 61 -3.6418
61 61 -3.61619
62 61 -3.64096
63 61 -3.69421
64 61 -3.7653
65 61 -3.88649
66 61 -4.0264
67 61 -4.18465
68 61 -4.40486
69 61 -4.65072
70 61 -4.9595
71 61 -5.29257
72 61 -5.64583
73 61 -6.05362
74 61 -6.49618
75 61 -6.95611
76 61 -7.44499
77 61 -7.94004
78 61 -8.39699
79 61 -8.80203
80 61 -9.17532
81 61 -9.5282
82 61 -9.86227
83 61 -10.2283
84 61 -10.5937
85 61 -11.0468
86 61 -11.5075
87 61 -12.0341
88 61 -12.6122
89 61 -13.2053
90 61 -13.8887
91 61 -14.6661
92 61 -15.5946
93 61 -16.6597
94 61 -17.9202
95 61 -19.4251
96 61 -21.2326
97 61 -23.6338
98 61 -25.7804
99 61 -25.7804
100 61 -25.7804
101 61 -25.7804
102 61 -25.7804
103 61 -25.7804
104 61 -25.7804
105 61 -25.7804
106 61 -25.7804
107 61 -25.7804
108 61 -25.7804
109 61 -25.7804
110 61 -25.7804
111 61 -25.7804
112 61 -25.7804
113 61 -25.7804
114 61 -25.7804
115 61 -25.7804
116 61 -25.7804
117 61 -25.7804
118 61 -25.7804
119 61 -25.7804
0 62 -25.7804
1 62 -25.7804
2 62 -25.7804
3 62 -25.7804
4 62 -25.7804
5 62 -25.7804
6 62 -25.7804
7 62 -25.7804
8 62 -25.7804
9 62 -25.7804
10 62 -25.7804
11 62 -25.7804
12 62 -25.7804
13 62 -25.7804
14 62 -25.7804
15 62 -25.7804
16 62 -25.7804
17 62 -25.7804
18 62 -25.7804
19 62 -25.7804
20 62 -25.7804
21 62 -25.7804
22 62 -25.7804
23 62 -22.8769
24 62 -18.8136
25 62 -17.0668
26 62 -15.885
27 62 -14.8082
28 62 -13.9037
29 62 -13.1185
30 62 -12.425
31 62 -11.7782
32 62 -11.1903
33 62 -10.6623
34 62 -10.1987
35 62 -9.77248
36 62 -9.35929
37 62 -8.97204
38 62 -8.60788
39 62 -8.24674
40 62 -7.90282
41 62 -7.53956
42 62 -7.18592
43 62 -6.82772
44 62 -6.49638
45 62 -6.1948
46 62 -5.92337
47 62 -5.6154
48 62 -5.36771
49 62 -5.11195
50 62 -4.89685
51 62 -4.65587
52 62 -4.44579
53 62 -4.24926
54 62 -4.09137
55 62 -3.9239
56 62 -3.79237
57 62 -3.66539
58 62 -3.56662
59 62 -3.46363
60 62 -3.39463
61 62 -3.3619
62 62 -3.36506
63 62 -3.40942
64 62 -3.47694
65 62 -3.55615
66 62 -3.69099
67 62 -3.85066
68 62 -4.03733
69 62 -4.28365
70 62 -4.57083
71 62 -4.89825
72 62 -5.25233
73 62 -5.64839
74 62 -6.09131
75 62 -6.55961
76 62 -7.03678
77 62 -7.54483
78 62 -8.05941
79 62 -8.51434
80 62 -8.91158
81 62 -9.26136
82 62 -9.60562
83 62 -9.95066
84 62 -10.3608
85 62 -10.7726
86 62 -11.2589
87 62 -11.7701
88 62 -12.3283
89 62 -12.9234
90 62 -13.5702
91 62 -14.3107
92 62 -15.1941
93 62 -16.2132
94 62 -17.4079
95 62 -18.8493
96 62 -20.6317
97 62 -23.1939
98 62 -25.7804
99 62 -25.7804
100 62 -25.7804
101 62 -25.7804
102 62 -25.7804
103 62 -25.7804
104 62 -25.7804
105 62 -25.7804
106 62 -25.7804
107 62 -25.7804
108 62 -25.7804
109 62 -25.7804
110 62 -25.7804
111 62 -25.7804
112 62 -25.7804
113 62 -25.7804
114 62 -25.7804
115 62 -25.7804
116 62 -25.7804
117 62 -25.7804
118 62 -25.7804
119 62 -25.7804
0 63 -25.7804
1 63 -25.7804
2 63 -25.7804
3 63 -25.7804
4 63 -25.7804
5 63 -25.7804
6 63 -25.7804
7 63 -25.7804
8 63 -25.7804
9 63 -25.7804
10 63 -25.7804
11 63 -25.7804
12 63 -25.7804
13 63 -25.7804
14 63 -25.7804
15 63 -25.7804
16 63 -25.7804
17 63 -25.7804
18 63 -25.7804
19 63 -25.7804
20 63 -25.7804
21 63 -25.7804
22 63 -25.7804
23 63 -23.3366
24 63 -18.8238
25 63 -16.9226
26 63 -15.833
27 63 -14.7957
28 63 -13.8968
29 63 -13.1219
30 63 -12.4335
31 63 -11.7876
32 63 -11.1992
33 63 -10.6571
34 63 -10.1884
35 63 -9.75266
36 63 -9.33201
37 63 -8.9423
38 63 -8.55836
39 63 -8.1686
40 63 -7.7821
41 63 -7.41855
42 63 -7.04835
43 63 -6.69102
44 63 -6.34417
45 63 -6.03388
46 63 -5.74948
47 63 -5.44654
48 63 -5.18315
49 63 -4.93605
50 63 -4.70649
51 63 -4.46572
52 63 -4.25496
53 63 -4.0606
54 63 -3.87343
55 63 -3.70792
56 63 -3.57988
57 63 -3.46053
58 63 -3.3553
59 63 -3.25056
60 63 -3.17992
61 63 -3.13014
62 63 -3.11148
63 63 -3.13257
64 63 -3.17625
65 63 -3.24488
66 63 -3.36543
67 63 -3.50577
68 63 -3.67394
69 63 -3.89122
70 63 -4.15677
71 63 -4.47548
72 63 -4.83563
73 63 -5.2337
74 63 -5.67157
75 63 -6.14748
76 63 -6.63107
77 63 -7.14047
78 63 -7.6707
79 63 -8.1773
80 63 -8.63475
81 63 -9.02789
82 63 -9.37002
83 63 -9.74379
84 63 -10.142
85 63 -10.5514
86 63 -11.0126
87 63 -11.5161
88 63 -12.0417
89 63 -12.6099
90 63 -13.2554
91 63 -13.9843
92 63 -14.8146
93 63 -15.7545
94 63 -16.8504
95 63 -18.1672
96 63 -19.9009
97 63 -22.5243
98 63 -25.7804
99 63 -25.7804
100 63 -25.7804
101 63 -25.7804
102 63 -25.7804
103 63 -25.7804
104 63 -25.7804
105 63 -25.7804
106 63 -25.7804
107 63 -25.7804
108 63 -25.7804
109 63 -25.7804
110 63 -25.7804
111 63 -25.7804
112 63 -25.7804
113 63 -25.7804
114 63 -25.7804
115 63 -25.7804
116 63 -25.7804
117 63 -25.7804
118 63 -25.7804
119 63 -25.7804
0 64 -25.7804
1 64 -25.7804
2 64 -25.7804
3 64 -25.7804
4 64 -25.7804
5 64 -25.7804
6 64 -25.7804
7 64 -25.7804
8 64 -25.7804
9 64 -25.7804
10 64 -25.7804
11 64 -25.7804
12 64 -25.7804
13 64 -25.7804
14 64 -25.7804
15 64 -25.7804
16 64 -25.7804
17 64 -25.7804
18 64 -25.7804
19 64 -25.7804
20 64 -25.7804
21 64 -25.7804
22 64 -25.7804
23 64 -25.2085
24 64 -18.2954
25 64 -16.7014
26 64 -15.7787
27 64 -14.7912
28 64 -13.912
29 64 -13.1345
30 64 -12.4502
31 64 -11.8224
32 64 -11.2371
33 64 -10.6959
34 64 -10.2013
35 64 -9.7528
36 64 -9.32049
37 64 -8.90762
38 64 -8.50976
39 64 -8.10538
40 64 -7.6963
41 64 -7.30256
42 64 -6.9029
43 64 -6.51924
44 64 -6.18704
45 64 -5.87036
46 64 -5.5634
47 64 -5.2859
48 64 -5.01296
49 64 -4.75022
50 64 -4.50905
51 64 -4.25374
52 64 -4.06141
53 64 -3.84946
54 64 -3.65802
55 64 -3.49471
56 64 -3.34671
57 64 -3.25565
58 64 -3.14263
59 64 -3.05658
60 64 -2.97556
61 64 -2.90181
62 64 -2.84929
63 64 -2.86007
64 64 -2.88104
65 64 -2.95788
66 64 -3.03587
67 64 -3.16283
68 64 -3.32569
69 64 -3.53416
70 64 -3.77196
71 64 -4.09937
72 64 -4.42999
73 64 -4.83976
74 64 -5.27497
75 64 -5.72968
76 64 -6.22938
77 64 -6.71601
78 64 -7.2699
79 64 -7.81225
80 64 -8.30208
81 64 -8.74617
82 64 -9.15283
83 64 -9.51965
84 64 -9.9087
85 64 -10.3196
86 64 -10.7701
87 64 -11.2457
88 64 -11.7423
89 64 -12.2998
90 64 -12.9471
91 64 -13.65
92 64 -14.4422
93 64 -15.3664
94 64 -16.3626
95 64 -17.6102
96 64 -19.2478
97 64 -21.9836
98 64 -25.7804
99 64 -25.7804
100 64 -25.7804
101 64 -25.7804
102 64 -25.7804
103 64 -25.7804
104 64 -25.7804
105 64 -25.7804
106 64 -25.7804
107 64 -25.7804
108 64 -25.7804
109 64 -25.7804
110 64 -25.7804
111 64 -25.7804
112 64 -25.7804
113 64 -25.7804
114 64 -25.7804
115 64 -25.7804
116 64 -25.7804
117 64 -25.7804
118 64 -25.7804
119 64 -25.7804
0 65 -25.7804
1 65 -25.7804
2 65 -25.7804
3 65 -25.7804
4 65 -25.7804
5 65 -25.7804
6 65 -25.7804
7 65 -25.7804
8 65 -25.7804
9 65 -25.7804
10 65 -25.7804
11 65 -25.7804
12 65 -25.7804
13 65 -25.7804
14 65 -25.7804
15 65 -25.7804
16 65 -25.7804
17 65 -25.7804
18 65 -25.7804
19 65 -25.7804
20 65 -25.7804
21 65 -25.7804
22 65 -25.7804
23 65 -25.7804
24 65 -19.1049
25 65 -16.8788
26 65 -15.8569
27 65 -14.8557
28 65 -13.9827
29 65 -13.1828
30 65 -12.4849
31 65 -11.8677
32 65 -11.2725
33 65 -10.7276
34 65 -10.2371
35 65 -9.78536
36 65 -9.31405
37 65 -8.90277
38 65 -8.48658
39 65 -8.05832
40 65 -7.62239
41 65 -7.1889
42 65 -6.73517
43 65 -6.33515
44 65 -6.00072
45 65 -5.66072
46 65 -5.37023
47 65 -5.08957
48 65 -4.8075
49 65 -4.55087
50 65 -4.29505
51 65 -4.04969
52 65 -3.83604
53 65 -3.62697
54 65 -3.42682
55 65 -3.26867
56 65 -3.11029
57 65 -3.02839
58 65 -2.93051
59 65 -2.8274
60 65 -2.75465
61 65 -2.68879
62 65 -2.63878
63 65 -2.60853
64 65 -2.60833
65 65 -2.64121
66 65 -2.71107
67 65 -2.81643
68 65 -2.9707
69 65 -3.16594
70 65 -3.39919
71 65 -3.70919
72 65 -4.02181
73 65 -4.39758
74 65 -4.85738
75 65 -5.31388
76 65 -5.80353
77 65 -6.30181
78 65 -6.84643
79 65 -7.39728
80 65 -7.95085
81 65 -8.43956
82 65 -8.88227
83 65 -9.26876
84 65 -9.64317
85 65 -10.0519
86 65 -10.4763
87 65 -10.9404
88 65 -11.4334
89 65 -11.9932
90 65 -12.6215
91 65 -13.3165
92 65 -14.1133
93 65 -14.9816
94 65 -15.9199
95 65 -17.1101
96 65 -18.661
97 65 -21.2283
98 65 -25.7804
99 65 -25.7804
100 65 -25.7804
101 65 -25.7804
102 65 -25.7804
103 65 -25.7804
104 65 -25.7804
105 65 -25.7804
106 65 -25.7804
107 65 -25.7804
108 65 -25.7804
109 65 -25.7804
110 65 -25.7804
111 65 -25.7804
112 65 -25.7804
113 65 -25.7804
114 65 -25.7804
115 65 -25.7804
116 65 -25.7804
117 65 -25.7804
118 65 -25.7804
119 65 -25.7804
0 66 -25.7804
1 66 -25.7804
2 66 -25.7804
3 66 -25.7804
4 66 -25.7804
5 66 -25.7804
6 66 -25.7804
7 66 -25.7804
8 66 -25.7804
9 66 -25.7804
10 66 -25.7804
11 66 -25.7804
12 66 -25.7804
13 66 -25.7804
14 66 -25.7804
15 66 -25.7804
16 66 -25.7804
17 66 -25.7804
18 66 -25.7804
19 66 -25.7804
20 66 -25.7804
21 66 -25.7804
22 66 -25.7804
23 66 -25.7804
24 66 -19.891
25 66 -17.1056
26 66 -15.9803
27 66 -14.9771
28 66 -14.066
29 66 -13.25
30 66 -12.5546
31 66 -11.9091
32 66 -11.3077
33 66 -10.7489
34 66 -10.2572
35 66 -9.79731
36 66 -9.33378
37 66 -8.91425
38 66 -8.46421
39 66 -7.98073
40 66 -7.51338
41 66 -7.03091
42 66 -6.54373
43 66 -6.12536
44 66 -5.77809
45 66 -5.46087
46 66 -5.15919
47 66 -4.87522
48 66 -4.59861
49 66 -4.34299
50 66 -4.07783
51 66 -3.83355
52 66 -3.58007
53 66 -3.3829
54 66 -3.19107
55 66 -3.01092
56 66 -2.87935
57 66 -2.76972
58 66 -2.67824
59 66 -2.5918
60 66 -2.5181
61 66 -2.46308
62 66 -2.39618
63 66 -2.36399
64 66 -2.35353
65 66 -2.37522
66 66 -2.42402
67 66 -2.50882
68 66 -2.63059
69 66 -2.82051
70 66 -3.04298
71 66 -3.29187
72 66 -3.61338
73 66 -3.99343
74 66 -4.42646
75 66 -4.90529
76 66 -5.3739
77 66 -5.87126
78 66 -6.38878
79 66 -6.95864
80 66 -7.4971
81 66 -8.06762
82 66 -8.55103
83 66 -8.99044
84 66 -9.36051
85 66 -9.74121
86 66 -10.169
87 66 -10.6264
88 66 -11.1118
89 66 -11.6797
90 66 -12.306
91 66 -13.0141
92 66 -13.7995
93 66 -14.6818
94 66 -15.6513
95 66 -16.8455
96 66 -18.3232
97 66 -20.846
98 66 -25.7804
99 66 -25.7804
100 66 -25.7804
101 66 -25.7804
102 66 -25.7804
103 66 -25.7804
104 66 -25.7804
105 66 -25.7804
106 66 -25.7804
107 66 -25.7804
108 66 -25.7804
109 66 -25.7804
110 66 -25.7804
111 66 -25.7804
112 66 -25.7804
113 66 -25.7804
114 66 -25.7804
115 66 -25.7804
116 66 -25.7804
117 66 -25.7804
118 66 -25.7804
119 66 -25.7804
0 67 -25.7804
1 67 -25.7804
2 67 -25.7804
3 67 -25.7804
4 67 -25.7804
5 67 -25.7804
6 67 -25.7804
7 67 -25.7804
8 67 -25.7804
9 67 -25.7804
10 67 -25.7804
11 67 -25.7804
12 67 -25.7804
13 67 -25.7804
14 67 -25.7804
15 67 -25.7804
16 67 -25.7804
17 67 -25.7804
18 67 -25.7804
19 67 -25.7804
20 67 -25.7804
21 67 -25.7804
22 67 -25.7804
23 67 -25.7804
24 67 -20.703
25 67 -17.3683
26 67 -16.1311
27 67 -15.0919
28 67 -14.1697
29 67 -13.346
30 67 -12.6232
31 67 -11.9732
32 67 -11.3801
33 67 -10.8191
34 67 -10.3006
35 67 -9.82116
36 67 -9.37444
37 67 -8.91076
38 67 -8.42507
39 67 -7.9036
40 67 -7.37144
41 67 -6.82976
42 67 -6.3501
43 67 -5.90858
44 67 -5.55115
45 67 -5.25425
46 67 -4.9331
47 67 -4.64293
48 67 -4.36155
49 67 -4.09807
50 67 -3.83402
51 67 -3.58668
52 67 -3.34093
53 67 -3.12796
54 67 -2.93929
55 67 -2.76848
56 67 -2.61227
57 67 -2.51482
58 67 -2.43202
59 67 -2.34893
60 67 -2.25449
61 67 -2.20436
62 67 -2.14028
63 67 -2.10044
64 67 -2.09167
65 67 -2.0981
66 67 -2.11727
67 67 -2.18477
68 67 -2.31168
69 67 -2.46587
70 67 -2.66344
71 67 -2.93594
72 67 -3.22148
73 67 -3.59154
74 67 -4.01993
75 67 -4.49415
76 67 -4.96283
77 67 -5.41976
78 67 -5.95769
79 67 -6.49322
80 67 -7.04081
81 67 -7.62688
82 67 -8.17443
83 67 -8.64129
84 67 -9.05821
85 67 -9.43735
86 67 -9.85614
87 67 -10.3002
88 67 -10.7965
89 67 -11.3613
90 67 -12.0224
91 67 -12.7497
92 67 -13.5578
93 67 -14.5121
94 67 -15.5773
95 67 -16.8753
96 67 -18.5158
97 67 -25.7804
98 67 -25.7804
99 67 -25.7804
100 67 -25.7804
101 67 -25.7804
102 67 -25.7804
103 67 -25.7804
104 67 -25.7804
105 67 -25.7804
106 67 -25.7804
107 67 -25.7804
108 67 -25.7804
109 67 -25.7804
110 67 -25.7804
111 67 -25.7804
112 67 -25.7804
113 67 -25.7804
114 67 -25.7804
115 67 -25.7804
116 67 -25.7804
117 67 -25.7804
118 67 -25.7804
119 67 -25.7804
0 68 -25.7804
1 68 -25.7804
2 68 -25.7804
3 68 -25.7804
4 68 -25.7804
5 68 -25.7804
6 68 -25.7804
7 68 -25.7804
8 68 -25.7804
9 68 -25.7804
10 68 -25.7804
11 68 -25.7804
12 68 -25.7804
13 68 -25.7804
14 68 -25.7804
15 68 -25.7804
16 68 -25.7804
17 68 -25.7804
18 68 -25.7804
19 68 -25.7804
20 68 -25.7804
21 68 -25.7804
22 68 -25.7804
23 68 -25.7804
24 68 -21.7095
25 68 -17.643
26 68 -16.2555
27 68 -15.2557
28 68 -14.3144
29 68 -13.4747
30 68 -12.7248
31 68 -12.0771
32 68 -11.4522
33 68 -10.8777
34 68 -10.36
35 68 -9.87252
36 68 -9.39077
37 68 -8.89031
38 68 -8.33845
39 68 -7.76276
40 68 -7.19458
41 68 -6.63097
42 68 -6.14637
43 68 -5.71594
44 68 -5.33166
45 68 -5.01002
46 68 -4.7105
47 68 -4.40884
48 68 -4.12455
49 68 -3.84423
50 68 -3.57183
51 68 -3.33013
52 68 -3.08076
53 68 -2.86085
54 68 -2.68006
55 68 -2.50934
56 68 -2.36583
57 68 -2.24858
58 68 -2.15937
59 68 -2.06569
60 68 -2.00331
61 68 -1.93468
62 68 -1.87225
63 68 -1.82662
64 68 -1.8142
65 68 -1.80566
66 68 -1.81772
67 68 -1.87804
68 68 -1.98452
69 68 -2.12637
70 68 -2.31719
71 68 -2.5695
72 68 -2.8579
73 68 -3.20721
74 68 -3.62805
75 68 -4.08262
76 68 -4.53772
77 68 -4.99908
78 68 -5.51333
79 68 -6.0318
80 68 -6.6222
81 68 -7.20038
82 68 -7.74857
83 68 -8.24509
84 68 -8.71889
85 68 -9.13994
86 68 -9.55024
87 68 -9.98011
88 68 -10.4877
89 68 -11.0791
90 68 -11.7585
91 68 -12.5225
92 68 -13.4115
93 68 -14.4376
94 68 -15.6574
95 68 -17.2996
96 68 -19.7449
97 68 -25.7804
98 68 -25.7804
99 68 -25.7804
100 68 -25.7804
101 68 -25.7804
102 68 -25.7804
103 68 -25.7804
104 68 -25.7804
105 68 -25.7804
106 68 -25.7804
107 68 -25.7804
108 68 -25.7804
109 68 -25.7804
110 68 -25.7804
111 68 -25.7804
112 68 -25.7804
113 68 -25.7804
114 68 -25.7804
115 68 -25.7804
116 68 -25.7804
117 68 -25.7804
118 68 -25.7804
119 68 -25.7804
0 69 -25.7804
1 69 -25.7804
2 69 -25.7804
3 69 -25.7804
4 69 -25.7804
5 69 -25.7804
6 69 -25.7804
7 69 -25.7804
8 69 -25.7804
9 69 -25.7804
10 69 -25.7804
11 69 -25.7804
12 69 -25.7804
13 69 -25.7804
14 69 -25.7804
15 69 -25.7804
16 69 -25.7804
17 69 -25.7804
18 69 -25.7804
19 69 -25.7804
20 69 -25.7804
21 69 -25.7804
22 69 -25.7804
23 69 -25.7804
24 69 -22.8165
25 69 -18.0506
26 69 -16.4305
27 69 -15.4287
28 69 -14.4708
29 69 -13.5879
30 69 -12.821
31 69 -12.172
32 69 -11.5303
33 69 -10.9582
34 69 -10.4371
35 69 -9.92076
36 69 -9.36372
37 69 -8.787
38 69 -8.21302
39 69 -7.60834
40 69 -7.01815
41 69 -6.4603
42 69 -5.95931
43 69 -5.52276
44 69 -5.11743
45 69 -4.77978
46 69 -4.47113
47 69 -4.16982
48 69 -3.88664
49 69 -3.59216
50 69 -3.3101
51 69 -3.05399
52 69 -2.80902
53 69 -2.59495
54 69 -2.3966
55 69 -2.249
56 69 -2.10745
57 69 -2.00164
58 69 -1.91303
59 69 -1.82673
60 69 -1.75153
61 69 -1.66721
62 69 -1.60578
63 69 -1.56179
64 69 -1.52607
65 69 -1.51145
66 69 -1.51766
67 69 -1.55488
68 69 -1.64108
69 69 -1.79177
70 69 -1.96705
71 69 -2.18902
72 69 -2.47426
73 69 -2.81809
74 69 -3.23336
75 69 -3.67183
76 69 -4.10089
77 69 -4.55738
78 69 -5.05847
79 69 -5.60667
80 69 -6.21827
81 69 -6.83507
82 69 -7.36318
83 69 -7.87736
84 69 -8.34542
85 69 -8.77092
86 69 -9.19193
87 69 -9.65181
88 69 -10.1722
89 69 -10.7928
90 69 -11.5203
91 69 -12.3285
92 69 -13.2562
93 69 -14.363
94 69 -15.7564
95 69 -17.6941
96 69 -20.9324
97 69 -25.7804
98 69 -25.7804
99 69 -25.7804
100 69 -25.7804
101 69 -25.7804
102 69 -25.7804
103 69 -25.7804
104 69 -25.7804
105 69 -25.7804
106 69 -25.7804
107 69 -25.7804
108 69 -25.7804
109 69 -25.7804
110 69 -25.7804
111 69 -25.7804
112 69 -25.7804
113 69 -25.7804
114 69 -25.7804
115 69 -25.7804
116 69 -25.7804
117 69 -25.7804
118 69 -25.7804
119 69 -25.7804
0 70 -25.7804
1 70 -25.7804
2 70 -25.7804
3 70 -25.7804
4 70 -25.7804
5 70 -25.7804
6 70 -25.7804
7 70 -25.7804
8 70 -25.7804
9 70 -25.7804
10 70 -25.7804
11 70 -25.7804
12 70 -25.7804
13 70 -25.7804
14 70 -25.7804
15 70 -25.7804
16 70 -25.7804
17 70 -25.7804
18 70 -25.7804
19 70 -25.7804
20 70 -25.7804
21 70 -25.7804
22 70 -25.7804
23 70 -25.7804
24 70 -25.7804
25 70 -18.6347
26 70 -16.7059
27 70 -15.6347
28 70 -14.641
29 70 -13.7649
30 70 -12.9355
31 70 -12.2775
32 70 -11.6267
33 70 -11.0311
34 70 -10.469
35 70 -9.88863
36 70 -9.2721
37 70 -8.66189
38 70 -8.06376
39 70 -7.44448
40 70 -6.84335
41 70 -6.30677
42 70 -5.80664
43 70 -5.35134
44 70 -4.93571
45 70 -4.55588
46 70 -4.24068
47 70 -3.92037
48 70 -3.62487
49 70 -3.32348
50 70 -3.03631
51 70 -2.77653
52 70 -2.53736
53 70 -2.31877
54 70 -2.13009
55 70 -1.97706
56 70 -1.85822
57 70 -1.76236
58 70 -1.70303
59 70 -1.59468
60 70 -1.51804
61 70 -1.44034
62 70 -1.36443
63 70 -1.32847
64 70 -1.28969
65 70 -1.25705
66 70 -1.23152
67 70 -1.24733
68 70 -1.30601
69 70 -1.42704
70 70 -1.60586
71 70 -1.83806
72 70 -2.10943
73 70 -2.43502
74 70 -2.84123
75 70 -3.27653
76 70 -3.72322
77 70 -4.14852
78 70 -4.64869
79 70 -5.2135
80 70 -5.83701
81 70 -6.49338
82 70 -7.05164
83 70 -7.54898
84 70 -8.00821
85 70 -8.46612
86 70 -8.89194
87 70 -9.35287
88 70 -9.8929
89 70 -10.5456
90 70 -11.2886
91 70 -12.1556
92 70 -13.1456
93 70 -14.3218
94 70 -15.7984
95 70 -17.9304
96 70 -21.3324
97 70 -25.7804
98 70 -25.7804
99 70 -25.7804
100 70 -25.7804
101 70 -25.7804
102 70 -25.7804
103 70 -25.7804
104 70 -25.7804
105 70 -25.7804
106 70 -25.7804
107 70 -25.7804
108 70 -25.7804
109 70 -25.7804
110 70 -25.7804
111 70 -25.7804
112 70 -25.7804
113 70 -25.7804
114 70 -25.7804
115 70 -25.7804
116 70 -25.7804
117 70 -25.7804
118 70 -25.7804
119 70 -25.7804
0 71 -25.7804
1 71 -25.7804
2 71 -25.7804
3 71 -25.7804
4 71 -25.7804
5 71 -25.7804
6 71 -25.7804
7 71 -25.7804
8 71 -25.7804
9 71 -25.7804
10 71 -25.7804
11 71 -25.7804
12 71 -25.7804
13 71 -25.7804
14 71 -25.7804
15 71 -25.7804
16 71 -25.7804
17 71 -25.7804
18 71 -25.7804
19 71 -25.7804
20 71 -25.7804
21 71 -25.7804
22 71 -25.7804
23 71 -25.7804
24 71 -25.7804
25 71 -19.3781
26 71 -17.0227
27 71 -15.8625
28 71 -14.8612
29 71 -13.9402
30 71 -13.0926
31 71 -12.3868
32 71 -11.7287
33 71 -11.1079
34 71 -10.466
35 71 -9.83138
36 71 -9.18183
37 71 -8.57178
38 71 -7.93793
39 71 -7.30355
40 71 -6.69197
41 71 -6.15778
42 71 -5.64634
43 71 -5.18805
44 71 -4.75244
45 71 -4.35525
46 71 -3.99757
47 71 -3.67873
48 71 -3.35792
49 71 -3.03294
50 71 -2.76794
51 71 -2.48761
52 71 -2.2688
53 71 -2.06431
54 71 -1.89355
55 71 -1.748
56 71 -1.62143
57 71 -1.54057
58 71 -1.49133
59 71 -1.43901
60 71 -1.337
61 71 -1.25205
62 71 -1.16436
63 71 -1.11657
64 71 -1.05332
65 71 -1.01932
66 71 -0.990137
67 71 -0.979533
68 71 -1.0221
69 71 -1.11974
70 71 -1.2783
71 71 -1.51543
72 71 -1.76688
73 71 -2.07252
74 71 -2.45999
75 71 -2.8814
76 71 -3.3008
77 71 -3.74718
78 71 -4.30141
79 71 -4.86136
80 71 -5.49671
81 71 -6.18374
82 71 -6.75062
83 71 -7.27367
84 71 -7.73889
85 71 -8.17995
86 71 -8.62169
87 71 -9.09746
88 71 -9.64393
89 71 -10.3159
90 71 -11.0816
91 71 -11.9769
92 71 -13.0395
93 71 -14.2386
94 71 -15.8042
95 71 -17.8757
96 71 -21.0913
97 71 -25.7804
98 71 -25.7804
99 71 -25.7804
100 71 -25.7804
101 71 -25.7804
102 71 -25.7804
103 71 -25.7804
104 71 -25.7804
105 71 -25.7804
106 71 -25.7804
107 71 -25.7804
108 71 -25.7804
109 71 -25.7804
110 71 -25.7804
111 71 -25.7804
112 71 -25.7804
113 71 -25.7804
114 71 -25.7804
115 71 -25.7804
116 71 -25.7804
117 71 -25.7804
118 71 -25.7804
119 71 -25.7804
0 72 -25.7804
1 72 -25.7804
2 72 -25.7804
3 72 -25.7804
4 72 -25.7804
5 72 -25.7804
6 72 -25.7804
7 72 -25.7804
8 72 -25.7804
9 72 -25.7804
10 72 -25.7804
11 72 -25.7804
12 72 -25.7804
13 72 -25.7804
14 72 -25.7804
15 72 -25.7804
16 72 -25.7804
17 72 -25.7804
18 72 -25.7804
19 72 -25.7804
20 72 -25.7804
21 72 -25.7804
22 72 -25.7804
23 72 -25.7804
24 72 -25.7804
25 72 -19.9356
26 72 -17.3879
27 72 -16.1219
28 72 -15.1104
29 72 -14.1494
30 72 -13.2354
31 72 -12.5069
32 72 -11.8165
33 72 -11.1374
34 72 -10.4521
35 72 -9.77918
36 72 -9.10576
37 72 -8.48217
38 72 -7.83505
39 72 -7.19182
40 72 -6.57836
41 72 -6.0205
42 72 -5.49783
43 72 -5.02605
44 72 -4.58685
45 72 -4.16724
46 72 -3.78185
47 72 -3.43041
48 72 -3.10182
49 72 -2.78305
50 72 -2.51167
51 72 -2.24367
52 72 -2.01507
53 72 -1.82765
54 72 -1.6588
55 72 -1.52722
56 72 -1.41807
57 72 -1.35126
58 72 -1.30652
59 72 -1.25726
60 72 -1.18443
61 72 -1.10344
62 72 -1.00848
63 72 -0.93283
64 72 -0.880777
65 72 -0.815756
66 72 -0.761127
67 72 -0.742015
68 72 -0.765222
69 72 -0.84674
70 72 -0.983227
71 72 -1.18987
72 72 -1.42087
73 72 -1.75139
74 72 -2.09256
75 72 -2.48822
76 72 -2.89577
77 72 -3.39618
78 72 -3.94665
79 72 -4.52684
80 72 -5.1946
81 72 -5.89687
82 72 -6.50048
83 72 -7.05716
84 72 -7.53305
85 72 -7.97391
86 72 -8.41189
87 72 -8.90526
88 72 -9.47587
89 72 -10.1355
90 72 -10.9211
91 72 -11.8201
92 72 -12.9259
93 72 -14.2178
94 72 -15.8684
95 72 -18.0006
96 72 -24.6567
97 72 -25.7804
98 72 -25.7804
99 72 -25.7804
100 72 -25.7804
101 72 -25.7804
102 72 -25.7804
103 72 -25.7804
104 72 -25.7804
105 72 -25.7804
106 72 -25.7804
107 72 -25.7804
108 72 -25.7804
109 72 -25.7804
110 72 -25.7804
111 72 -25.7804
112 72 -25.7804
113 72 -25.7804
114 72 -25.7804
115 72 -25.7804
116 72 -25.7804
117 72 -25.7804
118 72 -25.7804
119 72 -25.7804
0 73 -25.7804
1 73 -25.7804
2 73 -25.7804
3 73 -25.7804
4 73 -25.7804
5 73 -25.7804
6 73 -25.7804
7 73 -25.7804
8 73 -25.7804
9 73 -25.7804
10 73 -25.7804
11 73 -25.7804
12 73 -25.7804
13 73 -25.7804
14 73 -25.7804
15 73 -25.7804
16 73 -25.7804
17 73 -25.7804
18 73 -25.7804
19 73 -25.7804
20 73 -25.7804
21 73 -25.7804
22 73 -25.7804
23 73 -25.7804
24 73 -25.7804
25 73 -20.3255
26 73 -17.8224
27 73 -16.3935
28 73 -15.368
29 73 -14.3633
30 73 -13.4078
31 73 -12.6368
32 73 -11.8939
33 73 -11.1646
34 73 -10.462
35 73 -9.75102
36 73 -9.08302
37 73 -8.42504
38 73 -7.74101
39 73 -7.09815
40 73 -6.47475
41 73 -5.91008
42 73 -5.38301
43 73 -4.88995
44 73 -4.44206
45 73 -3.9948
46 73 -3.60925
47 73 -3.24989
48 73 -2.88105
49 73 -2.557
50 73 -2.27096
51 73 -2.00936
52 73 -1.80289
53 73 -1.61672
54 73 -1.46124
55 73 -1.32844
56 73 -1.21561
57 73 -1.16577
58 73 -1.14243
59 73 -1.10962
60 73 -1.04408
61 73 -0.968213
62 73 -0.884175
63 73 -0.786485
64 73 -0.720389
65 73 -0.656176
66 73 -0.577677
67 73 -0.531382
68 73 -0.538537
69 73 -0.609541
70 73 -0.716953
71 73 -0.891244
72 73 -1.11296
73 73 -1.40642
74 73 -1.73829
75 73 -2.11511
76 73 -2.5464
77 73 -3.04939
78 73 -3.59995
79 73 -4.232
80 73 -4.91757
81 73 -5.65503
82 73 -6.30355
83 73 -6.87064
84 73 -7.3586
85 73 -7.79003
86 73 -8.24572
87 73 -8.75436
88 73 -9.32988
89 73 -10.0098
90 73 -10.8171
91 73 -11.7694
92 73 -12.8601
93 73 -14.3061
94 73 -16.1825
95 73 -18.9047
96 73 -25.7804
97 73 -25.7804
98 73 -25.7804
99 73 -25.7804
100 73 -25.7804
101 73 -25.7804
102 73 -25.7804
103 73 -25.7804
104 73 -25.7804
105 73 -25.7804
106 73 -25.7804
107 73 -25.7804
108 73 -25.7804
109 73 -25.7804
110 73 -25.7804
111 73 -25.7804
112 73 -25.7804
113 73 -25.7804
114 73 -25.7804
115 73 -25.7804
116 73 -25.7804
117 73 -25.7804
118 73 -25.7804
119 73 -25.7804
0 74 -25.7804
1 74 -25.7804
2 74 -25.7804
3 74 -25.7804
4 74 -25.7804
5 74 -25.7804
6 74 -25.7804
7 74 -25.7804
8 74 -25.7804
9 74 -25.7804
10 74 -25.7804
11 74 -25.7804
12 74 -25.7804
13 74 -25.7804
14 74 -25.7804
15 74 -25.7804
16 74 -25.7804
17 74 -25.7804
18 74 -25.7804
19 74 -25.7804
20 74 -25.7804
21 74 -25.7804
22 74 -25.7804
23 74 -25.7804
24 74 -25.7804
25 74 -21.031
26 74 -18.3223
27 74 -16.7355
28 74 -15.669
29 74 -14.5948
30 74 -13.6323
31 74 -12.779
32 74 -11.9794
33 74 -11.2142
34 74 -10.4624
35 74 -9.76428
36 74 -9.05113
37 74 -8.35424
38 74 -7.67225
39 74 -7.01064
40 74 -6.40001
41 74 -5.80801
42 74 -5.27001
43 74 -4.8062
44 74 -4.32087
45 74 -3.89586
46 74 -3.50098
47 74 -3.11325
48 74 -2.74393
49 74 -2.37745
50 74 -2.07603
51 74 -1.81284
52 74 -1.58312
53 74 -1.39889
54 74 -1.2628
55 74 -1.15085
56 74 -1.04574
57 74 -0.982943
58 74 -0.978296
59 74 -0.951771
60 74 -0.899588
61 74 -0.845217
62 74 -0.788509
63 74 -0.6946
64 74 -0.595714
65 74 -0.522434
66 74 -0.443617
67 74 -0.394543
68 74 -0.376482
69 74 -0.424065
70 74 -0.489625
71 74 -0.650181
72 74 -0.864455
73 74 -1.11178
74 74 -1.41076
75 74 -1.78298
76 74 -2.22232
77 74 -2.72269
78 74 -3.30143
79 74 -3.95758
80 74 -4.67051
81 74 -5.43494
82 74 -6.135
83 74 -6.71013
84 74 -7.22259
85 74 -7.67355
86 74 -8.14736
87 74 -8.66376
88 74 -9.24601
89 74 -9.92403
90 74 -10.7781
91 74 -11.7148
92 74 -12.9013
93 74 -14.4094
94 74 -16.5721
95 74 -19.7942
96 74 -25.7804
97 74 -25.7804
98 74 -25.7804
99 74 -25.7804
100 74 -25.7804
101 74 -25.7804
102 74 -25.7804
103 74 -25.7804
104 74 -25.7804
105 74 -25.7804
106 74 -25.7804
107 74 -25.7804
108 74 -25.7804
109 74 -25.7804
110 74 -25.7804
111 74 -25.7804
112 74 -25.7804
113 74 -25.7804
114 74 -25.7804
115 74 -25.7804
116 74 -25.7804
117 74 -25.7804
118 74 -25.7804
119 74 -25.7804
0 75 -25.7804
1 75 -25.7804
2 75 -25.7804
3 75 -25.7804
4 75 -25.7804
5 75 -25.7804
6 75 -25.7804
7 75 -25.7804
8 75 -25.7804
9 75 -25.7804
10 75 -25.7804
11 75 -25.7804
12 75 -25.7804
13 75 -25.7804
14 75 -25.7804
15 75 -25.7804
16 75 -25.7804
17 75 -25.7804
18 75 -25.7804
19 75 -25.7804
20 75 -25.7804
21 75 -25.7804
22 75 -25.7804
23 75 -25.7804
24 75 -25.7804
25 75 -21.8975
26 75 -18.8496
27 75 -17.1617
28 75 -16.0592
29 75 -14.9361
30 75 -13.8855
31 75 -12.9658
32 75 -12.1018
33 75 -11.26
34 75 -10.4858
35 75 -9.74528
36 75 -9.03803
37 75 -8.31443
38 75 -7.62253
39 75 -6.96582
40 75 -6.32881
41 75 -5.74091
42 75 -5.228
43 75 -4.74605
44 75 -4.26636
45 75 -3.82338
46 75 -3.41895
47 75 -3.03754
48 75 -2.67053
49 75 -2.29632
50 75 -1.96309
51 75 -1.67665
52 75 -1.4338
53 75 -1.23582
54 75 -1.07922
55 75 -0.963019
56 75 -0.873899
57 75 -0.830259
58 75 -0.820716
59 75 -0.809251
60 75 -0.777772
61 75 -0.737949
62 75 -0.674949
63 75 -0.605516
64 75 -0.54126
65 75 -0.438927
66 75 -0.340106
67 75 -0.271543
68 75 -0.244099
69 75 -0.283228
70 75 -0.355791
71 75 -0.487547
72 75 -0.675864
73 75 -0.90548
74 75 -1.15128
75 75 -1.4666
76 75 -1.91729
77 75 -2.43586
78 75 -3.03763
79 75 -3.70533
80 75 -4.47463
81 75 -5.25241
82 75 -5.95676
83 75 -6.56461
84 75 -7.11623
85 75 -7.59822
86 75 -8.09099
87 75 -8.62301
88 75 -9.21839
89 75 -9.92387
90 75 -10.7599
91 75 -11.7098
92 75 -12.8714
93 75 -14.4924
94 75 -16.8537
95 75 -20.5926
96 75 -25.7804
97 75 -25.7804
98 75 -25.7804
99 75 -25.7804
100 75 -25.7804
101 75 -25.7804
102 75 -25.7804
103 75 -25.7804
104 75 -25.7804
105 75 -25.7804
106 75 -25.7804
107 75 -25.7804
108 75 -25.7804
109 75 -25.7804
110 75 -25.7804
111 75 -25.7804
112 75 -25.7804
113 75 -25.7804
114 75 -25.7804
115 75 -25.7804
116 75 -25.7804
117 75 -25.7804
118 75 -25.7804
119 75 -25.7804
0 76 -25.7804
1 76 -25.7804
2 76 -25.7804
3 76 -25.7804
4 76 -25.7804
5 76 -25.7804
6 76 -25.7804
7 76 -25.7804
8 76 -25.7804
9 76 -25.7804
10 76 -25.7804
11 76 -25.7804
12 76 -25.7804
13 76 -25.7804
14 76 -25.7804
15 76 -25.7804
16 76 -25.7804
17 76 -25.7804
18 76 -25.7804
19 76 -25.7804
20 76 -25.7804
21 76 -25.7804
22 76 -25.7804
23 76 -25.7804
24 76 -25.7804
25 76 -13.4474
26 76 -19.8129
27 76 -17.8105
28 76 -16.5521
29 76 -15.3328
30 76 -14.1828
31 76 -13.1842
32 76 -12.2422
33 76 -11.3484
34 76 -10.5057
35 76 -9.74859
36 76 -9.00539
37 76 -8.30634
38 76 -7.59236
39 76 -6.91528
40 76 -6.3035
41 76 -5.72045
42 76 -5.19662
43 76 -4.69913
44 76 -4.23551
45 76 -3.79661
46 76 -3.36669
47 76 -2.99759
48 76 -2.63608
49 76 -2.2834
50 76 -1.93025
51 76 -1.62647
52 76 -1.35141
53 76 -1.1331
54 76 -0.967164
55 76 -0.827566
56 76 -0.727654
57 76 -0.677652
58 76 -0.658573
59 76 -0.657948
60 76 -0.664603
61 76 -0.636733
62 76 -0.586442
63 76 -0.542563
64 76 -0.490121
65 76 -0.397632
66 76 -0.274443
67 76 -0.20307
68 76 -0.177946
69 76 -0.191498
70 76 -0.249226
71 76 -0.366094
72 76 -0.51527
73 76 -0.733056
74 76 -0.957069
75 76 -1.19803
76 76 -1.62316
77 76 -2.17083
78 76 -2.78727
79 76 -3.48291
80 76 -4.26056
81 76 -5.05648
82 76 -5.79176
83 76 -6.44606
84 76 -7.02785
85 76 -7.53544
86 76 -8.06302
87 76 -8.6347
88 76 -9.25345
89 76 -9.95906
90 76 -10.7808
91 76 -11.7332
92 76 -12.8672
93 76 -14.4506
94 76 -16.8257
95 76 -20.6434
96 76 -25.7804
97 76 -25.7804
98 76 -25.7804
99 76 -25.7804
100 76 -25.7804
101 76 -25.7804
102 76 -25.7804
103 76 -25.7804
104 76 -25.7804
105 76 -25.7804
106 76 -25.7804
107 76 -25.7804
108 76 -25.7804
109 76 -25.7804
110 76 -25.7804
111 76 -25.7804
112 76 -25.7804
113 76 -25.7804
114 76 -25.7804
115 76 -25.7804
116 76 -25.7804
117 76 -25.7804
118 76 -25.7804
119 76 -25.7804
0 77 -25.7804
1 77 -25.7804
2 77 -25.7804
3 77 -25.7804
4 77 -25.7804
5 77 -25.7804
6 77 -25.7804
7 77 -25.7804
8 77 -25.7804
9 77 -25.7804
10 77 -25.7804
11 77 -25.7804
12 77 -25.7804
13 77 -25.7804
14 77 -25.7804
15 77 -25.7804
16 77 -25.7804
17 77 -25.7804
18 77 -25.7804
19 77 -25.7804
20 77 -25.7804
21 77 -25.7804
22 77 -25.7804
23 77 -25.7804
24 77 -25.7804
25 77 -25.7804
26 77 -20.9056
27 77 -18.4534
28 77 -17.0928
29 77 -15.7481
30 77 -14.5015
31 77 -13.438
32 77 -12.4302
33 77 -11.4794
34 77 -10.5855
35 77 -9.76458
36 77 -9.01139
37 77 -8.28455
38 77 -7.59403
39 77 -6.92537
40 77 -6.30257
41 77 -5.71491
42 77 -5.19331
43 77 -4.71576
44 77 -4.24184
45 77 -3.77741
46 77 -3.37513
47 77 -3.01747
48 77 -2.65887
49 77 -2.29104
50 77 -1.95701
51 77 -1.65539
52 77 -1.3688
53 77 -1.13239
54 77 -0.934599
55 77 -0.758227
56 77 -0.639877
57 77 -0.551211
58 77 -0.50843
59 77 -0.527395
60 77 -0.544147
61 77 -0.547687
62 77 -0.533496
63 77 -0.496244
64 77 -0.449415
65 77 -0.391915
66 77 -0.311643
67 77 -0.177997
68 77 -0.125902
69 77 -0.122908
70 77 -0.172395
71 77 -0.279221
72 77 -0.430872
73 77 -0.626844
74 77 -0.831431
75 77 -1.01181
76 77 -1.36232
77 77 -1.9258
78 77 -2.55554
79 77 -3.28603
80 77 -4.06965
81 77 -4.85833
82 77 -5.62742
83 77 -6.31113
84 77 -6.95111
85 77 -7.47782
86 77 -8.04185
87 77 -8.65576
88 77 -9.31461
89 77 -9.99746
90 77 -10.8428
91 77 -11.7546
92 77 -12.879
93 77 -14.3808
94 77 -16.5879
95 77 -20.1894
96 77 -25.7804
97 77 -25.7804
98 77 -25.7804
99 77 -25.7804
100 77 -25.7804
101 77 -25.7804
102 77 -25.7804
103 77 -25.7804
104 77 -25.7804
105 77 -25.7804
106 77 -25.7804
107 77 -25.7804
108 77 -25.7804
109 77 -25.7804
110 77 -25.7804
111 77 -25.7804
112 77 -25.7804
113 77 -25.7804
114 77 -25.7804
115 77 -25.7804
116 77 -25.7804
117 77 -25.7804
118 77 -25.7804
119 77 -25.7804
0 78 -25.7804
1 78 -25.7804
2 78 -25.7804
3 78 -25.7804
4 78 -25.7804
5 78 -25.7804
6 78 -25.7804
7 78 -25.7804
8 78 -25.7804
9 78 -25.7804
10 78 -25.7804
11 78 -25.7804
12 78 -25.7804
13 78 -25.7804
14 78 -25.7804
15 78 -25.7804
16 78 -25.7804
17 78 -25.7804
18 78 -25.7804
19 78 -25.7804
20 78 -25.7804
21 78 -25.7804
22 78 -25.7804
23 78 -25.7804
24 78 -25.7804
25 78 -25.7804
26 78 -21.9674
27 78 -19.2463
28 78 -17.7977
29 78 -16.2354
30 78 -14.8913
31 78 -13.7418
32 78 -12.6612
33 78 -11.6495
34 78 -10.7102
35 78 -9.8515
36 78 -9.04461
37 78 -8.28978
38 78 -7.60489
39 78 -6.95462
40 78 -6.33928
41 78 -5.7651
42 78 -5.23234
43 78 -4.74858
44 78 -4.26324
45 78 -3.82381
46 78 -3.42706
47 78 -3.04442
48 78 -2.70873
49 78 -2.35283
50 78 -2.03866
51 78 -1.74356
52 78 -1.41453
53 78 -1.14607
54 78 -0.917126
55 78 -0.721377
56 78 -0.563348
57 78 -0.448924
58 78 -0.401488
59 78 -0.432037
60 78 -0.470233
61 78 -0.488165
62 78 -0.506555
63 78 -0.480638
64 78 -0.456481
65 78 -0.439032
66 78 -0.426502
67 78 -0.263587
68 78 -0.13287
69 78 -0.0964749
70 78 -0.140965
71 78 -0.231172
72 78 -0.376869
73 78 -0.571894
74 78 -0.763011
75 78 -0.941378
76 78 -1.2405
77 78 -1.70346
78 78 -2.37523
79 78 -3.12819
80 78 -3.90073
81 78 -4.68521
82 78 -5.48728
83 78 -6.22389
84 78 -6.89312
85 78 -7.46641
86 78 -8.05724
87 78 -8.70807
88 78 -9.38579
89 78 -10.1131
90 78 -10.957
91 78 -11.8783
92 78 -12.9686
93 78 -14.4451
94 78 -16.5124
95 78 -23.2047
96 78 -25.7804
97 78 -25.7804
98 78 -25.7804
99 78 -25.7804
100 78 -25.7804
101 78 -25.7804
102 78 -25.7804
103 78 -25.7804
104 78 -25.7804
105 78 -25.7804
106 78 -25.7804
107 78 -25.7804
108 78 -25.7804
109 78 -25.7804
110 78 -25.7804
111 78 -25.7804
112 78 -25.7804
113 78 -25.7804
114 78 -25.7804
115 78 -25.7804
116 78 -25.7804
117 78 -25.7804
118 78 -25.7804
119 78 -25.7804
0 79 -25.7804
1 79 -25.7804
2 79 -25.7804
3 79 -25.7804
4 79 -25.7804
5 79 -25.7804
6 79 -25.7804
7 79 -25.7804
8 79 -25.7804
9 79 -25.7804
10 79 -25.7804
11 79 -25.7804
12 79 -25.7804
13 79 -25.7804
14 79 -25.7804
15 79 -25.7804
16 79 -25.7804
17 79 -25.7804
18 79 -25.7804
19 79 -25.7804
20 79 -25.7804
21 79 -25.7804
22 79 -25.7804
23 79 -25.7804
24 79 -25.7804
25 79 -25.7804
26 79 -24.1353
27 79 -20.0349
28 79 -18.4764
29 79 -16.7681
30 79 -15.325
31 79 -14.0718
32 79 -12.9272
33 79 -11.864
34 79 -10.8706
35 79 -9.95202
36 79 -9.1242
37 79 -8.35134
38 79 -7.65581
39 79 -7.00623
40 79 -6.39177
41 79 -5.83411
42 79 -5.29882
43 79 -4.82459
44 79 -4.35826
45 79 -3.89391
46 79 -3.49702
47 79 -3.13117
48 79 -2.79599
49 79 -2.45098
50 79 -2.14794
51 79 -1.84264
52 79 -1.50423
53 79 -1.19753
54 79 -0.936006
55 79 -0.705364
56 79 -0.502654
57 79 -0.385557
58 79 -0.345981
59 79 -0.343777
60 79 -0.421292
61 79 -0.455579
62 79 -0.467848
63 79 -0.492147
64 79 -0.505098
65 79 -0.568544
66 79 -0.619789
67 79 -0.50239
68 79 -0.285763
69 79 -0.176442
70 79 -0.157447
71 79 -0.224062
72 79 -0.376511
73 79 -0.558074
74 79 -0.746966
75 79 -0.942307
76 79 -1.17278
77 79 -1.59896
78 79 -2.24117
79 79 -3.0204
80 79 -3.77626
81 79 -4.54918
82 79 -5.32826
83 79 -6.11894
84 79 -6.81474
85 79 -7.45003
86 79 -8.08239
87 79 -8.74884
88 79 -9.46432
89 79 -10.2595
90 79 -11.1068
91 79 -12.0897
92 79 -13.238
93 79 -14.8365
94 79 -17.2254
95 79 -24.9228
96 79 -25.7804
97 79 -25.7804
98 79 -25.7804
99 79 -25.7804
100 79 -25.7804
101 79 -25.7804
102 79 -25.7804
103 79 -25.7804
104 79 -25.7804
105 79 -25.7804
106 79 -25.7804
107 79 -25.7804
108 79 -25.7804
109 79 -25.7804
110 79 -25.7804
111 79 -25.7804
112 79 -25.7804
113 79 -25.7804
114 79 -25.7804
115 79 -25.7804
116 79 -25.7804
117 79 -25.7804
118 79 -25.7804
119 79 -25.7804
0 80 -25.7804
1 80 -25.7804
2 80 -25.7804
3 80 -25.7804
4 80 -25.7804
5 80 -25.7804
6 80 -25.7804
7 80 -25.7804
8 80 -25.7804
9 80 -25.7804
10 80 -25.7804
11 80 -25.7804
12 80 -25.7804
13 80 -25.7804
14 80 -25.7804
15 80 -25.7804
16 80 -25.7804
17 80 -25.7804
18 80 -25.7804
19 80 -25.7804
20 80 -25.7804
21 80 -25.7804
22 80 -25.7804
23 80 -25.7804
24 80 -25.7804
25 80 -25.7804
26 80 -16.8182
27 80 -21.3008
28 80 -19.1577
29 80 -17.3714
30 80 -15.7908
31 80 -14.466
32 80 -13.2344
33 80 -12.0933
34 80 -11.0572
35 80 -10.1103
36 80 -9.27649
37 80 -8.48059
38 80 -7.77005
39 80 -7.10077
40 80 -6.49007
41 80 -5.93797
42 80 -5.39564
43 80 -4.91059
44 80 -4.45899
45 80 -4.00817
46 80 -3.61938
47 80 -3.25577
48 80 -2.92709
49 80 -2.60225
50 80 -2.29498
51 80 -1.94927
52 80 -1.59445
53 80 -1.25768
54 80 -0.960933
55 80 -0.709014
56 80 -0.490602
57 80 -0.360327
58 80 -0.313704
59 80 -0.312755
60 80 -0.363722
61 80 -0.441616
62 80 -0.486001
63 80 -0.560763
64 80 -0.633649
65 80 -0.749509
66 80 -0.848526
67 80 -0.778436
68 80 -0.555197
69 80 -0.379237
70 80 -0.293369
71 80 -0.339977
72 80 -0.444031
73 80 -0.590329
74 80 -0.775048
75 80 -0.986113
76 80 -1.21907
77 80 -1.58432
78 80 -2.15085
79 80 -2.91516
80 80 -3.681
81 80 -4.43546
82 80 -5.21462
83 80 -6.0223
84 80 -6.76586
85 80 -7.44353
86 80 -8.09461
87 80 -8.8105
88 80 -9.56994
89 80 -10.3905
90 80 -11.3324
91 80 -12.3468
92 80 -13.5756
93 80 -15.3221
94 80 -17.9063
95 80 -25.7804
96 80 -25.7804
97 80 -25.7804
98 80 -25.7804
99 80 -25.7804
100 80 -25.7804
101 80 -25.7804
102 80 -25.7804
103 80 -25.7804
104 80 -25.7804
105 80 -25.7804
106 80 -25.7804
107 80 -25.7804
108 80 -25.7804
109 80 -25.7804
110 80 -25.7804
111 80 -25.7804
112 80 -25.7804
113 80 -25.7804
114 80 -25.7804
115 80 -25.7804
116 80 -25.7804
117 80 -25.7804
118 80 -25.7804
119 80 -25.7804
0 81 -25.7804
1 81 -25.7804
2 81 -25.7804
3 81 -25.7804
4 81 -25.7804
5 81 -25.7804
6 81 -25.7804
7 81 -25.7804
8 81 -25.7804
9 81 -25.7804
10 81 -25.7804
11 81 -25.7804
12 81 -25.7804
13 81 -25.7804
14 81 -25.7804
15 81 -25.7804
16 81 -25.7804
17 81 -25.7804
18 81 -25.7804
19 81 -25.7804
20 81 -25.7804
21 81 -25.7804
22 81 -25.7804
23 81 -25.7804
24 81 -25.7804
25 81 -25.7804
26 81 -11.4962
27 81 -20.9901
28 81 -19.6437
29 81 -18.0291
30 81 -16.3527
31 81 -14.9247
32 81 -13.6051
33 81 -12.3761
34 81 -11.2915
35 81 -10.3436
36 81 -9.47448
37 81 -8.67239
38 81 -7.93092
39 81 -7.23801
40 81 -6.62744
41 81 -6.0714
42 81 -5.53735
43 81 -5.06311
44 81 -4.59146
45 81 -4.14551
46 81 -3.76961
47 81 -3.41372
48 81 -3.0895
49 81 -2.76772
50 81 -2.44723
51 81 -2.0942
52 81 -1.71487
53 81 -1.35198
54 81 -1.01113
55 81 -0.722011
56 81 -0.502511
57 81 -0.38201
58 81 -0.324543
59 81 -0.330882
60 81 -0.382243
61 81 -0.457881
62 81 -0.556765
63 81 -0.670869
64 81 -0.822942
65 81 -0.999934
66 81 -1.1385
67 81 -1.10941
68 81 -0.922442
69 81 -0.676017
70 81 -0.562804
71 81 -0.548499
72 81 -0.610253
73 81 -0.727926
74 81 -0.898169
75 81 -1.08787
76 81 -1.27877
77 81 -1.60803
78 81 -2.10745
79 81 -2.8535
80 81 -3.60941
81 81 -4.37842
82 81 -5.1439
83 81 -5.91758
84 81 -6.70909
85 81 -7.42634
86 81 -8.11734
87 81 -8.85764
88 81 -9.67258
89 81 -10.5532
90 81 -11.5778
91 81 -12.6496
92 81 -14.0019
93 81 -15.9577
94 81 -19.0503
95 81 -25.7804
96 81 -25.7804
97 81 -25.7804
98 81 -25.7804
99 81 -25.7804
100 81 -25.7804
101 81 -25.7804
102 81 -25.7804
103 81 -25.7804
104 81 -25.7804
105 81 -25.7804
106 81 -25.7804
107 81 -25.7804
108 81 -25.7804
109 81 -25.7804
110 81 -25.7804
111 81 -25.7804
112 81 -25.7804
113 81 -25.7804
114 81 -25.7804
115 81 -25.7804
116 81 -25.7804
117 81 -25.7804
118 81 -25.7804
119 81 -25.7804
0 82 -25.7804
1 82 -25.7804
2 82 -25.7804
3 82 -25.7804
4 82 -25.7804
5 82 -25.7804
6 82 -25.7804
7 82 -25.7804
8 82 -25.7804
9 82 -25.7804
10 82 -25.7804
11 82 -25.7804
12 82 -25.7804
13 82 -25.7804
14 82 -25.7804
15 82 -25.7804
16 82 -25.7804
17 82 -25.7804
18 82 -25.7804
19 82 -25.7804
20 82 -25.7804
21 82 -25.7804
22 82 -25.7804
23 82 -25.7804
24 82 -25.7804
25 82 -25.7804
26 82 -25.7804
27 82 -22.6054
28 82 -20.7295
29 82 -18.9504
30 82 -17.0901
31 82 -15.4659
32 82 -13.9993
33 82 -12.7059
34 82 -11.5899
35 82 -10.5995
36 82 -9.70578
37 82 -8.89025
38 82 -8.14203
39 82 -7.42857
40 82 -6.78563
41 82 -6.21787
42 82 -5.68645
43 82 -5.22118
44 82 -4.73854
45 82 -4.31366
46 82 -3.94755
47 82 -3.60755
48 82 -3.28935
49 82 -2.95586
50 82 -2.59916
51 82 -2.22886
52 82 -1.83203
53 82 -1.43408
54 82 -1.09086
55 82 -0.768327
56 82 -0.54251
57 82 -0.419357
58 82 -0.373936
59 82 -0.393294
60 82 -0.448499
61 82 -0.536805
62 82 -0.68978
63 82 -0.88693
64 82 -1.08332
65 82 -1.29145
66 82 -1.44177
67 82 -1.44504
68 82 -1.33566
69 82 -1.09035
70 82 -0.897023
71 82 -0.862324
72 82 -0.895199
73 82 -0.976614
74 82 -1.0865
75 82 -1.22734
76 82 -1.42594
77 82 -1.68595
78 82 -2.13007
79 82 -2.8038
80 82 -3.57217
81 82 -4.35455
82 82 -5.12151
83 82 -5.88644
84 82 -6.67968
85 82 -7.43611
86 82 -8.15225
87 82 -8.93561
88 82 -9.80676
89 82 -10.7277
90 82 -11.7998
91 82 -12.971
92 82 -14.4204
93 82 -16.5673
94 82 -20.4476
95 82 -25.7804
96 82 -25.7804
97 82 -25.7804
98 82 -25.7804
99 82 -25.7804
100 82 -25.7804
101 82 -25.7804
102 82 -25.7804
103 82 -25.7804
104 82 -25.7804
105 82 -25.7804
106 82 -25.7804
107 82 -25.7804
108 82 -25.7804
109 82 -25.7804
110 82 -25.7804
111 82 -25.7804
112 82 -25.7804
113 82 -25.7804
114 82 -25.7804
115 82 -25.7804
116 82 -25.7804
117 82 -25.7804
118 82 -25.7804
119 82 -25.7804
0 83 -25.7804
1 83 -25.7804
2 83 -25.7804
3 83 -25.7804
4 83 -25.7804
5 83 -25.7804
6 83 -25.7804
7 83 -25.7804
8 83 -25.7804
9 83 -25.7804
10 83 -25.7804
11 83 -25.7804
12 83 -25.7804
13 83 -25.7804
14 83 -25.7804
15 83 -25.7804
16 83 -25.7804
17 83 -25.7804
18 83 -25.7804
19 83 -25.7804
20 83 -25.7804
21 83 -25.7804
22 83 -25.7804
23 83 -25.7804
24 83 -25.7804
25 83 -25.7804
26 83 -25.7804
27 83 -23.9008
28 83 -22.0781
29 83 -20.0534
30 83 -17.9508
31 83 -16.1678
32 83 -14.5021
33 83 -13.1124
34 83 -11.9474
35 83 -10.9072
36 83 -9.98624
37 83 -9.14271
38 83 -8.36062
39 83 -7.64895
40 83 -6.99541
41 83 -6.40667
42 83 -5.87346
43 83 -5.3887
44 83 -4.93518
45 83 -4.52446
46 83 -4.16891
47 83 -3.8331
48 83 -3.49386
49 83 -3.13993
50 83 -2.76645
51 83 -2.38422
52 83 -1.9676
53 83 -1.54136
54 83 -1.16478
55 83 -0.840229
56 83 -0.623467
57 83 -0.501502
58 83 -0.454026
59 83 -0.466057
60 83 -0.527305
61 83 -0.671778
62 83 -0.863122
63 83 -1.14041
64 83 -1.41539
65 83 -1.66094
66 83 -1.77607
67 83 -1.79732
68 83 -1.71082
69 83 -1.53623
70 83 -1.32833
71 83 -1.25555
72 83 -1.21306
73 83 -1.22697
74 83 -1.28318
75 83 -1.39288
76 83 -1.5535
77 83 -1.81589
78 83 -2.19622
79 83 -2.80739
80 83 -3.57139
81 83 -4.33637
82 83 -5.11277
83 83 -5.89391
84 83 -6.67396
85 83 -7.44326
86 83 -8.18276
87 83 -9.01832
88 83 -9.90907
89 83 -10.905
90 83 -11.9996
91 83 -13.2601
92 83 -14.6698
93 83 -16.6739
94 83 -22.4508
95 83 -25.7804
96 83 -25.7804
97 83 -25.7804
98 83 -25.7804
99 83 -25.7804
100 83 -25.7804
101 83 -25.7804
102 83 -25.7804
103 83 -25.7804
104 83 -25.7804
105 83 -25.7804
106 83 -25.7804
107 83 -25.7804
108 83 -25.7804
109 83 -25.7804
110 83 -25.7804
111 83 -25.7804
112 83 -25.7804
113 83 -25.7804
114 83 -25.7804
115 83 -25.7804
116 83 -25.7804
117 83 -25.7804
118 83 -25.7804
119 83 -25.7804
0 84 -25.7804
1 84 -25.7804
2 84 -25.7804
3 84 -25.7804
4 84 -25.7804
5 84 -25.7804
6 84 -25.7804
7 84 -25.7804
8 84 -25.7804
9 84 -25.7804
10 84 -25.7804
11 84 -25.7804
12 84 -25.7804
13 84 -25.7804
14 84 -25.7804
15 84 -25.7804
16 84 -25.7804
17 84 -25.7804
18 84 -25.7804
19 84 -25.7804
20 84 -25.7804
21 84 -25.7804
22 84 -25.7804
23 84 -25.7804
24 84 -25.7804
25 84 -25.7804
26 84 -25.7804
27 84 -25.7804
28 84 -24.8121
29 84 -21.5988
30 84 -19.0796
31 84 -16.9633
32 84 -15.1567
33 84 -13.6602
34 84 -12.3771
35 84 -11.2959
36 84 -10.3385
37 84 -9.46714
38 84 -8.65789
39 84 -7.91513
40 84 -7.25492
41 84 -6.64942
42 84 -6.09744
43 84 -5.59834
44 84 -5.16621
45 84 -4.73445
46 84 -4.40045
47 84 -4.06916
48 84 -3.71406
49 84 -3.3316
50 84 -2.94904
51 84 -2.53532
52 84 -2.1136
53 84 -1.6966
54 84 -1.28616
55 84 -0.976423
56 84 -0.76579
57 84 -0.640765
58 84 -0.579372
59 84 -0.560625
60 84 -0.635956
61 84 -0.81137
62 84 -1.09118
63 84 -1.44582
64 84 -1.81398
65 84 -2.0978
66 84 -2.15756
67 84 -2.13426
68 84 -2.0771
69 84 -2.01262
70 84 -1.82792
71 84 -1.64323
72 84 -1.51618
73 84 -1.42915
74 84 -1.45164
75 84 -1.53058
76 84 -1.67543
77 84 -1.91592
78 84 -2.2987
79 84 -2.84409
80 84 -3.5746
81 84 -4.34699
82 84 -5.13772
83 84 -5.9295
84 84 -6.68922
85 84 -7.48086
86 84 -8.25701
87 84 -9.10454
88 84 -10.0268
89 84 -11.075
90 84 -12.2137
91 84 -13.4761
92 84 -14.9958
93 84 -17.288
94 84 -24.0863
95 84 -25.7804
96 84 -25.7804
97 84 -25.7804
98 84 -25.7804
99 84 -25.7804
100 84 -25.7804
101 84 -25.7804
102 84 -25.7804
103 84 -25.7804
104 84 -25.7804
105 84 -25.7804
106 84 -25.7804
107 84 -25.7804
108 84 -25.7804
109 84 -25.7804
110 84 -25.7804
111 84 -25.7804
112 84 -25.7804
113 84 -25.7804
114 84 -25.7804
115 84 -25.7804
116 84 -25.7804
117 84 -25.7804
118 84 -25.7804
119 84 -25.7804
0 85 -25.7804
1 85 -25.7804
2 85 -25.7804
3 85 -25.7804
4 85 -25.7804
5 85 -25.7804
6 85 -25.7804
7 85 -25.7804
8 85 -25.7804
9 85 -25.7804
10 85 -25.7804
11 85 -25.7804
12 85 -25.7804
13 85 -25.7804
14 85 -25.7804
15 85 -25.7804
16 85 -25.7804
17 85 -25.7804
18 85 -25.7804
19 85 -25.7804
20 85 -25.7804
21 85 -25.7804
22 85 -25.7804
23 85 -25.7804
24 85 -25.7804
25 85 -25.7804
26 85 -25.7804
27 85 -25.7804
28 85 -25.7804
29 85 -23.5938
30 85 -20.4732
31 85 -17.9654
32 85 -15.9689
33 85 -14.3249
34 85 -12.9398
35 85 -11.787
36 85 -10.7911
37 85 -9.86749
38 85 -9.02841
39 85 -8.26239
40 85 -7.54893
41 85 -6.93998
42 85 -6.37885
43 85 -5.85905
44 85 -5.41318
45 85 -5.02182
46 85 -4.67541
47 85 -4.32332
48 85 -3.94045
49 85 -3.54846
50 85 -3.13995
51 85 -2.71161
52 85 -2.27986
53 85 -1.84132
54 85 -1.42238
55 85 -1.10934
56 85 -0.878894
57 85 -0.722214
58 85 -0.644365
59 85 -0.630238
60 85 -0.738212
61 85 -0.937321
62 85 -1.24134
63 85 -1.66193
64 85 -2.1162
65 85 -2.39558
66 85 -2.51774
67 85 -2.52969
68 85 -2.44676
69 85 -2.33146
70 85 -2.12329
71 85 -1.93603
72 85 -1.79778
73 85 -1.67061
74 85 -1.61215
75 85 -1.6386
76 85 -1.76272
77 85 -1.99184
78 85 -2.37297
79 85 -2.9293
80 85 -3.62667
81 85 -4.38336
82 85 -5.15051
83 85 -5.90669
84 85 -6.68178
85 85 -7.48854
86 85 -8.31372
87 85 -9.18486
88 85 -10.1437
89 85 -11.2215
90 85 -12.4043
91 85 -13.7289
92 85 -15.4062
93 85 -17.904
94 85 -25.7804
95 85 -25.7804
96 85 -25.7804
97 85 -25.7804
98 85 -25.7804
99 85 -25.7804
100 85 -25.7804
101 85 -25.7804
102 85 -25.7804
103 85 -25.7804
104 85 -25.7804
105 85 -25.7804
106 85 -25.7804
107 85 -25.7804
108 85 -25.7804
109 85 -25.7804
110 85 -25.7804
111 85 -25.7804
112 85 -25.7804
113 85 -25.7804
114 85 -25.7804
115 85 -25.7804
116 85 -25.7804
117 85 -25.7804
118 85 -25.7804
119 85 -25.7804
0 86 -25.7804
1 86 -25.7804
2 86 -25.7804
3 86 -25.7804
4 86 -25.7804
5 86 -25.7804
6 86 -25.7804
7 86 -25.7804
8 86 -25.7804
9 86 -25.7804
10 86 -25.7804
11 86 -25.7804
12 86 -25.7804
13 86 -25.7804
14 86 -25.7804
15 86 -25.7804
16 86 -25.7804
17 86 -25.7804
18 86 -25.7804
19 86 -25.7804
20 86 -25.7804
21 86 -25.7804
22 86 -25.7804
23 86 -25.7804
24 86 -25.7804
25 86 -25.7804
26 86 -25.7804
27 86 -25.7804
28 86 -25.7804
29 86 -25.7804
30 86 -22.1909
31 86 -19.2345
32 86 -16.9358
33 86 -15.0839
34 86 -13.5862
35 86 -12.3379
36 86 -11.2721
37 86 -10.3073
38 86 -9.44488
39 86 -8.64453
40 86 -7.89541
41 86 -7.2514
42 86 -6.67194
43 86 -6.14019
44 86 -5.67063
45 86 -5.26999
46 86 -4.91953
47 86 -4.53982
48 86 -4.13981
49 86 -3.72649
50 86 -3.28585
51 86 -2.83505
52 86 -2.37015
53 86 -1.90428
54 86 -1.49612
55 86 -1.15433
56 86 -0.903296
57 86 -0.728396
58 86 -0.616106
59 86 -0.59256
60 86 -0.7103
61 86 -0.906737
62 86 -1.26172
63 86 -1.76961
64 86 -2.21256
65 86 -2.47662
66 86 -2.62893
67 86 -2.70007
68 86 -2.60494
69 86 -2.39731
70 86 -2.20927
71 86 -2.03455
72 86 -1.89036
73 86 -1.79684
74 86 -1.71956
75 86 -1.72523
76 86 -1.82261
77 86 -2.04966
78 86 -2.41976
79 86 -2.96732
80 86 -3.65549
81 86 -4.3777
82 86 -5.12862
83 86 -5.87675
84 86 -6.66897
85 86 -7.48068
86 86 -8.35255
87 86 -9.256
88 86 -10.231
89 86 -11.326
90 86 -12.5566
91 86 -13.8825
92 86 -15.7382
93 86 -18.5806
94 86 -25.7804
95 86 -25.7804
96 86 -25.7804
97 86 -25.7804
98 86 -25.7804
99 86 -25.7804
100 86 -25.7804
101 86 -25.7804
102 86 -25.7804
103 86 -25.7804
104 86 -25.7804
105 86 -25.7804
106 86 -25.7804
107 86 -25.7804
108 86 -25.7804
109 86 -25.7804
110 86 -25.7804
111 86 -25.7804
112 86 -25.7804
113 86 -25.7804
114 86 -25.7804
115 86 -25.7804
116 86 -25.7804
117 86 -25.7804
118 86 -25.7804
119 86 -25.7804
0 87 -25.7804
1 87 -25.7804
2 87 -25.7804
3 87 -25.7804
4 87 -25.7804
5 87 -25.7804
6 87 -25.7804
7 87 -25.7804
8 87 -25.7804
9 87 -25.7804
10 87 -25.7804
11 87 -25.7804
12 87 -25.7804
13 87 -25.7804
14 87 -25.7804
15 87 -25.7804
16 87 -25.7804
17 87 -25.7804
18 87 -25.7804
19 87 -25.7804
20 87 -25.7804
21 87 -25.7804
22 87 -25.7804
23 87 -25.7804
24 87 -25.7804
25 87 -25.7804
26 87 -25.7804
27 87 -25.7804
28 87 -25.7804
29 87 -25.7804
30 87 -23.9152
31 87 -20.4169
32 87 -17.9495
33 87 -15.9044
34 87 -14.2571
35 87 -12.8846
36 87 -11.7898
37 87 -10.766
38 87 -9.84649
39 87 -8.99127
40 87 -8.21264
41 87 -7.5329
42 87 -6.92677
43 87 -6.36212
44 87 -5.86047
45 87 -5.44412
46 87 -5.06676
47 87 -4.66611
48 87 -4.24668
49 87 -3.80265
50 87 -3.33159
51 87 -2.8659
52 87 -2.35707
53 87 -1.88837
54 87 -1.48331
55 87 -1.15427
56 87 -0.860834
57 87 -0.667226
58 87 -0.534248
59 87 -0.483391
60 87 -0.548233
61 87 -0.72386
62 87 -1.10225
63 87 -1.63647
64 87 -2.04085
65 87 -2.32176
66 87 -2.46427
67 87 -2.52071
68 87 -2.45828
69 87 -2.2848
70 87 -2.09461
71 87 -1.921
72 87 -1.7739
73 87 -1.69062
74 87 -1.64387
75 87 -1.66222
76 87 -1.78662
77 87 -2.01904
78 87 -2.38666
79 87 -2.9192
80 87 -3.60032
81 87 -4.31972
82 87 -5.03836
83 87 -5.81899
84 87 -6.6174
85 87 -7.48393
86 87 -8.36964
87 87 -9.30587
88 87 -10.3008
89 87 -11.3985
90 87 -12.6452
91 87 -14.0319
92 87 -16.0169
93 87 -19.2024
94 87 -25.7804
95 87 -25.7804
96 87 -25.7804
97 87 -25.7804
98 87 -25.7804
99 87 -25.7804
100 87 -25.7804
101 87 -25.7804
102 87 -25.7804
103 87 -25.7804
104 87 -25.7804
105 87 -25.7804
106 87 -25.7804
107 87 -25.7804
108 87 -25.7804
109 87 -25.7804
110 87 -25.7804
111 87 -25.7804
112 87 -25.7804
113 87 -25.7804
114 87 -25.7804
115 87 -25.7804
116 87 -25.7804
117 87 -25.7804
118 87 -25.7804
119 87 -25.7804
0 88 -25.7804
1 88 -25.7804
2 88 -25.7804
3 88 -25.7804
4 88 -25.7804
5 88 -25.7804
6 88 -25.7804
7 88 -25.7804
8 88 -25.7804
9 88 -25.7804
10 88 -25.7804
11 88 -25.7804
12 88 -25.7804
13 88 -25.7804
14 88 -25.7804
15 88 -25.7804
16 88 -25.7804
17 88 -25.7804
18 88 -25.7804
19 88 -25.7804
20 88 -25.7804
21 88 -25.7804
22 88 -25.7804
23 88 -25.7804
24 88 -25.7804
25 88 -25.7804
26 88 -25.7804
27 88 -25.7804
28 88 -25.7804
29 88 -25.7804
30 88 -25.4764
31 88 -21.6164
32 88 -18.8344
33 88 -16.706
34 88 -14.9239
35 88 -13.4488
36 88 -12.2666
37 88 -11.2121
38 88 -10.2348
39 88 -9.32908
40 88 -8.50209
41 88 -7.7818
42 88 -7.11592
43 88 -6.5327
44 88 -6.01361
45 88 -5.57434
46 88 -5.14285
47 88 -4.71295
48 88 -4.26499
49 88 -3.78956
50 88 -3.28455
51 88 -2.78701
52 88 -2.27014
53 88 -1.80296
54 88 -1.40208
55 88 -1.05714
56 88 -0.768719
57 88 -0.527023
58 88 -0.341341
59 88 -0.243298
60 88 -0.278609
61 88 -0.439389
62 88 -0.760456
63 88 -1.25686
64 88 -1.66826
65 88 -1.90996
66 88 -1.98246
67 88 -2.04623
68 88 -2.05483
69 88 -1.97173
70 88 -1.79684
71 88 -1.60904
72 88 -1.47093
73 88 -1.38925
74 88 -1.38138
75 88 -1.46182
76 88 -1.64668
77 88 -1.89905
78 88 -2.28408
79 88 -2.82374
80 88 -3.48947
81 88 -4.20336
82 88 -4.94773
83 88 -5.72067
84 88 -6.55547
85 88 -7.4509
86 88 -8.35722
87 88 -9.34751
88 88 -10.3394
89 88 -11.4755
90 88 -12.7018
91 88 -14.1204
92 88 -16.1527
93 88 -19.3823
94 88 -25.7804
95 88 -25.7804
96 88 -25.7804
97 88 -25.7804
98 88 -25.7804
99 88 -25.7804
100 88 -25.7804
101 88 -25.7804
102 88 -25.7804
103 88 -25.7804
104 88 -25.7804
105 88 -25.7804
106 88 -25.7804
107 88 -25.7804
108 88 -25.7804
109 88 -25.7804
110 88 -25.7804
111 88 -25.7804
112 88 -25.7804
113 88 -25.7804
114 88 -25.7804
115 88 -25.7804
116 88 -25.7804
117 88 -25.7804
118 88 -25.7804
119 88 -25.7804
0 89 -25.7804
1 89 -25.7804
2 89 -25.7804
3 89 -25.7804
4 89 -25.7804
5 89 -25.7804
6 89 -25.7804
7 89 -25.7804
8 89 -25.7804
9 89 -25.7804
10 89 -25.7804
11 89 -25.7804
12 89 -25.7804
13 89 -25.7804
14 89 -25.7804
15 89 -25.7804
16 89 -25.7804
17 89 -25.7804
18 89 -25.7804
19 89 -25.7804
20 89 -25.7804
21 89 -25.7804
22 89 -25.7804
23 89 -25.7804
24 89 -25.7804
25 89 -25.7804
26 89 -25.7804
27 89 -25.7804
28 89 -25.7804
29 89 -25.7804
30 89 -25.7804
31 89 -22.9924
32 89 -19.6746
33 89 -17.3586
34 89 -15.5137
35 89 -13.9436
36 89 -12.6812
37 89 -11.581
38 89 -10.572
39 89 -9.62163
40 89 -8.74742
41 89 -7.97628
42 89 -7.28603
43 89 -6.66874
44 89 -6.09745
45 89 -5.62742
46 89 -5.16919
47 89 -4.701
48 89 -4.21011
49 89 -3.70471
50 89 -3.1495
51 89 -2.62824
52 89 -2.12638
53 89 -1.67227
54 89 -1.2642
55 89 -0.896669
56 89 -0.593972
57 89 -0.337532
58 89 -0.117162
59 89 0.0309563
60 89 0.0630613
61 89 -0.0516668
62 89 -0.320862
63 89 -0.722822
64 89 -1.16519
65 89 -1.42747
66 89 -1.47468
67 89 -1.42488
68 89 -1.40015
69 89 -1.36153
70 89 -1.24802
71 89 -1.1002
72 89 -1.00754
73 89 -0.980501
74 89 -1.03476
75 89 -1.18923
76 89 -1.41507
77 89 -1.7149
78 89 -2.09978
79 89 -2.65327
80 89 -3.32349
81 89 -4.03003
82 89 -4.79632
83 89 -5.60314
84 89 -6.45589
85 89 -7.37961
86 89 -8.33248
87 89 -9.35204
88 89 -10.3924
89 89 -11.5056
90 89 -12.7533
91 89 -14.2415
92 89 -16.2726
93 89 -22.1209
94 89 -25.7804
95 89 -25.7804
96 89 -25.7804
97 89 -25.7804
98 89 -25.7804
99 89 -25.7804
100 89 -25.7804
101 89 -25.7804
102 89 -25.7804
103 89 -25.7804
104 89 -25.7804
105 89 -25.7804
106 89 -25.7804
107 89 -25.7804
108 89 -25.7804
109 89 -25.7804
110 89 -25.7804
111 89 -25.7804
112 89 -25.7804
113 89 -25.7804
114 89 -25.7804
115 89 -25.7804
116 89 -25.7804
117 89 -25.7804
118 89 -25.7804
119 89 -25.7804
0 90 -25.7804
1 90 -25.7804
2 90 -25.7804
3 90 -25.7804
4 90 -25.7804
5 90 -25.7804
6 90 -25.7804
7 90 -25.7804
8 90 -25.7804
9 90 -25.7804
10 90 -25.7804
11 90 -25.7804
12 90 -25.7804
13 90 -25.7804
14 90 -25.7804
15 90 -25.7804
16 90 -25.7804
17 90 -25.7804
18 90 -25.7804
19 90 -25.7804
20 90 -25.7804
21 90 -25.7804
22 90 -25.7804
23 90 -25.7804
24 90 -25.7804
25 90 -25.7804
26 90 -25.7804
27 90 -25.7804
28 90 -25.7804
29 90 -25.7804
30 90 -25.7804
31 90 -24.402
32 90 -20.4389
33 90 -17.9715
34 90 -16.0237
35 90 -14.3902
36 90 -13.0393
37 90 -11.8968
38 90 -10.8397
39 90 -9.84077
40 90 -8.92381
41 90 -8.12999
42 90 -7.39268
43 90 -6.73969
44 90 -6.13073
45 90 -5.6287
46 90 -5.12112
47 90 -4.59503
48 90 -4.07538
49 90 -3.51012
50 90 -2.91602
51 90 -2.41088
52 90 -1.93885
53 90 -1.50416
54 90 -1.09132
55 90 -0.731316
56 90 -0.408931
57 90 -0.128664
58 90 0.125179
59 90 0.307731
60 90 0.373573
61 90 0.315125
62 90 0.177444
63 90 -0.114272
64 90 -0.502553
65 90 -0.794726
66 90 -0.925736
67 90 -0.875772
68 90 -0.805155
69 90 -0.759977
70 90 -0.701186
71 90 -0.597756
72 90 -0.498725
73 90 -0.528201
74 90 -0.61955
75 90 -0.834952
76 90 -1.11032
77 90 -1.44851
78 90 -1.86583
79 90 -2.41904
80 90 -3.10434
81 90 -3.81234
82 90 -4.6127
83 90 -5.45165
84 90 -6.32189
85 90 -7.27412
86 90 -8.23627
87 90 -9.29269
88 90 -10.3744
89 90 -11.5194
90 90 -12.8571
91 90 -14.5374
92 90 -16.9399
93 90 -24.1704
94 90 -25.7804
95 90 -25.7804
96 90 -25.7804
97 90 -25.7804
98 90 -25.7804
99 90 -25.7804
100 90 -25.7804
101 90 -25.7804
102 90 -25.7804
103 90 -25.7804
104 90 -25.7804
105 90 -25.7804
106 90 -25.7804
107 90 -25.7804
108 90 -25.7804
109 90 -25.7804
110 90 -25.7804
111 90 -25.7804
112 90 -25.7804
113 90 -25.7804
114 90 -25.7804
115 90 -25.7804
116 90 -25.7804
117 90 -25.7804
118 90 -25.7804
119 90 -25.7804
0 91 -25.7804
1 91 -25.7804
2 91 -25.7804
3 91 -25.7804
4 91 -25.7804
5 91 -25.7804
6 91 -25.7804
7 91 -25.7804
8 91 -25.7804
9 91 -25.7804
10 91 -25.7804
11 91 -25.7804
12 91 -25.7804
13 91 -25.7804
14 91 -25.7804
15 91 -25.7804
16 91 -25.7804
17 91 -25.7804
18 91 -25.7804
19 91 -25.7804
20 91 -25.7804
21 91 -25.7804
22 91 -25.7804
23 91 -25.7804
24 91 -25.7804
25 91 -25.7804
26 91 -25.7804
27 91 -25.7804
28 91 -25.7804
29 91 -25.7804
30 91 -25.7804
31 91 -25.7804
32 91 -21.3436
33 91 -18.4572
34 91 -16.4347
35 91 -14.7305
36 91 -13.3225
37 91 -12.1153
38 91 -11.0545
39 91 -10.0399
40 91 -9.09281
41 91 -8.23342
42 91 -7.46245
43 91 -6.74906
44 91 -6.11644
45 91 -5.56425
46 91 -5.00952
47 91 -4.43801
48 91 -3.83923
49 91 -3.25297
50 91 -2.66664
51 91 -2.1676
52 91 -1.73139
53 91 -1.30878
54 91 -0.90579
55 91 -0.532763
56 91 -0.200887
57 91 0.108987
58 91 0.368039
59 91 0.569172
60 91 0.678424
61 91 0.687989
62 91 0.595123
63 91 0.385089
64 91 0.0903221
65 91 -0.162653
66 91 -0.319458
67 91 -0.369169
68 91 -0.320288
69 91 -0.279767
70 91 -0.26719
71 91 -0.178621
72 91 -0.0814278
73 91 -0.0752067
74 91 -0.170369
75 91 -0.375848
76 91 -0.699776
77 91 -1.07896
78 91 -1.53721
79 91 -2.11116
80 91 -2.80544
81 91 -3.55561
82 91 -4.3656
83 91 -5.2607
84 91 -6.16904
85 91 -7.13715
86 91 -8.12274
87 91 -9.18241
88 91 -10.3034
89 91 -11.5141
90 91 -12.9611
91 91 -14.9273
92 91 -18.155
93 91 -25.7804
94 91 -25.7804
95 91 -25.7804
96 91 -25.7804
97 91 -25.7804
98 91 -25.7804
99 91 -25.7804
100 91 -25.7804
101 91 -25.7804
102 91 -25.7804
103 91 -25.7804
104 91 -25.7804
105 91 -25.7804
106 91 -25.7804
107 91 -25.7804
108 91 -25.7804
109 91 -25.7804
110 91 -25.7804
111 91 -25.7804
112 91 -25.7804
113 91 -25.7804
114 91 -25.7804
115 91 -25.7804
116 91 -25.7804
117 91 -25.7804
118 91 -25.7804
119 91 -25.7804
0 92 -25.7804
1 92 -25.7804
2 92 -25.7804
3 92 -25.7804
4 92 -25.7804
5 92 -25.7804
6 92 -25.7804
7 92 -25.7804
8 92 -25.7804
9 92 -25.7804
10 92 -25.7804
11 92 -25.7804
12 92 -25.7804
13 92 -25.7804
14 92 -25.7804
15 92 -25.7804
16 92 -25.7804
17 92 -25.7804
18 92 -25.7804
19 92 -25.7804
20 92 -25.7804
21 92 -25.7804
22 92 -25.7804
23 92 -25.7804
24 92 -25.7804
25 92 -25.7804
26 92 -25.7804
27 92 -25.7804
28 92 -25.7804
29 92 -25.7804
30 92 -25.7804
31 92 -25.7804
32 92 -22.6368
33 92 -18.9356
34 92 -16.7666
35 92 -14.9827
36 92 -13.516
37 92 -12.2676
38 92 -11.1824
39 92 -10.1225
40 92 -9.17667
41 92 -8.28717
42 92 -7.47146
43 92 -6.72409
44 92 -6.04571
45 92 -5.44031
46 92 -4.82781
47 92 -4.21199
48 92 -3.59631
49 92 -2.98855
50 92 -2.4169
51 92 -1.9604
52 92 -1.52033
53 92 -1.09285
54 92 -0.683005
55 92 -0.307544
56 92 0.0427248
57 92 0.347454
58 92 0.633866
59 92 0.846663
60 92 0.989681
61 92 1.03465
62 92 0.981484
63 92 0.832438
64 92 0.584024
65 92 0.372062
66 92 0.244828
67 92 0.174139
68 92 0.140101
69 92 0.133707
70 92 0.138873
71 92 0.195816
72 92 0.236145
73 92 0.277088
74 92 0.19974
75 92 0.0190797
76 92 -0.252556
77 92 -0.632968
78 92 -1.12068
79 92 -1.73192
80 92 -2.4847
81 92 -3.26854
82 92 -4.1067
83 92 -4.99812
84 92 -5.94549
85 92 -6.93955
86 92 -7.94679
87 92 -9.01859
88 92 -10.1792
89 92 -11.4326
90 92 -12.8705
91 92 -14.8668
92 92 -18.4168
93 92 -25.7804
94 92 -25.7804
95 92 -25.7804
96 92 -25.7804
97 92 -25.7804
98 92 -25.7804
99 92 -25.7804
100 92 -25.7804
101 92 -25.7804
102 92 -25.7804
103 92 -25.7804
104 92 -25.7804
105 92 -25.7804
106 92 -25.7804
107 92 -25.7804
108 92 -25.7804
109 92 -25.7804
110 92 -25.7804
111 92 -25.7804
112 92 -25.7804
113 92 -25.7804
114 92 -25.7804
115 92 -25.7804
116 92 -25.7804
117 92 -25.7804
118 92 -25.7804
119 92 -25.7804
0 93 -25.7804
1 93 -25.7804
2 93 -25.7804
3 93 -25.7804
4 93 -25.7804
5 93 -25.7804
6 93 -25.7804
7 93 -25.7804
8 93 -25.7804
9 93 -25.7804
10 93 -25.7804
11 93 -25.7804
12 93 -25.7804
13 93 -25.7804
14 93 -25.7804
15 93 -25.7804
16 93 -25.7804
17 93 -25.7804
18 93 -25.7804
19 93 -25.7804
20 93 -25.7804
21 93 -25.7804
22 93 -25.7804
23 93 -25.7804
24 93 -25.7804
25 93 -25.7804
26 93 -25.7804
27 93 -25.7804
28 93 -25.7804
29 93 -25.7804
30 93 -25.7804
31 93 -25.7804
32 93 -23.9822
33 93 -19.4141
34 93 -16.959
35 93 -15.1465
36 93 -13.6388
37 93 -12.3768
38 93 -11.2589
39 93 -10.1686
40 93 -9.18575
41 93 -8.30257
42 93 -7.43801
43 93 -6.64435
44 93 -5.91288
45 93 -5.24426
46 93 -4.57729
47 93 -3.94993
48 93 -3.33791
49 93 -2.72782
50 93 -2.18518
51 93 -1.72007
52 93 -1.25693
53 93 -0.818406
54 93 -0.436573
55 93 -0.0443635
56 93 0.300046
57 93 0.610209
58 93 0.906621
59 93 1.13402
60 93 1.29244
61 93 1.35708
62 93 1.34991
63 93 1.22085
64 93 1.01216
65 93 0.843836
66 93 0.731991
67 93 0.662533
68 93 0.612267
69 93 0.560136
70 93 0.518874
71 93 0.529455
72 93 0.540596
73 93 0.585826
74 93 0.53977
75 93 0.394682
76 93 0.154866
77 93 -0.225159
78 93 -0.721394
79 93 -1.34179
80 93 -2.10695
81 93 -2.92698
82 93 -3.80331
83 93 -4.72069
84 93 -5.69845
85 93 -6.69541
86 93 -7.74757
87 93 -8.8288
88 93 -10.0176
89 93 -11.2224
90 93 -12.5988
91 93 -14.4502
92 93 -17.7843
93 93 -25.7804
94 93 -25.7804
95 93 -25.7804
96 93 -25.7804
97 93 -25.7804
98 93 -25.7804
99 93 -25.7804
100 93 -25.7804
101 93 -25.7804
102 93 -25.7804
103 93 -25.7804
104 93 -25.7804
105 93 -25.7804
106 93 -25.7804
107 93 -25.7804
108 93 -25.7804
109 93 -25.7804
110 93 -25.7804
111 93 -25.7804
112 93 -25.7804
113 93 -25.7804
114 93 -25.7804
115 93 -25.7804
116 93 -25.7804
117 93 -25.7804
118 93 -25.7804
119 93 -25.7804
0 94 -25.7804
1 94 -25.7804
2 94 -25.7804
3 94 -25.7804
4 94 -25.7804
5 94 -25.7804
6 94 -25.7804
7 94 -25.7804
8 94 -25.7804
9 94 -25.7804
10 94 -25.7804
11 94 -25.7804
12 94 -25.7804
13 94 -25.7804
14 94 -25.7804
15 94 -25.7804
16 94 -25.7804
17 94 -25.7804
18 94 -25.7804
19 94 -25.7804
20 94 -25.7804
21 94 -25.7804
22 94 -25.7804
23 94 -25.7804
24 94 -25.7804
25 94 -25.7804
26 94 -25.7804
27 94 -25.7804
28 94 -25.7804
29 94 -25.7804
30 94 -25.7804
31 94 -25.7804
32 94 -25.5804
33 94 -20.0968
34 94 -17.0756
35 94 -15.2356
36 94 -13.7477
37 94 -12.4289
38 94 -11.2952
39 94 -10.2024
40 94 -9.16901
41 94 -8.22575
42 94 -7.35254
43 94 -6.5276
44 94 -5.76577
45 94 -5.04275
46 94 -4.36648
47 94 -3.70582
48 94 -3.05198
49 94 -2.46455
50 94 -1.91081
51 94 -1.4206
52 94 -0.945486
53 94 -0.507272
54 94 -0.122807
55 94 0.247525
56 94 0.584311
57 94 0.891527
58 94 1.17638
59 94 1.41778
60 94 1.57978
61 94 1.64966
62 94 1.67608
63 94 1.57634
64 94 1.40876
65 94 1.27961
66 94 1.18472
67 94 1.12229
68 94 1.03731
69 94 0.964236
70 94 0.909721
71 94 0.877481
72 94 0.844103
73 94 0.846897
74 94 0.852486
75 94 0.754615
76 94 0.5165
77 94 0.167392
78 94 -0.319757
79 94 -0.95032
80 94 -1.71515
81 94 -2.54361
82 94 -3.46034
83 94 -4.43767
84 94 -5.47077
85 94 -6.49853
86 94 -7.57778
87 94 -8.68035
88 94 -9.83439
89 94 -10.9986
90 94 -12.2814
91 94 -13.9651
92 94 -16.9011
93 94 -22.8196
94 94 -25.7804
95 94 -25.7804
96 94 -25.7804
97 94 -25.7804
98 94 -25.7804
99 94 -25.7804
100 94 -25.7804
101 94 -25.7804
102 94 -25.7804
103 94 -25.7804
104 94 -25.7804
105 94 -25.7804
106 94 -25.7804
107 94 -25.7804
108 94 -25.7804
109 94 -25.7804
110 94 -25.7804
111 94 -25.7804
112 94 -25.7804
113 94 -25.7804
114 94 -25.7804
115 94 -25.7804
116 94 -25.7804
117 94 -25.7804
118 94 -25.7804
119 94 -25.7804
0 95 -25.7804
1 95 -25.7804
2 95 -25.7804
3 95 -25.7804
4 95 -25.7804
5 95 -25.7804
6 95 -25.7804
7 95 -25.7804
8 95 -25.7804
9 95 -25.7804
10 95 -25.7804
11 95 -25.7804
12 95 -25.7804
13 95 -25.7804
14 95 -25.7804
15 95 -25.7804
16 95 -25.7804
17 95 -25.7804
18 95 -25.7804
19 95 -25.7804
20 95 -25.7804
21 95 -25.7804
22 95 -25.7804
23 95 -25.7804
24 95 -25.7804
25 95 -25.7804
26 95 -25.7804
27 95 -25.7804
28 95 -25.7804
29 95 -25.7804
30 95 -25.7804
31 95 -25.7804
32 95 -25.7804
33 95 -21.0037
34 95 -17.3811
35 95 -15.2198
36 95 -13.7343
37 95 -12.4115
38 95 -11.2709
39 95 -10.1515
40 95 -9.09998
41 95 -8.13951
42 95 -7.21528
43 95 -6.35533
44 95 -5.57416
45 95 -4.83303
46 95 -4.12174
47 95 -3.42612
48 95 -2.77929
49 95 -2.13548
50 95 -1.5544
51 95 -1.02775
52 95 -0.545503
53 95 -0.110695
54 95 0.243496
55 95 0.582381
56 95 0.88569
57 95 1.17769
58 95 1.46046
59 95 1.7008
60 95 1.86786
61 95 1.95492
62 95 1.98717
63 95 1.92477
64 95 1.78389
65 95 1.69687
66 95 1.59762
67 95 1.51326
68 95 1.42834
69 95 1.35492
70 95 1.26893
71 95 1.21137
72 95 1.19625
73 95 1.15734
74 95 1.15739
75 95 1.07455
76 95 0.895573
77 95 0.553696
78 95 0.0863449
79 95 -0.553233
80 95 -1.31702
81 95 -2.17434
82 95 -3.11279
83 95 -4.13094
84 95 -5.19536
85 95 -6.28952
86 95 -7.37766
87 95 -8.49697
88 95 -9.63
89 95 -10.7798
90 95 -12.0686
91 95 -13.6297
92 95 -21.1204
93 95 -25.7804
94 95 -25.7804
95 95 -25.7804
96 95 -25.7804
97 95 -25.7804
98 95 -25.7804
99 95 -25.7804
100 95 -25.7804
101 95 -25.7804
102 95 -25.7804
103 95 -25.7804
104 95 -25.7804
105 95 -25.7804
106 95 -25.7804
107 95 -25.7804
108 95 -25.7804
109 95 -25.7804
110 95 -25.7804
111 95 -25.7804
112 95 -25.7804
113 95 -25.7804
114 95 -25.7804
115 95 -25.7804
116 95 -25.7804
117 95 -25.7804
118 95 -25.7804
119 95 -25.7804
0 96 -25.7804
1 96 -25.7804
2 96 -25.7804
3 96 -25.7804
4 96 -25.7804
5 96 -25.7804
6 96 -25.7804
7 96 -25.7804
8 96 -25.7804
9 96 -25.7804
10 96 -25.7804
11 96 -25.7804
12 96 -25.7804
13 96 -25.7804
14 96 -25.7804
15 96 -25.7804
16 96 -25.7804
17 96 -25.7804
18 96 -25.7804
19 96 -25.7804
20 96 -25.7804
21 96 -25.7804
22 96 -25.7804
23 96 -25.7804
24 96 -25.7804
25 96 -25.7804
26 96 -25.7804
27 96 -25.7804
28 96 -25.7804
29 96 -25.7804
30 96 -25.7804
31 96 -25.7804
32 96 -25.7804
33 96 -22.2919
34 96 -17.7734
35 96 -15.2447
36 96 -13.639
37 96 -12.349
38 96 -11.1759
39 96 -10.0399
40 96 -8.97543
41 96 -7.99157
42 96 -7.05216
43 96 -6.18078
44 96 -5.37727
45 96 -4.62528
46 96 -3.85948
47 96 -3.16957
48 96 -2.3848
49 96 -1.71271
50 96 -1.0942
51 96 -0.549313
52 96 -0.0723612
53 96 0.343429
54 96 0.673081
55 96 0.979664
56 96 1.23763
57 96 1.48547
58 96 1.73226
59 96 1.96777
60 96 2.14485
61 96 2.24434
62 96 2.29458
63 96 2.25937
64 96 2.16336
65 96 2.08139
66 96 1.99661
67 96 1.92468
68 96 1.84972
69 96 1.75869
70 96 1.6861
71 96 1.58947
72 96 1.55355
73 96 1.52091
74 96 1.51653
75 96 1.43371
76 96 1.25682
77 96 0.944174
78 96 0.500828
79 96 -0.163639
80 96 -0.934063
81 96 -1.79007
82 96 -2.75119
83 96 -3.82169
84 96 -4.92941
85 96 -6.02055
86 96 -7.09404
87 96 -8.20892
88 96 -9.34406
89 96 -10.5058
90 96 -11.8546
91 96 -14.0276
92 96 -24.5144
93 96 -25.7804
94 96 -25.7804
95 96 -25.7804
96 96 -25.7804
97 96 -25.7804
98 96 -25.7804
99 96 -25.7804
100 96 -25.7804
101 96 -25.7804
102 96 -25.7804
103 96 -25.7804
104 96 -25.7804
105 96 -25.7804
106 96 -25.7804
107 96 -25.7804
108 96 -25.7804
109 96 -25.7804
110 96 -25.7804
111 96 -25.7804
112 96 -25.7804
113 96 -25.7804
114 96 -25.7804
115 96 -25.7804
116 96 -25.7804
117 96 -25.7804
118 96 -25.7804
119 96 -25.7804
0 97 -25.7804
1 97 -25.7804
2 97 -25.7804
3 97 -25.7804
4 97 -25.7804
5 97 -25.7804
6 97 -25.7804
7 97 -25.7804
8 97 -25.7804
9 97 -25.7804
10 97 -25.7804
11 97 -25.7804
12 97 -25.7804
13 97 -25.7804
14 97 -25.7804
15 97 -25.7804
16 97 -25.7804
17 97 -25.7804
18 97 -25.7804
19 97 -25.7804
20 97 -25.7804
21 97 -25.7804
22 97 -25.7804
23 97 -25.7804
24 97 -25.7804
25 97 -25.7804
26 97 -25.7804
27 97 -25.7804
28 97 -25.7804
29 97 -25.7804
30 97 -25.7804
31 97 -25.7804
32 97 -25.7804
33 97 -23.7809
34 97 -18.3421
35 97 -15.3184
36 97 -13.563
37 97 -12.2345
38 97 -11.0363
39 97 -9.90344
40 97 -8.80753
41 97 -7.80343
42 97 -6.8526
43 97 -5.98543
44 97 -5.17195
45 97 -4.35645
46 97 -3.61875
47 97 -2.7397
48 97 -1.87854
49 97 -1.13398
50 97 -0.514325
51 97 0.0565477
52 97 0.514386
53 97 0.893627
54 97 1.18054
55 97 1.43742
56 97 1.6916
57 97 1.93201
58 97 2.17383
59 97 2.37585
60 97 2.54245
61 97 2.64603
62 97 2.67712
63 97 2.62161
64 97 2.54409
65 97 2.48147
66 97 2.39342
67 97 2.31899
68 97 2.25911
69 97 2.18581
70 97 2.1092
71 97 2.02526
72 97 1.94934
73 97 1.92608
74 97 1.92644
75 97 1.83855
76 97 1.64077
77 97 1.32997
78 97 0.883289
79 97 0.239954
80 97 -0.544922
81 97 -1.41002
82 97 -2.36663
83 97 -3.47812
84 97 -4.61191
85 97 -5.71003
86 97 -6.81012
87 97 -7.91218
88 97 -9.02605
89 97 -10.1448
90 97 -11.4163
91 97 -13.5925
92 97 -18.7048
93 97 -25.7804
94 97 -25.7804
95 97 -25.7804
96 97 -25.7804
97 97 -25.7804
98 97 -25.7804
99 97 -25.7804
100 97 -25.7804
101 97 -25.7804
102 97 -25.7804
103 97 -25.7804
104 97 -25.7804
105 97 -25.7804
106 97 -25.7804
107 97 -25.7804
108 97 -25.7804
109 97 -25.7804
110 97 -25.7804
111 97 -25.7804
112 97 -25.7804
113 97 -25.7804
114 97 -25.7804
115 97 -25.7804
116 97 -25.7804
117 97 -25.7804
118 97 -25.7804
119 97 -25.7804
0 98 -25.7804
1 98 -25.7804
2 98 -25.7804
3 98 -25.7804
4 98 -25.7804
5 98 -25.7804
6 98 -25.7804
7 98 -25.7804
8 98 -25.7804
9 98 -25.7804
10 98 -25.7804
11 98 -25.7804
12 98 -25.7804
13 98 -25.7804
14 98 -25.7804
15 98 -25.7804
16 98 -25.7804
17 98 -25.7804
18 98 -25.7804
19 98 -25.7804
20 98 -25.7804
21 98 -25.7804
22 98 -25.7804
23 98 -25.7804
24 98 -25.7804
25 98 -25.7804
26 98 -25.7804
27 98 -25.7804
28 98 -25.7804
29 98 -25.7804
30 98 -25.7804
31 98 -25.7804
32 98 -25.7804
33 98 -25.7804
34 98 -19.4219
35 98 -15.631
36 98 -13.5442
37 98 -12.0891
38 98 -10.9251
39 98 -9.75641
40 98 -8.63985
41 98 -7.61106
42 98 -6.66828
43 98 -5.7885
44 98 -4.95964
45 98 -4.14623
46 98 -3.19931
47 98 -2.17282
48 98 -1.21892
49 98 -0.450306
50 98 0.20697
51 98 0.768274
52 98 1.17777
53 98 1.50746
54 98 1.81961
55 98 2.07775
56 98 2.28843
57 98 2.50059
58 98 2.72823
59 98 2.9367
60 98 3.04651
61 98 3.06977
62 98 3.07195
63 98 3.00166
64 98 2.92931
65 98 2.85721
66 98 2.78919
67 98 2.72069
68 98 2.67238
69 98 2.61242
70 98 2.55811
71 98 2.48311
72 98 2.4016
73 98 2.36353
74 98 2.35763
75 98 2.26911
76 98 2.0789
77 98 1.76884
78 98 1.30453
79 98 0.690352
80 98 -0.0958444
81 98 -0.974838
82 98 -1.95219
83 98 -3.07578
84 98 -4.28496
85 98 -5.44087
86 98 -6.56075
87 98 -7.68559
88 98 -8.75321
89 98 -9.83444
90 98 -10.8663
91 98 -16.1347
92 98 -25.7804
93 98 -25.7804
94 98 -25.7804
95 98 -25.7804
96 98 -25.7804
97 98 -25.7804
98 98 -25.7804
99 98 -25.7804
100 98 -25.7804
101 98 -25.7804
102 98 -25.7804
103 98 -25.7804
104 98 -25.7804
105 98 -25.7804
106 98 -25.7804
107 98 -25.7804
108 98 -25.7804
109 98 -25.7804
110 98 -25.7804
111 98 -25.7804
112 98 -25.7804
113 98 -25.7804
114 98 -25.7804
115 98 -25.7804
116 98 -25.7804
117 98 -25.7804
118 98 -25.7804
119 98 -25.7804
0 99 -25.7804
1 99 -25.7804
2 99 -25.7804
3 99 -25.7804
4 99 -25.7804
5 99 -25.7804
6 99 -25.7804
7 99 -25.7804
8 99 -25.7804
9 99 -25.7804
10 99 -25.7804
11 99 -25.7804
12 99 -25.7804
13 99 -25.7804
14 99 -25.7804
15 99 -25.7804
16 99 -25.7804
17 99 -25.7804
18 99 -25.7804
19 99 -25.7804
20 99 -25.7804
21 99 -25.7804
22 99 -25.7804
23 99 -25.7804
24 99 -25.7804
25 99 -25.7804
26 99 -25.7804
27 99 -25.7804
28 99 -25.7804
29 99 -25.7804
30 99 -25.7804
31 99 -25.7804
32 99 -25.7804
33 99 -25.7804
34 99 -21.385
35 99 -16.2206
36 99 -13.6476
37 99 -11.9538
38 99 -10.7401
39 99 -9.55374
40 99 -8.40232
41 99 -7.38639
42 99 -6.45527
43 99 -5.5964
44 99 -4.75975
45 99 -3.79687
46 99 -2.59996
47 99 -1.40326
48 99 -0.457664
49 99 0.396811
50 99 1.12087
51 99 1.66057
52 99 2.09217
53 99 2.42965
54 99 2.69921
55 99 2.92333
56 99 3.11805
57 99 3.2911
58 99 3.43599
59 99 3.50516
60 99 3.56222
61 99 3.50642
62 99 3.46069
63 99 3.38754
64 99 3.32453
65 99 3.24843
66 99 3.18435
67 99 3.11824
68 99 3.08024
69 99 3.02792
70 99 2.98698
71 99 2.93347
72 99 2.87716
73 99 2.82084
74 99 2.82729
75 99 2.74546
76 99 2.55425
77 99 2.24128
78 99 1.77018
79 99 1.14952
80 99 0.392116
81 99 -0.480937
82 99 -1.50425
83 99 -2.66653
84 99 -3.88686
85 99 -5.15628
86 99 -6.33256
87 99 -7.42188
88 99 -8.51406
89 99 -9.68146
90 99 -10.9143
91 99 -19.1713
92 99 -25.7804
93 99 -25.7804
94 99 -25.7804
95 99 -25.7804
96 99 -25.7804
97 99 -25.7804
98 99 -25.7804
99 99 -25.7804
100 99 -25.7804
101 99 -25.7804
102 99 -25.7804
103 99 -25.7804
104 99 -25.7804
105 99 -25.7804
106 99 -25.7804
107 99 -25.7804
108 99 -25.7804
109 99 -25.7804
110 99 -25.7804
111 99 -25.7804
112 99 -25.7804
113 99 -25.7804
114 99 -25.7804
115 99 -25.7804
116 99 -25.7804
117 99 -25.7804
118 99 -25.7804
119 99 -25.7804
0 100 -25.7804
1 100 -25.7804
2 100 -25.7804
3 100 -25.7804
4 100 -25.7804
5 100 -25.7804
6 100 -25.7804
7 100 -25.7804
8 100 -25.7804
9 100 -25.7804
10 100 -25.7804
11 100 -25.7804
12 100 -25.7804
13 100 -25.7804
14 100 -25.7804
15 100 -25.7804
16 100 -25.7804
17 100 -25.7804
18 100 -25.7804
19 100 -25.7804
20 100 -25.7804
21 100 -25.7804
22 100 -25.7804
23 100 -25.7804
24 100 -25.7804
25 100 -25.7804
26 100 -25.7804
27 100 -25.7804
28 100 -25.7804
29 100 -25.7804
30 100 -25.7804
31 100 -25.7804
32 100 -25.7804
33 100 -25.7804
34 100 -23.8249
35 100 -16.8836
36 100 -13.8546
37 100 -11.9433
38 100 -10.5812
39 100 -9.34856
40 100 -8.18951
41 100 -7.15797
42 100 -6.21759
43 100 -5.43093
44 100 -4.42122
45 100 -3.13224
46 100 -1.68348
47 100 -0.499501
48 100 0.527377
49 100 1.38747
50 100 2.08973
51 100 2.57883
52 100 2.9676
53 100 3.29208
54 100 3.52743
55 100 3.73957
56 100 3.90201
57 100 4.01159
58 100 4.07977
59 100 4.08849
60 100 4.07463
61 100 3.97704
62 100 3.88816
63 100 3.78479
64 100 3.70177
65 100 3.63282
66 100 3.5901
67 100 3.53838
68 100 3.50552
69 100 3.45075
70 100 3.41971
71 100 3.38511
72 100 3.34887
73 100 3.32725
74 100 3.33582
75 100 3.23974
76 100 3.01841
77 100 2.68243
78 100 2.22933
79 100 1.60515
80 100 0.864523
81 100 0.0263117
82 100 -0.98928
83 100 -2.15903
84 100 -3.46278
85 100 -4.76078
86 100 -5.99725
87 100 -7.21454
88 100 -8.3026
89 100 -9.42554
90 100 -11.3089
91 100 -25.7804
92 100 -25.7804
93 100 -25.7804
94 100 -25.7804
95 100 -25.7804
96 100 -25.7804
97 100 -25.7804
98 100 -25.7804
99 100 -25.7804
100 100 -25.7804
101 100 -25.7804
102 100 -25.7804
103 100 -25.7804
104 100 -25.7804
105 100 -25.7804
106 100 -25.7804
107 100 -25.7804
108 100 -25.7804
109 100 -25.7804
110 100 -25.7804
111 100 -25.7804
112 100 -25.7804
113 100 -25.7804
114 100 -25.7804
115 100 -25.7804
116 100 -25.7804
117 100 -25.7804
118 100 -25.7804
119 100 -25.7804
0 101 -25.7804
1 101 -25.7804
2 101 -25.7804
3 101 -25.7804
4 101 -25.7804
5 101 -25.7804
6 101 -25.7804
7 101 -25.7804
8 101 -25.7804
9 101 -25.7804
10 101 -25.7804
11 101 -25.7804
12 101 -25.7804
13 101 -25.7804
14 101 -25.7804
15 101 -25.7804
16 101 -25.7804
17 101 -25.7804
18 101 -25.7804
19 101 -25.7804
20 101 -25.7804
21 101 -25.7804
22 101 -25.7804
23 101 -25.7804
24 101 -25.7804
25 101 -25.7804
26 101 -25.7804
27 101 -25.7804
28 101 -25.7804
29 101 -25.7804
30 101 -25.7804
31 101 -25.7804
32 101 -25.7804
33 101 -25.7804
34 101 -25.7804
35 101 -18.2002
36 101 -14.0904
37 101 -11.9222
38 101 -10.5156
39 101 -9.18664
40 101 -7.96086
41 101 -6.91738
42 101 -6.05014
43 101 -5.18574
44 101 -3.74698
45 101 -2.03782
46 101 -0.566528
47 101 0.618406
48 101 1.56317
49 101 2.35146
50 101 2.99393
51 101 3.44698
52 101 3.80122
53 101 4.08872
54 101 4.3058
55 101 4.46077
56 101 4.55949
57 101 4.61247
58 101 4.60784
59 101 4.55083
60 101 4.46089
61 101 4.33329
62 101 4.21277
63 101 4.13253
64 101 4.05906
65 101 4.01833
66 101 3.992
67 101 3.95206
68 101 3.91399
69 101 3.88911
70 101 3.87194
71 101 3.83005
72 101 3.83715
73 101 3.82605
74 101 3.80953
75 101 3.69834
76 101 3.47545
77 101 3.12814
78 101 2.64068
79 101 2.05508
80 101 1.33534
81 101 0.508173
82 101 -0.458134
83 101 -1.59571
84 101 -2.90795
85 101 -4.36211
86 101 -5.66879
87 101 -6.93883
88 101 -8.08944
89 101 -9.28503
90 101 -11.7349
91 101 -25.7804
92 101 -25.7804
93 101 -25.7804
94 101 -25.7804
95 101 -25.7804
96 101 -25.7804
97 101 -25.7804
98 101 -25.7804
99 101 -25.7804
100 101 -25.7804
101 101 -25.7804
102 101 -25.7804
103 101 -25.7804
104 101 -25.7804
105 101 -25.7804
106 101 -25.7804
107 101 -25.7804
108 101 -25.7804
109 101 -25.7804
110 101 -25.7804
111 101 -25.7804
112 101 -25.7804
113 101 -25.7804
114 101 -25.7804
115 101 -25.7804
116 101 -25.7804
117 101 -25.7804
118 101 -25.7804
119 101 -25.7804
0 102 -25.7804
1 102 -25.7804
2 102 -25.7804
3 102 -25.7804
4 102 -25.7804
5 102 -25.7804
6 102 -25.7804
7 102 -25.7804
8 102 -25.7804
9 102 -25.7804
10 102 -25.7804
11 102 -25.7804
12 102 -25.7804
13 102 -25.7804
14 102 -25.7804
15 102 -25.7804
16 102 -25.7804
17 102 -25.7804
18 102 -25.7804
19 102 -25.7804
20 102 -25.7804
21 102 -25.7804
22 102 -25.7804
23 102 -25.7804
24 102 -25.7804
25 102 -25.7804
26 102 -25.7804
27 102 -25.7804
28 102 -25.7804
29 102 -25.7804
30 102 -25.7804
31 102 -25.7804
32 102 -25.7804
33 102 -25.7804
34 102 -25.7804
35 102 -20.2471
36 102 -14.2494
37 102 -11.8723
38 102 -10.4567
39 102 -9.04054
40 102 -7.73408
41 102 -6.63686
42 102 -5.83891
43 102 -4.56986
44 102 -2.51973
45 102 -0.711622
46 102 0.63089
47 102 1.71806
48 102 2.56399
49 102 3.27208
50 102 3.84297
51 102 4.23966
52 102 4.55666
53 102 4.80063
54 102 4.97502
55 102 5.07946
56 102 5.11443
57 102 5.12296
58 102 5.04027
59 102 4.90992
60 102 4.78242
61 102 4.6757
62 102 4.57538
63 102 4.49813
64 102 4.4437
65 102 4.41339
66 102 4.38953
67 102 4.37469
68 102 4.34396
69 102 4.32919
70 102 4.31116
71 102 4.29381
72 102 4.31441
73 102 4.27434
74 102 4.23032
75 102 4.12668
76 102 3.89692
77 102 3.54432
78 102 3.07518
79 102 2.47874
80 102 1.77915
81 102 0.982958
82 102 0.0473323
83 102 -1.05235
84 102 -2.30909
85 102 -3.77095
86 102 -5.29445
87 102 -6.77409
88 102 -8.12324
89 102 -9.33151
90 102 -12.7334
91 102 -25.7804
92 102 -25.7804
93 102 -25.7804
94 102 -25.7804
95 102 -25.7804
96 102 -25.7804
97 102 -25.7804
98 102 -25.7804
99 102 -25.7804
100 102 -25.7804
101 102 -25.7804
102 102 -25.7804
103 102 -25.7804
104 102 -25.7804
105 102 -25.7804
106 102 -25.7804
107 102 -25.7804
108 102 -25.7804
109 102 -25.7804
110 102 -25.7804
111 102 -25.7804
112 102 -25.7804
113 102 -25.7804
114 102 -25.7804
115 102 -25.7804
116 102 -25.7804
117 102 -25.7804
118 102 -25.7804
119 102 -25.7804
0 103 -25.7804
1 103 -25.7804
2 103 -25.7804
3 103 -25.7804
4 103 -25.7804
5 103 -25.7804
6 103 -25.7804
7 103 -25.7804
8 103 -25.7804
9 103 -25.7804
10 103 -25.7804
11 103 -25.7804
12 103 -25.7804
13 103 -25.7804
14 103 -25.7804
15 103 -25.7804
16 103 -25.7804
17 103 -25.7804
18 103 -25.7804
19 103 -25.7804
20 103 -25.7804
21 103 -25.7804
22 103 -25.7804
23 103 -25.7804
24 103 -25.7804
25 103 -25.7804
26 103 -25.7804
27 103 -25.7804
28 103 -25.7804
29 103 -25.7804
30 103 -25.7804
31 103 -25.7804
32 103 -25.7804
33 103 -25.7804
34 103 -25.7804
35 103 -23.1425
36 103 -14.4362
37 103 -11.7742
38 103 -10.4149
39 103 -8.86191
40 103 -7.44909
41 103 -6.35191
42 103 -5.32763
43 103 -3.25507
44 103 -1.07015
45 103 0.523037
46 103 1.73667
47 103 2.72545
48 103 3.47249
49 103 4.10211
50 103 4.60058
51 103 4.93365
52 103 5.21109
53 103 5.41651
54 103 5.53126
55 103 5.61502
56 103 5.60771
57 103 5.5191
58 103 5.39209
59 103 5.28486
60 103 5.16795
61 103 5.05593
62 103 4.96486
63 103 4.88183
64 103 4.83278
65 103 4.8142
66 103 4.7951
67 103 4.77922
68 103 4.78942
69 103 4.75953
70 103 4.76499
71 103 4.77322
72 103 4.75477
73 103 4.70573
74 103 4.63866
75 103 4.52314
76 103 4.29491
77 103 3.95422
78 103 3.4932
79 103 2.90864
80 103 2.21272
81 103 1.47026
82 103 0.562983
83 103 -0.486808
84 103 -1.65174
85 103 -3.03955
86 103 -4.61388
87 103 -6.32421
88 103 -7.99474
89 103 -9.12577
90 103 -25.7804
91 103 -25.7804
92 103 -25.7804
93 103 -25.7804
94 103 -25.7804
95 103 -25.7804
96 103 -25.7804
97 103 -25.7804
98 103 -25.7804
99 103 -25.7804
100 103 -25.7804
101 103 -25.7804
102 103 -25.7804
103 103 -25.7804
104 103 -25.7804
105 103 -25.7804
106 103 -25.7804
107 103 -25.7804
108 103 -25.7804
109 103 -25.7804
110 103 -25.7804
111 103 -25.7804
112 103 -25.7804
113 103 -25.7804
114 103 -25.7804
115 103 -25.7804
116 103 -25.7804
117 103 -25.7804
118 103 -25.7804
119 103 -25.7804
0 104 -25.7804
1 104 -25.7804
2 104 -25.7804
3 104 -25.7804
4 104 -25.7804
5 104 -25.7804
6 104 -25.7804
7 104 -25.7804
8 104 -25.7804
9 104 -25.7804
10 104 -25.7804
11 104 -25.7804
12 104 -25.7804
13 104 -25.7804
14 104 -25.7804
15 104 -25.7804
16 104 -25.7804
17 104 -25.7804
18 104 -25.7804
19 104 -25.7804
20 104 -25.7804
21 104 -25.7804
22 104 -25.7804
23 104 -25.7804
24 104 -25.7804
25 104 -25.7804
26 104 -25.7804
27 104 -25.7804
28 104 -25.7804
29 104 -25.7804
30 104 -25.7804
31 104 -25.7804
32 104 -25.7804
33 104 -25.7804
34 104 -25.7804
35 104 -25.7804
36 104 -16.1071
37 104 -11.8908
38 104 -10.5231
39 104 -8.76155
40 104 -7.12289
41 104 -6.12308
42 104 -4.19908
43 104 -1.58491
44 104 0.244566
45 104 1.68781
46 104 2.74848
47 104 3.64478
48 104 4.32192
49 104 4.87378
50 104 5.29145
51 104 5.57415
52 104 5.79962
53 104 5.95563
54 104 6.04824
55 104 6.07675
56 104 6.04379
57 104 5.94552
58 104 5.83472
59 104 5.72868
60 104 5.60371
61 104 5.48455
62 104 5.3851
63 104 5.30815
64 104 5.25446
65 104 5.22703
66 104 5.2239
67 104 5.21065
68 104 5.21726
69 104 5.22074
70 104 5.22546
71 104 5.20885
72 104 5.172
73 104 5.09824
74 104 5.01337
75 104 4.89961
76 104 4.67054
77 104 4.34238
78 104 3.89567
79 104 3.33053
80 104 2.65313
81 104 1.92552
82 104 1.10105
83 104 0.0873365
84 104 -1.01305
85 104 -2.27262
86 104 -3.73329
87 104 -5.4212
88 104 -7.1042
89 104 -8.52909
90 104 -25.7804
91 104 -25.7804
92 104 -25.7804
93 104 -25.7804
94 104 -25.7804
95 104 -25.7804
96 104 -25.7804
97 104 -25.7804
98 104 -25.7804
99 104 -25.7804
100 104 -25.7804
101 104 -25.7804
102 104 -25.7804
103 104 -25.7804
104 104 -25.7804
105 104 -25.7804
106 104 -25.7804
107 104 -25.7804
108 104 -25.7804
109 104 -25.7804
110 104 -25.7804
111 104 -25.7804
112 104 -25.7804
113 104 -25.7804
114 104 -25.7804
115 104 -25.7804
116 104 -25.7804
117 104 -25.7804
118 104 -25.7804
119 104 -25.7804
0 105 -25.7804
1 105 -25.7804
2 105 -25.7804
3 105 -25.7804
4 105 -25.7804
5 105 -25.7804
6 105 -25.7804
7 105 -25.7804
8 105 -25.7804
9 105 -25.7804
10 105 -25.7804
11 105 -25.7804
12 105 -25.7804
13 105 -25.7804
14 105 -25.7804
15 105 -25.7804
16 105 -25.7804
17 105 -25.7804
18 105 -25.7804
19 105 -25.7804
20 105 -25.7804
21 105 -25.7804
22 105 -25.7804
23 105 -25.7804
24 105 -25.7804
25 105 -25.7804
26 105 -25.7804
27 105 -25.7804
28 105 -25.7804
29 105 -25.7804
30 105 -25.7804
31 105 -25.7804
32 105 -25.7804
33 105 -25.7804
34 105 -25.7804
35 105 -25.7804
36 105 -17.7076
37 105 -12.0692
38 105 -10.6831
39 105 -8.698
40 105 -6.88446
41 105 -5.22443
42 105 -2.45505
43 105 -0.140661
44 105 1.46179
45 105 2.7395
46 105 3.70864
47 105 4.49836
48 105 5.10322
49 105 5.56266
50 105 5.91696
51 105 6.13158
52 105 6.29872
53 105 6.42476
54 105 6.47302
55 105 6.47366
56 105 6.42546
57 105 6.34109
58 105 6.24186
59 105 6.15658
60 105 6.05409
61 105 5.95797
62 105 5.87472
63 105 5.7782
64 105 5.70344
65 105 5.65954
66 105 5.63934
67 105 5.62854
68 105 5.65852
69 105 5.67485
70 105 5.64891
71 105 5.61097
72 105 5.54801
73 105 5.46564
74 105 5.36363
75 105 5.23975
76 105 5.03985
77 105 4.71903
78 105 4.29702
79 105 3.73969
80 105 3.09685
81 105 2.37145
82 105 1.57144
83 105 0.668533
84 105 -0.399728
85 105 -1.59685
86 105 -2.87392
87 105 -4.40917
88 105 -6.07072
89 105 -7.51244
90 105 -25.7804
91 105 -25.7804
92 105 -25.7804
93 105 -25.7804
94 105 -25.7804
95 105 -25.7804
96 105 -25.7804
97 105 -25.7804
98 105 -25.7804
99 105 -25.7804
100 105 -25.7804
101 105 -25.7804
102 105 -25.7804
103 105 -25.7804
104 105 -25.7804
105 105 -25.7804
106 105 -25.7804
107 105 -25.7804
108 105 -25.7804
109 105 -25.7804
110 105 -25.7804
111 105 -25.7804
112 105 -25.7804
113 105 -25.7804
114 105 -25.7804
115 105 -25.7804
116 105 -25.7804
117 105 -25.7804
118 105 -25.7804
119 105 -25.7804
0 106 -25.7804
1 106 -25.7804
2 106 -25.7804
3 106 -25.7804
4 106 -25.7804
5 106 -25.7804
6 106 -25.7804
7 106 -25.7804
8 106 -25.7804
9 106 -25.7804
10 106 -25.7804
11 106 -25.7804
12 106 -25.7804
13 106 -25.7804
14 106 -25.7804
15 106 -25.7804
16 106 -25.7804
17 106 -25.7804
18 106 -25.7804
19 106 -25.7804
20 106 -25.7804
21 106 -25.7804
22 106 -25.7804
23 106 -25.7804
24 106 -25.7804
25 106 -25.7804
26 106 -25.7804
27 106 -25.7804
28 106 -25.7804
29 106 -25.7804
30 106 -25.7804
31 106 -25.7804
32 106 -25.7804
33 106 -25.7804
34 106 -25.7804
35 106 -25.7804
36 106 -25.7804
37 106 -13.06
38 106 -10.9974
39 106 -8.40981
40 106 -6.40416
41 106 -3.61049
42 106 -0.786287
43 106 1.13214
44 106 2.56091
45 106 3.70064
46 106 4.57311
47 106 5.28691
48 106 5.79084
49 106 6.16153
50 106 6.45338
51 106 6.6057
52 106 6.71575
53 106 6.80165
54 106 6.83606
55 106 6.82502
56 106 6.7773
57 106 6.70827
58 106 6.61926
59 106 6.53381
60 106 6.46434
61 106 6.38183
62 106 6.30823
63 106 6.23643
64 106 6.17386
65 106 6.13833
66 106 6.09485
67 106 6.08913
68 106 6.09513
69 106 6.0784
70 106 6.03878
71 106 5.99455
72 106 5.9311
73 106 5.81675
74 106 5.68194
75 106 5.56363
76 106 5.36971
77 106 5.06658
78 106 4.66806
79 106 4.13784
80 106 3.50142
81 106 2.8205
82 106 2.05397
83 106 1.17518
84 106 0.173691
85 106 -0.942782
86 106 -2.15401
87 106 -3.51717
88 106 -5.0325
89 106 -6.53213
90 106 -25.7804
91 106 -25.7804
92 106 -25.7804
93 106 -25.7804
94 106 -25.7804
95 106 -25.7804
96 106 -25.7804
97 106 -25.7804
98 106 -25.7804
99 106 -25.7804
100 106 -25.7804
101 106 -25.7804
102 106 -25.7804
103 106 -25.7804
104 106 -25.7804
105 106 -25.7804
106 106 -25.7804
107 106 -25.7804
108 106 -25.7804
109 106 -25.7804
110 106 -25.7804
111 106 -25.7804
112 106 -25.7804
113 106 -25.7804
114 106 -25.7804
115 106 -25.7804
116 106 -25.7804
117 106 -25.7804
118 106 -25.7804
119 106 -25.7804
0 107 -25.7804
1 107 -25.7804
2 107 -25.7804
3 107 -25.7804
4 107 -25.7804
5 107 -25.7804
6 107 -25.7804
7 107 -25.7804
8 107 -25.7804
9 107 -25.7804
10 107 -25.7804
11 107 -25.7804
12 107 -25.7804
13 107 -25.7804
14 107 -25.7804
15 107 -25.7804
16 107 -25.7804
17 107 -25.7804
18 107 -25.7804
19 107 -25.7804
20 107 -25.7804
21 107 -25.7804
22 107 -25.7804
23 107 -25.7804
24 107 -25.7804
25 107 -25.7804
26 107 -25.7804
27 107 -25.7804
28 107 -25.7804
29 107 -25.7804
30 107 -25.7804
31 107 -25.7804
32 107 -25.7804
33 107 -25.7804
34 107 -25.7804
35 107 -25.7804
36 107 -25.7804
37 107 -13.8119
38 107 -11.638
39 107 -8.56651
40 107 -4.95098
41 107 -1.58226
42 107 0.607512
43 107 2.27955
44 107 3.57287
45 107 4.5915
46 107 5.37188
47 107 5.96967
48 107 6.40192
49 107 6.70206
50 107 6.93363
51 107 6.99742
52 107 7.06973
53 107 7.13631
54 107 7.16323
55 107 7.1493
56 107 7.11153
57 107 7.04631
58 107 6.97394
59 107 6.90214
60 107 6.83249
61 107 6.77571
62 107 6.71873
63 107 6.65814
64 107 6.60647
65 107 6.57373
66 107 6.53775
67 107 6.51244
68 107 6.49376
69 107 6.45311
70 107 6.41999
71 107 6.35071
72 107 6.2535
73 107 6.13471
74 107 6.01535
75 107 5.86118
76 107 5.68048
77 107 5.40945
78 107 5.02819
79 107 4.54349
80 107 3.91396
81 107 3.24948
82 107 2.53358
83 107 1.70835
84 107 0.763978
85 107 -0.300773
86 107 -1.45328
87 107 -2.75483
88 107 -4.19777
89 107 -5.88436
90 107 -6.62727
91 107 -25.7804
92 107 -25.7804
93 107 -25.7804
94 107 -25.7804
95 107 -25.7804
96 107 -25.7804
97 107 -25.7804
98 107 -25.7804
99 107 -25.7804
100 107 -25.7804
101 107 -25.7804
102 107 -25.7804
103 107 -25.7804
104 107 -25.7804
105 107 -25.7804
106 107 -25.7804
107 107 -25.7804
108 107 -25.7804
109 107 -25.7804
110 107 -25.7804
111 107 -25.7804
112 107 -25.7804
113 107 -25.7804
114 107 -25.7804
115 107 -25.7804
116 107 -25.7804
117 107 -25.7804
118 107 -25.7804
119 107 -25.7804
0 108 -25.7804
1 108 -25.7804
2 108 -25.7804
3 108 -25.7804
4 108 -25.7804
5 108 -25.7804
6 108 -25.7804
7 108 -25.7804
8 108 -25.7804
9 108 -25.7804
10 108 -25.7804
11 108 -25.7804
12 108 -25.7804
13 108 -25.7804
14 108 -25.7804
15 108 -25.7804
16 108 -25.7804
17 108 -25.7804
18 108 -25.7804
19 108 -25.7804
20 108 -25.7804
21 108 -25.7804
22 108 -25.7804
23 108 -25.7804
24 108 -25.7804
25 108 -25.7804
26 108 -25.7804
27 108 -25.7804
28 108 -25.7804
29 108 -25.7804
30 108 -25.7804
31 108 -25.7804
32 108 -25.7804
33 108 -25.7804
34 108 -25.7804
35 108 -25.7804
36 108 -25.7804
37 108 -25.7804
38 108 -25.7804
39 108 -25.7804
40 108 -3.02225
41 108 -0.0970423
42 108 1.89304
43 108 3.34567
44 108 4.50256
45 108 5.37345
46 108 6.02967
47 108 6.57765
48 108 6.92948
49 108 7.17647
50 108 7.31377
51 108 7.37343
52 108 7.37211
53 108 7.40308
54 108 7.42766
55 108 7.44366
56 108 7.43063
57 108 7.37008
58 108 7.30406
59 108 7.23355
60 108 7.17906
61 108 7.13941
62 108 7.09913
63 108 7.05035
64 108 7.02194
65 108 6.98937
66 108 6.93844
67 108 6.90752
68 108 6.85874
69 108 6.80988
70 108 6.75651
71 108 6.68437
72 108 6.57844
73 108 6.46138
74 108 6.32458
75 108 6.15581
76 108 5.96567
77 108 5.72198
78 108 5.37975
79 108 4.90348
80 108 4.3065
81 108 3.68005
82 108 2.98135
83 108 2.17819
84 108 1.27661
85 108 0.26768
86 108 -0.823783
87 108 -2.07952
88 108 -3.51154
89 108 -5.32936
90 108 -7.19532
91 108 -25.7804
92 108 -25.7804
93 108 -25.7804
94 108 -25.7804
95 108 -25.7804
96 108 -25.7804
97 108 -25.7804
98 108 -25.7804
99 108 -25.7804
100 108 -25.7804
101 108 -25.7804
102 108 -25.7804
103 108 -25.7804
104 108 -25.7804
105 108 -25.7804
106 108 -25.7804
107 108 -25.7804
108 108 -25.7804
109 108 -25.7804
110 108 -25.7804
111 108 -25.7804
112 108 -25.7804
113 108 -25.7804
114 108 -25.7804
115 108 -25.7804
116 108 -25.7804
117 108 -25.7804
118 108 -25.7804
119 108 -25.7804
0 109 -25.7804
1 109 -25.7804
2 109 -25.7804
3 109 -25.7804
4 109 -25.7804
5 109 -25.7804
6 109 -25.7804
7 109 -25.7804
8 109 -25.7804
9 109 -25.7804
10 109 -25.7804
11 109 -25.7804
12 109 -25.7804
13 109 -25.7804
14 109 -25.7804
15 109 -25.7804
16 109 -25.7804
17 109 -25.7804
18 109 -25.7804
19 109 -25.7804
20 109 -25.7804
21 109 -25.7804
22 109 -25.7804
23 109 -25.7804
24 109 -25.7804
25 109 -25.7804
26 109 -25.7804
27 109 -25.7804
28 109 -25.7804
29 109 -25.7804
30 109 -25.7804
31 109 -25.7804
32 109 -25.7804
33 109 -25.7804
34 109 -25.7804
35 109 -25.7804
36 109 -25.7804
37 109 -25.7804
38 109 -25.7804
39 109 -5.78341
40 109 -0.613942
41 109 1.42663
42 109 3.0241
43 109 4.31475
44 109 5.29677
45 109 6.02936
46 109 6.60843
47 109 7.10717
48 109 7.41877
49 109 7.59248
50 109 7.73349
51 109 7.75843
52 109 7.73106
53 109 7.72943
54 109 7.69723
55 109 7.67747
56 109 7.67181
57 109 7.64029
58 109 7.57945
59 109 7.54127
60 109 7.49861
61 109 7.45945
62 109 7.41377
63 109 7.37739
64 109 7.3562
65 109 7.31742
66 109 7.29195
67 109 7.24959
68 109 7.19643
69 109 7.13853
70 109 7.06986
71 109 6.97681
72 109 6.87102
73 109 6.74981
74 109 6.59273
75 109 6.4317
76 109 6.22939
77 109 6.00234
78 109 5.69349
79 109 5.24572
80 109 4.69528
81 109 4.08375
82 109 3.40827
83 109 2.62566
84 109 1.76191
85 109 0.797118
86 109 -0.259777
87 109 -1.45844
88 109 -2.87824
89 109 -4.57703
90 109 -6.20827
91 109 -25.7804
92 109 -25.7804
93 109 -25.7804
94 109 -25.7804
95 109 -25.7804
96 109 -25.7804
97 109 -25.7804
98 109 -25.7804
99 109 -25.7804
100 109 -25.7804
101 109 -25.7804
102 109 -25.7804
103 109 -25.7804
104 109 -25.7804
105 109 -25.7804
106 109 -25.7804
107 109 -25.7804
108 109 -25.7804
109 109 -25.7804
110 109 -25.7804
111 109 -25.7804
112 109 -25.7804
113 109 -25.7804
114 109 -25.7804
115 109 -25.7804
116 109 -25.7804
117 109 -25.7804
118 109 -25.7804
119 109 -25.7804
0 110 -25.7804
1 110 -25.7804
2 110 -25.7804
3 110 -25.7804
4 110 -25.7804
5 110 -25.7804
6 110 -25.7804
7 110 -25.7804
8 110 -25.7804
9 110 -25.7804
10 110 -25.7804
11 110 -25.7804
12 110 -25.7804
13 110 -25.7804
14 110 -25.7804
15 110 -25.7804
16 110 -25.7804
17 110 -25.7804
18 110 -25.7804
19 110 -25.7804
20 110 -25.7804
21 110 -25.7804
22 110 -25.7804
23 110 -25.7804
24 110 -25.7804
25 110 -25.7804
26 110 -25.7804
27 110 -25.7804
28 110 -25.7804
29 110 -25.7804
30 110 -25.7804
31 110 -25.7804
32 110 -25.7804
33 110 -25.7804
34 110 -25.7804
35 110 -25.7804
36 110 -25.7804
37 110 -25.7804
38 110 -25.7804
39 110 -4.41538
40 110 0.614342
41 110 2.54857
42 110 3.97774
43 110 5.09505
44 110 5.937
45 110 6.57741
46 110 7.12137
47 110 7.58103
48 110 7.83995
49 110 8.04104
50 110 8.1507
51 110 8.15826
52 110 8.09153
53 110 8.06835
54 110 8.01865
55 110 7.99375
56 110 7.95318
57 110 7.89004
58 110 7.81995
59 110 7.78997
60 110 7.76781
61 110 7.72648
62 110 7.70459
63 110 7.6801
64 110 7.6478
65 110 7.61307
66 110 7.59587
67 110 7.54066
68 110 7.4917
69 110 7.42244
70 110 7.33957
71 110 7.23407
72 110 7.13395
73 110 6.98915
74 110 6.83277
75 110 6.6751
76 110 6.48865
77 110 6.2927
78 110 5.98514
79 110 5.56316
80 110 5.03075
81 110 4.43998
82 110 3.77891
83 110 3.02699
84 110 2.21085
85 110 1.27434
86 110 0.264089
87 110 -0.852674
88 110 -2.15865
89 110 -3.63567
90 110 -5.62786
91 110 -25.7804
92 110 -25.7804
93 110 -25.7804
94 110 -25.7804
95 110 -25.7804
96 110 -25.7804
97 110 -25.7804
98 110 -25.7804
99 110 -25.7804
100 110 -25.7804
101 110 -25.7804
102 110 -25.7804
103 110 -25.7804
104 110 -25.7804
105 110 -25.7804
106 110 -25.7804
107 110 -25.7804
108 110 -25.7804
109 110 -25.7804
110 110 -25.7804
111 110 -25.7804
112 110 -25.7804
113 110 -25.7804
114 110 -25.7804
115 110 -25.7804
116 110 -25.7804
117 110 -25.7804
118 110 -25.7804
119 110 -25.7804
0 111 -25.7804
1 111 -25.7804
2 111 -25.7804
3 111 -25.7804
4 111 -25.7804
5 111 -25.7804
6 111 -25.7804
7 111 -25.7804
8 111 -25.7804
9 111 -25.7804
10 111 -25.7804
11 111 -25.7804
12 111 -25.7804
13 111 -25.7804
14 111 -25.7804
15 111 -25.7804
16 111 -25.7804
17 111 -25.7804
18 111 -25.7804
19 111 -25.7804
20 111 -25.7804
21 111 -25.7804
22 111 -25.7804
23 111 -25.7804
24 111 -25.7804
25 111 -25.7804
26 111 -25.7804
27 111 -25.7804
28 111 -25.7804
29 111 -25.7804
30 111 -25.7804
31 111 -25.7804
32 111 -25.7804
33 111 -25.7804
34 111 -25.7804
35 111 -25.7804
36 111 -25.7804
37 111 -25.7804
38 111 -25.7804
39 111 -1.59698
40 111 1.99571
41 111 3.5906
42 111 4.79504
43 111 5.74834
44 111 6.49686
45 111 7.10621
46 111 7.56274
47 111 7.98494
48 111 8.30911
49 111 8.50522
50 111 8.61615
51 111 8.60487
52 111 8.50805
53 111 8.45934
54 111 8.39947
55 111 8.35245
56 111 8.27658
57 111 8.19879
58 111 8.09284
59 111 8.03585
60 111 7.97563
61 111 7.97151
62 111 7.94869
63 111 7.92318
64 111 7.89445
65 111 7.86459
66 111 7.83051
67 111 7.80862
68 111 7.75108
69 111 7.6758
70 111 7.58192
71 111 7.48394
72 111 7.36443
73 111 7.23847
74 111 7.08668
75 111 6.92553
76 111 6.74889
77 111 6.55384
78 111 6.27339
79 111 5.85108
80 111 5.3292
81 111 4.77223
82 111 4.13103
83 111 3.4124
84 111 2.62256
85 111 1.73292
86 111 0.773238
87 111 -0.274071
88 111 -1.46916
89 111 -2.80239
90 111 -4.48979
91 111 -7.61842
92 111 -25.7804
93 111 -25.7804
94 111 -25.7804
95 111 -25.7804
96 111 -25.7804
97 111 -25.7804
98 111 -25.7804
99 111 -25.7804
100 111 -25.7804
101 111 -25.7804
102 111 -25.7804
103 111 -25.7804
104 111 -25.7804
105 111 -25.7804
106 111 -25.7804
107 111 -25.7804
108 111 -25.7804
109 111 -25.7804
110 111 -25.7804
111 111 -25.7804
112 111 -25.7804
113 111 -25.7804
114 111 -25.7804
115 111 -25.7804
116 111 -25.7804
117 111 -25.7804
118 111 -25.7804
119 111 -25.7804
0 112 -25.7804
1 112 -25.7804
2 112 -25.7804
3 112 -25.7804
4 112 -25.7804
5 112 -25.7804
6 112 -25.7804
7 112 -25.7804
8 112 -25.7804
9 112 -25.7804
10 112 -25.7804
11 112 -25.7804
12 112 -25.7804
13 112 -25.7804
14 112 -25.7804
15 112 -25.7804
16 112 -25.7804
17 112 -25.7804
18 112 -25.7804
19 112 -25.7804
20 112 -25.7804
21 112 -25.7804
22 112 -25.7804
23 112 -25.7804
24 112 -25.7804
25 112 -25.7804
26 112 -25.7804
27 112 -25.7804
28 112 -25.7804
29 112 -25.7804
30 112 -25.7804
31 112 -25.7804
32 112 -25.7804
33 112 -25.7804
34 112 -25.7804
35 112 -25.7804
36 112 -25.7804
37 112 -25.7804
38 112 -3.27442
39 112 1.21298
40 112 3.33542
41 112 4.48479
42 112 5.50542
43 112 6.34644
44 112 6.99367
45 112 7.53347
46 112 8.0056
47 112 8.46141
48 112 8.81667
49 112 9.05392
50 112 9.14318
51 112 9.10878
52 112 8.99406
53 112 8.92401
54 112 8.84561
55 112 8.7697
56 112 8.66672
57 112 8.54005
58 112 8.42071
59 112 8.32782
60 112 8.24287
61 112 8.1888
62 112 8.14767
63 112 8.13293
64 112 8.11827
65 112 8.08392
66 112 8.06042
67 112 8.02007
68 112 7.96988
69 112 7.89593
70 112 7.80031
71 112 7.71004
72 112 7.60963
73 112 7.4846
74 112 7.32975
75 112 7.15834
76 112 6.98971
77 112 6.8143
78 112 6.55253
79 112 6.1461
80 112 5.63413
81 112 5.10043
82 112 4.48164
83 112 3.79227
84 112 3.02233
85 112 2.16134
86 112 1.24042
87 112 0.212079
88 112 -0.865894
89 112 -2.00961
90 112 -3.32331
91 112 -3.79162
92 112 -25.7804
93 112 -25.7804
94 112 -25.7804
95 112 -25.7804
96 112 -25.7804
97 112 -25.7804
98 112 -25.7804
99 112 -25.7804
100 112 -25.7804
101 112 -25.7804
102 112 -25.7804
103 112 -25.7804
104 112 -25.7804
105 112 -25.7804
106 112 -25.7804
107 112 -25.7804
108 112 -25.7804
109 112 -25.7804
110 112 -25.7804
111 112 -25.7804
112 112 -25.7804
113 112 -25.7804
114 112 -25.7804
115 112 -25.7804
116 112 -25.7804
117 112 -25.7804
118 112 -25.7804
119 112 -25.7804
0 113 -25.7804
1 113 -25.7804
2 113 -25.7804
3 113 -25.7804
4 113 -25.7804
5 113 -25.7804
6 113 -25.7804
7 113 -25.7804
8 113 -25.7804
9 113 -25.7804
10 113 -25.7804
11 113 -25.7804
12 113 -25.7804
13 113 -25.7804
14 113 -25.7804
15 113 -25.7804
16 113 -25.7804
17 113 -25.7804
18 113 -25.7804
19 113 -25.7804
20 113 -25.7804
21 113 -25.7804
22 113 -25.7804
23 113 -25.7804
24 113 -25.7804
25 113 -25.7804
26 113 -25.7804
27 113 -25.7804
28 113 -25.7804
29 113 -25.7804
30 113 -25.7804
31 113 -25.7804
32 113 -25.7804
33 113 -25.7804
34 113 -25.7804
35 113 -25.7804
36 113 -25.7804
37 113 -25.7804
38 113 -1.41102
39 113 2.33615
40 113 4.20136
41 113 5.23873
42 113 6.14214
43 113 6.87299
44 113 7.54427
45 113 8.12249
46 113 8.63985
47 113 9.08218
48 113 9.44867
49 113 9.68454
50 113 9.76247
51 113 9.67777
52 113 9.55305
53 113 9.44661
54 113 9.34723
55 113 9.20398
56 113 9.06229
57 113 8.90094
58 113 8.75296
59 113 8.62575
60 113 8.52069
61 113 8.43098
62 113 8.36678
63 113 8.34456
64 113 8.29875
65 113 8.27422
66 113 8.24725
67 113 8.2109
68 113 8.16784
69 113 8.10759
70 113 8.02247
71 113 7.92066
72 113 7.80594
73 113 7.69421
74 113 7.56057
75 113 7.41047
76 113 7.24864
77 113 7.07327
78 113 6.80892
79 113 6.43194
80 113 5.92949
81 113 5.39529
82 113 4.81478
83 113 4.14483
84 113 3.39548
85 113 2.58101
86 113 1.6722
87 113 0.697847
88 113 -0.339632
89 113 -1.4212
90 113 -2.68017
91 113 -4.01098
92 113 -25.7804
93 113 -25.7804
94 113 -25.7804
95 113 -25.7804
96 113 -25.7804
97 113 -25.7804
98 113 -25.7804
99 113 -25.7804
100 113 -25.7804
101 113 -25.7804
102 113 -25.7804
103 113 -25.7804
104 113 -25.7804
105 113 -25.7804
106 113 -25.7804
107 113 -25.7804
108 113 -25.7804
109 113 -25.7804
110 113 -25.7804
111 113 -25.7804
112 113 -25.7804
113 113 -25.7804
114 113 -25.7804
115 113 -25.7804
116 113 -25.7804
117 113 -25.7804
118 113 -25.7804
119 113 -25.7804
0 114 -25.7804
1 114 -25.7804
2 114 -25.7804
3 114 -25.7804
4 114 -25.7804
5 114 -25.7804
6 114 -25.7804
7 114 -25.7804
8 114 -25.7804
9 114 -25.7804
10 114 -25.7804
11 114 -25.7804
12 114 -25.7804
13 114 -25.7804
14 114 -25.7804
15 114 -25.7804
16 114 -25.7804
17 114 -25.7804
18 114 -25.7804
19 114 -25.7804
20 114 -25.7804
21 114 -25.7804
22 114 -25.7804
23 114 -25.7804
24 114 -25.7804
25 114 -25.7804
26 114 -25.7804
27 114 -25.7804
28 114 -25.7804
29 114 -25.7804
30 114 -25.7804
31 114 -25.7804
32 114 -25.7804
33 114 -25.7804
34 114 -25.7804
35 114 -25.7804
36 114 -25.7804
37 114 -3.97107
38 114 1.58764
39 114 3.49363
40 114 4.99346
41 114 5.96253
42 114 6.8396
43 114 7.63834
44 114 8.30897
45 114 8.91679
46 114 9.41979
47 114 9.84329
48 114 10.1402
49 114 10.3776
50 114 10.4407
51 114 10.3237
52 114 10.1817
53 114 10.0235
54 114 9.8884
55 114 9.70593
56 114 9.50605
57 114 9.30924
58 114 9.12053
59 114 8.97618
60 114 8.84939
61 114 8.7358
62 114 8.63878
63 114 8.56526
64 114 8.51159
65 114 8.48385
66 114 8.42673
67 114 8.39386
68 114 8.34974
69 114 8.29231
70 114 8.22527
71 114 8.14008
72 114 8.04125
73 114 7.93652
74 114 7.79323
75 114 7.64992
76 114 7.48154
77 114 7.31031
78 114 7.0573
79 114 6.68458
80 114 6.21517
81 114 5.71438
82 114 5.13819
83 114 4.51282
84 114 3.78012
85 114 3.00164
86 114 2.12992
87 114 1.16047
88 114 0.0936566
89 114 -0.987544
90 114 -2.41489
91 114 -4.6804
92 114 -10.7933
93 114 -25.7804
94 114 -25.7804
95 114 -25.7804
96 114 -25.7804
97 114 -25.7804
98 114 -25.7804
99 114 -25.7804
100 114 -25.7804
101 114 -25.7804
102 114 -25.7804
103 114 -25.7804
104 114 -25.7804
105 114 -25.7804
106 114 -25.7804
107 114 -25.7804
108 114 -25.7804
109 114 -25.7804
110 114 -25.7804
111 114 -25.7804
112 114 -25.7804
113 114 -25.7804
114 114 -25.7804
115 114 -25.7804
116 114 -25.7804
117 114 -25.7804
118 114 -25.7804
119 114 -25.7804
0 115 -25.7804
1 115 -25.7804
2 115 -25.7804
3 115 -25.7804
4 115 -25.7804
5 115 -25.7804
6 115 -25.7804
7 115 -25.7804
8 115 -25.7804
9 115 -25.7804
10 115 -25.7804
11 115 -25.7804
12 115 -25.7804
13 115 -25.7804
14 115 -25.7804
15 115 -25.7804
16 115 -25.7804
17 115 -25.7804
18 115 -25.7804
19 115 -25.7804
20 115 -25.7804
21 115 -25.7804
22 115 -25.7804
23 115 -25.7804
24 115 -25.7804
25 115 -25.7804
26 115 -25.7804
27 115 -25.7804
28 115 -25.7804
29 115 -25.7804
30 115 -25.7804
31 115 -25.7804
32 115 -25.7804
33 115 -25.7804
34 115 -25.7804
35 115 -25.7804
36 115 -25.7804
37 115 -2.13637
38 115 2.43513
39 115 4.31746
40 115 5.74973
41 115 6.8632
42 115 7.83837
43 115 8.64462
44 115 9.37076
45 115 9.95769
46 115 10.4409
47 115 10.801
48 115 11.0265
49 115 11.1892
50 115 11.2283
51 115 11.0871
52 115 10.8822
53 115 10.6902
54 115 10.4733
55 115 10.2565
56 115 9.98337
57 115 9.74612
58 115 9.53518
59 115 9.34492
60 115 9.20438
61 115 9.05571
62 115 8.948
63 115 8.85177
64 115 8.76568
65 115 8.67903
66 115 8.61475
67 115 8.55259
68 115 8.53101
69 115 8.4903
70 115 8.43597
71 115 8.36616
72 115 8.26612
73 115 8.16062
74 115 8.03458
75 115 7.8844
76 115 7.72224
77 115 7.55489
78 115 7.3226
79 115 6.97164
80 115 6.51718
81 115 6.02181
82 115 5.4537
83 115 4.83305
84 115 4.16529
85 115 3.41816
86 115 2.56725
87 115 1.60517
88 115 0.559451
89 115 -0.501035
90 115 -1.75893
91 115 -3.20577
92 115 -4.24212
93 115 -25.7804
94 115 -25.7804
95 115 -25.7804
96 115 -25.7804
97 115 -25.7804
98 115 -25.7804
99 115 -25.7804
100 115 -25.7804
101 115 -25.7804
102 115 -25.7804
103 115 -25.7804
104 115 -25.7804
105 115 -25.7804
106 115 -25.7804
107 115 -25.7804
108 115 -25.7804
109 115 -25.7804
110 115 -25.7804
111 115 -25.7804
112 115 -25.7804
113 115 -25.7804
114 115 -25.7804
115 115 -25.7804
116 115 -25.7804
117 115 -25.7804
118 115 -25.7804
119 115 -25.7804
0 116 -25.7804
1 116 -25.7804
2 116 -25.7804
3 116 -25.7804
4 116 -25.7804
5 116 -25.7804
6 116 -25.7804
7 116 -25.7804
8 116 -25.7804
9 116 -25.7804
10 116 -25.7804
11 116 -25.7804
12 116 -25.7804
13 116 -25.7804
14 116 -25.7804
15 116 -25.7804
16 116 -25.7804
17 116 -25.7804
18 116 -25.7804
19 116 -25.7804
20 116 -25.7804
21 116 -25.7804
22 116 -25.7804
23 116 -25.7804
24 116 -25.7804
25 116 -25.7804
26 116 -25.7804
27 116 -25.7804
28 116 -25.7804
29 116 -25.7804
30 116 -25.7804
31 116 -25.7804
32 116 -25.7804
33 116 -25.7804
34 116 -25.7804
35 116 -25.7804
36 116 -6.52992
37 116 0.940057
38 116 3.46561
39 116 5.13997
40 116 6.62386
41 116 7.9084
42 116 9.07037
43 116 9.9858
44 116 10.7232
45 116 11.3401
46 116 11.7301
47 116 12.0001
48 116 12.154
49 116 12.1825
50 116 12.1584
51 116 11.9425
52 116 11.695
53 116 11.4146
54 116 11.1268
55 116 10.8623
56 116 10.536
57 116 10.2429
58 116 9.99815
59 116 9.76624
60 116 9.56744
61 116 9.41365
62 116 9.27438
63 116 9.12252
64 116 9.00148
65 116 8.92116
66 116 8.85033
67 116 8.77899
68 116 8.74172
69 116 8.70516
70 116 8.64797
71 116 8.57307
72 116 8.48788
73 116 8.389
74 116 8.27805
75 116 8.12586
76 116 7.96041
77 116 7.78826
78 116 7.58213
79 116 7.22253
80 116 6.7915
81 116 6.3065
82 116 5.7605
83 116 5.15605
84 116 4.5302
85 116 3.80845
86 116 2.99814
87 116 2.06558
88 116 1.04457
89 116 0.00630261
90 116 -1.19593
91 116 -2.54707
92 116 -3.39891
93 116 -25.7804
94 116 -25.7804
95 116 -25.7804
96 116 -25.7804
97 116 -25.7804
98 116 -25.7804
99 116 -25.7804
100 116 -25.7804
101 116 -25.7804
102 116 -25.7804
103 116 -25.7804
104 116 -25.7804
105 116 -25.7804
106 116 -25.7804
107 116 -25.7804
108 116 -25.7804
109 116 -25.7804
110 116 -25.7804
111 116 -25.7804
112 116 -25.7804
113 116 -25.7804
114 116 -25.7804
115 116 -25.7804
116 116 -25.7804
117 116 -25.7804
118 116 -25.7804
119 116 -25.7804
0 117 -25.7804
1 117 -25.7804
2 117 -25.7804
3 117 -25.7804
4 117 -25.7804
5 117 -25.7804
6 117 -25.7804
7 117 -25.7804
8 117 -25.7804
9 117 -25.7804
10 117 -25.7804
11 117 -25.7804
12 117 -25.7804
13 117 -25.7804
14 117 -25.7804
15 117 -25.7804
16 117 -25.7804
17 117 -25.7804
18 117 -25.7804
19 117 -25.7804
20 117 -25.7804
21 117 -25.7804
22 117 -25.7804
23 117 -25.7804
24 117 -25.7804
25 117 -25.7804
26 117 -25.7804
27 117 -25.7804
28 117 -25.7804
29 117 -25.7804
30 117 -25.7804
31 117 -25.7804
32 117 -25.7804
33 117 -25.7804
34 117 -25.7804
35 117 -25.7804
36 117 -5.10583
37 117 1.55967
38 117 4.11524
39 117 5.99114
40 117 7.72159
41 117 9.15509
42 117 10.3186
43 117 11.4808
44 117 12.3822
45 117 12.8407
46 117 13.1181
47 117 13.3101
48 117 13.3531
49 117 13.2878
50 117 13.1763
51 117 12.9028
52 117 12.5471
53 117 12.2072
54 117 11.8523
55 117 11.5112
56 117 11.1453
57 117 10.7986
58 117 10.4926
59 117 10.2235
60 117 9.99992
61 117 9.75752
62 117 9.57728
63 117 9.42166
64 117 9.30756
65 117 9.2099
66 117 9.10796
67 117 9.02784
68 117 8.97029
69 117 8.91504
70 117 8.86037
71 117 8.79943
72 117 8.70945
73 117 8.61444
74 117 8.50125
75 117 8.37114
76 117 8.2221
77 117 8.04623
78 117 7.82635
79 117 7.49631
80 117 7.06469
81 117 6.60025
82 117 6.05603
83 117 5.48191
84 117 4.87834
85 117 4.20549
86 117 3.43208
87 117 2.52537
88 117 1.52239
89 117 0.486682
90 117 -0.707878
91 117 -2.20468
92 117 -3.05606
93 117 -25.7804
94 117 -25.7804
95 117 -25.7804
96 117 -25.7804
97 117 -25.7804
98 117 -25.7804
99 117 -25.7804
100 117 -25.7804
101 117 -25.7804
102 117 -25.7804
103 117 -25.7804
104 117 -25.7804
105 117 -25.7804
106 117 -25.7804
107 117 -25.7804
108 117 -25.7804
109 117 -25.7804
110 117 -25.7804
111 117 -25.7804
112 117 -25.7804
113 117 -25.7804
114 117 -25.7804
115 117 -25.7804
116 117 -25.7804
117 117 -25.7804
118 117 -25.7804
119 117 -25.7804
0 118 -25.7804
1 118 -25.7804
2 118 -25.7804
3 118 -25.7804
4 118 -25.7804
5 118 -25.7804
6 118 -25.7804
7 118 -25.7804
8 118 -25.7804
9 118 -25.7804
10 118 -25.7804
11 118 -25.7804
12 118 -25.7804
13 118 -25.7804
14 118 -25.7804
15 118 -25.7804
16 118 -25.7804
17 118 -25.7804
18 118 -25.7804
19 118 -25.7804
20 118 -25.7804
21 118 -25.7804
22 118 -25.7804
23 118 -25.7804
24 118 -25.7804
25 118 -25.7804
26 118 -25.7804
27 118 -25.7804
28 118 -25.7804
29 118 -25.7804
30 118 -25.7804
31 118 -25.7804
32 118 -25.7804
33 118 -25.7804
34 118 -25.7804
35 118 -25.7804
36 118 -2.08634
37 118 2.51794
38 118 4.9505
39 118 7.08142
40 118 8.81304
41 118 10.577
42 118 12.157
43 118 13.006
44 118 13.5166
45 118 13.8915
46 118 14.1217
47 118 14.2859
48 118 14.3255
49 118 14.2465
50 118 14.0943
51 118 13.8096
52 118 13.4679
53 118 13.0554
54 118 12.6091
55 118 12.1882
56 118 11.7578
57 118 11.3692
58 118 11.0079
59 118 10.6706
60 118 10.404
61 118 10.1541
62 118 9.94555
63 118 9.77622
64 118 9.63641
65 118 9.50987
66 118 9.37657
67 118 9.27769
68 118 9.2164
69 118 9.15479
70 118 9.10439
71 118 9.03386
72 118 8.95132
73 118 8.86368
74 118 8.75375
75 118 8.6144
76 118 8.45983
77 118 8.28902
78 118 8.0822
79 118 7.75234
80 118 7.3551
81 118 6.90083
82 118 6.37289
83 118 5.80076
84 118 5.23318
85 118 4.59702
86 118 3.85605
87 118 2.97105
88 118 1.97916
89 118 0.93052
90 118 -0.353107
91 118 -1.9569
92 118 -2.78632
93 118 -25.7804
94 118 -25.7804
95 118 -25.7804
96 118 -25.7804
97 118 -25.7804
98 118 -25.7804
99 118 -25.7804
100 118 -25.7804
101 118 -25.7804
102 118 -25.7804
103 118 -25.7804
104 118 -25.7804
105 118 -25.7804
106 118 -25.7804
107 118 -25.7804
108 118 -25.7804
109 118 -25.7804
110 118 -25.7804
111 118 -25.7804
112 118 -25.7804
113 118 -25.7804
114 118 -25.7804
115 118 -25.7804
116 118 -25.7804
117 118 -25.7804
118 118 -25.7804
119 118 -25.7804
0 119 -25.7804
1 119 -25.7804
2 119 -25.7804
3 119 -25.7804
4 119 -25.7804
5 119 -25.7804
6 119 -25.7804
7 119 -25.7804
8 119 -25.7804
9 119 -25.7804
10 119 -25.7804
11 119 -25.7804
12 119 -25.7804
13 119 -25.7804
14 119 -25.7804
15 119 -25.7804
16 119 -25.7804
17 119 -25.7804
18 119 -25.7804
19 119 -25.7804
20 119 -25.7804
21 119 -25.7804
22 119 -25.7804
23 119 -25.7804
24 119 -25.7804
25 119 -25.7804
26 119 -25.7804
27 119 -25.7804
28 119 -25.7804
29 119 -25.7804
30 119 -25.7804
31 119 -25.7804
32 119 -25.7804
33 119 -25.7804
34 119 -25.7804
35 119 -6.46608
36 119 0.678859
37 119 3.72918
38 119 5.9589
39 119 8.24487
40 119 10.5937
41 119 12.3412
42 119 13.2996
43 119 14.0309
44 119 14.5155
45 119 14.8784
46 119 15.0867
47 119 15.1963
48 119 15.2117
49 119 15.1446
50 119 14.9507
51 119 14.6614
52 119 14.2785
53 119 13.8653
54 119 13.4227
55 119 12.9275
56 119 12.3945
57 119 11.9223
58 119 11.515
59 119 11.1617
60 119 10.8776
61 119 10.5669
62 119 10.3596
63 119 10.165
64 119 9.9828
65 119 9.81656
66 119 9.67357
67 119 9.55326
68 119 9.47606
69 119 9.40963
70 119 9.35173
71 119 9.26199
72 119 9.19077
73 119 9.09177
74 119 8.98511
75 119 8.85549
76 119 8.71306
77 119 8.54094
78 119 8.34783
79 119 8.02488
80 119 7.63224
81 119 7.18283
82 119 6.6724
83 119 6.14425
84 119 5.59165
85 119 5.00187
86 119 4.28325
87 119 3.44178
88 119 2.44821
89 119 1.36956
90 119 0.0184514
91 119 -1.75925
92 119 -2.81996
93 119 -25.7804
94 119 -25.7804
95 119 -25.7804
96 119 -25.7804
97 119 -25.7804
98 119 -25.7804
99 119 -25.7804
100 119 -25.7804
101 119 -25.7804
102 119 -25.7804
103 119 -25.7804
104 119 -25.7804
105 119 -25.7804
106 119 -25.7804
107 119 -25.7804
108 119 -25.7804
109 119 -25.7804
110 119 -25.7804
111 119 -25.7804
112 119 -25.7804
113 119 -25.7804
114 119 -25.7804
115 119 -25.7804
116 119 -25.7804
117 119 -25.7804
118 119 -25.7804
119 119 -25.7804
0 120 -25.7804
1 120 -25.7804
2 120 -25.7804
3 120 -25.7804
4 120 -25.7804
5 120 -25.7804
6 120 -25.7804
7 120 -25.7804
8 120 -25.7804
9 120 -25.7804
10 120 -25.7804
11 120 -25.7804
12 120 -25.7804
13 120 -25.7804
14 120 -25.7804
15 120 -25.7804
16 120 -25.7804
17 120 -25.7804
18 120 -25.7804
19 120 -25.7804
20 120 -25.7804
21 120 -25.7804
22 120 -25.7804
23 120 -25.7804
24 120 -25.7804
25 120 -25.7804
26 120 -25.7804
27 120 -25.7804
28 120 -25.7804
29 120 -25.7804
30 120 -25.7804
31 120 -25.7804
32 120 -25.7804
33 120 -25.7804
34 120 -25.7804
35 120 -4.72419
36 120 1.3909
37 120 4.06369
38 120 7.24079
39 120 10.2048
40 120 12.1936
41 120 13.4958
42 120 14.4295
43 120 14.9877
44 120 15.4292
45 120 15.7371
46 120 15.9397
47 120 16.0396
48 120 16.0307
49 120 15.9469
50 120 15.7292
51 120 15.429
52 120 15.0174
53 120 14.5787
54 120 14.0751
55 120 13.5529
56 120 13.0252
57 120 12.512
58 120 12.0576
59 120 11.6691
60 120 11.3294
61 120 11.0095
62 120 10.7642
63 120 10.5426
64 120 10.3257
65 120 10.1584
66 120 9.98935
67 120 9.8614
68 120 9.75825
69 120 9.68646
70 120 9.60792
71 120 9.53921
72 120 9.44235
73 120 9.3449
74 120 9.24114
75 120 9.12141
76 120 8.9713
77 120 8.79932
78 120 8.60287
79 120 8.29163
80 120 7.9356
81 120 7.50309
82 120 7.04748
83 120 6.51392
84 120 5.96938
85 120 5.38718
86 120 4.7242
87 120 3.91537
88 120 2.94325
89 120 1.85384
90 120 0.446459
91 120 -1.50458
92 120 -2.91186
93 120 -25.7804
94 120 -25.7804
95 120 -25.7804
96 120 -25.7804
97 120 -25.7804
98 120 -25.7804
99 120 -25.7804
100 120 -25.7804
101 120 -25.7804
102 120 -25.7804
103 120 -25.7804
104 120 -25.7804
105 120 -25.7804
106 120 -25.7804
107 120 -25.7804
108 120 -25.7804
109 120 -25.7804
110 120 -25.7804
111 120 -25.7804
112 120 -25.7804
113 120 -25.7804
114 120 -25.7804
115 120 -25.7804
116 120 -25.7804
117 120 -25.7804
118 120 -25.7804
119 120 -25.7804
0 121 -25.7804
1 121 -25.7804
2 121 -25.7804
3 121 -25.7804
4 121 -25.7804
5 121 -25.7804
6 121 -25.7804
7 121 -25.7804
8 121 -25.7804
9 121 -25.7804
10 121 -25.7804
11 121 -25.7804
12 121 -25.7804
13 121 -25.7804
14 121 -25.7804
15 121 -25.7804
16 121 -25.7804
17 121 -25.7804
18 121 -25.7804
19 121 -25.7804
20 121 -25.7804
21 121 -25.7804
22 121 -25.7804
23 121 -25.7804
24 121 -25.7804
25 121 -25.7804
26 121 -25.7804
27 121 -25.7804
28 121 -25.7804
29 121 -25.7804
30 121 -25.7804
31 121 -25.7804
32 121 -25.7804
33 121 -25.7804
34 121 -25.7804
35 121 -1.41676
36 121 2.16993
37 121 5.35374
38 121 9.24696
39 121 11.971
40 121 13.8125
41 121 14.8347
42 121 15.5815
43 121 16.0809
44 121 16.4391
45 121 16.6626
46 121 16.8061
47 121 16.8603
48 121 16.8007
49 121 16.6635
50 121 16.4545
51 121 16.1202
52 121 15.6955
53 121 15.2132
54 121 14.6686
55 121 14.151
56 121 13.6491
57 121 13.1156
58 121 12.6042
59 121 12.1825
60 121 11.8108
61 121 11.482
62 121 11.2004
63 121 10.9401
64 121 10.7037
65 121 10.5151
66 121 10.3427
67 121 10.2075
68 121 10.0721
69 121 9.99564
70 121 9.90716
71 121 9.82044
72 121 9.71634
73 121 9.61583
74 121 9.502
75 121 9.3767
76 121 9.23149
77 121 9.08316
78 121 8.88782
79 121 8.60355
80 121 8.26346
81 121 7.88168
82 121 7.44693
83 121 6.94575
84 121 6.3936
85 121 5.8189
86 121 5.18549
87 121 4.41671
88 121 3.4879
89 121 2.41897
90 121 0.991129
91 121 -0.804687
92 121 -3.09365
93 121 -25.7804
94 121 -25.7804
95 121 -25.7804
96 121 -25.7804
97 121 -25.7804
98 121 -25.7804
99 121 -25.7804
100 121 -25.7804
101 121 -25.7804
102 121 -25.7804
103 121 -25.7804
104 121 -25.7804
105 121 -25.7804
106 121 -25.7804
107 121 -25.7804
108 121 -25.7804
109 121 -25.7804
110 121 -25.7804
111 121 -25.7804
112 121 -25.7804
113 121 -25.7804
114 121 -25.7804
115 121 -25.7804
116 121 -25.7804
117 121 -25.7804
118 121 -25.7804
119 121 -25.7804
0 122 -25.7804
1 122 -25.7804
2 122 -25.7804
3 122 -25.7804
4 122 -25.7804
5 122 -25.7804
6 122 -25.7804
7 122 -25.7804
8 122 -25.7804
9 122 -25.7804
10 122 -25.7804
11 122 -25.7804
12 122 -25.7804
13 122 -25.7804
14 122 -25.7804
15 122 -25.7804
16 122 -25.7804
17 122 -25.7804
18 122 -25.7804
19 122 -25.7804
20 122 -25.7804
21 122 -25.7804
22 122 -25.7804
23 122 -25.7804
24 122 -25.7804
25 122 -25.7804
26 122 -25.7804
27 122 -25.7804
28 122 -25.7804
29 122 -25.7804
30 122 -25.7804
31 122 -25.7804
32 122 -25.7804
33 122 -25.7804
34 122 -3.96445
35 122 0.919137
36 122 3.35148
37 122 7.30411
38 122 11.17
39 122 13.6913
40 122 15.2838
41 122 16.1588
42 122 16.7939
43 122 17.1713
44 122 17.4069
45 122 17.5946
46 122 17.6853
47 122 17.6925
48 122 17.5979
49 122 17.4459
50 122 17.2095
51 122 16.8175
52 122 16.3556
53 122 15.814
54 122 15.2628
55 122 14.7294
56 122 14.1952
57 122 13.6929
58 122 13.1889
59 122 12.7326
60 122 12.3235
61 122 11.96
62 122 11.6388
63 122 11.3514
64 122 11.1001
65 122 10.8615
66 122 10.6842
67 122 10.5425
68 122 10.4173
69 122 10.3103
70 122 10.2323
71 122 10.141
72 122 10.0359
73 122 9.90908
74 122 9.79595
75 122 9.65773
76 122 9.51227
77 122 9.36599
78 122 9.19522
79 122 8.93306
80 122 8.65014
81 122 8.31114
82 122 7.90204
83 122 7.41863
84 122 6.88153
85 122 6.30101
86 122 5.68465
87 122 4.95048
88 122 4.05306
89 122 2.98359
90 122 1.56625
91 122 -0.545222
92 122 -4.32967
93 122 -10.377
94 122 -25.7804
95 122 -25.7804
96 122 -25.7804
97 122 -25.7804
98 122 -25.7804
99 122 -25.7804
100 122 -25.7804
101 122 -25.7804
102 122 -25.7804
103 122 -25.7804
104 122 -25.7804
105 122 -25.7804
106 122 -25.7804
107 122 -25.7804
108 122 -25.7804
109 122 -25.7804
110 122 -25.7804
111 122 -25.7804
112 122 -25.7804
113 122 -25.7804
114 122 -25.7804
115 122 -25.7804
116 122 -25.7804
117 122 -25.7804
118 122 -25.7804
119 122 -25.7804
0 123 -25.7804
1 123 -25.7804
2 123 -25.7804
3 123 -25.7804
4 123 -25.7804
5 123 -25.7804
6 123 -25.7804
7 123 -25.7804
8 123 -25.7804
9 123 -25.7804
10 123 -25.7804
11 123 -25.7804
12 123 -25.7804
13 123 -25.7804
14 123 -25.7804
15 123 -25.7804
16 123 -25.7804
17 123 -25.7804
18 123 -25.7804
19 123 -25.7804
20 123 -25.7804
21 123 -25.7804
22 123 -25.7804
23 123 -25.7804
24 123 -25.7804
25 123 -25.7804
26 123 -25.7804
27 123 -25.7804
28 123 -25.7804
29 123 -25.7804
30 123 -25.7804
31 123 -25.7804
32 123 -25.7804
33 123 -25.7804
34 123 -2.12413
35 123 1.4464
36 123 5.49187
37 123 9.89034
38 123 12.9887
39 123 14.9722
40 123 16.1985
41 123 17.1013
42 123 17.7105
43 123 18.0605
44 123 18.2973
45 123 18.413
46 123 18.4713
47 123 18.4465
48 123 18.3462
49 123 18.1717
50 123 17.9173
51 123 17.5054
52 123 17.0441
53 123 16.4847
54 123 15.8856
55 123 15.3296
56 123 14.7751
57 123 14.2523
58 123 13.7509
59 123 13.307
60 123 12.8345
61 123 12.4348
62 123 12.0743
63 123 11.7722
64 123 11.5035
65 123 11.2625
66 123 11.0554
67 123 10.8985
68 123 10.7738
69 123 10.6677
70 123 10.5831
71 123 10.5009
72 123 10.3988
73 123 10.2593
74 123 10.1327
75 123 9.98577
76 123 9.83722
77 123 9.67037
78 123 9.50914
79 123 9.3347
80 123 9.10263
81 123 8.80503
82 123 8.43023
83 123 7.97784
84 123 7.43303
85 123 6.83937
86 123 6.21801
87 123 5.51316
88 123 4.66996
89 123 3.65496
90 123 2.31837
91 123 0.415209
92 123 -2.89952
93 123 -5.28249
94 123 -25.7804
95 123 -25.7804
96 123 -25.7804
97 123 -25.7804
98 123 -25.7804
99 123 -25.7804
100 123 -25.7804
101 123 -25.7804
102 123 -25.7804
103 123 -25.7804
104 123 -25.7804
105 123 -25.7804
106 123 -25.7804
107 123 -25.7804
108 123 -25.7804
109 123 -25.7804
110 123 -25.7804
111 123 -25.7804
112 123 -25.7804
113 123 -25.7804
114 123 -25.7804
115 123 -25.7804
116 123 -25.7804
117 123 -25.7804
118 123 -25.7804
119 123 -25.7804
0 124 -25.7804
1 124 -25.7804
2 124 -25.7804
3 124 -25.7804
4 124 -25.7804
5 124 -25.7804
6 124 -25.7804
7 124 -25.7804
8 124 -25.7804
9 124 -25.7804
10 124 -25.7804
11 124 -25.7804
12 124 -25.7804
13 124 -25.7804
14 124 -25.7804
15 124 -25.7804
16 124 -25.7804
17 124 -25.7804
18 124 -25.7804
19 124 -25.7804
20 124 -25.7804
21 124 -25.7804
22 124 -25.7804
23 124 -25.7804
24 124 -25.7804
25 124 -25.7804
26 124 -25.7804
27 124 -25.7804
28 124 -25.7804
29 124 -25.7804
30 124 -25.7804
31 124 -25.7804
32 124 -25.7804
33 124 -2.85937
34 124 -0.672758
35 124 3.48594
36 124 8.57611
37 124 12.0702
38 124 14.4679
39 124 15.8365
40 124 16.8118
41 124 17.6416
42 124 18.2329
43 124 18.6176
44 124 18.8957
45 124 19.0939
46 124 19.184
47 124 19.1713
48 124 19.0095
49 124 18.8338
50 124 18.5603
51 124 18.1929
52 124 17.7209
53 124 17.1851
54 124 16.547
55 124 15.9382
56 124 15.3652
57 124 14.8344
58 124 14.3414
59 124 13.835
60 124 13.3575
61 124 12.8833
62 124 12.4905
63 124 12.16
64 124 11.8937
65 124 11.6598
66 124 11.4654
67 124 11.3092
68 124 11.1706
69 124 11.0688
70 124 10.9877
71 124 10.8586
72 124 10.7456
73 124 10.6079
74 124 10.4763
75 124 10.3329
76 124 10.2058
77 124 10.0755
78 124 9.94683
79 124 9.81788
80 124 9.6122
81 124 9.36719
82 124 9.03629
83 124 8.59677
84 124 8.03971
85 124 7.43777
86 124 6.8014
87 124 6.14115
88 124 5.34091
89 124 4.38974
90 124 3.20172
91 124 1.5167
92 124 -1.2466
93 124 -4.55192
94 124 -25.7804
95 124 -25.7804
96 124 -25.7804
97 124 -25.7804
98 124 -25.7804
99 124 -25.7804
100 124 -25.7804
101 124 -25.7804
102 124 -25.7804
103 124 -25.7804
104 124 -25.7804
105 124 -25.7804
106 124 -25.7804
107 124 -25.7804
108 124 -25.7804
109 124 -25.7804
110 124 -25.7804
111 124 -25.7804
112 124 -25.7804
113 124 -25.7804
114 124 -25.7804
115 124 -25.7804
116 124 -25.7804
117 124 -25.7804
118 124 -25.7804
119 124 -25.7804
0 125 -25.7804
1 125 -25.7804
2 125 -25.7804
3 125 -25.7804
4 125 -25.7804
5 125 -25.7804
6 125 -25.7804
7 125 -25.7804
8 125 -25.7804
9 125 -25.7804
10 125 -25.7804
11 125 -25.7804
12 125 -25.7804
13 125 -25.7804
14 125 -25.7804
15 125 -25.7804
16 125 -25.7804
17 125 -25.7804
18 125 -25.7804
19 125 -25.7804
20 125 -25.7804
21 125 -25.7804
22 125 -25.7804
23 125 -25.7804
24 125 -25.7804
25 125 -25.7804
26 125 -25.7804
27 125 -25.7804
28 125 -25.7804
29 125 -25.7804
30 125 -25.7804
31 125 -25.7804
32 125 -25.7804
33 125 -0.235114
34 125 2.55369
35 125 7.06538
36 125 10.856
37 125 13.507
38 125 15.1908
39 125 16.3909
40 125 17.3039
41 125 18.0444
42 125 18.5961
43 125 18.9747
44 125 19.2659
45 125 19.4523
46 125 19.5667
47 125 19.6253
48 125 19.6013
49 125 19.459
50 125 19.1908
51 125 18.8234
52 125 18.3605
53 125 17.8304
54 125 17.2144
55 125 16.5596
56 125 15.9587
57 125 15.4223
58 125 14.8911
59 125 14.3719
60 125 13.8542
61 125 13.331
62 125 12.9251
63 125 12.5574
64 125 12.2291
65 125 12.0103
66 125 11.8506
67 125 11.7108
68 125 11.6077
69 125 11.502
70 125 11.4169
71 125 11.3298
72 125 11.2295
73 125 11.0958
74 125 10.9646
75 125 10.8317
76 125 10.6962
77 125 10.5965
78 125 10.4978
79 125 10.4224
80 125 10.285
81 125 10.1029
82 125 9.80308
83 125 9.37053
84 125 8.73625
85 125 8.1148
86 125 7.42901
87 125 6.75991
88 125 6.00466
89 125 5.11801
90 125 4.03478
91 125 2.58954
92 125 0.0548649
93 125 -4.78073
94 125 -25.7804
95 125 -25.7804
96 125 -25.7804
97 125 -25.7804
98 125 -25.7804
99 125 -25.7804
100 125 -25.7804
101 125 -25.7804
102 125 -25.7804
103 125 -25.7804
104 125 -25.7804
105 125 -25.7804
106 125 -25.7804
107 125 -25.7804
108 125 -25.7804
109 125 -25.7804
110 125 -25.7804
111 125 -25.7804
112 125 -25.7804
113 125 -25.7804
114 125 -25.7804
115 125 -25.7804
116 125 -25.7804
117 125 -25.7804
118 125 -25.7804
119 125 -25.7804
0 126 -25.7804
1 126 -25.7804
2 126 -25.7804
3 126 -25.7804
4 126 -25.7804
5 126 -25.7804
6 126 -25.7804
7 126 -25.7804
8 126 -25.7804
9 126 -25.7804
10 126 -25.7804
11 126 -25.7804
12 126 -25.7804
13 126 -25.7804
14 126 -25.7804
15 126 -25.7804
16 126 -25.7804
17 126 -25.7804
18 126 -25.7804
19 126 -25.7804
20 126 -25.7804
21 126 -25.7804
22 126 -25.7804
23 126 -25.7804
24 126 -25.7804
25 126 -25.7804
26 126 -25.7804
27 126 -25.7804
28 126 -25.7804
29 126 -25.7804
30 126 -25.7804
31 126 -25.7804
32 126 1.51227
33 126 0.152548
34 126 5.80248
35 126 9.60168
36 126 12.3567
37 126 14.4226
38 126 15.8463
39 126 16.9283
40 126 17.7728
41 126 18.3679
42 126 18.841
43 126 19.1906
44 126 19.4872
45 126 19.708
46 126 19.8522
47 126 19.942
48 126 19.9701
49 126 19.8972
50 126 19.6482
51 126 19.3148
52 126 18.8835
53 126 18.3733
54 126 17.8034
55 126 17.1678
56 126 16.5772
57 126 16.0167
58 126 15.4829
59 126 14.9308
60 126 14.3931
61 126 13.8351
62 126 13.3005
63 126 12.8933
64 126 12.599
65 126 12.3876
66 126 12.2352
67 126 12.1209
68 126 12.0256
69 126 11.9428
70 126 11.8668
71 126 11.7913
72 126 11.7244
73 126 11.6422
74 126 11.591
75 126 11.5068
76 126 11.4214
77 126 11.3139
78 126 11.2214
79 126 11.1938
80 126 11.1224
81 126 10.9669
82 126 10.646
83 126 10.2108
84 126 9.6217
85 126 8.87207
86 126 8.15767
87 126 7.42617
88 126 6.66657
89 126 5.8133
90 126 4.76955
91 126 3.4191
92 126 1.04975
93 126 -4.59519
94 126 -25.7804
95 126 -25.7804
96 126 -25.7804
97 126 -25.7804
98 126 -25.7804
99 126 -25.7804
100 126 -25.7804
101 126 -25.7804
102 126 -25.7804
103 126 -25.7804
104 126 -25.7804
105 126 -25.7804
106 126 -25.7804
107 126 -25.7804
108 126 -25.7804
109 126 -25.7804
110 126 -25.7804
111 126 -25.7804
112 126 -25.7804
113 126 -25.7804
114 126 -25.7804
115 126 -25.7804
116 126 -25.7804
117 126 -25.7804
118 126 -25.7804
119 126 -25.7804
0 127 -25.7804
1 127 -25.7804
2 127 -25.7804
3 127 -25.7804
4 127 -25.7804
5 127 -25.7804
6 127 -25.7804
7 127 -25.7804
8 127 -25.7804
9 127 -25.7804
10 127 -25.7804
11 127 -25.7804
12 127 -25.7804
13 127 -25.7804
14 127 -25.7804
15 127 -25.7804
16 127 -25.7804
17 127 -25.7804
18 127 -25.7804
19 127 -25.7804
20 127 -25.7804
21 127 -25.7804
22 127 -25.7804
23 127 -25.7804
24 127 -25.7804
25 127 -25.7804
26 127 -25.7804
27 127 -25.7804
28 127 -25.7804
29 127 -25.7804
30 127 -25.7804
31 127 -25.7804
32 127 3.85514
33 127 4.58335
34 127 8.30919
35 127 11.4376
36 127 13.5839
37 127 15.2293
38 127 16.4306
39 127 17.4182
40 127 18.183
41 127 18.6696
42 127 19.0399
43 127 19.3433
44 127 19.6222
45 127 19.8383
46 127 20.0082
47 127 20.1228
48 127 20.1954
49 127 20.1523
50 127 19.9918
51 127 19.6707
52 127 19.2628
53 127 18.772
54 127 18.2281
55 127 17.6159
56 127 17.0435
57 127 16.4864
58 127 15.9403
59 127 15.4041
60 127 14.8378
61 127 14.2676
62 127 13.6895
63 127 13.2702
64 127 12.9775
65 127 12.7447
66 127 12.5786
67 127 12.5021
68 127 12.4397
69 127 12.3726
70 127 12.3385
71 127 12.2926
72 127 12.2534
73 127 12.2161
74 127 12.1774
75 127 12.1574
76 127 12.1242
77 127 12.0828
78 127 12.0771
79 127 12.0401
80 127 11.9861
81 127 11.8358
82 127 11.5264
83 127 11.1199
84 127 10.5508
85 127 9.83739
86 127 8.98611
87 127 8.19557
88 127 7.38158
89 127 6.47114
90 127 5.38976
91 127 4.09279
92 127 1.95701
93 127 -3.2039
94 127 -25.7804
95 127 -25.7804
96 127 -25.7804
97 127 -25.7804
98 127 -25.7804
99 127 -25.7804
100 127 -25.7804
101 127 -25.7804
102 127 -25.7804
103 127 -25.7804
104 127 -25.7804
105 127 -25.7804
106 127 -25.7804
107 127 -25.7804
108 127 -25.7804
109 127 -25.7804
110 127 -25.7804
111 127 -25.7804
112 127 -25.7804
113 127 -25.7804
114 127 -25.7804
115 127 -25.7804
116 127 -25.7804
117 127 -25.7804
118 127 -25.7804
119 127 -25.7804
0 128 -25.7804
1 128 -25.7804
2 128 -25.7804
3 128 -25.7804
4 128 -25.7804
5 128 -25.7804
6 128 -25.7804
7 128 -25.7804
8 128 -25.7804
9 128 -25.7804
10 128 -25.7804
11 128 -25.7804
12 128 -25.7804
13 128 -25.7804
14 128 -25.7804
15 128 -25.7804
16 128 -25.7804
17 128 -25.7804
18 128 -25.7804
19 128 -25.7804
20 128 -25.7804
21 128 -25.7804
22 128 -25.7804
23 128 -25.7804
24 128 -25.7804
25 128 -25.7804
26 128 -25.7804
27 128 -0.183619
28 128 0.902696
29 128 1.3285
30 128 1.95993
31 128 2.75788
32 128 3.45961
33 128 6.35503
34 128 9.58492
35 128 12.3547
36 128 14.4253
37 128 15.8748
38 128 16.9526
39 128 17.8062
40 128 18.456
41 128 18.8581
42 128 19.1501
43 128 19.4258
44 128 19.6846
45 128 19.907
46 128 20.0747
47 128 20.2081
48 128 20.3094
49 128 20.3038
50 128 20.1463
51 128 19.8952
52 128 19.522
53 128 19.0599
54 128 18.5244
55 128 17.9665
56 128 17.4163
57 128 16.8836
58 128 16.3522
59 128 15.8021
60 128 15.2462
61 128 14.6671
62 128 14.062
63 128 13.6213
64 128 13.3168
65 128 13.0929
66 128 12.961
67 128 12.8996
68 128 12.8807
69 128 12.8369
70 128 12.8085
71 128 12.7787
72 128 12.7793
73 128 12.7749
74 128 12.7796
75 128 12.7987
76 128 12.8196
77 128 12.8224
78 128 12.8293
79 128 12.8167
80 128 12.7826
81 128 12.6735
82 128 12.4655
83 128 12.0903
84 128 11.554
85 128 10.8571
86 128 9.99433
87 128 9.03872
88 128 8.10496
89 128 7.12198
90 128 5.94651
91 128 4.56017
92 128 2.24654
93 128 -3.23962
94 128 -25.7804
95 128 -25.7804
96 128 -25.7804
97 128 -25.7804
98 128 -25.7804
99 128 -25.7804
100 128 -25.7804
101 128 -25.7804
102 128 -25.7804
103 128 -25.7804
104 128 -25.7804
105 128 -25.7804
106 128 -25.7804
107 128 -25.7804
108 128 -25.7804
109 128 -25.7804
110 128 -25.7804
111 128 -25.7804
112 128 -25.7804
113 128 -25.7804
114 128 -25.7804
115 128 -25.7804
116 128 -25.7804
117 128 -25.7804
118 128 -25.7804
119 128 -25.7804
0 129 -25.7804
1 129 -25.7804
2 129 -25.7804
3 129 -25.7804
4 129 -25.7804
5 129 -25.7804
6 129 -25.7804
7 129 -25.7804
8 129 -25.7804
9 129 -25.7804
10 129 -25.7804
11 129 -25.7804
12 129 -25.7804
13 129 -25.7804
14 129 -25.7804
15 129 -25.7804
16 129 -25.7804
17 129 -25.7804
18 129 -25.7804
19 129 -25.7804
20 129 -25.7804
21 129 -25.7804
22 129 -25.7804
23 129 -25.7804
24 129 -25.7804
25 129 -25.7804
26 129 0.544101
27 129 2.13975
28 129 2.74484
29 129 3.30393
30 129 4.06028
31 129 4.21916
32 129 4.62844
33 129 7.55422
34 129 10.4401
35 129 13.0138
36 129 14.9546
37 129 16.2244
38 129 17.2051
39 129 17.9733
40 129 18.5718
41 129 18.921
42 129 19.1669
43 129 19.4298
44 129 19.6767
45 129 19.858
46 129 20.024
47 129 20.1717
48 129 20.2942
49 129 20.2954
50 129 20.1808
51 129 19.9563
52 129 19.6348
53 129 19.1871
54 129 18.7033
55 129 18.1979
56 129 17.6861
57 129 17.1938
58 129 16.6653
59 129 16.1295
60 129 15.5989
61 129 15.0135
62 129 14.4144
63 129 13.9682
64 129 13.653
65 129 13.4446
66 129 13.3129
67 129 13.2817
68 129 13.2821
69 129 13.2845
70 129 13.2685
71 129 13.2724
72 129 13.2924
73 129 13.3329
74 129 13.3815
75 129 13.4372
76 129 13.4946
77 129 13.5217
78 129 13.5332
79 129 13.5405
80 129 13.5075
81 129 13.4353
82 129 13.2693
83 129 12.9549
84 129 12.5263
85 129 11.929
86 129 11.1361
87 129 10.1583
88 129 9.03454
89 129 7.80506
90 129 6.56284
91 129 5.0383
92 129 2.62858
93 129 -3.47567
94 129 -25.7804
95 129 -25.7804
96 129 -25.7804
97 129 -25.7804
98 129 -25.7804
99 129 -25.7804
100 129 -25.7804
101 129 -25.7804
102 129 -25.7804
103 129 -25.7804
104 129 -25.7804
105 129 -25.7804
106 129 -25.7804
107 129 -25.7804
108 129 -25.7804
109 129 -25.7804
110 129 -25.7804
111 129 -25.7804
112 129 -25.7804
113 129 -25.7804
114 129 -25.7804
115 129 -25.7804
116 129 -25.7804
117 129 -25.7804
118 129 -25.7804
119 129 -25.7804
0 130 -25.7804
1 130 -25.7804
2 130 -25.7804
3 130 -25.7804
4 130 -25.7804
5 130 -25.7804
6 130 -25.7804
7 130 -25.7804
8 130 -25.7804
9 130 -25.7804
10 130 -25.7804
11 130 -25.7804
12 130 -25.7804
13 130 -25.7804
14 130 -25.7804
15 130 -25.7804
16 130 -25.7804
17 130 -25.7804
18 130 -25.7804
19 130 -25.7804
20 130 -25.7804
21 130 -25.7804
22 130 -25.7804
23 130 -25.7804
24 130 -25.7804
25 130 0.298648
26 130 2.42075
27 130 3.40083
28 130 3.91394
29 130 4.40401
30 130 4.74953
31 130 4.56875
32 130 5.56066
33 130 8.42992
34 130 10.98
35 130 13.3853
36 130 15.1026
37 130 16.2668
38 130 17.2199
39 130 17.9589
40 130 18.5261
41 130 18.8169
42 130 19.0661
43 130 19.3085
44 130 19.5413
45 130 19.7498
46 130 19.8974
47 130 20.0381
48 130 20.1495
49 130 20.1847
50 130 20.0668
51 130 19.8793
52 130 19.5981
53 130 19.2332
54 130 18.7867
55 130 18.3362
56 130 17.8732
57 130 17.3859
58 130 16.9039
59 130 16.3922
60 130 15.8645
61 130 15.294
62 130 14.7089
63 130 14.2604
64 130 13.949
65 130 13.734
66 130 13.6327
67 130 13.636
68 130 13.6596
69 130 13.682
70 130 13.7038
71 130 13.7493
72 130 13.7829
73 130 13.8492
74 130 13.9671
75 130 14.0374
76 130 14.1041
77 130 14.1702
78 130 14.1957
79 130 14.1908
80 130 14.1778
81 130 14.1239
82 130 13.9946
83 130 13.7308
84 130 13.3625
85 130 12.8556
86 130 12.1949
87 130 11.3786
88 130 10.2675
89 130 8.73245
90 130 7.33463
91 130 5.83973
92 130 3.18181
93 130 -3.82678
94 130 -25.7804
95 130 -25.7804
96 130 -25.7804
97 130 -25.7804
98 130 -25.7804
99 130 -25.7804
100 130 -25.7804
101 130 -25.7804
102 130 -25.7804
103 130 -25.7804
104 130 -25.7804
105 130 -25.7804
106 130 -25.7804
107 130 -25.7804
108 130 -25.7804
109 130 -25.7804
110 130 -25.7804
111 130 -25.7804
112 130 -25.7804
113 130 -25.7804
114 130 -25.7804
115 130 -25.7804
116 130 -25.7804
117 130 -25.7804
118 130 -25.7804
119 130 -25.7804
0 131 -25.7804
1 131 -25.7804
2 131 -25.7804
3 131 -25.7804
4 131 -25.7804
5 131 -25.7804
6 131 -25.7804
7 131 -25.7804
8 131 -25.7804
9 131 -25.7804
10 131 -25.7804
11 131 -25.7804
12 131 -25.7804
13 131 -25.7804
14 131 -25.7804
15 131 -25.7804
16 131 -25.7804
17 131 -25.7804
18 131 -25.7804
19 131 -25.7804
20 131 -25.7804
21 131 -25.7804
22 131 -25.7804
23 131 -25.7804
24 131 0.106049
25 131 2.551
26 131 3.72804
27 131 4.40003
28 131 4.79813
29 131 5.06219
30 131 5.18855
31 131 5.13194
32 131 6.25916
33 131 8.90119
34 131 11.2121
35 131 13.4874
36 131 14.97
37 131 16.0764
38 131 17.0171
39 131 17.718
40 131 18.2631
41 131 18.5859
42 131 18.8554
43 131 19.0939
44 131 19.3204
45 131 19.5155
46 131 19.6875
47 131 19.8057
48 131 19.908
49 131 19.9252
50 131 19.8532
51 131 19.7221
52 131 19.5095
53 131 19.2412
54 131 18.8447
55 131 18.4186
56 131 17.9752
57 131 17.5185
58 131 17.0625
59 131 16.5853
60 131 16.0815
61 131 15.5305
62 131 14.953
63 131 14.5358
64 131 14.2036
65 131 14.0154
66 131 13.9308
67 131 13.9574
68 131 13.9953
69 131 14.0485
70 131 14.0972
71 131 14.1853
72 131 14.2669
73 131 14.3823
74 131 14.4947
75 131 14.6087
76 131 14.698
77 131 14.7888
78 131 14.8284
79 131 14.8529
80 131 14.836
81 131 14.7786
82 131 14.6619
83 131 14.449
84 131 14.1509
85 131 13.698
86 131 13.1295
87 131 12.4188
88 131 11.5859
89 131 10.205
90 131 8.26393
91 131 7.01699
92 131 4.80439
93 131 -3.15103
94 131 -25.7804
95 131 -25.7804
96 131 -25.7804
97 131 -25.7804
98 131 -25.7804
99 131 -25.7804
100 131 -25.7804
101 131 -25.7804
102 131 -25.7804
103 131 -25.7804
104 131 -25.7804
105 131 -25.7804
106 131 -25.7804
107 131 -25.7804
108 131 -25.7804
109 131 -25.7804
110 131 -25.7804
111 131 -25.7804
112 131 -25.7804
113 131 -25.7804
114 131 -25.7804
115 131 -25.7804
116 131 -25.7804
117 131 -25.7804
118 131 -25.7804
119 131 -25.7804
0 132 -25.7804
1 132 -25.7804
2 132 -25.7804
3 132 -25.7804
4 132 -25.7804
5 132 -25.7804
6 132 -25.7804
7 132 -25.7804
8 132 -25.7804
9 132 -25.7804
10 132 -25.7804
11 132 -25.7804
12 132 -25.7804
13 132 -25.7804
14 132 -25.7804
15 132 -25.7804
16 132 -25.7804
17 132 -25.7804
18 132 -25.7804
19 132 -25.7804
20 132 -25.7804
21 132 -25.7804
22 132 -25.7804
23 132 0.0645786
24 132 2.42332
25 132 3.90374
26 132 4.62757
27 132 5.13644
28 132 5.46877
29 132 5.63644
30 132 5.55109
31 132 5.62014
32 132 6.72118
33 132 9.05282
34 132 11.2375
35 132 13.3441
36 132 14.6563
37 132 15.7331
38 132 16.6818
39 132 17.4147
40 132 17.989
41 132 18.3134
42 132 18.6071
43 132 18.8492
44 132 19.0718
45 132 19.2694
46 132 19.4315
47 132 19.5385
48 132 19.605
49 132 19.6388
50 132 19.6244
51 132 19.5271
52 132 19.3853
53 132 19.1744
54 132 18.8552
55 132 18.4423
56 132 18.0163
57 132 17.6034
58 132 17.1623
59 132 16.7275
60 132 16.2466
61 132 15.7193
62 132 15.1845
63 132 14.7425
64 132 14.4354
65 132 14.2641
66 132 14.2018
67 132 14.2519
68 132 14.3234
69 132 14.3808
70 132 14.4546
71 132 14.5605
72 132 14.6731
73 132 14.801
74 132 14.9258
75 132 15.0634
76 132 15.1858
77 132 15.2873
78 132 15.362
79 132 15.4249
80 132 15.4204
81 132 15.3799
82 132 15.2966
83 132 15.1089
84 132 14.8268
85 132 14.4355
86 132 13.9549
87 132 13.3627
88 132 12.6523
89 132 11.6957
90 132 10.0523
91 132 8.08004
92 132 5.90498
93 132 -1.8498
94 132 -25.7804
95 132 -25.7804
96 132 -25.7804
97 132 -25.7804
98 132 -25.7804
99 132 -25.7804
100 132 -25.7804
101 132 -25.7804
102 132 -25.7804
103 132 -25.7804
104 132 -25.7804
105 132 -25.7804
106 132 -25.7804
107 132 -25.7804
108 132 -25.7804
109 132 -25.7804
110 132 -25.7804
111 132 -25.7804
112 132 -25.7804
113 132 -25.7804
114 132 -25.7804
115 132 -25.7804
116 132 -25.7804
117 132 -25.7804
118 132 -25.7804
119 132 -25.7804
0 133 -25.7804
1 133 -25.7804
2 133 -25.7804
3 133 -25.7804
4 133 -25.7804
5 133 -25.7804
6 133 -25.7804
7 133 -25.7804
8 133 -25.7804
9 133 -25.7804
10 133 -25.7804
11 133 -25.7804
12 133 -25.7804
13 133 -25.7804
14 133 -25.7804
15 133 -25.7804
16 133 -25.7804
17 133 -25.7804
18 133 -25.7804
19 133 -25.7804
20 133 -25.7804
21 133 -25.7804
22 133 0.015888
23 133 2.26181
24 133 3.66145
25 133 4.63722
26 133 5.22131
27 133 5.70449
28 133 5.97481
29 133 6.03879
30 133 5.83321
31 133 6.02143
32 133 7.07455
33 133 9.02319
34 133 11.1382
35 133 13.0041
36 133 14.303
37 133 15.3881
38 133 16.3209
39 133 17.0784
40 133 17.6583
41 133 18.0154
42 133 18.3147
43 133 18.5983
44 133 18.8125
45 133 19.0025
46 133 19.1656
47 133 19.2749
48 133 19.3339
49 133 19.3326
50 133 19.3311
51 133 19.2797
52 133 19.2123
53 133 19.0521
54 133 18.7909
55 133 18.4331
56 133 18.0399
57 133 17.6454
58 133 17.232
59 133 16.8121
60 133 16.3568
61 133 15.8576
62 133 15.3349
63 133 14.9123
64 133 14.6325
65 133 14.4875
66 133 14.4639
67 133 14.5154
68 133 14.5926
69 133 14.6755
70 133 14.7528
71 133 14.8762
72 133 15.0135
73 133 15.1535
74 133 15.2904
75 133 15.4101
76 133 15.531
77 133 15.6645
78 133 15.7746
79 133 15.8718
80 133 15.9194
81 133 15.9485
82 133 15.9136
83 133 15.7702
84 133 15.4864
85 133 15.115
86 133 14.6777
87 133 14.1413
88 133 13.5247
89 133 12.7898
90 133 11.5214
91 133 9.19649
92 133 7.16604
93 133 -0.697964
94 133 -25.7804
95 133 -25.7804
96 133 -25.7804
97 133 -25.7804
98 133 -25.7804
99 133 -25.7804
100 133 -25.7804
101 133 -25.7804
102 133 -25.7804
103 133 -25.7804
104 133 -25.7804
105 133 -25.7804
106 133 -25.7804
107 133 -25.7804
108 133 -25.7804
109 133 -25.7804
110 133 -25.7804
111 133 -25.7804
112 133 -25.7804
113 133 -25.7804
114 133 -25.7804
115 133 -25.7804
116 133 -25.7804
117 133 -25.7804
118 133 -25.7804
119 133 -25.7804
0 134 -25.7804
1 134 -25.7804
2 134 -25.7804
3 134 -25.7804
4 134 -25.7804
5 134 -25.7804
6 134 -25.7804
7 134 -25.7804
8 134 -25.7804
9 134 -25.7804
10 134 -25.7804
11 134 -25.7804
12 134 -25.7804
13 134 -25.7804
14 134 -25.7804
15 134 -25.7804
16 134 -25.7804
17 134 -25.7804
18 134 -25.7804
19 134 -25.7804
20 134 -25.7804
21 134 -0.0460377
22 134 1.83731
23 134 3.30847
24 134 4.39804
25 134 5.22851
26 134 5.7817
27 134 6.05591
28 134 6.19534
29 134 6.30149
30 134 6.14234
31 134 6.44901
32 134 7.43837
33 134 8.89194
34 134 10.7876
35 134 12.592
36 134 13.9062
37 134 15.0096
38 134 15.9201
39 134 16.6975
40 134 17.29
41 134 17.6904
42 134 18.0391
43 134 18.3255
44 134 18.5457
45 134 18.7246
46 134 18.8802
47 134 19.0096
48 134 19.0564
49 134 19.0535
50 134 19.0358
51 134 19.0131
52 134 18.9658
53 134 18.8758
54 134 18.6848
55 134 18.3746
56 134 18.0278
57 134 17.6718
58 134 17.2801
59 134 16.8668
60 134 16.4402
61 134 15.9654
62 134 15.4918
63 134 15.0887
64 134 14.8303
65 134 14.6895
66 134 14.6838
67 134 14.7292
68 134 14.8203
69 134 14.9042
70 134 14.9997
71 134 15.1494
72 134 15.3032
73 134 15.4396
74 134 15.5775
75 134 15.7146
76 134 15.8614
77 134 15.9991
78 134 16.1207
79 134 16.2628
80 134 16.3776
81 134 16.4452
82 134 16.4431
83 134 16.3425
84 134 16.146
85 134 15.8028
86 134 15.3523
87 134 14.8503
88 134 14.263
89 134 13.6586
90 134 12.5989
91 134 10.7609
92 134 8.36359
93 134 0.68185
94 134 -25.7804
95 134 -25.7804
96 134 -25.7804
97 134 -25.7804
98 134 -25.7804
99 134 -25.7804
100 134 -25.7804
101 134 -25.7804
102 134 -25.7804
103 134 -25.7804
104 134 -25.7804
105 134 -25.7804
106 134 -25.7804
107 134 -25.7804
108 134 -25.7804
109 134 -25.7804
110 134 -25.7804
111 134 -25.7804
112 134 -25.7804
113 134 -25.7804
114 134 -25.7804
115 134 -25.7804
116 134 -25.7804
117 134 -25.7804
118 134 -25.7804
119 134 -25.7804
0 135 -25.7804
1 135 -25.7804
2 135 -25.7804
3 135 -25.7804
4 135 -25.7804
5 135 -25.7804
6 135 -25.7804
7 135 -25.7804
8 135 -25.7804
9 135 -25.7804
10 135 -25.7804
11 135 -25.7804
12 135 -25.7804
13 135 -25.7804
14 135 -25.7804
15 135 -25.7804
16 135 -25.7804
17 135 -25.7804
18 135 -25.7804
19 135 -25.7804
20 135 0.337044
21 135 1.60938
22 135 2.84949
23 135 4.04724
24 135 4.96419
25 135 5.54611
26 135 5.88485
27 135 6.17658
28 135 6.37411
29 135 6.49257
30 135 6.40544
31 135 6.81192
32 135 7.70695
33 135 8.83779
34 135 10.3426
35 135 12.0911
36 135 13.4505
37 135 14.5773
38 135 15.4999
39 135 16.2931
40 135 16.8958
41 135 17.317
42 135 17.71
43 135 18.0161
44 135 18.2553
45 135 18.4375
46 135 18.5959
47 135 18.7152
48 135 18.7831
49 135 18.7981
50 135 18.7746
51 135 18.7402
52 135 18.7069
53 135 18.6498
54 135 18.5382
55 135 18.3098
56 135 17.9779
57 135 17.645
58 135 17.2905
59 135 16.9121
60 135 16.5283
61 135 16.1053
62 135 15.6478
63 135 15.2709
64 135 15.0205
65 135 14.8972
66 135 14.9078
67 135 14.9459
68 135 15.0046
69 135 15.1023
70 135 15.2087
71 135 15.3701
72 135 15.5382
73 135 15.6913
74 135 15.8342
75 135 15.989
76 135 16.1438
77 135 16.2958
78 135 16.4461
79 135 16.6212
80 135 16.7674
81 135 16.8644
82 135 16.8978
83 135 16.8442
84 135 16.7406
85 135 16.4536
86 135 16.0373
87 135 15.5347
88 135 14.95
89 135 14.3714
90 135 13.5099
91 135 12.1499
92 135 10.0777
93 135 2.76358
94 135 -25.7804
95 135 -25.7804
96 135 -25.7804
97 135 -25.7804
98 135 -25.7804
99 135 -25.7804
100 135 -25.7804
101 135 -25.7804
102 135 -25.7804
103 135 -25.7804
104 135 -25.7804
105 135 -25.7804
106 135 -25.7804
107 135 -25.7804
108 135 -25.7804
109 135 -25.7804
110 135 -25.7804
111 135 -25.7804
112 135 -25.7804
113 135 -25.7804
114 135 -25.7804
115 135 -25.7804
116 135 -25.7804
117 135 -25.7804
118 135 -25.7804
119 135 -25.7804
0 136 -25.7804
1 136 -25.7804
2 136 -25.7804
3 136 -25.7804
4 136 -25.7804
5 136 -25.7804
6 136 -25.7804
7 136 -25.7804
8 136 -25.7804
9 136 -25.7804
10 136 -25.7804
11 136 -25.7804
12 136 -25.7804
13 136 -25.7804
14 136 -25.7804
15 136 -25.7804
16 136 -25.7804
17 136 -25.7804
18 136 -25.7804
19 136 -0.25707
20 136 1.80882
21 136 2.74049
22 136 3.72775
23 136 4.59406
24 136 5.18722
25 136 5.63062
26 136 5.99173
27 136 6.27151
28 136 6.49434
29 136 6.65144
30 136 6.63653
31 136 7.11459
32 136 7.834
33 136 8.77952
34 136 10.0693
35 136 11.676
36 136 13.0027
37 136 14.1182
38 136 15.0185
39 136 15.8479
40 136 16.4622
41 136 16.9258
42 136 17.3295
43 136 17.6548
44 136 17.921
45 136 18.1173
46 136 18.2841
47 136 18.4053
48 136 18.4974
49 136 18.5177
50 136 18.5024
51 136 18.4826
52 136 18.44
53 136 18.3775
54 136 18.3232
55 136 18.177
56 136 17.8996
57 136 17.6024
58 136 17.278
59 136 16.9432
60 136 16.5879
61 136 16.2364
62 136 15.8109
63 136 15.444
64 136 15.2282
65 136 15.14
66 136 15.13
67 136 15.1444
68 136 15.1963
69 136 15.278
70 136 15.3799
71 136 15.5453
72 136 15.7139
73 136 15.8827
74 136 16.033
75 136 16.1864
76 136 16.3416
77 136 16.5169
78 136 16.7113
79 136 16.926
80 136 17.0872
81 136 17.2185
82 136 17.2734
83 136 17.284
84 136 17.2116
85 136 17.0403
86 136 16.6801
87 136 16.1836
88 136 15.5886
89 136 14.9853
90 136 14.2355
91 136 12.8263
92 136 10.8704
93 136 2.77116
94 136 -25.7804
95 136 -25.7804
96 136 -25.7804
97 136 -25.7804
98 136 -25.7804
99 136 -25.7804
100 136 -25.7804
101 136 -25.7804
102 136 -25.7804
103 136 -25.7804
104 136 -25.7804
105 136 -25.7804
106 136 -25.7804
107 136 -25.7804
108 136 -25.7804
109 136 -25.7804
110 136 -25.7804
111 136 -25.7804
112 136 -25.7804
113 136 -25.7804
114 136 -25.7804
115 136 -25.7804
116 136 -25.7804
117 136 -25.7804
118 136 -25.7804
119 136 -25.7804
0 137 -25.7804
1 137 -25.7804
2 137 -25.7804
3 137 -25.7804
4 137 -25.7804
5 137 -25.7804
6 137 -25.7804
7 137 -25.7804
8 137 -25.7804
9 137 -25.7804
10 137 -25.7804
11 137 -25.7804
12 137 -25.7804
13 137 -25.7804
14 137 -25.7804
15 137 -25.7804
16 137 -25.7804
17 137 -25.7804
18 137 -0.77567
19 137 0.738876
20 137 2.52291
21 137 3.46995
22 137 4.24964
23 137 4.88715
24 137 5.3378
25 137 5.68985
26 137 6.02918
27 137 6.31925
28 137 6.57364
29 137 6.76203
30 137 6.8413
31 137 7.27481
32 137 7.93621
33 137 8.80754
34 137 9.99426
35 137 11.4496
36 137 12.6388
37 137 13.6883
38 137 14.5698
39 137 15.3527
40 137 16.0213
41 137 16.5473
42 137 16.9369
43 137 17.2912
44 137 17.5657
45 137 17.7756
46 137 17.9475
47 137 18.0797
48 137 18.1656
49 137 18.2182
50 137 18.2132
51 137 18.2111
52 137 18.1992
53 137 18.1376
54 137 18.0848
55 137 17.996
56 137 17.7994
57 137 17.5348
58 137 17.2638
59 137 16.9741
60 137 16.6523
61 137 16.3302
62 137 15.9613
63 137 15.6191
64 137 15.418
65 137 15.3512
66 137 15.332
67 137 15.3235
68 137 15.3646
69 137 15.45
70 137 15.5327
71 137 15.679
72 137 15.8487
73 137 16.0056
74 137 16.1681
75 137 16.3297
76 137 16.5059
77 137 16.7006
78 137 16.9243
79 137 17.1529
80 137 17.3474
81 137 17.5099
82 137 17.5888
83 137 17.605
84 137 17.5835
85 137 17.5106
86 137 17.2589
87 137 16.7939
88 137 16.2534
89 137 15.6058
90 137 14.8482
91 137 13.7036
92 137 12.0974
93 137 -25.7804
94 137 -25.7804
95 137 -25.7804
96 137 -25.7804
97 137 -25.7804
98 137 -25.7804
99 137 -25.7804
100 137 -25.7804
101 137 -25.7804
102 137 -25.7804
103 137 -25.7804
104 137 -25.7804
105 137 -25.7804
106 137 -25.7804
107 137 -25.7804
108 137 -25.7804
109 137 -25.7804
110 137 -25.7804
111 137 -25.7804
112 137 -25.7804
113 137 -25.7804
114 137 -25.7804
115 137 -25.7804
116 137 -25.7804
117 137 -25.7804
118 137 -25.7804
119 137 -25.7804
0 138 -25.7804
1 138 -25.7804
2 138 -25.7804
3 138 -25.7804
4 138 -25.7804
5 138 -25.7804
6 138 -25.7804
7 138 -25.7804
8 138 -25.7804
9 138 -25.7804
10 138 -25.7804
11 138 -25.7804
12 138 -25.7804
13 138 -25.7804
14 138 -25.7804
15 138 -25.7804
16 138 -3.06153
17 138 -0.599312
18 138 0.458284
19 138 1.80264
20 138 3.13183
21 138 3.95744
22 138 4.59578
23 138 5.05413
24 138 5.43055
25 138 5.76639
26 138 6.08485
27 138 6.38765
28 138 6.65368
29 138 6.87178
30 138 7.10973
31 138 7.52018
32 138 8.15099
33 138 8.96481
34 138 10.1193
35 138 11.3705
36 138 12.438
37 138 13.3877
38 138 14.2032
39 138 14.951
40 138 15.6368
41 138 16.1704
42 138 16.5789
43 138 16.936
44 138 17.1999
45 138 17.402
46 138 17.5911
47 138 17.7559
48 138 17.8634
49 138 17.927
50 138 17.9445
51 138 17.9461
52 138 17.9327
53 138 17.8988
54 138 17.8577
55 138 17.7925
56 138 17.6843
57 138 17.4738
58 138 17.238
59 138 17.002
60 138 16.726
61 138 16.4413
62 138 16.105
63 138 15.8139
64 138 15.6451
65 138 15.5491
66 138 15.51
67 138 15.5023
68 138 15.5404
69 138 15.5996
70 138 15.6639
71 138 15.7922
72 138 15.9525
73 138 16.1165
74 138 16.2748
75 138 16.4363
76 138 16.6213
77 138 16.8068
78 138 17.0181
79 138 17.2003
80 138 17.3843
81 138 17.5795
82 138 17.7365
83 138 17.8063
84 138 17.8031
85 138 17.6745
86 138 17.4497
87 138 17.0514
88 138 16.5476
89 138 16.0026
90 138 15.331
91 138 14.1493
92 138 12.5838
93 138 8.11919
94 138 2.16445
95 138 -25.7804
96 138 -25.7804
97 138 -25.7804
98 138 -25.7804
99 138 -25.7804
100 138 -25.7804
101 138 -25.7804
102 138 -25.7804
103 138 -25.7804
104 138 -25.7804
105 138 -25.7804
106 138 -25.7804
107 138 -25.7804
108 138 -25.7804
109 138 -25.7804
110 138 -25.7804
111 138 -25.7804
112 138 -25.7804
113 138 -25.7804
114 138 -25.7804
115 138 -25.7804
116 138 -25.7804
117 138 -25.7804
118 138 -25.7804
119 138 -25.7804
0 139 -25.7804
1 139 -25.7804
2 139 -25.7804
3 139 -25.7804
4 139 -25.7804
5 139 -25.7804
6 139 -25.7804
7 139 -25.7804
8 139 -25.7804
9 139 -25.7804
10 139 -25.7804
11 139 -25.7804
12 139 -25.7804
13 139 -25.7804
14 139 -25.7804
15 139 -3.82131
16 139 -1.4281
17 139 0.289244
18 139 1.40956
19 139 2.57935
20 139 3.6488
21 139 4.32201
22 139 4.8133
23 139 5.18007
24 139 5.5225
25 139 5.85672
26 139 6.15321
27 139 6.43801
28 139 6.69408
29 139 6.93923
30 139 7.34891
31 139 7.83008
32 139 8.4206
33 139 9.17365
34 139 10.2562
35 139 11.3642
36 139 12.3096
37 139 13.1639
38 139 13.936
39 139 14.6352
40 139 15.3008
41 139 15.8259
42 139 16.2614
43 139 16.5949
44 139 16.8389
45 139 17.0545
46 139 17.2452
47 139 17.445
48 139 17.5686
49 139 17.6574
50 139 17.684
51 139 17.6967
52 139 17.6879
53 139 17.6719
54 139 17.6441
55 139 17.6049
56 139 17.5363
57 139 17.3957
58 139 17.2146
59 139 17.0334
60 139 16.813
61 139 16.5617
62 139 16.2659
63 139 15.983
64 139 15.8495
65 139 15.7459
66 139 15.6833
67 139 15.6699
68 139 15.6954
69 139 15.7331
70 139 15.794
71 139 15.8974
72 139 16.0202
73 139 16.1644
74 139 16.341
75 139 16.5012
76 139 16.6741
77 139 16.8424
78 139 16.9972
79 139 17.148
80 139 17.2769
81 139 17.3919
82 139 17.5056
83 139 17.5964
84 139 17.6324
85 139 17.57
86 139 17.3657
87 139 17.0263
88 139 16.5669
89 139 16.0546
90 139 15.3612
91 139 14.1933
92 139 12.3762
93 139 9.54286
94 139 4.71097
95 139 1.74989
96 139 -2.8865
97 139 -25.7804
98 139 -25.7804
99 139 -25.7804
100 139 -25.7804
101 139 -25.7804
102 139 -25.7804
103 139 -25.7804
104 139 -25.7804
105 139 -25.7804
106 139 -25.7804
107 139 -25.7804
108 139 -25.7804
109 139 -25.7804
110 139 -25.7804
111 139 -25.7804
112 139 -25.7804
113 139 -25.7804
114 139 -25.7804
115 139 -25.7804
116 139 -25.7804
117 139 -25.7804
118 139 -25.7804
119 139 -25.7804
0 140 -25.7804
1 140 -25.7804
2 140 -25.7804
3 140 -25.7804
4 140 -25.7804
5 140 -25.7804
6 140 -25.7804
7 140 -25.7804
8 140 -25.7804
9 140 -25.7804
10 140 -25.7804
11 140 -25.7804
12 140 -25.7804
13 140 -25.7804
14 140 -5.04764
15 140 -2.1752
16 140 -0.588783
17 140 0.851599
18 140 2.02956
19 140 3.10469
20 140 4.00063
21 140 4.54311
22 140 4.93266
23 140 5.28569
24 140 5.6138
25 140 5.92316
26 140 6.20301
27 140 6.46014
28 140 6.69521
29 140 7.00031
30 140 7.55194
31 140 8.13272
32 140 8.77339
33 140 9.48488
34 140 10.4404
35 140 11.3829
36 140 12.229
37 140 13.0027
38 140 13.708
39 140 14.3698
40 140 14.9973
41 140 15.5217
42 140 15.9448
43 140 16.2561
44 140 16.5091
45 140 16.7324
46 140 16.9302
47 140 17.1226
48 140 17.2956
49 140 17.3859
50 140 17.426
51 140 17.4514
52 140 17.4708
53 140 17.4676
54 140 17.4687
55 140 17.4384
56 140 17.3908
57 140 17.3283
58 140 17.22
59 140 17.0705
60 140 16.893
61 140 16.6755
62 140 16.4338
63 140 16.1818
64 140 16.05
65 140 15.9411
66 140 15.8688
67 140 15.8468
68 140 15.8387
69 140 15.8691
70 140 15.9206
71 140 16.0004
72 140 16.0944
73 140 16.207
74 140 16.3494
75 140 16.5086
76 140 16.6564
77 140 16.7892
78 140 16.8985
79 140 17.002
80 140 17.0688
81 140 17.1433
82 140 17.1862
83 140 17.1941
84 140 17.1798
85 140 17.1227
86 140 16.9659
87 140 16.6672
88 140 16.275
89 140 15.8055
90 140 15.165
91 140 14.1039
92 140 12.2496
93 140 9.68438
94 140 5.38185
95 140 2.67198
96 140 0.934001
97 140 -1.7506
98 140 -25.7804
99 140 -25.7804
100 140 -25.7804
101 140 -25.7804
102 140 -25.7804
103 140 -25.7804
104 140 -25.7804
105 140 -25.7804
106 140 -25.7804
107 140 -25.7804
108 140 -25.7804
109 140 -25.7804
110 140 -25.7804
111 140 -25.7804
112 140 -25.7804
113 140 -25.7804
114 140 -25.7804
115 140 -25.7804
116 140 -25.7804
117 140 -25.7804
118 140 -25.7804
119 140 -25.7804
0 141 -25.7804
1 141 -25.7804
2 141 -25.7804
3 141 -25.7804
4 141 -25.7804
5 141 -25.7804
6 141 -25.7804
7 141 -25.7804
8 141 -25.7804
9 141 -25.7804
10 141 -25.7804
11 141 -25.7804
12 141 -25.7804
13 141 -6.14249
14 141 -3.38277
15 141 -1.44694
16 141 0.023495
17 141 1.32595
18 141 2.47433
19 141 3.4572
20 141 4.2469
21 141 4.67116
22 141 5.04272
23 141 5.3753
24 141 5.69174
25 141 5.95255
26 141 6.2031
27 141 6.4591
28 141 6.69792
29 141 7.08877
30 141 7.75052
31 141 8.41765
32 141 9.10582
33 141 9.84871
34 141 10.6869
35 141 11.4546
36 141 12.2017
37 141 12.9038
38 141 13.5607
39 141 14.1721
40 141 14.7577
41 141 15.2477
42 141 15.6325
43 141 15.9381
44 141 16.2158
45 141 16.4486
46 141 16.6587
47 141 16.848
48 141 17.0238
49 141 17.1423
50 141 17.1911
51 141 17.2453
52 141 17.2924
53 141 17.3064
54 141 17.3246
55 141 17.3186
56 141 17.291
57 141 17.2534
58 141 17.2064
59 141 17.1085
60 141 16.9768
61 141 16.8036
62 141 16.609
63 141 16.3987
64 141 16.2259
65 141 16.1331
66 141 16.0672
67 141 16.0217
68 141 15.9884
69 141 16.0176
70 141 16.0459
71 141 16.0905
72 141 16.146
73 141 16.2199
74 141 16.3471
75 141 16.4584
76 141 16.5841
77 141 16.6843
78 141 16.7505
79 141 16.7922
80 141 16.7982
81 141 16.819
82 141 16.8349
83 141 16.8205
84 141 16.7892
85 141 16.7177
86 141 16.5826
87 141 16.288
88 141 15.8912
89 141 15.4504
90 141 14.8374
91 141 13.7478
92 141 11.7847
93 141 8.61563
94 141 5.84683
95 141 3.67152
96 141 1.765
97 141 0.289981
98 141 -1.21878
99 141 -25.7804
100 141 -25.7804
101 141 -25.7804
102 141 -25.7804
103 141 -25.7804
104 141 -25.7804
105 141 -25.7804
106 141 -25.7804
107 141 -25.7804
108 141 -25.7804
109 141 -25.7804
110 141 -25.7804
111 141 -25.7804
112 141 -25.7804
113 141 -25.7804
114 141 -25.7804
115 141 -25.7804
116 141 -25.7804
117 141 -25.7804
118 141 -25.7804
119 141 -25.7804
0 142 -25.7804
1 142 -25.7804
2 142 -25.7804
3 142 -25.7804
4 142 -25.7804
5 142 -25.7804
6 142 -25.7804
7 142 -25.7804
8 142 -25.7804
9 142 -25.7804
10 142 -25.7804
11 142 -13.0667
12 142 -7.16456
13 142 -4.43398
14 142 -2.52701
15 142 -0.886996
16 142 0.512316
17 142 1.73288
18 142 2.80353
19 142 3.70895
20 142 4.3516
21 142 4.77749
22 142 5.11522
23 142 5.43557
24 142 5.71059
25 142 5.95468
26 142 6.20802
27 142 6.43754
28 142 6.69769
29 142 7.1952
30 142 7.94495
31 142 8.68569
32 142 9.44403
33 142 10.1875
34 142 10.9145
35 142 11.5953
36 142 12.255
37 142 12.8626
38 142 13.4531
39 142 14.0054
40 142 14.5393
41 142 14.9994
42 142 15.3584
43 142 15.6668
44 142 15.9412
45 142 16.2
46 142 16.412
47 142 16.6092
48 142 16.7693
49 142 16.9181
50 142 16.9911
51 142 17.0657
52 142 17.1166
53 142 17.1547
54 142 17.1826
55 142 17.1967
56 142 17.1914
57 142 17.1637
58 142 17.1505
59 142 17.1232
60 142 17.041
61 142 16.9061
62 142 16.7571
63 142 16.5928
64 142 16.4474
65 142 16.3207
66 142 16.2475
67 142 16.191
68 142 16.1432
69 142 16.1514
70 142 16.1537
71 142 16.1678
72 142 16.2052
73 142 16.254
74 142 16.3214
75 142 16.4035
76 142 16.4747
77 142 16.535
78 142 16.5756
79 142 16.566
80 142 16.542
81 142 16.5211
82 142 16.5043
83 142 16.464
84 142 16.4262
85 142 16.3589
86 142 16.2032
87 142 15.918
88 142 15.5205
89 142 15.0489
90 142 14.3739
91 142 13.2666
92 142 10.9886
93 142 7.47374
94 142 5.7809
95 142 4.11219
96 142 2.69018
97 142 1.40651
98 142 0.279011
99 142 -0.637564
100 142 -2.06106
101 142 -25.7804
102 142 -25.7804
103 142 -25.7804
104 142 -25.7804
105 142 -25.7804
106 142 -25.7804
107 142 -25.7804
108 142 -25.7804
109 142 -25.7804
110 142 -25.7804
111 142 -25.7804
112 142 -25.7804
113 142 -25.7804
114 142 -25.7804
115 142 -25.7804
116 142 -25.7804
117 142 -25.7804
118 142 -25.7804
119 142 -25.7804
0 143 -25.7804
1 143 -25.7804
2 143 -25.7804
3 143 -25.7804
4 143 -25.7804
5 143 -25.7804
6 143 -25.7804
7 143 -25.7804
8 143 -25.7804
9 143 -25.7804
10 143 -15
11 143 -10.3055
12 143 -6.24288
13 143 -3.86074
14 143 -1.97677
15 143 -0.401197
16 143 0.927323
17 143 2.07846
18 143 3.06928
19 143 3.81686
20 143 4.40446
21 143 4.83577
22 143 5.16608
23 143 5.44259
24 143 5.70283
25 143 5.95525
26 143 6.19238
27 143 6.41321
28 143 6.7175
29 143 7.35784
30 143 8.18212
31 143 8.97306
32 143 9.73254
33 143 10.4209
34 143 11.0939
35 143 11.7271
36 143 12.3143
37 143 12.8893
38 143 13.3886
39 143 13.8768
40 143 14.3634
41 143 14.7669
42 143 15.1208
43 143 15.4393
44 143 15.7236
45 143 15.987
46 143 16.1969
47 143 16.3946
48 143 16.5646
49 143 16.7023
50 143 16.7989
51 143 16.8921
52 143 16.9685
53 143 17.0103
54 143 17.0329
55 143 17.0526
56 143 17.065
57 143 17.0774
58 143 17.0857
59 143 17.1044
60 143 17.0632
61 143 16.9762
62 143 16.8548
63 143 16.7179
64 143 16.6147
65 143 16.5027
66 143 16.4332
67 143 16.3733
68 143 16.3207
69 143 16.2823
70 143 16.2652
71 143 16.2567
72 143 16.2592
73 143 16.288
74 143 16.3011
75 143 16.3343
76 143 16.3935
77 143 16.4115
78 143 16.3994
79 143 16.3644
80 143 16.2706
81 143 16.2398
82 143 16.1755
83 143 16.1481
84 143 16.0979
85 143 16.043
86 143 15.857
87 143 15.5678
88 143 15.1556
89 143 14.647
90 143 13.8323
91 143 12.5645
92 143 10.1739
93 143 7.04939
94 143 5.83526
95 143 4.49381
96 143 3.25355
97 143 2.1043
98 143 1.07887
99 143 0.00358737
100 143 0.611102
101 143 -1.20956
102 143 -25.7804
103 143 -25.7804
104 143 -25.7804
105 143 -25.7804
106 143 -25.7804
107 143 -25.7804
108 143 -25.7804
109 143 -25.7804
110 143 -25.7804
111 143 -25.7804
112 143 -25.7804
113 143 -25.7804
114 143 -25.7804
115 143 -25.7804
116 143 -25.7804
117 143 -25.7804
118 143 -25.7804
119 143 -25.7804
0 144 -25.7804
1 144 -25.7804
2 144 -25.7804
3 144 -25.7804
4 144 -25.7804
5 144 -25.7804
6 144 -25.7804
7 144 -25.7804
8 144 -25.7804
9 144 -19.1901
10 144 -12.4342
11 144 -8.73903
12 144 -5.67522
13 144 -3.34081
14 144 -1.48342
15 144 0.0654544
16 144 1.30787
17 144 2.3594
18 144 3.2347
19 144 3.91319
20 144 4.46444
21 144 4.8693
22 144 5.19615
23 144 5.45208
24 144 5.69111
25 144 5.94548
26 144 6.16923
27 144 6.39437
28 144 6.81016
29 144 7.57562
30 144 8.45273
31 144 9.23368
32 144 9.9464
33 144 10.592
34 144 11.2154
35 144 11.7929
36 144 12.3583
37 144 12.8807
38 144 13.3568
39 144 13.8021
40 144 14.2164
41 144 14.6029
42 144 14.9413
43 144 15.2378
44 144 15.5386
45 144 15.8114
46 144 16.0313
47 144 16.222
48 144 16.3955
49 144 16.5248
50 144 16.6442
51 144 16.7428
52 144 16.805
53 144 16.8561
54 144 16.8935
55 144 16.9221
56 144 16.9654
57 144 16.984
58 144 17.0128
59 144 17.0405
60 144 17.0641
61 144 17.0272
62 144 16.9276
63 144 16.8235
64 144 16.7192
65 144 16.6406
66 144 16.5759
67 144 16.5219
68 144 16.4744
69 144 16.4359
70 144 16.3946
71 144 16.3563
72 144 16.3276
73 144 16.3045
74 144 16.2775
75 144 16.2692
76 144 16.2696
77 144 16.2714
78 144 16.232
79 144 16.1569
80 144 16.0299
81 144 15.9452
82 144 15.8838
83 144 15.8381
84 144 15.7952
85 144 15.7324
86 144 15.5253
87 144 15.2222
88 144 14.7912
89 144 14.2503
90 144 13.2526
91 144 11.7953
92 144 9.45069
93 144 6.77885
94 144 5.83531
95 144 4.75637
96 144 3.69072
97 144 2.68013
98 144 1.77482
99 144 1.03196
100 144 0.747212
101 144 -0.148473
102 144 -1.23329
103 144 -2.75263
104 144 -25.7804
105 144 -25.7804
106 144 -25.7804
107 144 -25.7804
108 144 -25.7804
109 144 -25.7804
110 144 -25.7804
111 144 -25.7804
112 144 -25.7804
113 144 -25.7804
114 144 -25.7804
115 144 -25.7804
116 144 -25.7804
117 144 -25.7804
118 144 -25.7804
119 144 -25.7804
0 145 -25.7804
1 145 -25.7804
2 145 -25.7804
3 145 -25.7804
4 145 -25.7804
5 145 -25.7804
6 145 -25.7804
7 145 -25.7804
8 145 -25.7804
9 145 -17.0627
10 145 -11.0968
11 145 -7.62816
12 145 -4.90227
13 145 -2.66604
14 145 -0.9452
15 145 0.490519
16 145 1.63325
17 145 2.59155
18 145 3.36199
19 145 4.00507
20 145 4.49637
21 145 4.87678
22 145 5.18133
23 145 5.43093
24 145 5.67546
25 145 5.94482
26 145 6.18382
27 145 6.45893
28 145 6.97554
29 145 7.79101
30 145 8.64706
31 145 9.37576
32 145 10.0418
33 145 10.6739
34 145 11.262
35 145 11.8153
36 145 12.3446
37 145 12.8264
38 145 13.2678
39 145 13.6829
40 145 14.0836
41 145 14.4361
42 145 14.7781
43 145 15.0822
44 145 15.3613
45 145 15.6337
46 145 15.8694
47 145 16.0662
48 145 16.2463
49 145 16.3712
50 145 16.5012
51 145 16.5991
52 145 16.6789
53 145 16.73
54 145 16.7779
55 145 16.8166
56 145 16.8662
57 145 16.906
58 145 16.9415
59 145 16.9859
60 145 17.0316
61 145 17.0046
62 145 16.9509
63 145 16.8823
64 145 16.8001
65 145 16.7436
66 145 16.693
67 145 16.6559
68 145 16.6072
69 145 16.5573
70 145 16.5032
71 145 16.4482
72 145 16.3892
73 145 16.3231
74 145 16.2723
75 145 16.21
76 145 16.1721
77 145 16.1451
78 145 16.0682
79 145 15.9629
80 145 15.8104
81 145 15.683
82 145 15.5923
83 145 15.5336
84 145 15.5115
85 145 15.3859
86 145 15.1663
87 145 14.8597
88 145 14.4237
89 145 13.8211
90 145 12.7305
91 145 11.1554
92 145 9.2342
93 145 6.54154
94 145 5.8953
95 145 4.9841
96 145 4.06369
97 145 3.16813
98 145 2.353
99 145 1.61696
100 145 0.983108
101 145 0.265582
102 145 -0.828006
103 145 -0.158929
104 145 -2.34624
105 145 -25.7804
106 145 -25.7804
107 145 -25.7804
108 145 -25.7804
109 145 -25.7804
110 145 -25.7804
111 145 -25.7804
112 145 -25.7804
113 145 -25.7804
114 145 -25.7804
115 145 -25.7804
116 145 -25.7804
117 145 -25.7804
118 145 -25.7804
119 145 -25.7804
0 146 -25.7804
1 146 -25.7804
2 146 -25.7804
3 146 -25.7804
4 146 -25.7804
5 146 -25.7804
6 146 -25.7804
7 146 -25.7804
8 146 -25.7804
9 146 -16.1754
10 146 -10.1418
11 146 -6.6569
12 146 -4.13603
13 146 -2.04176
14 146 -0.39215
15 146 0.94755
16 146 1.99312
17 146 2.86227
18 146 3.51042
19 146 4.07944
20 146 4.53161
21 146 4.88027
22 146 5.14791
23 146 5.40026
24 146 5.67225
25 146 5.94203
26 146 6.2069
27 146 6.52822
28 146 7.10943
29 146 7.92972
30 146 8.71984
31 146 9.43808
32 146 10.0869
33 146 10.6888
34 146 11.2612
35 146 11.7866
36 146 12.2766
37 146 12.7435
38 146 13.1655
39 146 13.54
40 146 13.9424
41 146 14.2966
42 146 14.6101
43 146 14.9258
44 146 15.2036
45 146 15.4667
46 146 15.7157
47 146 15.9171
48 146 16.0919
49 146 16.2306
50 146 16.3588
51 146 16.4556
52 146 16.5318
53 146 16.6151
54 146 16.6882
55 146 16.7228
56 146 16.7802
57 146 16.8251
58 146 16.8663
59 146 16.9231
60 146 16.9807
61 146 17.0025
62 146 16.9559
63 146 16.9094
64 146 16.8594
65 146 16.8143
66 146 16.7661
67 146 16.7233
68 146 16.6824
69 146 16.6366
70 146 16.5649
71 146 16.4927
72 146 16.4361
73 146 16.337
74 146 16.2384
75 146 16.1497
76 146 16.0728
77 146 16.0007
78 146 15.8977
79 146 15.7804
80 146 15.6026
81 146 15.4514
82 146 15.3325
83 146 15.243
84 146 15.1825
85 146 15.0485
86 146 14.8436
87 146 14.5241
88 146 14.0503
89 146 13.4274
90 146 12.4336
91 146 10.8787
92 146 8.4345
93 146 6.65674
94 146 6.00419
95 146 5.20683
96 146 4.40835
97 146 3.60361
98 146 2.84496
99 146 2.11344
100 146 1.42081
101 146 0.747402
102 146 0.163386
103 146 -0.0526273
104 146 -0.668514
105 146 -2.50096
106 146 -25.7804
107 146 -25.7804
108 146 -25.7804
109 146 -25.7804
110 146 -25.7804
111 146 -25.7804
112 146 -25.7804
113 146 -25.7804
114 146 -25.7804
115 146 -25.7804
116 146 -25.7804
117 146 -25.7804
118 146 -25.7804
119 146 -25.7804
0 147 -25.7804
1 147 -25.7804
2 147 -25.7804
3 147 -25.7804
4 147 -25.7804
5 147 -25.7804
6 147 -25.7804
7 147 -25.7804
8 147 -25.7804
9 147 -15.477
10 147 -9.51558
11 147 -5.92971
12 147 -3.448
13 147 -1.43557
14 147 0.110832
15 147 1.36465
16 147 2.39377
17 147 3.17948
18 147 3.69389
19 147 4.17734
20 147 4.56259
21 147 4.8518
22 147 5.13477
23 147 5.39767
24 147 5.66098
25 147 5.9361
26 147 6.22517
27 147 6.60873
28 147 7.22117
29 147 8.0314
30 147 8.77831
31 147 9.46551
32 147 10.0851
33 147 10.6622
34 147 11.2092
35 147 11.7174
36 147 12.194
37 147 12.6359
38 147 13.0364
39 147 13.4262
40 147 13.8061
41 147 14.1496
42 147 14.4598
43 147 14.7861
44 147 15.0596
45 147 15.308
46 147 15.561
47 147 15.7719
48 147 15.9479
49 147 16.1036
50 147 16.2235
51 147 16.3202
52 147 16.4056
53 147 16.4963
54 147 16.5843
55 147 16.6538
56 147 16.7088
57 147 16.7698
58 147 16.8199
59 147 16.8746
60 147 16.9139
61 147 16.9606
62 147 16.9466
63 147 16.9295
64 147 16.8918
65 147 16.8464
66 147 16.8118
67 147 16.7797
68 147 16.7393
69 147 16.6664
70 147 16.6077
71 147 16.519
72 147 16.4477
73 147 16.354
74 147 16.2394
75 147 16.1045
76 147 15.974
77 147 15.869
78 147 15.7555
79 147 15.5889
80 147 15.4041
81 147 15.2227
82 147 15.1008
83 147 14.9883
84 147 14.8671
85 147 14.6728
86 147 14.4522
87 147 14.1348
88 147 13.7095
89 147 13.1804
90 147 12.267
91 147 10.916
92 147 7.5448
93 147 6.68792
94 147 6.10965
95 147 5.44774
96 147 4.73993
97 147 4.01381
98 147 3.28399
99 147 2.56145
100 147 1.88212
101 147 1.22682
102 147 0.63565
103 147 0.198857
104 147 -0.269904
105 147 -0.925111
106 147 -2.89186
107 147 -25.7804
108 147 -25.7804
109 147 -25.7804
110 147 -25.7804
111 147 -25.7804
112 147 -25.7804
113 147 -25.7804
114 147 -25.7804
115 147 -25.7804
116 147 -25.7804
117 147 -25.7804
118 147 -25.7804
119 147 -25.7804
0 148 -25.7804
1 148 -25.7804
2 148 -25.7804
3 148 -25.7804
4 148 -25.7804
5 148 -25.7804
6 148 -25.7804
7 148 -25.7804
8 148 -25.7804
9 148 -14.7016
10 148 -9.24088
11 148 -5.43705
12 148 -2.93994
13 148 -0.959271
14 148 0.563732
15 148 1.7783
16 148 2.77655
17 148 3.46428
18 148 3.90926
19 148 4.28932
20 148 4.6005
21 148 4.84411
22 148 5.11969
23 148 5.3845
24 148 5.66836
25 148 5.92604
26 148 6.25237
27 148 6.69649
28 148 7.32155
29 148 8.08155
30 148 8.79084
31 148 9.44043
32 148 10.0383
33 148 10.6183
34 148 11.156
35 148 11.651
36 148 12.1168
37 148 12.5401
38 148 12.9225
39 148 13.3213
40 148 13.6587
41 148 14.0081
42 148 14.3283
43 148 14.6456
44 148 14.9256
45 148 15.1813
46 148 15.4113
47 148 15.6282
48 148 15.8067
49 148 15.9625
50 148 16.0865
51 148 16.1978
52 148 16.3026
53 148 16.3928
54 148 16.4769
55 148 16.5608
56 148 16.6453
57 148 16.7143
58 148 16.769
59 148 16.8265
60 148 16.8596
61 148 16.8873
62 148 16.8978
63 148 16.896
64 148 16.8952
65 148 16.8572
66 148 16.818
67 148 16.7733
68 148 16.7236
69 148 16.6744
70 148 16.5966
71 148 16.5199
72 148 16.4313
73 148 16.3306
74 148 16.2
75 148 16.0686
76 148 15.9174
77 148 15.7642
78 148 15.6169
79 148 15.4477
80 148 15.2148
81 148 15.027
82 148 14.8829
83 148 14.7317
84 148 14.5583
85 148 14.3109
86 148 14.0339
87 148 13.7116
88 148 13.3412
89 148 12.9299
90 148 12.1666
91 148 10.8302
92 148 6.85133
93 148 6.49772
94 148 6.1721
95 148 5.67861
96 148 5.08984
97 148 4.41955
98 148 3.71691
99 148 3.02316
100 148 2.3301
101 148 1.66473
102 148 1.04138
103 148 0.513991
104 148 0.0188882
105 148 -0.408588
106 148 -1.07042
107 148 -3.20924
108 148 -25.7804
109 148 -25.7804
110 148 -25.7804
111 148 -25.7804
112 148 -25.7804
113 148 -25.7804
114 148 -25.7804
115 148 -25.7804
116 148 -25.7804
117 148 -25.7804
118 148 -25.7804
119 148 -25.7804
0 149 -25.7804
1 149 -25.7804
2 149 -25.7804
3 149 -25.7804
4 149 -25.7804
5 149 -25.7804
6 149 -25.7804
7 149 -25.7804
8 149 -25.7804
9 149 -14.1915
10 149 -8.98626
11 149 -5.15622
12 149 -2.53701
13 149 -0.535116
14 149 0.929756
15 149 2.13638
16 149 3.10101
17 149 3.71254
18 149 4.0978
19 149 4.36918
20 149 4.62955
21 149 4.86894
22 149 5.12114
23 149 5.39359
24 149 5.65422
25 149 5.90983
26 149 6.27264
27 149 6.75741
28 149 7.41144
29 149 8.12709
30 149 8.78939
31 149 9.39891
32 149 9.98618
33 149 10.5507
34 149 11.0725
35 149 11.555
36 149 12.001
37 149 12.4132
38 149 12.7977
39 149 13.1883
40 149 13.5256
41 149 13.8675
42 149 14.1854
43 149 14.5039
44 149 14.7895
45 149 15.0581
46 149 15.2812
47 149 15.4919
48 149 15.6753
49 149 15.8323
50 149 15.9641
51 149 16.0889
52 149 16.2063
53 149 16.2982
54 149 16.3917
55 149 16.4752
56 149 16.564
57 149 16.6521
58 149 16.7114
59 149 16.7489
60 149 16.7845
61 149 16.8052
62 149 16.8516
63 149 16.8573
64 149 16.8376
65 149 16.8077
66 149 16.7806
67 149 16.7551
68 149 16.6798
69 149 16.6255
70 149 16.5461
71 149 16.4708
72 149 16.3815
73 149 16.263
74 149 16.138
75 149 16.0067
76 149 15.8391
77 149 15.6684
78 149 15.4646
79 149 15.2758
80 149 15.0565
81 149 14.8495
82 149 14.6793
83 149 14.4607
84 149 14.2279
85 149 13.9607
86 149 13.6787
87 149 13.3938
88 149 13.0859
89 149 12.825
90 149 12.2161
91 149 11.1908
92 149 6.28593
93 149 6.4178
94 149 6.28406
95 149 5.9482
96 149 5.4238
97 149 4.8298
98 149 4.18741
99 149 3.48532
100 149 2.78501
101 149 2.08303
102 149 1.44302
103 149 0.860054
104 149 0.318554
105 149 -0.160893
106 149 -0.674265
107 149 -1.44601
108 149 -3.18581
109 149 -25.7804
110 149 -25.7804
111 149 -25.7804
112 149 -25.7804
113 149 -25.7804
114 149 -25.7804
115 149 -25.7804
116 149 -25.7804
117 149 -25.7804
118 149 -25.7804
119 149 -25.7804
0 150 -25.7804
1 150 -25.7804
2 150 -25.7804
3 150 -25.7804
4 150 -25.7804
5 150 -25.7804
6 150 -25.7804
7 150 -25.7804
8 150 -25.7804
9 150 -13.6133
10 150 -8.81507
11 150 -5.11433
12 150 -2.344
13 150 -0.284919
14 150 1.22376
15 150 2.4114
16 150 3.33259
17 150 3.9126
18 150 4.22702
19 150 4.43105
20 150 4.65471
21 150 4.90951
22 150 5.14388
23 150 5.39156
24 150 5.63113
25 150 5.89634
26 150 6.2996
27 150 6.82047
28 150 7.46329
29 150 8.15939
30 150 8.78606
31 150 9.39797
32 150 9.97546
33 150 10.4947
34 150 10.9843
35 150 11.4547
36 150 11.8794
37 150 12.2996
38 150 12.6706
39 150 13.0615
40 150 13.3977
41 150 13.7256
42 150 14.0415
43 150 14.3568
44 150 14.6462
45 150 14.9176
46 150 15.1427
47 150 15.3624
48 150 15.5547
49 150 15.7127
50 150 15.8555
51 150 15.9912
52 150 16.1119
53 150 16.2137
54 150 16.3163
55 150 16.4053
56 150 16.4897
57 150 16.5731
58 150 16.6424
59 150 16.6838
60 150 16.7325
61 150 16.766
62 150 16.7864
63 150 16.7801
64 150 16.7536
65 150 16.7617
66 150 16.7103
67 150 16.6567
68 150 16.6004
69 150 16.5531
70 150 16.4851
71 150 16.3762
72 150 16.2821
73 150 16.1775
74 150 16.0413
75 150 15.9034
76 150 15.7215
77 150 15.5456
78 150 15.3453
79 150 15.1294
80 150 14.9065
81 150 14.6779
82 150 14.472
83 150 14.2313
84 150 13.9733
85 150 13.7034
86 150 13.4342
87 150 13.147
88 150 12.8761
89 150 12.6402
90 150 12.1512
91 150 11.8358
92 150 6.5218
93 150 6.6953
94 150 6.56047
95 150 6.24615
96 150 5.81313
97 150 5.24224
98 150 4.64575
99 150 3.97447
100 150 3.24314
101 150 2.54062
102 150 1.84385
103 150 1.22468
104 150 0.617997
105 150 0.0610604
106 150 -0.589696
107 150 -1.46645
108 150 -1.66637
109 150 -25.7804
110 150 -25.7804
111 150 -25.7804
112 150 -25.7804
113 150 -25.7804
114 150 -25.7804
115 150 -25.7804
116 150 -25.7804
117 150 -25.7804
118 150 -25.7804
119 150 -25.7804
0 151 -25.7804
1 151 -25.7804
2 151 -25.7804
3 151 -25.7804
4 151 -25.7804
5 151 -25.7804
6 151 -25.7804
7 151 -25.7804
8 151 -25.7804
9 151 -13.8113
10 151 -8.74016
11 151 -5.25715
12 151 -2.33196
13 151 -0.199578
14 151 1.33843
15 151 2.62006
16 151 3.47557
17 151 4.02804
18 151 4.30506
19 151 4.51819
20 151 4.70841
21 151 4.92741
22 151 5.16095
23 151 5.39307
24 151 5.60702
25 151 5.89648
26 151 6.31902
27 151 6.86177
28 151 7.52393
29 151 8.17986
30 151 8.76604
31 151 9.35238
32 151 9.89449
33 151 10.4006
34 151 10.8956
35 151 11.3397
36 151 11.7717
37 151 12.1727
38 151 12.552
39 151 12.9357
40 151 13.2816
41 151 13.6134
42 151 13.9199
43 151 14.2237
44 151 14.5076
45 151 14.7709
46 151 15.0237
47 151 15.2375
48 151 15.4404
49 151 15.6028
50 151 15.754
51 151 15.9004
52 151 16.0211
53 151 16.1402
54 151 16.2498
55 151 16.3464
56 151 16.4384
57 151 16.505
58 151 16.5731
59 151 16.6342
60 151 16.676
61 151 16.7017
62 151 16.6921
63 151 16.6973
64 151 16.6871
65 151 16.6522
66 151 16.5934
67 151 16.5541
68 151 16.5117
69 151 16.4478
70 151 16.36
71 151 16.261
72 151 16.1534
73 151 16.044
74 151 15.8982
75 151 15.7333
76 151 15.5705
77 151 15.3907
78 151 15.1977
79 151 14.9735
80 151 14.7826
81 151 14.5771
82 151 14.3592
83 151 14.1165
84 151 13.8589
85 151 13.6029
86 151 13.3222
87 151 13.0161
88 151 12.7058
89 151 12.415
90 151 11.7854
91 151 10.942
92 151 7.69831
93 151 7.29794
94 151 7.00406
95 151 6.65299
96 151 6.22352
97 151 5.6975
98 151 5.0928
99 151 4.44633
100 151 3.73406
101 151 2.99492
102 151 2.28915
103 151 1.61322
104 151 0.959947
105 151 0.321407
106 151 -0.455008
107 151 -1.59667
108 151 -2.21951
109 151 -25.7804
110 151 -25.7804
111 151 -25.7804
112 151 -25.7804
113 151 -25.7804
114 151 -25.7804
115 151 -25.7804
116 151 -25.7804
117 151 -25.7804
118 151 -25.7804
119 151 -25.7804
0 152 -25.7804
1 152 -25.7804
2 152 -25.7804
3 152 -25.7804
4 152 -25.7804
5 152 -25.7804
6 152 -25.7804
7 152 -25.7804
8 152 -25.7804
9 152 -14.3569
10 152 -8.8577
11 152 -5.59459
12 152 -2.46423
13 152 -0.2376
14 152 1.39917
15 152 2.69901
16 152 3.51613
17 152 4.01325
18 152 4.32395
19 152 4.57607
20 152 4.77533
21 152 4.95364
22 152 5.15806
23 152 5.36157
24 152 5.56693
25 152 5.89605
26 152 6.32375
27 152 6.8676
28 152 7.5171
29 152 8.1543
30 152 8.7109
31 152 9.27328
32 152 9.79658
33 152 10.3034
34 152 10.7579
35 152 11.2107
36 152 11.64
37 152 12.0534
38 152 12.4329
39 152 12.8059
40 152 13.1374
41 152 13.49
42 152 13.8005
43 152 14.1006
44 152 14.3807
45 152 14.6414
46 152 14.8923
47 152 15.1184
48 152 15.3272
49 152 15.4979
50 152 15.661
51 152 15.8117
52 152 15.9438
53 152 16.0711
54 152 16.1901
55 152 16.2911
56 152 16.3639
57 152 16.4356
58 152 16.489
59 152 16.536
60 152 16.5848
61 152 16.6042
62 152 16.6272
63 152 16.6282
64 152 16.5879
65 152 16.551
66 152 16.5127
67 152 16.4682
68 152 16.3945
69 152 16.3194
70 152 16.2237
71 152 16.0998
72 152 16.012
73 152 15.874
74 152 15.7287
75 152 15.5747
76 152 15.3968
77 152 15.244
78 152 15.0382
79 152 14.85
80 152 14.6544
81 152 14.4329
82 152 14.2361
83 152 13.9805
84 152 13.7332
85 152 13.4639
86 152 13.2003
87 152 12.8878
88 152 12.5426
89 152 12.1558
90 152 11.4675
91 152 10.5317
92 152 9.0752
93 152 7.66983
94 152 7.43414
95 152 7.05817
96 152 6.61682
97 152 6.10441
98 152 5.5362
99 152 4.89613
100 152 4.19299
101 152 3.46852
102 152 2.74063
103 152 2.05076
104 152 1.38426
105 152 0.702066
106 152 -0.0853976
107 152 -1.21559
108 152 -3.0097
109 152 -25.7804
110 152 -25.7804
111 152 -25.7804
112 152 -25.7804
113 152 -25.7804
114 152 -25.7804
115 152 -25.7804
116 152 -25.7804
117 152 -25.7804
118 152 -25.7804
119 152 -25.7804
0 153 -25.7804
1 153 -25.7804
2 153 -25.7804
3 153 -25.7804
4 153 -25.7804
5 153 -25.7804
6 153 -25.7804
7 153 -25.7804
8 153 -25.7804
9 153 -14.6356
10 153 -9.52268
11 153 -6.15201
12 153 -2.846
13 153 -0.466176
14 153 1.33316
15 153 2.64985
16 153 3.43347
17 153 3.95597
18 153 4.30726
19 153 4.56639
20 153 4.79329
21 153 5.00544
22 153 5.16887
23 153 5.32279
24 153 5.53479
25 153 5.84901
26 153 6.27377
27 153 6.80372
28 153 7.45387
29 153 8.05749
30 153 8.63587
31 153 9.16699
32 153 9.67247
33 153 10.1625
34 153 10.6286
35 153 11.0746
36 153 11.4821
37 153 11.8965
38 153 12.2865
39 153 12.6737
40 153 13.0231
41 153 13.3608
42 153 13.6827
43 153 13.9836
44 153 14.2459
45 153 14.5243
46 153 14.77
47 153 15.0078
48 153 15.2225
49 153 15.4043
50 153 15.5723
51 153 15.7214
52 153 15.8554
53 153 15.9828
54 153 16.1028
55 153 16.1958
56 153 16.2875
57 153 16.3602
58 153 16.4266
59 153 16.482
60 153 16.5191
61 153 16.5404
62 153 16.5354
63 153 16.5236
64 153 16.5025
65 153 16.4574
66 153 16.4123
67 153 16.3522
68 153 16.2814
69 153 16.1843
70 153 16.072
71 153 15.9542
72 153 15.8388
73 153 15.7153
74 153 15.5458
75 153 15.4137
76 153 15.2407
77 153 15.0609
78 153 14.8795
79 153 14.6678
80 153 14.4862
81 153 14.2563
82 153 14.0365
83 153 13.8192
84 153 13.56
85 153 13.3191
86 153 13.0333
87 153 12.6916
88 153 12.3442
89 153 11.921
90 153 11.3274
91 153 10.5665
92 153 9.55586
93 153 8.26591
94 153 7.86197
95 153 7.45252
96 153 7.00364
97 153 6.49384
98 153 5.93418
99 153 5.31306
100 153 4.64039
101 153 3.94737
102 153 3.23493
103 153 2.51383
104 153 1.84113
105 153 1.18558
106 153 0.496846
107 153 -0.487401
108 153 -2.21008
109 153 -6.61784
110 153 -25.7804
111 153 -25.7804
112 153 -25.7804
113 153 -25.7804
114 153 -25.7804
115 153 -25.7804
116 153 -25.7804
117 153 -25.7804
118 153 -25.7804
119 153 -25.7804
0 154 -25.7804
1 154 -25.7804
2 154 -25.7804
3 154 -25.7804
4 154 -25.7804
5 154 -25.7804
6 154 -25.7804
7 154 -25.7804
8 154 -25.7804
9 154 -25.7804
10 154 -10.2759
11 154 -6.87501
12 154 -3.45202
13 154 -0.758166
14 154 1.17603
15 154 2.47355
16 154 3.26341
17 154 3.84211
18 154 4.20793
19 154 4.49951
20 154 4.75301
21 154 4.98471
22 154 5.15793
23 154 5.27189
24 154 5.45138
25 154 5.74934
26 154 6.13741
27 154 6.68522
28 154 7.33045
29 154 7.94542
30 154 8.52738
31 154 9.03971
32 154 9.53684
33 154 10.0116
34 154 10.4787
35 154 10.9122
36 154 11.3423
37 154 11.7585
38 154 12.1493
39 154 12.5345
40 154 12.9026
41 154 13.2365
42 154 13.5579
43 154 13.8435
44 154 14.1328
45 154 14.3993
46 154 14.6375
47 154 14.8894
48 154 15.1061
49 154 15.2902
50 154 15.4507
51 154 15.6115
52 154 15.7526
53 154 15.8748
54 154 15.9986
55 154 16.118
56 154 16.2056
57 154 16.2879
58 154 16.3548
59 154 16.3969
60 154 16.4274
61 154 16.4508
62 154 16.4434
63 154 16.4324
64 154 16.4006
65 154 16.3562
66 154 16.2973
67 154 16.2296
68 154 16.1326
69 154 16.0226
70 154 15.9281
71 154 15.8281
72 154 15.68
73 154 15.5461
74 154 15.3914
75 154 15.2356
76 154 15.0661
77 154 14.8839
78 154 14.7078
79 154 14.489
80 154 14.2796
81 154 14.065
82 154 13.8281
83 154 13.6077
84 154 13.3537
85 154 13.1221
86 154 12.8381
87 154 12.4985
88 154 12.1256
89 154 11.6983
90 154 11.2113
91 154 10.5787
92 154 9.79096
93 154 8.85297
94 154 8.25595
95 154 7.81191
96 154 7.35161
97 154 6.85998
98 154 6.31406
99 154 5.71278
100 154 5.06313
101 154 4.3898
102 154 3.71383
103 154 3.0325
104 154 2.35394
105 154 1.72819
106 154 1.22068
107 154 0.711418
108 154 0.0875085
109 154 -1.5339
110 154 -25.7804
111 154 -25.7804
112 154 -25.7804
113 154 -25.7804
114 154 -25.7804
115 154 -25.7804
116 154 -25.7804
117 154 -25.7804
118 154 -25.7804
119 154 -25.7804
0 155 -25.7804
1 155 -25.7804
2 155 -25.7804
3 155 -25.7804
4 155 -25.7804
5 155 -25.7804
6 155 -25.7804
7 155 -25.7804
8 155 -25.7804
9 155 -25.7804
10 155 -11.1563
11 155 -7.60018
12 155 -4.16914
13 155 -1.18597
14 155 0.848182
15 155 2.16246
16 155 3.06163
17 155 3.66914
18 155 4.04473
19 155 4.36753
20 155 4.65316
21 155 4.92105
22 155 5.10875
23 155 5.2439
24 155 5.40428
25 155 5.64215
26 155 6.02672
27 155 6.54629
28 155 7.17989
29 155 7.7831
30 155 8.34629
31 155 8.86879
32 155 9.36989
33 155 9.85839
34 155 10.3088
35 155 10.7469
36 155 11.193
37 155 11.6094
38 155 12.0007
39 155 12.3888
40 155 12.7508
41 155 13.092
42 155 13.4153
43 155 13.7178
44 155 13.9878
45 155 14.266
46 155 14.5207
47 155 14.7626
48 155 14.9729
49 155 15.1544
50 155 15.3182
51 155 15.4837
52 155 15.6434
53 155 15.7966
54 155 15.9021
55 155 16.0235
56 155 16.1288
57 155 16.2008
58 155 16.2575
59 155 16.3083
60 155 16.3389
61 155 16.3631
62 155 16.3528
63 155 16.323
64 155 16.2976
65 155 16.2481
66 155 16.1881
67 155 16.0832
68 155 15.9834
69 155 15.9071
70 155 15.7913
71 155 15.6645
72 155 15.5344
73 155 15.3853
74 155 15.2403
75 155 15.0631
76 155 14.8747
77 155 14.7171
78 155 14.5147
79 155 14.3168
80 155 14.085
81 155 13.8297
82 155 13.6036
83 155 13.3507
84 155 13.1003
85 155 12.8596
86 155 12.6005
87 155 12.2795
88 155 11.9176
89 155 11.5018
90 155 11.0721
91 155 10.5654
92 155 9.96393
93 155 9.30375
94 155 8.66079
95 155 8.17084
96 155 7.68341
97 155 7.18668
98 155 6.65343
99 155 6.08302
100 155 5.44755
101 155 4.80154
102 155 4.14488
103 155 3.48053
104 155 2.82838
105 155 2.23288
106 155 1.81487
107 155 1.70616
108 155 2.57167
109 155 1.12567
110 155 -25.7804
111 155 -25.7804
112 155 -25.7804
113 155 -25.7804
114 155 -25.7804
115 155 -25.7804
116 155 -25.7804
117 155 -25.7804
118 155 -25.7804
119 155 -25.7804
0 156 -25.7804
1 156 -25.7804
2 156 -25.7804
3 156 -25.7804
4 156 -25.7804
5 156 -25.7804
6 156 -25.7804
7 156 -25.7804
8 156 -25.7804
9 156 -25.7804
10 156 -13.0039
11 156 -8.29813
12 156 -4.8863
13 156 -1.68543
14 156 0.42618
15 156 1.81632
16 156 2.74893
17 156 3.43996
18 156 3.87374
19 156 4.22082
20 156 4.52729
21 156 4.79141
22 156 5.03497
23 156 5.21459
24 156 5.36335
25 156 5.56486
26 156 5.90676
27 156 6.38358
28 156 7.00881
29 156 7.59386
30 156 8.17213
31 156 8.68689
32 156 9.19115
33 156 9.68136
34 156 10.1416
35 156 10.5863
36 156 11.0203
37 156 11.444
38 156 11.841
39 156 12.2288
40 156 12.5862
41 156 12.941
42 156 13.2603
43 156 13.5737
44 156 13.863
45 156 14.1435
46 156 14.3885
47 156 14.6326
48 156 14.8463
49 156 15.0416
50 156 15.2246
51 156 15.3946
52 156 15.5602
53 156 15.6949
54 156 15.807
55 156 15.9185
56 156 16.0224
57 156 16.1289
58 156 16.1949
59 156 16.2407
60 156 16.2668
61 156 16.268
62 156 16.2654
63 156 16.2511
64 156 16.2112
65 156 16.1314
66 156 16.0352
67 156 15.9468
68 156 15.8699
69 156 15.7635
70 156 15.6288
71 156 15.4922
72 156 15.3731
73 156 15.2237
74 156 15.0491
75 156 14.8951
76 156 14.7071
77 156 14.5293
78 156 14.3139
79 156 14.098
80 156 13.8713
81 156 13.6069
82 156 13.3618
83 156 13.099
84 156 12.8549
85 156 12.6025
86 156 12.3314
87 156 12.0385
88 156 11.7034
89 156 11.3439
90 156 10.9412
91 156 10.5247
92 156 10.0801
93 156 9.55654
94 156 9.02181
95 156 8.52142
96 156 8.02473
97 156 7.5
98 156 6.97667
99 156 6.42055
100 156 5.80664
101 156 5.17597
102 156 4.53386
103 156 3.88695
104 156 3.24755
105 156 2.6298
106 156 2.08453
107 156 1.62042
108 156 1.32245
109 156 -25.7804
110 156 -25.7804
111 156 -25.7804
112 156 -25.7804
113 156 -25.7804
114 156 -25.7804
115 156 -25.7804
116 156 -25.7804
117 156 -25.7804
118 156 -25.7804
119 156 -25.7804
0 157 -25.7804
1 157 -25.7804
2 157 -25.7804
3 157 -25.7804
4 157 -25.7804
5 157 -25.7804
6 157 -25.7804
7 157 -25.7804
8 157 -25.7804
9 157 -25.7804
10 157 -15.7919
11 157 -8.9459
12 157 -5.58519
13 157 -2.2773
14 157 -0.0923739
15 157 1.38577
16 157 2.42833
17 157 3.13034
18 157 3.62699
19 157 4.02898
20 157 4.35817
21 157 4.64534
22 157 4.91066
23 157 5.14979
24 157 5.34544
25 157 5.52095
26 157 5.78243
27 157 6.22934
28 157 6.81789
29 157 7.42002
30 157 7.99626
31 157 8.50753
32 157 8.99142
33 157 9.47039
34 157 9.94794
35 157 10.3957
36 157 10.8436
37 157 11.2696
38 157 11.6645
39 157 12.0367
40 157 12.4334
41 157 12.7801
42 157 13.1041
43 157 13.4114
44 157 13.7323
45 157 14.0075
46 157 14.2765
47 157 14.5178
48 157 14.7429
49 157 14.9314
50 157 15.141
51 157 15.3046
52 157 15.4663
53 157 15.6132
54 157 15.744
55 157 15.881
56 157 15.9839
57 157 16.0562
58 157 16.1053
59 157 16.1376
60 157 16.1526
61 157 16.1808
62 157 16.2017
63 157 16.1426
64 157 16.0756
65 157 16.008
66 157 15.9281
67 157 15.8427
68 157 15.7256
69 157 15.6031
70 157 15.4825
71 157 15.332
72 157 15.2106
73 157 15.0566
74 157 14.8891
75 157 14.7059
76 157 14.5242
77 157 14.3402
78 157 14.1198
79 157 13.888
80 157 13.6355
81 157 13.3717
82 157 13.1116
83 157 12.8354
84 157 12.5777
85 157 12.3203
86 157 12.0577
87 157 11.7771
88 157 11.4757
89 157 11.1565
90 157 10.8057
91 157 10.4571
92 157 10.0846
93 157 9.67184
94 157 9.20932
95 157 8.75996
96 157 8.27926
97 157 7.76782
98 157 7.25385
99 157 6.70091
100 157 6.10661
101 157 5.49716
102 157 4.87987
103 157 4.23493
104 157 3.59376
105 157 2.9637
106 157 2.28628
107 157 1.48172
108 157 0.902591
109 157 -25.7804
110 157 -25.7804
111 157 -25.7804
112 157 -25.7804
113 157 -25.7804
114 157 -25.7804
115 157 -25.7804
116 157 -25.7804
117 157 -25.7804
118 157 -25.7804
119 157 -25.7804
0 158 -25.7804
1 158 -25.7804
2 158 -25.7804
3 158 -25.7804
4 158 -25.7804
5 158 -25.7804
6 158 -25.7804
7 158 -25.7804
8 158 -25.7804
9 158 -25.7804
10 158 -25.7804
11 158 -11.3199
12 158 -6.70741
13 158 -3.05583
14 158 -0.648089
15 158 0.929601
16 158 2.03455
17 158 2.80993
18 158 3.34088
19 158 3.74848
20 158 4.12501
21 158 4.46685
22 158 4.7547
23 158 5.02314
24 158 5.27118
25 158 5.46925
26 158 5.69629
27 158 6.08845
28 158 6.61077
29 158 7.22244
30 158 7.78262
31 158 8.27983
32 158 8.7704
33 158 9.25888
34 158 9.73474
35 158 10.1933
36 158 10.6399
37 158 11.0797
38 158 11.475
39 158 11.8748
40 158 12.2474
41 158 12.6001
42 158 12.9522
43 158 13.2609
44 158 13.5856
45 158 13.8842
46 158 14.1502
47 158 14.4007
48 158 14.6358
49 158 14.8347
50 158 15.0372
51 158 15.214
52 158 15.4189
53 158 15.5671
54 158 15.6994
55 158 15.8276
56 158 15.9217
57 158 15.9924
58 158 16.0465
59 158 16.0919
60 158 16.1094
61 158 16.1136
62 158 16.0929
63 158 16.0347
64 158 15.9722
65 158 15.8915
66 158 15.8075
67 158 15.6889
68 158 15.5876
69 158 15.4543
70 158 15.3192
71 158 15.1853
72 158 15.0351
73 158 14.873
74 158 14.7161
75 158 14.527
76 158 14.3277
77 158 14.1242
78 158 13.894
79 158 13.6409
80 158 13.3862
81 158 13.1087
82 158 12.8374
83 158 12.5495
84 158 12.2789
85 158 12.011
86 158 11.7307
87 158 11.4571
88 158 11.1772
89 158 10.9272
90 158 10.6241
91 158 10.3425
92 158 10.0363
93 158 9.70305
94 158 9.34444
95 158 8.92338
96 158 8.4684
97 158 7.99587
98 158 7.49474
99 158 6.97863
100 158 6.4134
101 158 5.81198
102 158 5.19145
103 158 4.5627
104 158 3.92021
105 158 3.24086
106 158 2.45428
107 158 1.30691
108 158 0.666921
109 158 -25.7804
110 158 -25.7804
111 158 -25.7804
112 158 -25.7804
113 158 -25.7804
114 158 -25.7804
115 158 -25.7804
116 158 -25.7804
117 158 -25.7804
118 158 -25.7804
119 158 -25.7804
0 159 -25.7804
1 159 -25.7804
2 159 -25.7804
3 159 -25.7804
4 159 -25.7804
5 159 -25.7804
6 159 -25.7804
7 159 -25.7804
8 159 -25.7804
9 159 -25.7804
10 159 -25.7804
11 159 -13.9634
12 159 -8.0074
13 159 -4.0095
14 159 -1.29574
15 159 0.41803
16 159 1.58332
17 159 2.42764
18 159 2.99609
19 159 3.4484
20 159 3.85086
21 159 4.22308
22 159 4.54903
23 159 4.85118
24 159 5.14767
25 159 5.38679
26 159 5.60579
27 159 5.94346
28 159 6.43973
29 159 7.02903
30 159 7.56051
31 159 8.0643
32 159 8.55878
33 159 9.03353
34 159 9.50585
35 159 9.96958
36 159 10.4185
37 159 10.8637
38 159 11.2944
39 159 11.6983
40 159 12.0861
41 159 12.4388
42 159 12.8181
43 159 13.1411
44 159 13.4622
45 159 13.7524
46 159 14.0142
47 159 14.2815
48 159 14.5159
49 159 14.7475
50 159 14.9682
51 159 15.145
52 159 15.3575
53 159 15.5148
54 159 15.6513
55 159 15.7687
56 159 15.8741
57 159 15.9864
58 159 16.0345
59 159 16.0592
60 159 16.0504
61 159 16.0301
62 159 15.9948
63 159 15.9336
64 159 15.8635
65 159 15.7746
66 159 15.6732
67 159 15.5655
68 159 15.4317
69 159 15.3049
70 159 15.161
71 159 15.0234
72 159 14.8452
73 159 14.7051
74 159 14.5128
75 159 14.3223
76 159 14.1155
77 159 13.9073
78 159 13.6434
79 159 13.3901
80 159 13.1074
81 159 12.8267
82 159 12.5482
83 159 12.2685
84 159 11.9751
85 159 11.6958
86 159 11.4127
87 159 11.1416
88 159 10.8818
89 159 10.6835
90 159 10.4473
91 159 10.2056
92 159 9.95146
93 159 9.68408
94 159 9.39985
95 159 9.01887
96 159 8.62159
97 159 8.17332
98 159 7.70679
99 159 7.20639
100 159 6.66804
101 159 6.07441
102 159 5.47594
103 159 4.84381
104 159 4.21793
105 159 3.51463
106 159 2.64028
107 159 1.30944
108 159 -0.0670651
109 159 -25.7804
110 159 -25.7804
111 159 -25.7804
112 159 -25.7804
113 159 -25.7804
114 159 -25.7804
115 159 -25.7804
116 159 -25.7804
117 159 -25.7804
118 159 -25.7804
119 159 -25.7804
0 160 -25.7804
1 160 -25.7804
2 160 -25.7804
3 160 -25.7804
4 160 -25.7804
5 160 -25.7804
6 160 -25.7804
7 160 -25.7804
8 160 -25.7804
9 160 -25.7804
10 160 -25.7804
11 160 -17.2756
12 160 -9.49592
13 160 -4.95148
14 160 -2.052
15 160 -0.131584
16 160 1.10234
17 160 2.01737
18 160 2.62562
19 160 3.09888
20 160 3.52603
21 160 3.94498
22 160 4.31435
23 160 4.66415
24 160 4.9601
25 160 5.27252
26 160 5.52783
27 160 5.80134
28 160 6.2389
29 160 6.79968
30 160 7.34066
31 160 7.82001
32 160 8.30836
33 160 8.78102
34 160 9.26044
35 160 9.73091
36 160 10.1932
37 160 10.6396
38 160 11.0988
39 160 11.5209
40 160 11.9275
41 160 12.317
42 160 12.6767
43 160 12.9948
44 160 13.3376
45 160 13.6255
46 160 13.8923
47 160 14.1582
48 160 14.3909
49 160 14.6264
50 160 14.8712
51 160 15.0771
52 160 15.2928
53 160 15.4683
54 160 15.6256
55 160 15.7395
56 160 15.8635
57 160 15.9769
58 160 16.0169
59 160 16.0402
60 160 16.0408
61 160 15.9873
62 160 15.9402
63 160 15.8604
64 160 15.7765
65 160 15.6782
66 160 15.5698
67 160 15.4467
68 160 15.2846
69 160 15.1474
70 160 15.0017
71 160 14.8334
72 160 14.677
73 160 14.5128
74 160 14.3132
75 160 14.1095
76 160 13.8906
77 160 13.6476
78 160 13.3874
79 160 13.0999
80 160 12.8431
81 160 12.5518
82 160 12.2451
83 160 11.9504
84 160 11.6576
85 160 11.3802
86 160 11.1041
87 160 10.8295
88 160 10.5756
89 160 10.4044
90 160 10.2311
91 160 10.0617
92 160 9.84876
93 160 9.64405
94 160 9.39168
95 160 9.09555
96 160 8.74307
97 160 8.32575
98 160 7.87264
99 160 7.37628
100 160 6.87112
101 160 6.29251
102 160 5.71871
103 160 5.11324
104 160 4.49359
105 160 3.81008
106 160 2.89184
107 160 1.45653
108 160 0.215457
109 160 -25.7804
110 160 -25.7804
111 160 -25.7804
112 160 -25.7804
113 160 -25.7804
114 160 -25.7804
115 160 -25.7804
116 160 -25.7804
117 160 -25.7804
118 160 -25.7804
119 160 -25.7804
0 161 -25.7804
1 161 -25.7804
2 161 -25.7804
3 161 -25.7804
4 161 -25.7804
5 161 -25.7804
6 161 -25.7804
7 161 -25.7804
8 161 -25.7804
9 161 -25.7804
10 161 -25.7804
11 161 -25.7804
12 161 -11.9973
13 161 -6.25525
14 161 -2.9604
15 161 -0.791969
16 161 0.595626
17 161 1.56031
18 161 2.22925
19 161 2.72224
20 161 3.17252
21 161 3.61426
22 161 4.03831
23 161 4.39358
24 161 4.74573
25 161 5.07948
26 161 5.38143
27 161 5.64259
28 161 6.03071
29 161 6.55891
30 161 7.08312
31 161 7.56307
32 161 8.04356
33 161 8.52528
34 161 8.99184
35 161 9.46714
36 161 9.94092
37 161 10.4172
38 161 10.8765
39 161 11.3487
40 161 11.7635
41 161 12.159
42 161 12.5268
43 161 12.8599
44 161 13.1985
45 161 13.4752
46 161 13.7674
47 161 14.0268
48 161 14.2839
49 161 14.5211
50 161 14.7702
51 161 14.9971
52 161 15.2204
53 161 15.4248
54 161 15.6024
55 161 15.7152
56 161 15.8631
57 161 15.9727
58 161 16.0194
59 161 16.07
60 161 16.0654
61 161 15.9883
62 161 15.9128
63 161 15.8207
64 161 15.72
65 161 15.6158
66 161 15.4737
67 161 15.3269
68 161 15.1663
69 161 15.0099
70 161 14.8465
71 161 14.6648
72 161 14.4986
73 161 14.3147
74 161 14.1047
75 161 13.8976
76 161 13.6499
77 161 13.394
78 161 13.1195
79 161 12.8293
80 161 12.5333
81 161 12.2356
82 161 11.9282
83 161 11.6172
84 161 11.3325
85 161 11.0491
86 161 10.7804
87 161 10.4932
88 161 10.2703
89 161 10.097
90 161 9.98741
91 161 9.86511
92 161 9.71982
93 161 9.57706
94 161 9.39668
95 161 9.13799
96 161 8.80291
97 161 8.42776
98 161 7.9967
99 161 7.51493
100 161 7.01038
101 161 6.46815
102 161 5.88828
103 161 5.30549
104 161 4.71079
105 161 3.96702
106 161 2.99958
107 161 1.84719
108 161 0.0116599
109 161 -25.7804
110 161 -25.7804
111 161 -25.7804
112 161 -25.7804
113 161 -25.7804
114 161 -25.7804
115 161 -25.7804
116 161 -25.7804
117 161 -25.7804
118 161 -25.7804
119 161 -25.7804
0 162 -25.7804
1 162 -25.7804
2 162 -25.7804
3 162 -25.7804
4 162 -25.7804
5 162 -25.7804
6 162 -25.7804
7 162 -25.7804
8 162 -25.7804
9 162 -25.7804
10 162 -25.7804
11 162 -25.7804
12 162 -15.0329
13 162 -7.77693
14 162 -4.00824
15 162 -1.52197
16 162 -0.00647633
17 162 1.05129
18 162 1.78962
19 162 2.36531
20 162 2.81373
21 162 3.26767
22 162 3.68902
23 162 4.09379
24 162 4.48479
25 162 4.83407
26 162 5.17193
27 162 5.48744
28 162 5.81826
29 162 6.30088
30 162 6.81319
31 162 7.28273
32 162 7.76579
33 162 8.24357
34 162 8.70851
35 162 9.17328
36 162 9.65882
37 162 10.1555
38 162 10.6448
39 162 11.1512
40 162 11.5946
41 162 12.0045
42 162 12.372
43 162 12.7121
44 162 13.0467
45 162 13.3255
46 162 13.6133
47 162 13.9013
48 162 14.1619
49 162 14.4335
50 162 14.6794
51 162 14.9341
52 162 15.1658
53 162 15.395
54 162 15.5824
55 162 15.7434
56 162 15.8913
57 162 16.0102
58 162 16.0764
59 162 16.1112
60 162 16.0996
61 162 16.0258
62 162 15.9345
63 162 15.837
64 162 15.7173
65 162 15.5788
66 162 15.4274
67 162 15.2644
68 162 15.0841
69 162 14.8955
70 162 14.7048
71 162 14.5163
72 162 14.3113
73 162 14.1214
74 162 13.8999
75 162 13.6471
76 162 13.3917
77 162 13.1277
78 162 12.8246
79 162 12.5251
80 162 12.1926
81 162 11.8915
82 162 11.592
83 162 11.282
84 162 10.9995
85 162 10.6991
86 162 10.4434
87 162 10.173
88 162 9.96655
89 162 9.80404
90 162 9.7071
91 162 9.66224
92 162 9.59836
93 162 9.47923
94 162 9.33753
95 162 9.12298
96 162 8.8228
97 162 8.45761
98 162 8.04259
99 162 7.60138
100 162 7.09063
101 162 6.55676
102 162 6.00814
103 162 5.41968
104 162 4.77399
105 162 3.96226
106 162 2.73888
107 162 2.16218
108 162 1.09587
109 162 -25.7804
110 162 -25.7804
111 162 -25.7804
112 162 -25.7804
113 162 -25.7804
114 162 -25.7804
115 162 -25.7804
116 162 -25.7804
117 162 -25.7804
118 162 -25.7804
119 162 -25.7804
0 163 -25.7804
1 163 -25.7804
2 163 -25.7804
3 163 -25.7804
4 163 -25.7804
5 163 -25.7804
6 163 -25.7804
7 163 -25.7804
8 163 -25.7804
9 163 -25.7804
10 163 -25.7804
11 163 -25.7804
12 163 -18.3221
13 163 -9.47295
14 163 -5.17685
15 163 -2.37968
16 163 -0.69132
17 163 0.45981
18 163 1.31536
19 163 1.9995
20 163 2.46477
21 163 2.92838
22 163 3.33551
23 163 3.75622
24 163 4.14784
25 163 4.53928
26 163 4.90303
27 163 5.26881
28 163 5.58488
29 163 6.03324
30 163 6.51058
31 163 6.9874
32 163 7.44133
33 163 7.90537
34 163 8.39554
35 163 8.89498
36 163 9.37908
37 163 9.88657
38 163 10.4017
39 163 10.9196
40 163 11.3989
41 163 11.8194
42 163 12.2023
43 163 12.5741
44 163 12.9013
45 163 13.1939
46 163 13.4643
47 163 13.7452
48 163 14.0369
49 163 14.296
50 163 14.5782
51 163 14.8648
52 163 15.1295
53 163 15.368
54 163 15.5755
55 163 15.7726
56 163 15.9624
57 163 16.0819
58 163 16.1689
59 163 16.2016
60 163 16.1727
61 163 16.0863
62 163 15.9967
63 163 15.8702
64 163 15.7307
65 163 15.577
66 163 15.4117
67 163 15.2309
68 163 15.027
69 163 14.8213
70 163 14.6072
71 163 14.3883
72 163 14.1441
73 163 13.927
74 163 13.6656
75 163 13.3911
76 163 13.1253
77 163 12.8192
78 163 12.5026
79 163 12.1913
80 163 11.8545
81 163 11.5358
82 163 11.2463
83 163 10.9344
84 163 10.6444
85 163 10.3793
86 163 10.1071
87 163 9.861
88 163 9.66279
89 163 9.50524
90 163 9.44091
91 163 9.4311
92 163 9.4249
93 163 9.35564
94 163 9.23037
95 163 9.05039
96 163 8.79669
97 163 8.44536
98 163 8.04628
99 163 7.62865
100 163 7.145
101 163 6.62156
102 163 6.07134
103 163 5.49174
104 163 4.86138
105 163 3.99428
106 163 2.55999
107 163 1.40008
108 163 -25.7804
109 163 -25.7804
110 163 -25.7804
111 163 -25.7804
112 163 -25.7804
113 163 -25.7804
114 163 -25.7804
115 163 -25.7804
116 163 -25.7804
117 163 -25.7804
118 163 -25.7804
119 163 -25.7804
0 164 -25.7804
1 164 -25.7804
2 164 -25.7804
3 164 -25.7804
4 164 -25.7804
5 164 -25.7804
6 164 -25.7804
7 164 -25.7804
8 164 -25.7804
9 164 -25.7804
10 164 -25.7804
11 164 -25.7804
12 164 -25.7804
13 164 -11.7069
14 164 -6.44979
15 164 -3.39827
16 164 -1.48749
17 164 -0.166898
18 164 0.842844
19 164 1.59379
20 164 2.15384
21 164 2.55489
22 164 2.98288
23 164 3.40858
24 164 3.81442
25 164 4.20993
26 164 4.59435
27 164 4.98201
28 164 5.34374
29 164 5.73881
30 164 6.19732
31 164 6.65265
32 164 7.11975
33 164 7.5727
34 164 8.06451
35 164 8.58122
36 164 9.07662
37 164 9.60034
38 164 10.1379
39 164 10.6856
40 164 11.1763
41 164 11.6194
42 164 12.0294
43 164 12.4039
44 164 12.7612
45 164 13.0898
46 164 13.3545
47 164 13.628
48 164 13.8886
49 164 14.1976
50 164 14.4822
51 164 14.7845
52 164 15.0659
53 164 15.3381
54 164 15.5927
55 164 15.8338
56 164 16.0469
57 164 16.1998
58 164 16.2803
59 164 16.318
60 164 16.2952
61 164 16.1993
62 164 16.0854
63 164 15.9569
64 164 15.806
65 164 15.6344
66 164 15.4345
67 164 15.2208
68 164 15.0003
69 164 14.7694
70 164 14.508
71 164 14.2431
72 164 13.9788
73 164 13.7125
74 164 13.4202
75 164 13.135
76 164 12.8138
77 164 12.4952
78 164 12.1544
79 164 11.8114
80 164 11.4909
81 164 11.1609
82 164 10.8695
83 164 10.5719
84 164 10.2714
85 164 10.0111
86 164 9.74756
87 164 9.52032
88 164 9.35117
89 164 9.21706
90 164 9.182
91 164 9.16873
92 164 9.20995
93 164 9.18453
94 164 9.07593
95 164 8.9358
96 164 8.71053
97 164 8.42052
98 164 8.02899
99 164 7.60866
100 164 7.13783
101 164 6.62657
102 164 6.08704
103 164 5.51479
104 164 4.90698
105 164 4.22896
106 164 3.42449
107 164 0.352288
108 164 -25.7804
109 164 -25.7804
110 164 -25.7804
111 164 -25.7804
112 164 -25.7804
113 164 -25.7804
114 164 -25.7804
115 164 -25.7804
116 164 -25.7804
117 164 -25.7804
118 164 -25.7804
119 164 -25.7804
0 165 -25.7804
1 165 -25.7804
2 165 -25.7804
3 165 -25.7804
4 165 -25.7804
5 165 -25.7804
6 165 -25.7804
7 165 -25.7804
8 165 -25.7804
9 165 -25.7804
10 165 -25.7804
11 165 -25.7804
12 165 -25.7804
13 165 -15.7776
14 165 -8.01216
15 165 -4.47747
16 165 -2.35433
17 165 -0.819554
18 165 0.271466
19 165 1.12316
20 165 1.78679
21 165 2.2029
22 165 2.62199
23 165 3.02373
24 165 3.43408
25 165 3.84239
26 165 4.24681
27 165 4.64093
28 165 5.02298
29 165 5.41158
30 165 5.85569
31 165 6.27768
32 165 6.7413
33 165 7.21061
34 165 7.71803
35 165 8.23333
36 165 8.76902
37 165 9.31419
38 165 9.86682
39 165 10.4262
40 165 10.9501
41 165 11.4098
42 165 11.8505
43 165 12.2702
44 165 12.6518
45 165 12.9864
46 165 13.2874
47 165 13.5552
48 165 13.8453
49 165 14.1377
50 165 14.4488
51 165 14.7635
52 165 15.0629
53 165 15.3689
54 165 15.6724
55 165 15.9588
56 165 16.1804
57 165 16.3428
58 165 16.4442
59 165 16.475
60 165 16.4422
61 165 16.347
62 165 16.2244
63 165 16.0833
64 165 15.9212
65 165 15.7142
66 165 15.4941
67 165 15.2519
68 165 15.0037
69 165 14.7244
70 165 14.421
71 165 14.1079
72 165 13.791
73 165 13.4899
74 165 13.1838
75 165 12.8491
76 165 12.4968
77 165 12.1314
78 165 11.7693
79 165 11.4236
80 165 11.095
81 165 10.7852
82 165 10.4813
83 165 10.1893
84 165 9.92014
85 165 9.63938
86 165 9.38351
87 165 9.16568
88 165 9.01498
89 165 8.90918
90 165 8.89255
91 165 8.88934
92 165 8.93002
93 165 8.9372
94 165 8.87047
95 165 8.75892
96 165 8.55528
97 165 8.29134
98 165 7.95383
99 165 7.50834
100 165 7.06527
101 165 6.5532
102 165 6.02955
103 165 5.45636
104 165 4.89388
105 165 4.30191
106 165 3.86434
107 165 4.64491
108 165 -25.7804
109 165 -25.7804
110 165 -25.7804
111 165 -25.7804
112 165 -25.7804
113 165 -25.7804
114 165 -25.7804
115 165 -25.7804
116 165 -25.7804
117 165 -25.7804
118 165 -25.7804
119 165 -25.7804
0 166 -25.7804
1 166 -25.7804
2 166 -25.7804
3 166 -25.7804
4 166 -25.7804
5 166 -25.7804
6 166 -25.7804
7 166 -25.7804
8 166 -25.7804
9 166 -25.7804
10 166 -25.7804
11 166 -25.7804
12 166 -25.7804
13 166 -25.7804
14 166 -11.6423
15 166 -5.96999
16 166 -3.41551
17 166 -1.57357
18 166 -0.345025
19 166 0.616514
20 166 1.34923
21 166 1.83849
22 166 2.24504
23 166 2.65697
24 166 3.04632
25 166 3.45729
26 166 3.85299
27 166 4.27228
28 166 4.66079
29 166 5.04072
30 166 5.46183
31 166 5.89545
32 166 6.36684
33 166 6.84812
34 166 7.3482
35 166 7.86947
36 166 8.42224
37 166 8.98959
38 166 9.56916
39 166 10.1667
40 166 10.7369
41 166 11.2373
42 166 11.7133
43 166 12.1592
44 166 12.5647
45 166 12.9417
46 166 13.2645
47 166 13.5547
48 166 13.8392
49 166 14.1482
50 166 14.4679
51 166 14.8075
52 166 15.1397
53 166 15.4771
54 166 15.8153
55 166 16.0909
56 166 16.3424
57 166 16.5267
58 166 16.6478
59 166 16.6856
60 166 16.6548
61 166 16.5578
62 166 16.4357
63 166 16.2825
64 166 16.0847
65 166 15.8692
66 166 15.6218
67 166 15.3369
68 166 15.0266
69 166 14.6966
70 166 14.3421
71 166 13.9777
72 166 13.6227
73 166 13.2649
74 166 12.9054
75 166 12.5216
76 166 12.1394
77 166 11.7707
78 166 11.3888
79 166 11.0505
80 166 10.7159
81 166 10.3851
82 166 10.0604
83 166 9.78426
84 166 9.51502
85 166 9.24718
86 166 9.00982
87 166 8.81459
88 166 8.67259
89 166 8.60867
90 166 8.57714
91 166 8.58432
92 166 8.61646
93 166 8.64978
94 166 8.61753
95 166 8.52119
96 166 8.36381
97 166 8.10943
98 166 7.78059
99 166 7.38546
100 166 6.94649
101 166 6.43574
102 166 5.88077
103 166 5.30227
104 166 4.7125
105 166 4.14304
106 166 3.8633
107 166 -25.7804
108 166 -25.7804
109 166 -25.7804
110 166 -25.7804
111 166 -25.7804
112 166 -25.7804
113 166 -25.7804
114 166 -25.7804
115 166 -25.7804
116 166 -25.7804
117 166 -25.7804
118 166 -25.7804
119 166 -25.7804
0 167 -25.7804
1 167 -25.7804
2 167 -25.7804
3 167 -25.7804
4 167 -25.7804
5 167 -25.7804
6 167 -25.7804
7 167 -25.7804
8 167 -25.7804
9 167 -25.7804
10 167 -25.7804
11 167 -25.7804
12 167 -25.7804
13 167 -25.7804
14 167 -25.7804
15 167 -9.28456
16 167 -5.0562
17 167 -2.62941
18 167 -1.08796
19 167 0.0384609
20 167 0.851157
21 167 1.40546
22 167 1.82608
23 167 2.22704
24 167 2.64808
25 167 3.05322
26 167 3.47586
27 167 3.86442
28 167 4.25498
29 167 4.69489
30 167 5.10499
31 167 5.54176
32 167 6.01744
33 167 6.4914
34 167 6.99372
35 167 7.53077
36 167 8.09085
37 167 8.67354
38 167 9.27349
39 167 9.90015
40 167 10.495
41 167 11.0627
42 167 11.5783
43 167 12.0641
44 167 12.5092
45 167 12.9184
46 167 13.2992
47 167 13.6046
48 167 13.8878
49 167 14.226
50 167 14.5481
51 167 14.9164
52 167 15.2778
53 167 15.6539
54 167 15.987
55 167 16.2813
56 167 16.5524
57 167 16.774
58 167 16.9121
59 167 16.9535
60 167 16.9322
61 167 16.8303
62 167 16.6869
63 167 16.5104
64 167 16.3018
65 167 16.0605
66 167 15.7748
67 167 15.4487
68 167 15.0893
69 167 14.7114
70 167 14.2854
71 167 13.8823
72 167 13.4501
73 167 13.025
74 167 12.6311
75 167 12.2218
76 167 11.7841
77 167 11.4003
78 167 11.0193
79 167 10.6513
80 167 10.3107
81 167 9.97379
82 167 9.66767
83 167 9.38349
84 167 9.09492
85 167 8.83691
86 167 8.59529
87 167 8.4472
88 167 8.32549
89 167 8.24258
90 167 8.23558
91 167 8.22909
92 167 8.26984
93 167 8.31788
94 167 8.3177
95 167 8.23089
96 167 8.10916
97 167 7.85656
98 167 7.5555
99 167 7.16452
100 167 6.66304
101 167 6.18651
102 167 5.61281
103 167 5.0134
104 167 4.32255
105 167 4.24767
106 167 3.41396
107 167 -25.7804
108 167 -25.7804
109 167 -25.7804
110 167 -25.7804
111 167 -25.7804
112 167 -25.7804
113 167 -25.7804
114 167 -25.7804
115 167 -25.7804
116 167 -25.7804
117 167 -25.7804
118 167 -25.7804
119 167 -25.7804
0 168 -25.7804
1 168 -25.7804
2 168 -25.7804
3 168 -25.7804
4 168 -25.7804
5 168 -25.7804
6 168 -25.7804
7 168 -25.7804
8 168 -25.7804
9 168 -25.7804
10 168 -25.7804
11 168 -25.7804
12 168 -25.7804
13 168 -25.7804
14 168 -25.7804
15 168 -25.7804
16 168 -8.75364
17 168 -4.22405
18 168 -2.16713
19 168 -0.768669
20 168 0.209652
21 168 0.858833
22 168 1.36921
23 168 1.7759
24 168 2.18188
25 168 2.60694
26 168 3.02914
27 168 3.43704
28 168 3.87481
29 168 4.31988
30 168 4.76032
31 168 5.20156
32 168 5.65527
33 168 6.16203
34 168 6.67202
35 168 7.21925
36 168 7.77859
37 168 8.37038
38 168 9.00205
39 168 9.66329
40 168 10.3042
41 168 10.9066
42 168 11.4573
43 168 11.9711
44 168 12.4662
45 168 12.9214
46 168 13.319
47 168 13.6859
48 168 14.0146
49 168 14.3414
50 168 14.7169
51 168 15.0994
52 168 15.4924
53 168 15.8788
54 168 16.2322
55 168 16.5228
56 168 16.8113
57 168 17.0443
58 168 17.2023
59 168 17.2765
60 168 17.2608
61 168 17.1548
62 168 17.0066
63 168 16.8151
64 168 16.5912
65 168 16.3174
66 168 15.9907
67 168 15.5999
68 168 15.1857
69 168 14.7315
70 168 14.2653
71 168 13.7719
72 168 13.3148
73 168 12.7737
74 168 12.3041
75 168 11.8523
76 168 11.4128
77 168 11.0095
78 168 10.5962
79 168 10.2266
80 168 9.8647
81 168 9.51637
82 168 9.21991
83 168 8.9256
84 168 8.65213
85 168 8.42195
86 168 8.19915
87 168 8.04044
88 168 7.95026
89 168 7.89036
90 168 7.85016
91 168 7.86087
92 168 7.89449
93 168 7.95624
94 168 7.97058
95 168 7.90664
96 168 7.76835
97 168 7.55023
98 168 7.24884
99 168 6.86434
100 168 6.3827
101 168 5.83858
102 168 5.24569
103 168 4.58294
104 168 3.94775
105 168 3.76637
106 168 -25.7804
107 168 -25.7804
108 168 -25.7804
109 168 -25.7804
110 168 -25.7804
111 168 -25.7804
112 168 -25.7804
113 168 -25.7804
114 168 -25.7804
115 168 -25.7804
116 168 -25.7804
117 168 -25.7804
118 168 -25.7804
119 168 -25.7804
0 169 -25.7804
1 169 -25.7804
2 169 -25.7804
3 169 -25.7804
4 169 -25.7804
5 169 -25.7804
6 169 -25.7804
7 169 -25.7804
8 169 -25.7804
9 169 -25.7804
10 169 -25.7804
11 169 -25.7804
12 169 -25.7804
13 169 -25.7804
14 169 -25.7804
15 169 -25.7804
16 169 -14.1822
17 169 -6.68359
18 169 -3.58404
19 169 -1.85839
20 169 -0.612959
21 169 0.180101
22 169 0.814689
23 169 1.27003
24 169 1.69973
25 169 2.1486
26 169 2.57783
27 169 3.01913
28 169 3.46695
29 169 3.92335
30 169 4.39252
31 169 4.87723
32 169 5.32669
33 169 5.82555
34 169 6.34484
35 169 6.89207
36 169 7.48478
37 169 8.12365
38 169 8.75603
39 169 9.43427
40 169 10.1269
41 169 10.7767
42 169 11.3839
43 169 11.9309
44 169 12.4564
45 169 12.9454
46 169 13.3935
47 169 13.8149
48 169 14.2046
49 169 14.556
50 169 14.9278
51 169 15.3522
52 169 15.7607
53 169 16.1486
54 169 16.5242
55 169 16.8355
56 169 17.1407
57 169 17.4002
58 169 17.5908
59 169 17.6815
60 169 17.6596
61 169 17.5609
62 169 17.4157
63 169 17.2069
64 169 16.9465
65 169 16.618
66 169 16.2323
67 169 15.7984
68 169 15.3231
69 169 14.8087
70 169 14.2798
71 169 13.689
72 169 13.1127
73 169 12.5283
74 169 11.9651
75 169 11.474
76 169 11.0188
77 169 10.5736
78 169 10.1478
79 169 9.76237
80 169 9.39534
81 169 9.07708
82 169 8.75057
83 169 8.47196
84 169 8.21568
85 169 7.97035
86 169 7.77451
87 169 7.64355
88 169 7.54527
89 169 7.47956
90 169 7.45079
91 169 7.4536
92 169 7.50153
93 169 7.54464
94 169 7.57732
95 169 7.55808
96 169 7.42721
97 169 7.21694
98 169 6.9242
99 169 6.54635
100 169 6.0465
101 169 5.44825
102 169 4.7763
103 169 3.98132
104 169 3.21216
105 169 3.76854
106 169 -25.7804
107 169 -25.7804
108 169 -25.7804
109 169 -25.7804
110 169 -25.7804
111 169 -25.7804
112 169 -25.7804
113 169 -25.7804
114 169 -25.7804
115 169 -25.7804
116 169 -25.7804
117 169 -25.7804
118 169 -25.7804
119 169 -25.7804
0 170 -25.7804
1 170 -25.7804
2 170 -25.7804
3 170 -25.7804
4 170 -25.7804
5 170 -25.7804
6 170 -25.7804
7 170 -25.7804
8 170 -25.7804
9 170 -25.7804
10 170 -25.7804
11 170 -25.7804
12 170 -25.7804
13 170 -25.7804
14 170 -25.7804
15 170 -25.7804
16 170 -25.7804
17 170 -10.9279
18 170 -5.94125
19 170 -3.23571
20 170 -1.63564
21 170 -0.652583
22 170 0.160961
23 170 0.739438
24 170 1.16631
25 170 1.65496
26 170 2.1137
27 170 2.57858
28 170 3.05788
29 170 3.54571
30 170 4.01889
31 170 4.52193
32 170 5.04162
33 170 5.52448
34 170 6.05406
35 170 6.60749
36 170 7.20317
37 170 7.8375
38 170 8.50371
39 170 9.22037
40 170 9.95827
41 170 10.6486
42 170 11.2935
43 170 11.9054
44 170 12.4793
45 170 13.0249
46 170 13.5091
47 170 13.976
48 170 14.4145
49 170 14.8068
50 170 15.22
51 170 15.665
52 170 16.1029
53 170 16.5182
54 170 16.9048
55 170 17.2504
56 170 17.5657
57 170 17.8448
58 170 18.0331
59 170 18.1505
60 170 18.1521
61 170 18.0596
62 170 17.9067
63 170 17.6748
64 170 17.3778
65 170 17.0127
66 170 16.5701
67 170 16.0993
68 170 15.5441
69 170 14.9252
70 170 14.304
71 170 13.6257
72 170 12.9252
73 170 12.2507
74 170 11.6207
75 170 11.0675
76 170 10.5725
77 170 10.1179
78 170 9.67879
79 170 9.2813
80 170 8.90589
81 170 8.58085
82 170 8.26026
83 170 7.97188
84 170 7.71261
85 170 7.50509
86 170 7.33559
87 170 7.18913
88 170 7.10637
89 170 7.056
90 170 7.01651
91 170 7.03077
92 170 7.06748
93 170 7.10662
94 170 7.16835
95 170 7.1532
96 170 7.05712
97 170 6.81673
98 170 6.52279
99 170 6.15579
100 170 5.65906
101 170 5.03544
102 170 4.3018
103 170 3.36207
104 170 2.71077
105 170 0.987156
106 170 -25.7804
107 170 -25.7804
108 170 -25.7804
109 170 -25.7804
110 170 -25.7804
111 170 -25.7804
112 170 -25.7804
113 170 -25.7804
114 170 -25.7804
115 170 -25.7804
116 170 -25.7804
117 170 -25.7804
118 170 -25.7804
119 170 -25.7804
0 171 -25.7804
1 171 -25.7804
2 171 -25.7804
3 171 -25.7804
4 171 -25.7804
5 171 -25.7804
6 171 -25.7804
7 171 -25.7804
8 171 -25.7804
9 171 -25.7804
10 171 -25.7804
11 171 -25.7804
12 171 -25.7804
13 171 -25.7804
14 171 -25.7804
15 171 -25.7804
16 171 -25.7804
17 171 -25.7804
18 171 -10.5237
19 171 -5.76035
20 171 -3.03457
21 171 -1.64411
22 171 -0.616527
23 171 0.1737
24 171 0.67669
25 171 1.09768
26 171 1.62866
27 171 2.136
28 171 2.64292
29 171 3.13597
30 171 3.65778
31 171 4.18404
32 171 4.70208
33 171 5.23634
34 171 5.78788
35 171 6.32901
36 171 6.94113
37 171 7.58938
38 171 8.27479
39 171 9.0082
40 171 9.77569
41 171 10.4987
42 171 11.1931
43 171 11.8503
44 171 12.4912
45 171 13.0807
46 171 13.6408
47 171 14.1702
48 171 14.6538
49 171 15.136
50 171 15.5783
51 171 16.0659
52 171 16.5431
53 171 16.971
54 171 17.389
55 171 17.7358
56 171 18.0711
57 171 18.364
58 171 18.5752
59 171 18.7075
60 171 18.7324
61 171 18.6321
62 171 18.4633
63 171 18.2239
64 171 17.8923
65 171 17.49
66 171 17.0028
67 171 16.4417
68 171 15.7722
69 171 15.0734
70 171 14.2969
71 171 13.5165
72 171 12.7148
73 171 11.958
74 171 11.2833
75 171 10.6704
76 171 10.0795
77 171 9.5997
78 171 9.13748
79 171 8.72345
80 171 8.37241
81 171 8.01062
82 171 7.71512
83 171 7.43971
84 171 7.18514
85 171 6.97762
86 171 6.82392
87 171 6.69641
88 171 6.61822
89 171 6.59925
90 171 6.58507
91 171 6.59732
92 171 6.62939
93 171 6.67792
94 171 6.73237
95 171 6.72427
96 171 6.64849
97 171 6.42972
98 171 6.13464
99 171 5.71848
100 171 5.20347
101 171 4.56614
102 171 3.80572
103 171 3.09591
104 171 2.80018
105 171 -25.7804
106 171 -25.7804
107 171 -25.7804
108 171 -25.7804
109 171 -25.7804
110 171 -25.7804
111 171 -25.7804
112 171 -25.7804
113 171 -25.7804
114 171 -25.7804
115 171 -25.7804
116 171 -25.7804
117 171 -25.7804
118 171 -25.7804
119 171 -25.7804
0 172 -25.7804
1 172 -25.7804
2 172 -25.7804
3 172 -25.7804
4 172 -25.7804
5 172 -25.7804
6 172 -25.7804
7 172 -25.7804
8 172 -25.7804
9 172 -25.7804
10 172 -25.7804
11 172 -25.7804
12 172 -25.7804
13 172 -25.7804
14 172 -25.7804
15 172 -25.7804
16 172 -25.7804
17 172 -25.7804
18 172 -25.7804
19 172 -11.4454
20 172 -5.46752
21 172 -3.1464
22 172 -1.64279
23 172 -0.574029
24 172 0.131125
25 172 0.630428
26 172 1.14361
27 172 1.66113
28 172 2.21125
29 172 2.76073
30 172 3.2856
31 172 3.82509
32 172 4.37231
33 172 4.93664
34 172 5.49101
35 172 6.06854
36 172 6.68092
37 172 7.3504
38 172 8.04259
39 172 8.80816
40 172 9.59645
41 172 10.3672
42 172 11.0867
43 172 11.7956
44 172 12.4818
45 172 13.1392
46 172 13.7673
47 172 14.369
48 172 14.9443
49 172 15.4814
50 172 16.0052
51 172 16.5302
52 172 17.0346
53 172 17.5285
54 172 17.9741
55 172 18.347
56 172 18.6954
57 172 18.9997
58 172 19.2204
59 172 19.3703
60 172 19.3916
61 172 19.3006
62 172 19.1507
63 172 18.8905
64 172 18.5062
65 172 18.0449
66 172 17.4659
67 172 16.8141
68 172 16.0552
69 172 15.2395
70 172 14.3135
71 172 13.3847
72 172 12.517
73 172 11.6622
74 172 10.9079
75 172 10.2181
76 172 9.58878
77 172 9.02935
78 172 8.5594
79 172 8.10731
80 172 7.72147
81 172 7.37906
82 172 7.06787
83 172 6.81437
84 172 6.58655
85 172 6.38533
86 172 6.24325
87 172 6.14301
88 172 6.08414
89 172 6.06928
90 172 6.08879
91 172 6.13039
92 172 6.19049
93 172 6.22263
94 172 6.26052
95 172 6.26347
96 172 6.18434
97 172 5.98544
98 172 5.70686
99 172 5.25713
100 172 4.724
101 172 4.05985
102 172 3.29421
103 172 2.99279
104 172 2.10618
105 172 -25.7804
106 172 -25.7804
107 172 -25.7804
108 172 -25.7804
109 172 -25.7804
110 172 -25.7804
111 172 -25.7804
112 172 -25.7804
113 172 -25.7804
114 172 -25.7804
115 172 -25.7804
116 172 -25.7804
117 172 -25.7804
118 172 -25.7804
119 172 -25.7804
0 173 -25.7804
1 173 -25.7804
2 173 -25.7804
3 173 -25.7804
4 173 -25.7804
5 173 -25.7804
6 173 -25.7804
7 173 -25.7804
8 173 -25.7804
9 173 -25.7804
10 173 -25.7804
11 173 -25.7804
12 173 -25.7804
13 173 -25.7804
14 173 -25.7804
15 173 -25.7804
16 173 -25.7804
17 173 -25.7804
18 173 -25.7804
19 173 -25.7804
20 173 -10
21 173 -5.63459
22 173 -3.19785
23 173 -1.62184
24 173 -0.584606
25 173 0.146594
26 173 0.67757
27 173 1.23482
28 173 1.82052
29 173 2.37391
30 173 2.92126
31 173 3.47637
32 173 4.06803
33 173 4.62286
34 173 5.20719
35 173 5.81619
36 173 6.42791
37 173 7.08738
38 173 7.79688
39 173 8.57632
40 173 9.38779
41 173 10.1905
42 173 10.9731
43 173 11.7329
44 173 12.4549
45 173 13.1803
46 173 13.8744
47 173 14.5416
48 173 15.1841
49 173 15.7702
50 173 16.3696
51 173 17.003
52 173 17.6017
53 173 18.1358
54 173 18.6512
55 173 19.0894
56 173 19.4474
57 173 19.7706
58 173 19.9958
59 173 20.1497
60 173 20.2005
61 173 20.1274
62 173 19.9499
63 173 19.6457
64 173 19.2258
65 173 18.6688
66 173 18.0303
67 173 17.23
68 173 16.3674
69 173 15.413
70 173 14.3592
71 173 13.3348
72 173 12.3668
73 173 11.4237
74 173 10.5705
75 173 9.7977
76 173 9.06181
77 173 8.46968
78 173 7.91742
79 173 7.43846
80 173 7.03101
81 173 6.69022
82 173 6.38652
83 173 6.12237
84 173 5.91489
85 173 5.74394
86 173 5.60965
87 173 5.55565
88 173 5.52546
89 173 5.52709
90 173 5.56502
91 173 5.63762
92 173 5.71107
93 173 5.78597
94 173 5.83282
95 173 5.85765
96 173 5.77584
97 173 5.56714
98 173 5.22339
99 173 4.77149
100 173 4.19937
101 173 3.53011
102 173 2.85469
103 173 2.74119
104 173 -25.7804
105 173 -25.7804
106 173 -25.7804
107 173 -25.7804
108 173 -25.7804
109 173 -25.7804
110 173 -25.7804
111 173 -25.7804
112 173 -25.7804
113 173 -25.7804
114 173 -25.7804
115 173 -25.7804
116 173 -25.7804
117 173 -25.7804
118 173 -25.7804
119 173 -25.7804
0 174 -25.7804
1 174 -25.7804
2 174 -25.7804
3 174 -25.7804
4 174 -25.7804
5 174 -25.7804
6 174 -25.7804
7 174 -25.7804
8 174 -25.7804
9 174 -25.7804
10 174 -25.7804
11 174 -25.7804
12 174 -25.7804
13 174 -25.7804
14 174 -25.7804
15 174 -25.7804
16 174 -25.7804
17 174 -25.7804
18 174 -25.7804
19 174 -25.7804
20 174 -25.7804
21 174 -9.74856
22 174 -5.60624
23 174 -3.18353
24 174 -1.58854
25 174 -0.519837
26 174 0.202352
27 174 0.807364
28 174 1.39393
29 174 2.01218
30 174 2.5797
31 174 3.138
32 174 3.72571
33 174 4.29723
34 174 4.91505
35 174 5.51945
36 174 6.15401
37 174 6.83187
38 174 7.53546
39 174 8.32215
40 174 9.17732
41 174 10.0155
42 174 10.8267
43 174 11.6386
44 174 12.4255
45 174 13.2039
46 174 13.9484
47 174 14.6749
48 174 15.3545
49 174 16.0258
50 174 16.7009
51 174 17.4329
52 174 18.1365
53 174 18.756
54 174 19.3385
55 174 19.8336
56 174 20.2527
57 174 20.5991
58 174 20.875
59 174 21.058
60 174 21.1036
61 174 21.024
62 174 20.8447
63 174 20.5045
64 174 20.0318
65 174 19.4334
66 174 18.6505
67 174 17.7445
68 174 16.7197
69 174 15.6073
70 174 14.4416
71 174 13.2975
72 174 12.2186
73 174 11.1985
74 174 10.233
75 174 9.35491
76 174 8.55217
77 174 7.87176
78 174 7.24479
79 174 6.73012
80 174 6.27955
81 174 5.92227
82 174 5.62451
83 174 5.37133
84 174 5.17241
85 174 5.02189
86 174 4.92488
87 174 4.87848
88 174 4.90123
89 174 4.97566
90 174 5.03778
91 174 5.15476
92 174 5.27274
93 174 5.37708
94 174 5.4601
95 174 5.48329
96 174 5.403
97 174 5.14094
98 174 4.74444
99 174 4.24499
100 174 3.68208
101 174 2.96011
102 174 2.68124
103 174 1.78833
104 174 -25.7804
105 174 -25.7804
106 174 -25.7804
107 174 -25.7804
108 174 -25.7804
109 174 -25.7804
110 174 -25.7804
111 174 -25.7804
112 174 -25.7804
113 174 -25.7804
114 174 -25.7804
115 174 -25.7804
116 174 -25.7804
117 174 -25.7804
118 174 -25.7804
119 174 -25.7804
0 175 -25.7804
1 175 -25.7804
2 175 -25.7804
3 175 -25.7804
4 175 -25.7804
5 175 -25.7804
6 175 -25.7804
7 175 -25.7804
8 175 -25.7804
9 175 -25.7804
10 175 -25.7804
11 175 -25.7804
12 175 -25.7804
13 175 -25.7804
14 175 -25.7804
15 175 -25.7804
16 175 -25.7804
17 175 -25.7804
18 175 -25.7804
19 175 -25.7804
20 175 -25.7804
21 175 -25.7804
22 175 -9.95779
23 175 -5.4874
24 175 -3.27627
25 175 -1.62172
26 175 -0.475712
27 175 0.320912
28 175 0.933432
29 175 1.5761
30 175 2.20737
31 175 2.79657
32 175 3.38053
33 175 3.97709
34 175 4.60317
35 175 5.22737
36 175 5.87759
37 175 6.55576
38 175 7.29146
39 175 8.08689
40 175 8.95014
41 175 9.80695
42 175 10.6698
43 175 11.5249
44 175 12.3796
45 175 13.193
46 175 13.9891
47 175 14.7742
48 175 15.5135
49 175 16.2338
50 175 17.0168
51 175 17.8304
52 175 18.626
53 175 19.3462
54 175 20.0082
55 175 20.577
56 175 21.0613
57 175 21.4589
58 175 21.8007
59 175 22.0131
60 175 22.1169
61 175 22.0589
62 175 21.8259
63 175 21.4928
64 175 20.9684
65 175 20.2677
66 175 19.3886
67 175 18.3202
68 175 17.1613
69 175 15.8464
70 175 14.5579
71 175 13.3215
72 175 12.1056
73 175 10.9634
74 175 9.90198
75 175 8.92303
76 175 8.02259
77 175 7.22962
78 175 6.52454
79 175 5.94091
80 175 5.45547
81 175 5.07355
82 175 4.77042
83 175 4.53327
84 175 4.35987
85 175 4.2268
86 175 4.17769
87 175 4.17339
88 175 4.23676
89 175 4.35308
90 175 4.51802
91 175 4.6685
92 175 4.84065
93 175 4.97394
94 175 5.09174
95 175 5.12747
96 175 5.00439
97 175 4.67936
98 175 4.23074
99 175 3.72316
100 175 3.14695
101 175 2.75298
102 175 2.04944
103 175 -25.7804
104 175 -25.7804
105 175 -25.7804
106 175 -25.7804
107 175 -25.7804
108 175 -25.7804
109 175 -25.7804
110 175 -25.7804
111 175 -25.7804
112 175 -25.7804
113 175 -25.7804
114 175 -25.7804
115 175 -25.7804
116 175 -25.7804
117 175 -25.7804
118 175 -25.7804
119 175 -25.7804
0 176 -25.7804
1 176 -25.7804
2 176 -25.7804
3 176 -25.7804
4 176 -25.7804
5 176 -25.7804
6 176 -25.7804
7 176 -25.7804
8 176 -25.7804
9 176 -25.7804
10 176 -25.7804
11 176 -25.7804
12 176 -25.7804
13 176 -25.7804
14 176 -25.7804
15 176 -25.7804
16 176 -25.7804
17 176 -25.7804
18 176 -25.7804
19 176 -25.7804
20 176 -25.7804
21 176 -25.7804
22 176 -25.7804
23 176 -9.17132
24 176 -5.36313
25 176 -3.23225
26 176 -1.52731
27 176 -0.315155
28 176 0.468598
29 176 1.10055
30 176 1.74578
31 176 2.383
32 176 3.00869
33 176 3.63312
34 176 4.27629
35 176 4.92283
36 176 5.59833
37 176 6.26905
38 176 6.9989
39 176 7.81102
40 176 8.66516
41 176 9.58032
42 176 10.4859
43 176 11.3703
44 176 12.2661
45 176 13.1278
46 176 14.0018
47 176 14.8259
48 176 15.6631
49 176 16.4742
50 176 17.3282
51 176 18.2132
52 176 19.1071
53 176 19.9349
54 176 20.6602
55 176 21.2939
56 176 21.8432
57 176 22.3086
58 176 22.6956
59 176 22.9616
60 176 23.0831
61 176 23.0945
62 176 22.9485
63 176 22.5924
64 176 22.0722
65 176 21.2851
66 176 20.2896
67 176 19.0595
68 176 17.6773
69 176 16.2486
70 176 14.8161
71 176 13.4248
72 176 12.102
73 176 10.8156
74 176 9.59826
75 176 8.50228
76 176 7.49454
77 176 6.59153
78 176 5.79951
79 176 5.14337
80 176 4.58944
81 176 4.14846
82 176 3.85855
83 176 3.61012
84 176 3.44653
85 176 3.35777
86 176 3.32536
87 176 3.37813
88 176 3.53
89 176 3.7142
90 176 3.95899
91 176 4.18497
92 176 4.40086
93 176 4.55753
94 176 4.69951
95 176 4.7225
96 176 4.56379
97 176 4.16914
98 176 3.60053
99 176 3.00344
100 176 2.46578
101 176 2.50063
102 176 2.43797
103 176 -25.7804
104 176 -25.7804
105 176 -25.7804
106 176 -25.7804
107 176 -25.7804
108 176 -25.7804
109 176 -25.7804
110 176 -25.7804
111 176 -25.7804
112 176 -25.7804
113 176 -25.7804
114 176 -25.7804
115 176 -25.7804
116 176 -25.7804
117 176 -25.7804
118 176 -25.7804
119 176 -25.7804
0 177 -25.7804
1 177 -25.7804
2 177 -25.7804
3 177 -25.7804
4 177 -25.7804
5 177 -25.7804
6 177 -25.7804
7 177 -25.7804
8 177 -25.7804
9 177 -25.7804
10 177 -25.7804
11 177 -25.7804
12 177 -25.7804
13 177 -25.7804
14 177 -25.7804
15 177 -25.7804
16 177 -25.7804
17 177 -25.7804
18 177 -25.7804
19 177 -25.7804
20 177 -25.7804
21 177 -25.7804
22 177 -25.7804
23 177 -25.7804
24 177 -10.0801
25 177 -5.22056
26 177 -3.04383
27 177 -1.35416
28 177 -0.128496
29 177 0.696899
30 177 1.25283
31 177 1.90665
32 177 2.55247
33 177 3.21266
34 177 3.87991
35 177 4.57649
36 177 5.26287
37 177 5.99017
38 177 6.74238
39 177 7.50664
40 177 8.39628
41 177 9.32391
42 177 10.2356
43 177 11.1513
44 177 12.1019
45 177 13.0427
46 177 13.983
47 177 14.8921
48 177 15.8058
49 177 16.7151
50 177 17.6375
51 177 18.597
52 177 19.571
53 177 20.4875
54 177 21.3025
55 177 21.9869
56 177 22.6358
57 177 23.1655
58 177 23.5694
59 177 23.842
60 177 24.0267
61 177 24.1002
62 177 24.0788
63 177 23.7902
64 177 23.251
65 177 22.4634
66 177 21.3627
67 177 19.8837
68 177 18.3516
69 177 16.7795
70 177 15.1973
71 177 13.6299
72 177 12.1366
73 177 10.6609
74 177 9.30799
75 177 8.0627
76 177 6.92957
77 177 5.89794
78 177 5.03001
79 177 4.28786
80 177 3.66814
81 177 3.19082
82 177 2.82421
83 177 2.59242
84 177 2.47743
85 177 2.3853
86 177 2.44581
87 177 2.57904
88 177 2.76809
89 177 2.98953
90 177 3.29881
91 177 3.57109
92 177 3.88252
93 177 4.08716
94 177 4.24219
95 177 4.24248
96 177 4.02517
97 177 3.52256
98 177 2.74426
99 177 2.18224
100 177 1.60823
101 177 1.85836
102 177 -25.7804
103 177 -25.7804
104 177 -25.7804
105 177 -25.7804
106 177 -25.7804
107 177 -25.7804
108 177 -25.7804
109 177 -25.7804
110 177 -25.7804
111 177 -25.7804
112 177 -25.7804
113 177 -25.7804
114 177 -25.7804
115 177 -25.7804
116 177 -25.7804
117 177 -25.7804
118 177 -25.7804
119 177 -25.7804
0 178 -25.7804
1 178 -25.7804
2 178 -25.7804
3 178 -25.7804
4 178 -25.7804
5 178 -25.7804
6 178 -25.7804
7 178 -25.7804
8 178 -25.7804
9 178 -25.7804
10 178 -25.7804
11 178 -25.7804
12 178 -25.7804
13 178 -25.7804
14 178 -25.7804
15 178 -25.7804
16 178 -25.7804
17 178 -25.7804
18 178 -25.7804
19 178 -25.7804
20 178 -25.7804
21 178 -25.7804
22 178 -25.7804
23 178 -25.7804
24 178 -25.7804
25 178 -10.0087
26 178 -5.2016
27 178 -2.85628
28 178 -1.2723
29 178 -0.00271231
30 178 0.740177
31 178 1.3234
32 178 2.02251
33 178 2.71811
34 178 3.42899
35 178 4.12631
36 178 4.84491
37 178 5.59329
38 178 6.35227
39 178 7.15208
40 178 8.00374
41 178 8.91504
42 178 9.89689
43 178 10.8694
44 178 11.9051
45 178 12.9109
46 178 13.9018
47 178 14.9214
48 178 15.907
49 178 16.9454
50 178 17.9383
51 178 19.002
52 178 20.0177
53 178 21.0213
54 178 21.9333
55 178 22.7145
56 178 23.401
57 178 23.9455
58 178 24.3588
59 178 24.6828
60 178 24.8925
61 178 25.073
62 178 25.1433
63 178 24.9802
64 178 24.5835
65 178 23.7819
66 178 22.5508
67 178 20.9469
68 178 19.2317
69 178 17.4929
70 178 15.7332
71 178 13.9193
72 178 12.2456
73 178 10.5837
74 178 9.02688
75 178 7.60747
76 178 6.32852
77 178 5.18163
78 178 4.17618
79 178 3.3587
80 178 2.69079
81 178 2.13266
82 178 1.75391
83 178 1.49961
84 178 1.35476
85 178 1.34559
86 178 1.39697
87 178 1.52775
88 178 1.78963
89 178 2.09482
90 178 2.46114
91 178 2.84445
92 178 3.20316
93 178 3.48908
94 178 3.68023
95 178 3.68339
96 178 3.3998
97 178 2.678
98 178 1.25858
99 178 0.91823
100 178 0.237185
101 178 -0.183032
102 178 -25.7804
103 178 -25.7804
104 178 -25.7804
105 178 -25.7804
106 178 -25.7804
107 178 -25.7804
108 178 -25.7804
109 178 -25.7804
110 178 -25.7804
111 178 -25.7804
112 178 -25.7804
113 178 -25.7804
114 178 -25.7804
115 178 -25.7804
116 178 -25.7804
117 178 -25.7804
118 178 -25.7804
119 178 -25.7804
0 179 -25.7804
1 179 -25.7804
2 179 -25.7804
3 179 -25.7804
4 179 -25.7804
5 179 -25.7804
6 179 -25.7804
7 179 -25.7804
8 179 -25.7804
9 179 -25.7804
10 179 -25.7804
11 179 -25.7804
12 179 -25.7804
13 179 -25.7804
14 179 -25.7804
15 179 -25.7804
16 179 -25.7804
17 179 -25.7804
18 179 -25.7804
19 179 -25.7804
20 179 -25.7804
21 179 -25.7804
22 179 -25.7804
23 179 -25.7804
24 179 -25.7804
25 179 -25.7804
26 179 -10.1873
27 179 -4.97311
28 179 -2.6209
29 179 -1.22801
30 179 0.0107405
31 179 0.696948
32 179 1.39258
33 179 2.12973
34 179 2.88367
35 179 3.62043
36 179 4.35846
37 179 5.13297
38 179 5.9145
39 179 6.69953
40 179 7.49706
41 179 8.43352
42 179 9.46699
43 179 10.5153
44 179 11.6397
45 179 12.7578
46 179 13.851
47 179 14.9769
48 179 16.0603
49 179 17.1978
50 179 18.281
51 179 19.4019
52 179 20.4941
53 179 21.5941
54 179 22.5903
55 179 23.4138
56 179 24.0599
57 179 24.6354
58 179 25.0758
59 179 25.4404
60 179 25.7144
61 179 25.9536
62 179 26.1117
63 179 26.1149
64 179 25.8775
65 179 25.2829
66 179 24.0459
67 179 22.2327
68 179 20.3063
69 179 18.331
70 179 16.3471
71 179 14.3343
72 179 12.3674
73 179 10.4764
74 179 8.69471
75 179 7.1045
76 179 5.63719
77 179 4.35785
78 179 3.21992
79 179 2.30984
80 179 1.57955
81 179 0.986452
82 179 0.553177
83 179 0.306538
84 179 0.148901
85 179 0.100538
86 179 0.153029
87 179 0.308361
88 179 0.580543
89 179 0.955581
90 179 1.45428
91 179 1.9902
92 179 2.45796
93 179 2.76344
94 179 2.98327
95 179 2.94014
96 179 2.55533
97 179 1.93484
98 179 1.04454
99 179 -1.46684
100 179 -25.7804
101 179 -25.7804
102 179 -25.7804
103 179 -25.7804
104 179 -25.7804
105 179 -25.7804
106 179 -25.7804
107 179 -25.7804
108 179 -25.7804
109 179 -25.7804
110 179 -25.7804
111 179 -25.7804
112 179 -25.7804
113 179 -25.7804
114 179 -25.7804
115 179 -25.7804
116 179 -25.7804
117 179 -25.7804
118 179 -25.7804
119 179 -25.7804
0 180 -25.7804
1 180 -25.7804
2 180 -25.7804
3 180 -25.7804
4 180 -25.7804
5 180 -25.7804
6 180 -25.7804
7 180 -25.7804
8 180 -25.7804
9 180 -25.7804
10 180 -25.7804
11 180 -25.7804
12 180 -25.7804
13 180 -25.7804
14 180 -25.7804
15 180 -25.7804
16 180 -25.7804
17 180 -25.7804
18 180 -25.7804
19 180 -25.7804
20 180 -25.7804
21 180 -25.7804
22 180 -25.7804
23 180 -25.7804
24 180 -25.7804
25 180 -25.7804
26 180 -25.7804
27 180 -8.70307
28 180 -4.46847
29 180 -2.6017
30 180 -1.25485
31 180 -0.131393
32 180 0.728512
33 180 1.45648
34 180 2.24026
35 180 3.04302
36 180 3.79566
37 180 4.60136
38 180 5.37019
39 180 6.17528
40 180 6.93836
41 180 7.87016
42 180 9.00371
43 180 10.1535
44 180 11.3424
45 180 12.56
46 180 13.8138
47 180 15.0236
48 180 16.2602
49 180 17.4744
50 180 18.6438
51 180 19.8337
52 180 20.9988
53 180 22.1596
54 180 23.146
55 180 23.9772
56 180 24.635
57 180 25.2039
58 180 25.7039
59 180 26.0942
60 180 -25.7804
61 180 -25.7804
62 180 -25.7804
63 180 -25.7804
64 180 -25.7804
65 180 -25.7804
66 180 25.8099
67 180 23.8399
68 180 21.6549
69 180 19.3957
70 180 17.1099
71 180 14.7551
72 180 12.4715
73 180 10.3117
74 180 8.28319
75 180 6.43595
76 180 4.78075
77 180 3.36124
78 180 2.11504
79 180 1.09066
80 180 0.290018
81 180 -0.339022
82 180 -0.761519
83 180 -1.03122
84 180 -1.21757
85 180 -1.2825
86 180 -1.23988
87 180 -1.1384
88 180 -0.818781
89 180 -0.354986
90 180 0.318777
91 180 1.13289
92 180 1.61874
93 180 1.89158
94 180 1.95319
95 180 1.83575
96 180 1.12617
97 180 0.474366
98 180 -0.397506
99 180 -2.82957
100 180 -25.7804
101 180 -25.7804
102 180 -25.7804
103 180 -25.7804
104 180 -25.7804
105 180 -25.7804
106 180 -25.7804
107 180 -25.7804
108 180 -25.7804
109 180 -25.7804
110 180 -25.7804
111 180 -25.7804
112 180 -25.7804
113 180 -25.7804
114 180 -25.7804
115 180 -25.7804
116 180 -25.7804
117 180 -25.7804
118 180 -25.7804
119 180 -25.7804
0 181 -25.7804
1 181 -25.7804
2 181 -25.7804
3 181 -25.7804
4 181 -25.7804
5 181 -25.7804
6 181 -25.7804
7 181 -25.7804
8 181 -25.7804
9 181 -25.7804
10 181 -25.7804
11 181 -25.7804
12 181 -25.7804
13 181 -25.7804
14 181 -25.7804
15 181 -25.7804
16 181 -25.7804
17 181 -25.7804
18 181 -25.7804
19 181 -25.7804
20 181 -25.7804
21 181 -25.7804
22 181 -25.7804
23 181 -25.7804
24 181 -25.7804
25 181 -25.7804
26 181 -25.7804
27 181 -25.7804
28 181 -25.7804
29 181 -5.0358
30 181 -2.87039
31 181 -1.52946
32 181 -0.167519
33 181 0.757132
34 181 1.52353
35 181 2.37064
36 181 3.16333
37 181 3.96706
38 181 4.76597
39 181 5.57127
40 181 6.34783
41 181 7.27963
42 181 8.45677
43 181 9.71531
44 181 11.0701
45 181 12.4341
46 181 13.8006
47 181 15.1164
48 181 16.4595
49 181 17.7686
50 181 19.0483
51 181 20.3013
52 181 21.5467
53 181 22.6952
54 181 23.6329
55 181 24.4712
56 181 25.1331
57 181 25.6901
58 181 -25.7804
59 181 -25.7804
60 181 -25.7804
61 181 -25.7804
62 181 -25.7804
63 181 -25.7804
64 181 -25.7804
65 181 -25.7804
66 181 -25.7804
67 181 25.8387
68 181 23.3766
69 181 20.733
70 181 17.9893
71 181 15.2188
72 181 12.512
73 181 10.0094
74 181 7.72729
75 181 5.64174
76 181 3.74055
77 181 2.09067
78 181 0.666869
79 181 -0.381776
80 181 -1.18987
81 181 -1.79662
82 181 -2.20803
83 181 -2.49192
84 181 -2.7056
85 181 -2.87363
86 181 -2.90672
87 181 -2.82803
88 181 -2.50282
89 181 -1.96337
90 181 -0.957158
91 181 0.236467
92 181 0.655266
93 181 0.631272
94 181 0.162561
95 181 -0.114983
96 181 -2.85187
97 181 -6.27951
98 181 -25.7804
99 181 -25.7804
100 181 -25.7804
101 181 -25.7804
102 181 -25.7804
103 181 -25.7804
104 181 -25.7804
105 181 -25.7804
106 181 -25.7804
107 181 -25.7804
108 181 -25.7804
109 181 -25.7804
110 181 -25.7804
111 181 -25.7804
112 181 -25.7804
113 181 -25.7804
114 181 -25.7804
115 181 -25.7804
116 181 -25.7804
117 181 -25.7804
118 181 -25.7804
119 181 -25.7804
0 182 -25.7804
1 182 -25.7804
2 182 -25.7804
3 182 -25.7804
4 182 -25.7804
5 182 -25.7804
6 182 -25.7804
7 182 -25.7804
8 182 -25.7804
9 182 -25.7804
10 182 -25.7804
11 182 -25.7804
12 182 -25.7804
13 182 -25.7804
14 182 -25.7804
15 182 -25.7804
16 182 -25.7804
17 182 -25.7804
18 182 -25.7804
19 182 -25.7804
20 182 -25.7804
21 182 -25.7804
22 182 -25.7804
23 182 -25.7804
24 182 -25.7804
25 182 -25.7804
26 182 -25.7804
27 182 -25.7804
28 182 -25.7804
29 182 -25.7804
30 182 -5.31653
31 182 -3.28312
32 182 -1.64012
33 182 -0.179394
34 182 0.792289
35 182 1.57182
36 182 2.44545
37 182 3.29494
38 182 4.08147
39 182 4.89885
40 182 5.67098
41 182 6.56054
42 182 7.78596
43 182 9.18215
44 182 10.6859
45 182 12.2436
46 182 13.7819
47 182 15.2101
48 182 16.6477
49 182 18.0368
50 182 19.435
51 182 20.7413
52 182 21.9808
53 182 23.0703
54 182 24.0234
55 182 24.8275
56 182 25.475
57 182 26.0383
58 182 -25.7804
59 182 -25.7804
60 182 -25.7804
61 182 -25.7804
62 182 -25.7804
63 182 -25.7804
64 182 -25.7804
65 182 -25.7804
66 182 -25.7804
67 182 -25.7804
68 182 25.2848
69 182 22.1836
70 182 18.861
71 182 15.4521
72 182 12.3351
73 182 9.49759
74 182 6.92404
75 182 4.48252
76 182 2.34299
77 182 0.56086
78 182 -1.02765
79 182 -2.15368
80 182 -2.94588
81 182 -3.5285
82 182 -3.9204
83 182 -4.27678
84 182 -4.51287
85 182 -4.72081
86 182 -4.88842
87 182 -4.87815
88 182 -4.66542
89 182 -4.44685
90 182 -3.3106
91 182 -0.68936
92 182 -1.19708
93 182 -1.94409
94 182 -5.96908
95 182 -10.5476
96 182 -25.7804
97 182 -25.7804
98 182 -25.7804
99 182 -25.7804
100 182 -25.7804
101 182 -25.7804
102 182 -25.7804
103 182 -25.7804
104 182 -25.7804
105 182 -25.7804
106 182 -25.7804
107 182 -25.7804
108 182 -25.7804
109 182 -25.7804
110 182 -25.7804
111 182 -25.7804
112 182 -25.7804
113 182 -25.7804
114 182 -25.7804
115 182 -25.7804
116 182 -25.7804
117 182 -25.7804
118 182 -25.7804
119 182 -25.7804
0 183 -25.7804
1 183 -25.7804
2 183 -25.7804
3 183 -25.7804
4 183 -25.7804
5 183 -25.7804
6 183 -25.7804
7 183 -25.7804
8 183 -25.7804
9 183 -25.7804
10 183 -25.7804
11 183 -25.7804
12 183 -25.7804
13 183 -25.7804
14 183 -25.7804
15 183 -25.7804
16 183 -25.7804
17 183 -25.7804
18 183 -25.7804
19 183 -25.7804
20 183 -25.7804
21 183 -25.7804
22 183 -25.7804
23 183 -25.7804
24 183 -25.7804
25 183 -25.7804
26 183 -25.7804
27 183 -25.7804
28 183 -25.7804
29 183 -25.7804
30 183 -25.7804
31 183 -6.50561
32 183 -3.03131
33 183 -1.45892
34 183 -0.162216
35 183 0.772722
36 183 1.63309
37 183 2.4948
38 183 3.31862
39 183 4.16211
40 183 4.96666
41 183 5.81986
42 183 7.05923
43 183 8.60616
44 183 10.2829
45 183 12.0474
46 183 13.7303
47 183 15.3568
48 183 16.8722
49 183 18.3494
50 183 19.7587
51 183 21.0797
52 183 22.3195
53 183 23.3553
54 183 24.2568
55 183 25.0099
56 183 25.648
57 183 -25.7804
58 183 -25.7804
59 183 -25.7804
60 183 -25.7804
61 183 -25.7804
62 183 -25.7804
63 183 -25.7804
64 183 -25.7804
65 183 -25.7804
66 183 -25.7804
67 183 -25.7804
68 183 -25.7804
69 183 24.0013
70 183 19.7213
71 183 15.6868
72 183 11.9724
73 183 8.66617
74 183 5.76475
75 183 3.10731
76 183 0.693575
77 183 -1.42771
78 183 -3.03015
79 183 -4.18871
80 183 -4.93718
81 183 -5.48061
82 183 -5.90969
83 183 -6.28212
84 183 -6.55267
85 183 -6.74547
86 183 -7.20635
87 183 -7.39757
88 183 -7.32392
89 183 -8.51461
90 183 -8.26076
91 183 -0.607292
92 183 -7.3178
93 183 -13.3114
94 183 -25.7804
95 183 -25.7804
96 183 -25.7804
97 183 -25.7804
98 183 -25.7804
99 183 -25.7804
100 183 -25.7804
101 183 -25.7804
102 183 -25.7804
103 183 -25.7804
104 183 -25.7804
105 183 -25.7804
106 183 -25.7804
107 183 -25.7804
108 183 -25.7804
109 183 -25.7804
110 183 -25.7804
111 183 -25.7804
112 183 -25.7804
113 183 -25.7804
114 183 -25.7804
115 183 -25.7804
116 183 -25.7804
117 183 -25.7804
118 183 -25.7804
119 183 -25.7804
0 184 -25.7804
1 184 -25.7804
2 184 -25.7804
3 184 -25.7804
4 184 -25.7804
5 184 -25.7804
6 184 -25.7804
7 184 -25.7804
8 184 -25.7804
9 184 -25.7804
10 184 -25.7804
11 184 -25.7804
12 184 -25.7804
13 184 -25.7804
14 184 -25.7804
15 184 -25.7804
16 184 -25.7804
17 184 -25.7804
18 184 -25.7804
19 184 -25.7804
20 184 -25.7804
21 184 -25.7804
22 184 -25.7804
23 184 -25.7804
24 184 -25.7804
25 184 -25.7804
26 184 -25.7804
27 184 -25.7804
28 184 -25.7804
29 184 -25.7804
30 184 -25.7804
31 184 -13.3891
32 184 -4.91017
33 184 -2.72631
34 184 -1.43016
35 184 -0.17477
36 184 0.787999
37 184 1.65434
38 184 2.53096
39 184 3.4195
40 184 4.21631
41 184 5.0896
42 184 6.27759
43 184 7.91751
44 184 9.89155
45 184 11.859
46 184 13.7153
47 184 15.4657
48 184 17.0675
49 184 18.5623
50 184 20.0617
51 184 21.3758
52 184 22.5344
53 184 23.5226
54 184 24.3537
55 184 25.0629
56 184 25.6432
57 184 -25.7804
58 184 -25.7804
59 184 -25.7804
60 184 -25.7804
61 184 -25.7804
62 184 -25.7804
63 184 -25.7804
64 184 -25.7804
65 184 -25.7804
66 184 -25.7804
67 184 -25.7804
68 184 -25.7804
69 184 -25.7804
70 184 20.6813
71 184 15.5024
72 184 11.1954
73 184 7.48886
74 184 4.37522
75 184 1.419
76 184 -1.29593
77 184 -3.72661
78 184 -5.45709
79 184 -6.63313
80 184 -7.39704
81 184 -7.80769
82 184 -8.01127
83 184 -8.44266
84 184 -8.7237
85 184 -8.87095
86 184 -9.95324
87 184 -10.8454
88 184 -9.82571
89 184 -16.3594
90 184 -25.7804
91 184 -25.7804
92 184 -25.7804
93 184 -25.7804
94 184 -25.7804
95 184 -25.7804
96 184 -25.7804
97 184 -25.7804
98 184 -25.7804
99 184 -25.7804
100 184 -25.7804
101 184 -25.7804
102 184 -25.7804
103 184 -25.7804
104 184 -25.7804
105 184 -25.7804
106 184 -25.7804
107 184 -25.7804
108 184 -25.7804
109 184 -25.7804
110 184 -25.7804
111 184 -25.7804
112 184 -25.7804
113 184 -25.7804
114 184 -25.7804
115 184 -25.7804
116 184 -25.7804
117 184 -25.7804
118 184 -25.7804
119 184 -25.7804
0 185 -25.7804
1 185 -25.7804
2 185 -25.7804
3 185 -25.7804
4 185 -25.7804
5 185 -25.7804
6 185 -25.7804
7 185 -25.7804
8 185 -25.7804
9 185 -25.7804
10 185 -25.7804
11 185 -25.7804
12 185 -25.7804
13 185 -25.7804
14 185 -25.7804
15 185 -25.7804
16 185 -25.7804
17 185 -25.7804
18 185 -25.7804
19 185 -25.7804
20 185 -25.7804
21 185 -25.7804
22 185 -25.7804
23 185 -25.7804
24 185 -25.7804
25 185 -25.7804
26 185 -25.7804
27 185 -25.7804
28 185 -25.7804
29 185 -25.7804
30 185 -25.7804
31 185 -25.7804
32 185 -25.7804
33 185 -5.6861
34 185 -3.0289
35 185 -1.52381
36 185 -0.239298
37 185 0.773105
38 185 1.6505
39 185 2.5697
40 185 3.44445
41 185 4.29972
42 185 5.55713
43 185 7.26661
44 185 9.53055
45 185 11.7085
46 185 13.6341
47 185 15.5052
48 185 17.199
49 185 18.7823
50 185 20.3197
51 185 21.5965
52 185 22.634
53 185 23.5478
54 185 24.3172
55 185 24.9699
56 185 25.5077
57 185 25.9797
58 185 -25.7804
59 185 -25.7804
60 185 -25.7804
61 185 -25.7804
62 185 -25.7804
63 185 -25.7804
64 185 -25.7804
65 185 -25.7804
66 185 -25.7804
67 185 -25.7804
68 185 -25.7804
69 185 -25.7804
70 185 20.5955
71 185 14.237
72 185 9.47006
73 185 5.79741
74 185 2.69947
75 185 -0.332002
76 185 -3.45902
77 185 -6.58391
78 185 -8.58839
79 185 -9.75802
80 185 -10.3379
81 185 -10.5088
82 185 -10.3323
83 185 -11.1399
84 185 -11.7113
85 185 -10.8036
86 185 -14.6779
87 185 -19.6991
88 185 -25.1164
89 185 -25.7804
90 185 -25.7804
91 185 -25.7804
92 185 -25.7804
93 185 -25.7804
94 185 -25.7804
95 185 -25.7804
96 185 -25.7804
97 185 -25.7804
98 185 -25.7804
99 185 -25.7804
100 185 -25.7804
101 185 -25.7804
102 185 -25.7804
103 185 -25.7804
104 185 -25.7804
105 185 -25.7804
106 185 -25.7804
107 185 -25.7804
108 185 -25.7804
109 185 -25.7804
110 185 -25.7804
111 185 -25.7804
112 185 -25.7804
113 185 -25.7804
114 185 -25.7804
115 185 -25.7804
116 185 -25.7804
117 185 -25.7804
118 185 -25.7804
119 185 -25.7804
0 186 -25.7804
1 186 -25.7804
2 186 -25.7804
3 186 -25.7804
4 186 -25.7804
5 186 -25.7804
6 186 -25.7804
7 186 -25.7804
8 186 -25.7804
9 186 -25.7804
10 186 -25.7804
11 186 -25.7804
12 186 -25.7804
13 186 -25.7804
14 186 -25.7804
15 186 -25.7804
16 186 -25.7804
17 186 -25.7804
18 186 -25.7804
19 186 -25.7804
20 186 -25.7804
21 186 -25.7804
22 186 -25.7804
23 186 -25.7804
24 186 -25.7804
25 186 -25.7804
26 186 -25.7804
27 186 -25.7804
28 186 -25.7804
29 186 -25.7804
30 186 -25.7804
31 186 -25.7804
32 186 -25.7804
33 186 -25.7804
34 186 -6.16758
35 186 -3.12397
36 186 -1.4725
37 186 -0.134913
38 186 0.80278
39 186 1.7397
40 186 2.65558
41 186 3.55183
42 186 4.86834
43 186 6.75632
44 186 9.15002
45 186 11.4917
46 186 13.564
47 186 15.4862
48 186 17.2718
49 186 18.9468
50 186 20.517
51 186 21.7012
52 186 22.6402
53 186 23.449
54 186 24.1683
55 186 24.7149
56 186 25.1575
57 186 25.5251
58 186 25.8432
59 186 -25.7804
60 186 -25.7804
61 186 -25.7804
62 186 -25.7804
63 186 -25.7804
64 186 -25.7804
65 186 -25.7804
66 186 -25.7804
67 186 -25.7804
68 186 -25.7804
69 186 -25.7804
70 186 18.5022
71 186 11.7537
72 186 7.23774
73 186 4.0431
74 186 1.28014
75 186 -1.63916
76 186 -5.63775
77 186 -10.5919
78 186 -12.876
79 186 -13.5277
80 186 -14.0527
81 186 -13.9866
82 186 -11.8939
83 186 -15.3657
84 186 -20.0171
85 186 -25.4988
86 186 -25.7804
87 186 -25.7804
88 186 -25.7804
89 186 -25.7804
90 186 -25.7804
91 186 -25.7804
92 186 -25.7804
93 186 -25.7804
94 186 -25.7804
95 186 -25.7804
96 186 -25.7804
97 186 -25.7804
98 186 -25.7804
99 186 -25.7804
100 186 -25.7804
101 186 -25.7804
102 186 -25.7804
103 186 -25.7804
104 186 -25.7804
105 186 -25.7804
106 186 -25.7804
107 186 -25.7804
108 186 -25.7804
109 186 -25.7804
110 186 -25.7804
111 186 -25.7804
112 186 -25.7804
113 186 -25.7804
114 186 -25.7804
115 186 -25.7804
116 186 -25.7804
117 186 -25.7804
118 186 -25.7804
119 186 -25.7804
0 187 -25.7804
1 187 -25.7804
2 187 -25.7804
3 187 -25.7804
4 187 -25.7804
5 187 -25.7804
6 187 -25.7804
7 187 -25.7804
8 187 -25.7804
9 187 -25.7804
10 187 -25.7804
11 187 -25.7804
12 187 -25.7804
13 187 -25.7804
14 187 -25.7804
15 187 -25.7804
16 187 -25.7804
17 187 -25.7804
18 187 -25.7804
19 187 -25.7804
20 187 -25.7804
21 187 -25.7804
22 187 -25.7804
23 187 -25.7804
24 187 -25.7804
25 187 -25.7804
26 187 -25.7804
27 187 -25.7804
28 187 -25.7804
29 187 -25.7804
30 187 -25.7804
31 187 -25.7804
32 187 -25.7804
33 187 -25.7804
34 187 -25.7804
35 187 -7.44408
36 187 -3.25067
37 187 -1.16407
38 187 0.0232556
39 187 0.8487
40 187 1.83615
41 187 2.77984
42 187 4.211
43 187 6.26742
44 187 8.69893
45 187 11.2107
46 187 13.4642
47 187 15.5162
48 187 17.314
49 187 19.0778
50 187 20.6285
51 187 21.6945
52 187 22.5978
53 187 23.2911
54 187 23.8855
55 187 24.3163
56 187 24.6031
57 187 24.7981
58 187 24.9366
59 187 25.1203
60 187 25.4939
61 187 -25.7804
62 187 -25.7804
63 187 -25.7804
64 187 -25.7804
65 187 -25.7804
66 187 -25.7804
67 187 -25.7804
68 187 -25.7804
69 187 -25.7804
70 187 14.648
71 187 8.33046
72 187 4.50822
73 187 2.0828
74 187 0.520765
75 187 -1.9137
76 187 -6.94047
77 187 -17.5982
78 187 -19.165
79 187 -18.2494
80 187 -20.2869
81 187 -24.8519
82 187 -25.7804
83 187 -25.7804
84 187 -25.7804
85 187 -25.7804
86 187 -25.7804
87 187 -25.7804
88 187 -25.7804
89 187 -25.7804
90 187 -25.7804
91 187 -25.7804
92 187 -25.7804
93 187 -25.7804
94 187 -25.7804
95 187 -25.7804
96 187 -25.7804
97 187 -25.7804
98 187 -25.7804
99 187 -25.7804
100 187 -25.7804
101 187 -25.7804
102 187 -25.7804
103 187 -25.7804
104 187 -25.7804
105 187 -25.7804
106 187 -25.7804
107 187 -25.7804
108 187 -25.7804
109 187 -25.7804
110 187 -25.7804
111 187 -25.7804
112 187 -25.7804
113 187 -25.7804
114 187 -25.7804
115 187 -25.7804
116 187 -25.7804
117 187 -25.7804
118 187 -25.7804
119 187 -25.7804
0 188 -25.7804
1 188 -25.7804
2 188 -25.7804
3 188 -25.7804
4 188 -25.7804
5 188 -25.7804
6 188 -25.7804
7 188 -25.7804
8 188 -25.7804
9 188 -25.7804
10 188 -25.7804
11 188 -25.7804
12 188 -25.7804
13 188 -25.7804
14 188 -25.7804
15 188 -25.7804
16 188 -25.7804
17 188 -25.7804
18 188 -25.7804
19 188 -25.7804
20 188 -25.7804
21 188 -25.7804
22 188 -25.7804
23 188 -25.7804
24 188 -25.7804
25 188 -25.7804
26 188 -25.7804
27 188 -25.7804
28 188 -25.7804
29 188 -25.7804
30 188 -25.7804
31 188 -25.7804
32 188 -25.7804
33 188 -25.7804
34 188 -25.7804
35 188 -25.7804
36 188 -9.06094
37 188 -3.02704
38 188 -1.13268
39 188 -0.0540243
40 188 0.846886
41 188 1.94951
42 188 3.60517
43 188 5.71942
44 188 8.0296
45 188 10.8217
46 188 13.2257
47 188 15.434
48 188 17.4515
49 188 19.2462
50 188 20.6233
51 188 21.6369
52 188 22.4342
53 188 23.0445
54 188 23.4944
55 188 23.7438
56 188 23.7953
57 188 23.7729
58 188 23.7358
59 188 23.6918
60 188 23.7813
61 188 24.3609
62 188 25.5231
63 188 -25.7804
64 188 -25.7804
65 188 -25.7804
66 188 -25.7804
67 188 -25.7804
68 188 -25.7804
69 188 24.3623
70 188 11.8979
71 188 4.13854
72 188 0.834939
73 188 -0.16426
74 188 0.548175
75 188 0.367885
76 188 -3.76137
77 188 -25.7804
78 188 -25.7804
79 188 -25.7804
80 188 -25.7804
81 188 -25.7804
82 188 -25.7804
83 188 -25.7804
84 188 -25.7804
85 188 -25.7804
86 188 -25.7804
87 188 -25.7804
88 188 -25.7804
89 188 -25.7804
90 188 -25.7804
91 188 -25.7804
92 188 -25.7804
93 188 -25.7804
94 188 -25.7804
95 188 -25.7804
96 188 -25.7804
97 188 -25.7804
98 188 -25.7804
99 188 -25.7804
100 188 -25.7804
101 188 -25.7804
102 188 -25.7804
103 188 -25.7804
104 188 -25.7804
105 188 -25.7804
106 188 -25.7804
107 188 -25.7804
108 188 -25.7804
109 188 -25.7804
110 188 -25.7804
111 188 -25.7804
112 188 -25.7804
113 188 -25.7804
114 188 -25.7804
115 188 -25.7804
116 188 -25.7804
117 188 -25.7804
118 188 -25.7804
119 188 -25.7804
0 189 -25.7804
1 189 -25.7804
2 189 -25.7804
3 189 -25.7804
4 189 -25.7804
5 189 -25.7804
6 189 -25.7804
7 189 -25.7804
8 189 -25.7804
9 189 -25.7804
10 189 -25.7804
11 189 -25.7804
12 189 -25.7804
13 189 -25.7804
14 189 -25.7804
15 189 -25.7804
16 189 -25.7804
17 189 -25.7804
18 189 -25.7804
19 189 -25.7804
20 189 -25.7804
21 189 -25.7804
22 189 -25.7804
23 189 -25.7804
24 189 -25.7804
25 189 -25.7804
26 189 -25.7804
27 189 -25.7804
28 189 -25.7804
29 189 -25.7804
30 189 -25.7804
31 189 -25.7804
32 189 -25.7804
33 189 -25.7804
34 189 -25.7804
35 189 -25.7804
36 189 -25.7804
37 189 -25.7804
38 189 -4.31156
39 189 -1.32326
40 189 -0.179407
41 189 1.02682
42 189 2.94933
43 189 5.12852
44 189 7.46446
45 189 10.3844
46 189 13.0156
47 189 15.3424
48 189 17.5039
49 189 19.2755
50 189 20.6055
51 189 21.5104
52 189 22.2423
53 189 22.7436
54 189 22.9365
55 189 22.8787
56 189 22.6699
57 189 22.3786
58 189 22.0318
59 189 21.7792
60 189 21.6442
61 189 21.7746
62 189 22.5614
63 189 24.4371
64 189 -25.7804
65 189 -25.7804
66 189 -25.7804
67 189 -25.7804
68 189 -25.7804
69 189 21.0835
70 189 7.31607
71 189 -1.80396
72 189 -3.36631
73 189 -3.74259
74 189 -0.130054
75 189 1.91434
76 189 11.5539
77 189 -25.7804
78 189 -25.7804
79 189 -25.7804
80 189 -25.7804
81 189 -25.7804
82 189 -25.7804
83 189 -25.7804
84 189 -25.7804
85 189 -25.7804
86 189 -25.7804
87 189 -25.7804
88 189 -25.7804
89 189 -25.7804
90 189 -25.7804
91 189 -25.7804
92 189 -25.7804
93 189 -25.7804
94 189 -25.7804
95 189 -25.7804
96 189 -25.7804
97 189 -25.7804
98 189 -25.7804
99 189 -25.7804
100 189 -25.7804
101 189 -25.7804
102 189 -25.7804
103 189 -25.7804
104 189 -25.7804
105 189 -25.7804
106 189 -25.7804
107 189 -25.7804
108 189 -25.7804
109 189 -25.7804
110 189 -25.7804
111 189 -25.7804
112 189 -25.7804
113 189 -25.7804
114 189 -25.7804
115 189 -25.7804
116 189 -25.7804
117 189 -25.7804
118 189 -25.7804
119 189 -25.7804
0 190 -25.7804
1 190 -25.7804
2 190 -25.7804
3 190 -25.7804
4 190 -25.7804
5 190 -25.7804
6 190 -25.7804
7 190 -25.7804
8 190 -25.7804
9 190 -25.7804
10 190 -25.7804
11 190 -25.7804
12 190 -25.7804
13 190 -25.7804
14 190 -25.7804
15 190 -25.7804
16 190 -25.7804
17 190 -25.7804
18 190 -25.7804
19 190 -25.7804
20 190 -25.7804
21 190 -25.7804
22 190 -25.7804
23 190 -25.7804
24 190 -25.7804
25 190 -25.7804
26 190 -25.7804
27 190 -25.7804
28 190 -25.7804
29 190 -25.7804
30 190 -25.7804
31 190 -25.7804
32 190 -25.7804
33 190 -25.7804
34 190 -25.7804
35 190 -25.7804
36 190 -25.7804
37 190 -25.7804
38 190 -25.7804
39 190 -5.21882
40 190 -1.08982
41 190 0.10431
42 190 2.21456
43 190 4.39098
44 190 6.76592
45 190 9.96957
46 190 12.7981
47 190 15.3369
48 190 17.5289
49 190 19.2646
50 190 20.4877
51 190 21.336
52 190 21.913
53 190 22.061
54 190 21.8783
55 190 21.524
56 190 21.0187
57 190 20.3961
58 190 19.7543
59 190 19.1804
60 190 18.8362
61 190 18.4636
62 190 18.4681
63 190 19.559
64 190 22.7926
65 190 -25.7804
66 190 -25.7804
67 190 -25.7804
68 190 -25.7804
69 190 19.3752
70 190 3.50483
71 190 -6.57233
72 190 -7.50178
73 190 -17.433
74 190 -25.7804
75 190 -25.7804
76 190 -25.7804
77 190 -25.7804
78 190 -25.7804
79 190 -25.7804
80 190 -25.7804
81 190 -25.7804
82 190 -25.7804
83 190 -25.7804
84 190 -25.7804
85 190 -25.7804
86 190 -25.7804
87 190 -25.7804
88 190 -25.7804
89 190 -25.7804
90 190 -25.7804
91 190 -25.7804
92 190 -25.7804
93 190 -25.7804
94 190 -25.7804
95 190 -25.7804
96 190 -25.7804
97 190 -25.7804
98 190 -25.7804
99 190 -25.7804
100 190 -25.7804
101 190 -25.7804
102 190 -25.7804
103 190 -25.7804
104 190 -25.7804
105 190 -25.7804
106 190 -25.7804
107 190 -25.7804
108 190 -25.7804
109 190 -25.7804
110 190 -25.7804
111 190 -25.7804
112 190 -25.7804
113 190 -25.7804
114 190 -25.7804
115 190 -25.7804
116 190 -25.7804
117 190 -25.7804
118 190 -25.7804
119 190 -25.7804
0 191 -25.7804
1 191 -25.7804
2 191 -25.7804
3 191 -25.7804
4 191 -25.7804
5 191 -25.7804
6 191 -25.7804
7 191 -25.7804
8 191 -25.7804
9 191 -25.7804
10 191 -25.7804
11 191 -25.7804
12 191 -25.7804
13 191 -25.7804
14 191 -25.7804
15 191 -25.7804
16 191 -25.7804
17 191 -25.7804
18 191 -25.7804
19 191 -25.7804
20 191 -25.7804
21 191 -25.7804
22 191 -25.7804
23 191 -25.7804
24 191 -25.7804
25 191 -25.7804
26 191 -25.7804
27 191 -25.7804
28 191 -25.7804
29 191 -25.7804
30 191 -25.7804
31 191 -25.7804
32 191 -25.7804
33 191 -25.7804
34 191 -25.7804
35 191 -25.7804
36 191 -25.7804
37 191 -25.7804
38 191 -25.7804
39 191 -25.7804
40 191 -3.54445
41 191 -0.501748
42 191 1.26594
43 191 3.62898
44 191 5.98828
45 191 9.45012
46 191 12.5563
47 191 15.3264
48 191 17.5152
49 191 19.1076
50 191 20.306
51 191 20.9226
52 191 21.0868
53 191 20.9174
54 191 20.4473
55 191 19.7233
56 191 18.8823
57 191 18.007
58 191 17.0593
59 191 16.0358
60 191 15.0812
61 191 14.0854
62 191 13.0479
63 191 12.5732
64 191 14.1789
65 191 20.86
66 191 -25.7804
67 191 -25.7804
68 191 -25.7804
69 191 -25.7804
70 191 -0.155637
71 191 -24.042
72 191 -25.7804
73 191 -25.7804
74 191 -25.7804
75 191 -25.7804
76 191 -25.7804
77 191 -25.7804
78 191 -25.7804
79 191 -25.7804
80 191 -25.7804
81 191 -25.7804
82 191 -25.7804
83 191 -25.7804
84 191 -25.7804
85 191 -25.7804
86 191 -25.7804
87 191 -25.7804
88 191 -25.7804
89 191 -25.7804
90 191 -25.7804
91 191 -25.7804
92 191 -25.7804
93 191 -25.7804
94 191 -25.7804
95 191 -25.7804
96 191 -25.7804
97 191 -25.7804
98 191 -25.7804
99 191 -25.7804
100 191 -25.7804
101 191 -25.7804
102 191 -25.7804
103 191 -25.7804
104 191 -25.7804
105 191 -25.7804
106 191 -25.7804
107 191 -25.7804
108 191 -25.7804
109 191 -25.7804
110 191 -25.7804
111 191 -25.7804
112 191 -25.7804
113 191 -25.7804
114 191 -25.7804
115 191 -25.7804
116 191 -25.7804
117 191 -25.7804
118 191 -25.7804
119 191 -25.7804
0 192 -25.7804
1 192 -25.7804
2 192 -25.7804
3 192 -25.7804
4 192 -25.7804
5 192 -25.7804
6 192 -25.7804
7 192 -25.7804
8 192 -25.7804
9 192 -25.7804
10 192 -25.7804
11 192 -25.7804
12 192 -25.7804
13 192 -25.7804
14 192 -25.7804
15 192 -25.7804
16 192 -25.7804
17 192 -25.7804
18 192 -25.7804
19 192 -25.7804
20 192 -25.7804
21 192 -25.7804
22 192 -25.7804
23 192 -25.7804
24 192 -25.7804
25 192 -25.7804
26 192 -25.7804
27 192 -25.7804
28 192 -25.7804
29 192 -25.7804
30 192 -25.7804
31 192 -25.7804
32 192 -25.7804
33 192 -25.7804
34 192 -25.7804
35 192 -25.7804
36 192 -25.7804
37 192 -25.7804
38 192 -25.7804
39 192 -25.7804
40 192 -25.7804
41 192 -2.4567
42 192 0.533751
43 192 2.782
44 192 5.37729
45 192 8.88344
46 192 12.399
47 192 15.2766
48 192 17.4747
49 192 18.9595
50 192 19.876
51 192 20.0511
52 192 19.8606
53 192 19.3484
54 192 18.5192
55 192 17.5207
56 192 16.4636
57 192 15.2834
58 192 13.8817
59 192 12.2798
60 192 10.4946
61 192 8.48359
62 192 5.85109
63 192 2.86843
64 192 0.40454
65 192 2.54115
66 192 22.8945
67 192 6.22735
68 192 -25.7804
69 192 -25.7804
70 192 -25.7804
71 192 -25.7804
72 192 -25.7804
73 192 -25.7804
74 192 -25.7804
75 192 -25.7804
76 192 -25.7804
77 192 -25.7804
78 192 -25.7804
79 192 -25.7804
80 192 -25.7804
81 192 -25.7804
82 192 -25.7804
83 192 -25.7804
84 192 -25.7804
85 192 -25.7804
86 192 -25.7804
87 192 -25.7804
88 192 -25.7804
89 192 -25.7804
90 192 -25.7804
91 192 -25.7804
92 192 -25.7804
93 192 -25.7804
94 192 -25.7804
95 192 -25.7804
96 192 -25.7804
97 192 -25.7804
98 192 -25.7804
99 192 -25.7804
100 192 -25.7804
101 192 -25.7804
102 192 -25.7804
103 192 -25.7804
104 192 -25.7804
105 192 -25.7804
106 192 -25.7804
107 192 -25.7804
108 192 -25.7804
109 192 -25.7804
110 192 -25.7804
111 192 -25.7804
112 192 -25.7804
113 192 -25.7804
114 192 -25.7804
115 192 -25.7804
116 192 -25.7804
117 192 -25.7804
118 192 -25.7804
119 192 -25.7804
0 193 -25.7804
1 193 -25.7804
2 193 -25.7804
3 193 -25.7804
4 193 -25.7804
5 193 -25.7804
6 193 -25.7804
7 193 -25.7804
8 193 -25.7804
9 193 -25.7804
10 193 -25.7804
11 193 -25.7804
12 193 -25.7804
13 193 -25.7804
14 193 -25.7804
15 193 -25.7804
16 193 -25.7804
17 193 -25.7804
18 193 -25.7804
19 193 -25.7804
20 193 -25.7804
21 193 -25.7804
22 193 -25.7804
23 193 -25.7804
24 193 -25.7804
25 193 -25.7804
26 193 -25.7804
27 193 -25.7804
28 193 -25.7804
29 193 -25.7804
30 193 -25.7804
31 193 -25.7804
32 193 -25.7804
33 193 -25.7804
34 193 -25.7804
35 193 -25.7804
36 193 -25.7804
37 193 -25.7804
38 193 -25.7804
39 193 -25.7804
40 193 -25.7804
41 193 -3.70065
42 193 -0.4362
43 193 2.08177
44 193 4.71146
45 193 8.41337
46 193 12.3606
47 193 15.3469
48 193 17.1816
49 193 18.2683
50 193 18.7391
51 193 18.6543
52 193 18.2689
53 193 17.5898
54 193 16.5603
55 193 15.3418
56 193 14.0075
57 193 12.4347
58 193 10.7206
59 193 8.76441
60 193 6.37196
61 193 3.29473
62 193 -1.1655
63 193 -7.81123
64 193 -18.353
65 193 -25.7804
66 193 14.9767
67 193 -25.7804
68 193 -25.7804
69 193 -25.7804
70 193 -25.7804
71 193 -25.7804
72 193 -25.7804
73 193 -25.7804
74 193 -25.7804
75 193 -25.7804
76 193 -25.7804
77 193 -25.7804
78 193 -25.7804
79 193 -25.7804
80 193 -25.7804
81 193 -25.7804
82 193 -25.7804
83 193 -25.7804
84 193 -25.7804
85 193 -25.7804
86 193 -25.7804
87 193 -25.7804
88 193 -25.7804
89 193 -25.7804
90 193 -25.7804
91 193 -25.7804
92 193 -25.7804
93 193 -25.7804
94 193 -25.7804
95 193 -25.7804
96 193 -25.7804
97 193 -25.7804
98 193 -25.7804
99 193 -25.7804
100 193 -25.7804
101 193 -25.7804
102 193 -25.7804
103 193 -25.7804
104 193 -25.7804
105 193 -25.7804
106 193 -25.7804
107 193 -25.7804
108 193 -25.7804
109 193 -25.7804
110 193 -25.7804
111 193 -25.7804
112 193 -25.7804
113 193 -25.7804
114 193 -25.7804
115 193 -25.7804
116 193 -25.7804
117 193 -25.7804
118 193 -25.7804
119 193 -25.7804
0 194 -25.7804
1 194 -25.7804
2 194 -25.7804
3 194 -25.7804
4 194 -25.7804
5 194 -25.7804
6 194 -25.7804
7 194 -25.7804
8 194 -25.7804
9 194 -25.7804
10 194 -25.7804
11 194 -25.7804
12 194 -25.7804
13 194 -25.7804
14 194 -25.7804
15 194 -25.7804
16 194 -25.7804
17 194 -25.7804
18 194 -25.7804
19 194 -25.7804
20 194 -25.7804
21 194 -25.7804
22 194 -25.7804
23 194 -25.7804
24 194 -25.7804
25 194 -25.7804
26 194 -25.7804
27 194 -25.7804
28 194 -25.7804
29 194 -25.7804
30 194 -25.7804
31 194 -25.7804
32 194 -25.7804
33 194 -25.7804
34 194 -25.7804
35 194 -25.7804
36 194 -25.7804
37 194 -25.7804
38 194 -25.7804
39 194 -25.7804
40 194 -25.7804
41 194 -3.97828
42 194 -1.32699
43 194 1.61546
44 194 4.32693
45 194 8.03023
46 194 12.2408
47 194 14.7812
48 194 16.2473
49 194 17.0466
50 194 17.3456
51 194 17.1416
52 194 16.5683
53 194 15.7313
54 194 14.5058
55 194 13.0328
56 194 11.4733
57 194 9.77047
58 194 7.95332
59 194 5.75697
60 194 3.01191
61 194 -0.655447
62 194 -6.20173
63 194 -14.8992
64 194 -25.7804
65 194 -25.7804
66 194 -25.7804
67 194 -25.7804
68 194 -25.7804
69 194 -25.7804
70 194 -25.7804
71 194 -25.7804
72 194 -25.7804
73 194 -25.7804
74 194 -25.7804
75 194 -25.7804
76 194 -25.7804
77 194 -25.7804
78 194 -25.7804
79 194 -25.7804
80 194 -25.7804
81 194 -25.7804
82 194 -25.7804
83 194 -25.7804
84 194 -25.7804
85 194 -25.7804
86 194 -25.7804
87 194 -25.7804
88 194 -25.7804
89 194 -25.7804
90 194 -25.7804
91 194 -25.7804
92 194 -25.7804
93 194 -25.7804
94 194 -25.7804
95 194 -25.7804
96 194 -25.7804
97 194 -25.7804
98 194 -25.7804
99 194 -25.7804
100 194 -25.7804
101 194 -25.7804
102 194 -25.7804
103 194 -25.7804
104 194 -25.7804
105 194 -25.7804
106 194 -25.7804
107 194 -25.7804
108 194 -25.7804
109 194 -25.7804
110 194 -25.7804
111 194 -25.7804
112 194 -25.7804
113 194 -25.7804
114 194 -25.7804
115 194 -25.7804
116 194 -25.7804
117 194 -25.7804
118 194 -25.7804
119 194 -25.7804
0 195 -25.7804
1 195 -25.7804
2 195 -25.7804
3 195 -25.7804
4 195 -25.7804
5 195 -25.7804
6 195 -25.7804
7 195 -25.7804
8 195 -25.7804
9 195 -25.7804
10 195 -25.7804
11 195 -25.7804
12 195 -25.7804
13 195 -25.7804
14 195 -25.7804
15 195 -25.7804
16 195 -25.7804
17 195 -25.7804
18 195 -25.7804
19 195 -25.7804
20 195 -25.7804
21 195 -25.7804
22 195 -25.7804
23 195 -25.7804
24 195 -25.7804
25 195 -25.7804
26 195 -25.7804
27 195 -25.7804
28 195 -25.7804
29 195 -25.7804
30 195 -25.7804
31 195 -25.7804
32 195 -25.7804
33 195 -25.7804
34 195 -25.7804
35 195 -25.7804
36 195 -25.7804
37 195 -25.7804
38 195 -25.7804
39 195 -25.7804
40 195 -25.7804
41 195 -4.58528
42 195 -1.62822
43 195 1.31724
44 195 4.19851
45 195 7.81843
46 195 11.2098
47 195 13.2749
48 195 14.6387
49 195 15.3913
50 195 15.6498
51 195 15.2675
52 195 14.6024
53 195 13.5551
54 195 12.0709
55 195 10.5571
56 195 9.10665
57 195 7.48886
58 195 5.62258
59 195 3.32924
60 195 0.587434
61 195 -3.15465
62 195 -8.5074
63 195 -16.1118
64 195 -25.7804
65 195 -25.7804
66 195 -25.7804
67 195 -25.7804
68 195 -25.7804
69 195 -25.7804
70 195 -25.7804
71 195 -25.7804
72 195 -25.7804
73 195 -25.7804
74 195 -25.7804
75 195 -25.7804
76 195 -25.7804
77 195 -25.7804
78 195 -25.7804
79 195 -25.7804
80 195 -25.7804
81 195 -25.7804
82 195 -25.7804
83 195 -25.7804
84 195 -25.7804
85 195 -25.7804
86 195 -25.7804
87 195 -25.7804
88 195 -25.7804
89 195 -25.7804
90 195 -25.7804
91 195 -25.7804
92 195 -25.7804
93 195 -25.7804
94 195 -25.7804
95 195 -25.7804
96 195 -25.7804
97 195 -25.7804
98 195 -25.7804
99 195 -25.7804
100 195 -25.7804
101 195 -25.7804
102 195 -25.7804
103 195 -25.7804
104 195 -25.7804
105 195 -25.7804
106 195 -25.7804
107 195 -25.7804
108 195 -25.7804
109 195 -25.7804
110 195 -25.7804
111 195 -25.7804
112 195 -25.7804
113 195 -25.7804
114 195 -25.7804
115 195 -25.7804
116 195 -25.7804
117 195 -25.7804
118 195 -25.7804
119 195 -25.7804
0 196 -25.7804
1 196 -25.7804
2 196 -25.7804
3 196 -25.7804
4 196 -25.7804
5 196 -25.7804
6 196 -25.7804
7 196 -25.7804
8 196 -25.7804
9 196 -25.7804
10 196 -25.7804
11 196 -25.7804
12 196 -25.7804
13 196 -25.7804
14 196 -25.7804
15 196 -25.7804
16 196 -25.7804
17 196 -25.7804
18 196 -25.7804
19 196 -25.7804
20 196 -25.7804
21 196 -25.7804
22 196 -25.7804
23 196 -25.7804
24 196 -25.7804
25 196 -25.7804
26 196 -25.7804
27 196 -25.7804
28 196 -25.7804
29 196 -25.7804
30 196 -25.7804
31 196 -25.7804
32 196 -25.7804
33 196 -25.7804
34 196 -25.7804
35 196 -25.7804
36 196 -25.7804
37 196 -25.7804
38 196 -25.7804
39 196 -25.7804
40 196 -25.7804
41 196 2.82697
42 196 -1.95037
43 196 1.33062
44 196 4.32511
45 196 7.96922
46 196 9.98038
47 196 11.4702
48 196 12.424
49 196 12.9626
50 196 13.1058
51 196 12.7341
52 196 12.08
53 196 10.8325
54 196 9.5253
55 196 8.28709
56 196 6.96806
57 196 5.46585
58 196 3.75675
59 196 1.65082
60 196 -1.01828
61 196 -4.53428
62 196 -9.24838
63 196 -15.3939
64 196 -22.5247
65 196 -25.7804
66 196 -25.7804
67 196 -25.7804
68 196 -25.7804
69 196 -25.7804
70 196 -25.7804
71 196 -25.7804
72 196 -25.7804
73 196 -25.7804
74 196 -25.7804
75 196 -25.7804
76 196 -25.7804
77 196 -25.7804
78 196 -25.7804
79 196 -25.7804
80 196 -25.7804
81 196 -25.7804
82 196 -25.7804
83 196 -25.7804
84 196 -25.7804
85 196 -25.7804
86 196 -25.7804
87 196 -25.7804
88 196 -25.7804
89 196 -25.7804
90 196 -25.7804
91 196 -25.7804
92 196 -25.7804
93 196 -25.7804
94 196 -25.7804
95 196 -25.7804
96 196 -25.7804
97 196 -25.7804
98 196 -25.7804
99 196 -25.7804
100 196 -25.7804
101 196 -25.7804
102 196 -25.7804
103 196 -25.7804
104 196 -25.7804
105 196 -25.7804
106 196 -25.7804
107 196 -25.7804
108 196 -25.7804
109 196 -25.7804
110 196 -25.7804
111 196 -25.7804
112 196 -25.7804
113 196 -25.7804
114 196 -25.7804
115 196 -25.7804
116 196 -25.7804
117 196 -25.7804
118 196 -25.7804
119 196 -25.7804
0 197 -25.7804
1 197 -25.7804
2 197 -25.7804
3 197 -25.7804
4 197 -25.7804
5 197 -25.7804
6 197 -25.7804
7 197 -25.7804
8 197 -25.7804
9 197 -25.7804
10 197 -25.7804
11 197 -25.7804
12 197 -25.7804
13 197 -25.7804
14 197 -25.7804
15 197 -25.7804
16 197 -25.7804
17 197 -25.7804
18 197 -25.7804
19 197 -25.7804
20 197 -25.7804
21 197 -25.7804
22 197 -25.7804
23 197 -25.7804
24 197 -25.7804
25 197 -25.7804
26 197 -25.7804
27 197 -25.7804
28 197 -25.7804
29 197 -25.7804
30 197 -25.7804
31 197 -25.7804
32 197 -25.7804
33 197 -25.7804
34 197 -25.7804
35 197 -25.7804
36 197 -25.7804
37 197 -25.7804
38 197 -25.7804
39 197 -25.7804
40 197 -25.7804
41 197 8.53877
42 197 -0.565196
43 197 1.73604
44 197 4.82086
45 197 7.69433
46 197 8.81626
47 197 9.82183
48 197 10.375
49 197 10.6186
50 197 10.4988
51 197 9.90204
52 197 9.10077
53 197 8.18975
54 197 7.30546
55 197 6.25456
56 197 5.17747
57 197 3.98729
58 197 2.46297
59 197 0.56117
60 197 -2.01239
61 197 -5.25633
62 197 -9.45344
63 197 -14.5806
64 197 -20.474
65 197 -24.2632
66 197 -25.7804
67 197 -25.7804
68 197 -25.7804
69 197 -25.7804
70 197 -25.7804
71 197 -25.7804
72 197 -25.7804
73 197 -25.7804
74 197 -25.7804
75 197 -25.7804
76 197 -25.7804
77 197 -25.7804
78 197 -25.7804
79 197 -25.7804
80 197 -25.7804
81 197 -25.7804
82 197 -25.7804
83 197 -25.7804
84 197 -25.7804
85 197 -25.7804
86 197 -25.7804
87 197 -25.7804
88 197 -25.7804
89 197 -25.7804
90 197 -25.7804
91 197 -25.7804
92 197 -25.7804
93 197 -25.7804
94 197 -25.7804
95 197 -25.7804
96 197 -25.7804
97 197 -25.7804
98 197 -25.7804
99 197 -25.7804
100 197 -25.7804
101 197 -25.7804
102 197 -25.7804
103 197 -25.7804
104 197 -25.7804
105 197 -25.7804
106 197 -25.7804
107 197 -25.7804
108 197 -25.7804
109 197 -25.7804
110 197 -25.7804
111 197 -25.7804
112 197 -25.7804
113 197 -25.7804
114 197 -25.7804
115 197 -25.7804
116 197 -25.7804
117 197 -25.7804
118 197 -25.7804
119 197 -25.7804
0 198 -25.7804
1 198 -25.7804
2 198 -25.7804
3 198 -25.7804
4 198 -25.7804
5 198 -25.7804
6 198 -25.7804
7 198 -25.7804
8 198 -25.7804
9 198 -25.7804
10 198 -25.7804
11 198 -25.7804
12 198 -25.7804
13 198 -25.7804
14 198 -25.7804
15 198 -25.7804
16 198 -25.7804
17 198 -25.7804
18 198 -25.7804
19 198 -25.7804
20 198 -25.7804
21 198 -25.7804
22 198 -25.7804
23 198 -25.7804
24 198 -25.7804
25 198 -25.7804
26 198 -25.7804
27 198 -25.7804
28 198 -25.7804
29 198 -25.7804
30 198 -25.7804
31 198 -25.7804
32 198 -25.7804
33 198 -25.7804
34 198 -25.7804
35 198 -25.7804
36 198 -25.7804
37 198 -25.7804
38 198 -25.7804
39 198 -25.7804
40 198 -25.7804
41 198 -25.7804
42 198 -0.58599
43 198 1.63942
44 198 5.12388
45 198 6.67129
46 198 7.39432
47 198 7.93019
48 198 8.22128
49 198 8.20926
50 198 7.89604
51 198 7.332
52 198 6.67651
53 198 5.98861
54 198 5.32122
55 198 4.59463
56 198 3.80073
57 198 2.81795
58 198 1.4999
59 198 -0.223253
60 198 -2.50327
61 198 -5.47962
62 198 -9.27387
63 198 -13.9091
64 198 -18.9347
65 198 -23.8619
66 198 -25.7804
67 198 -25.7804
68 198 -25.7804
69 198 -25.7804
70 198 -25.7804
71 198 -25.7804
72 198 -25.7804
73 198 -25.7804
74 198 -25.7804
75 198 -25.7804
76 198 -25.7804
77 198 -25.7804
78 198 -25.7804
79 198 -25.7804
80 198 -25.7804
81 198 -25.7804
82 198 -25.7804
83 198 -25.7804
84 198 -25.7804
85 198 -25.7804
86 198 -25.7804
87 198 -25.7804
88 198 -25.7804
89 198 -25.7804
90 198 -25.7804
91 198 -25.7804
92 198 -25.7804
93 198 -25.7804
94 198 -25.7804
95 198 -25.7804
96 198 -25.7804
97 198 -25.7804
98 198 -25.7804
99 198 -25.7804
100 198 -25.7804
101 198 -25.7804
102 198 -25.7804
103 198 -25.7804
104 198 -25.7804
105 198 -25.7804
106 198 -25.7804
107 198 -25.7804
108 198 -25.7804
109 198 -25.7804
110 198 -25.7804
111 198 -25.7804
112 198 -25.7804
113 198 -25.7804
114 198 -25.7804
115 198 -25.7804
116 198 -25.7804
117 198 -25.7804
118 198 -25.7804
119 198 -25.7804
0 199 -25.7804
1 199 -25.7804
2 199 -25.7804
3 199 -25.7804
4 199 -25.7804
5 199 -25.7804
6 199 -25.7804
7 199 -25.7804
8 199 -25.7804
9 199 -25.7804
10 199 -25.7804
11 199 -25.7804
12 199 -25.7804
13 199 -25.7804
14 199 -25.7804
15 199 -25.7804
16 199 -25.7804
17 199 -25.7804
18 199 -25.7804
19 199 -25.7804
20 199 -25.7804
21 199 -25.7804
22 199 -25.7804
23 199 -25.7804
24 199 -25.7804
25 199 -25.7804
26 199 -25.7804
27 199 -25.7804
28 199 -25.7804
29 199 -25.7804
30 199 -25.7804
31 199 -25.7804
32 199 -25.7804
33 199 -25.7804
34 199 -25.7804
35 199 -25.7804
36 199 -25.7804
37 199 -25.7804
38 199 -25.7804
39 199 -25.7804
40 199 -25.7804
41 199 -25.7804
42 199 -0.69319
43 199 2.17585
44 199 4.705
45 199 5.36966
46 199 5.7532
47 199 5.96573
48 199 6.0219
49 199 5.85345
50 199 5.55961
51 199 5.22119
52 199 4.79668
53 199 4.25729
54 199 3.6777
55 199 3.16084
56 199 2.53346
57 199 1.6556
58 199 0.582697
59 199 -0.843588
60 199 -2.76341
61 199 -5.48821
62 199 -9.0729
63 199 -13.5677
64 199 -21.8465
65 199 -25.7804
66 199 -25.7804
67 199 -25.7804
68 199 -25.7804
69 199 -25.7804
70 199 -25.7804
71 199 -25.7804
72 199 -25.7804
73 199 -25.7804
74 199 -25.7804
75 199 -25.7804
76 199 -25.7804
77 199 -25.7804
78 199 -25.7804
79 199 -25.7804
80 199 -25.7804
81 199 -25.7804
82 199 -25.7804
83 199 -25.7804
84 199 -25.7804
85 199 -25.7804
86 199 -25.7804
87 199 -25.7804
88 199 -25.7804
89 199 -25.7804
90 199 -25.7804
91 199 -25.7804
92 199 -25.7804
93 199 -25.7804
94 199 -25.7804
95 199 -25.7804
96 199 -25.7804
97 199 -25.7804
98 199 -25.7804
99 199 -25.7804
100 199 -25.7804
101 199 -25.7804
102 199 -25.7804
103 199 -25.7804
104 199 -25.7804
105 199 -25.7804
106 199 -25.7804
107 199 -25.7804
108 199 -25.7804
109 199 -25.7804
110 199 -25.7804
111 199 -25.7804
112 199 -25.7804
113 199 -25.7804
114 199 -25.7804
115 199 -25.7804
116 199 -25.7804
117 199 -25.7804
118 199 -25.7804
119 199 -25.7804
0 200 -25.7804
1 200 -25.7804
2 200 -25.7804
3 200 -25.7804
4 200 -25.7804
5 200 -25.7804
6 200 -25.7804
7 200 -25.7804
8 200 -25.7804
9 200 -25.7804
10 200 -25.7804
11 200 -25.7804
12 200 -25.7804
13 200 -25.7804
14 200 -25.7804
15 200 -25.7804
16 200 -25.7804
17 200 -25.7804
18 200 -25.7804
19 200 -25.7804
20 200 -25.7804
21 200 -25.7804
22 200 -25.7804
23 200 -25.7804
24 200 -25.7804
25 200 -25.7804
26 200 -25.7804
27 200 -25.7804
28 200 -25.7804
29 200 -25.7804
30 200 -25.7804
31 200 -25.7804
32 200 -25.7804
33 200 -25.7804
34 200 -25.7804
35 200 -25.7804
36 200 -25.7804
37 200 -25.7804
38 200 -25.7804
39 200 -25.7804
40 200 -25.7804
41 200 -25.7804
42 200 -25.7804
43 200 2.29942
44 200 4.38344
45 200 4.00562
46 200 3.97954
47 200 3.97183
48 200 3.94251
49 200 3.90102
50 200 3.90776
51 200 3.6275
52 200 3.1904
53 200 2.70803
54 200 2.25575
55 200 1.79576
56 200 1.24181
57 200 0.659746
58 200 -0.262512
59 200 -1.38543
60 200 -2.86569
61 200 -5.08863
62 200 -8.18934
63 200 -16.8793
64 200 -25.7804
65 200 -25.7804
66 200 -25.7804
67 200 -25.7804
68 200 -25.7804
69 200 -25.7804
70 200 -25.7804
71 200 -25.7804
72 200 -25.7804
73 200 -25.7804
74 200 -25.7804
75 200 -25.7804
76 200 -25.7804
77 200 -25.7804
78 200 -25.7804
79 200 -25.7804
80 200 -25.7804
81 200 -25.7804
82 200 -25.7804
83 200 -25.7804
84 200 -25.7804
85 200 -25.7804
86 200 -25.7804
87 200 -25.7804
88 200 -25.7804
89 200 -25.7804
90 200 -25.7804
91 200 -25.7804
92 200 -25.7804
93 200 -25.7804
94 200 -25.7804
95 200 -25.7804
96 200 -25.7804
97 200 -25.7804
98 200 -25.7804
99 200 -25.7804
100 200 -25.7804
101 200 -25.7804
102 200 -25.7804
103 200 -25.7804
104 200 -25.7804
105 200 -25.7804
106 200 -25.7804
107 200 -25.7804
108 200 -25.7804
109 200 -25.7804
110 200 -25.7804
111 200 -25.7804
112 200 -25.7804
113 200 -25.7804
114 200 -25.7804
115 200 -25.7804
116 200 -25.7804
117 200 -25.7804
118 200 -25.7804
119 200 -25.7804
0 201 -25.7804
1 201 -25.7804
2 201 -25.7804
3 201 -25.7804
4 201 -25.7804
5 201 -25.7804
6 201 -25.7804
7 201 -25.7804
8 201 -25.7804
9 201 -25.7804
10 201 -25.7804
11 201 -25.7804
12 201 -25.7804
13 201 -25.7804
14 201 -25.7804
15 201 -25.7804
16 201 -25.7804
17 201 -25.7804
18 201 -25.7804
19 201 -25.7804
20 201 -25.7804
21 201 -25.7804
22 201 -25.7804
23 201 -25.7804
24 201 -25.7804
25 201 -25.7804
26 201 -25.7804
27 201 -25.7804
28 201 -25.7804
29 201 -25.7804
30 201 -25.7804
31 201 -25.7804
32 201 -25.7804
33 201 -25.7804
34 201 -25.7804
35 201 -25.7804
36 201 -25.7804
37 201 -25.7804
38 201 -25.7804
39 201 -25.7804
40 201 -25.7804
41 201 -25.7804
42 201 -25.7804
43 201 -25.7804
44 201 2.43366
45 201 3.97657
46 201 3.20046
47 201 2.7719
48 201 2.68951
49 201 2.76652
50 201 2.64104
51 201 2.27816
52 201 1.82387
53 201 1.46854
54 201 0.991659
55 201 0.654749
56 201 0.270077
57 201 -0.124832
58 201 -0.871235
59 201 -1.66556
60 201 -2.58711
61 201 -5.11457
62 201 -16.2572
63 201 -25.7804
64 201 -25.7804
65 201 -25.7804
66 201 -25.7804
67 201 -25.7804
68 201 -25.7804
69 201 -25.7804
70 201 -25.7804
71 201 -25.7804
72 201 -25.7804
73 201 -25.7804
74 201 -25.7804
75 201 -25.7804
76 201 -25.7804
77 201 -25.7804
78 201 -25.7804
79 201 -25.7804
80 201 -25.7804
81 201 -25.7804
82 201 -25.7804
83 201 -25.7804
84 201 -25.7804
85 201 -25.7804
86 201 -25.7804
87 201 -25.7804
88 201 -25.7804
89 201 -25.7804
90 201 -25.7804
91 201 -25.7804
92 201 -25.7804
93 201 -25.7804
94 201 -25.7804
95 201 -25.7804
96 201 -25.7804
97 201 -25.7804
98 201 -25.7804
99 201 -25.7804
100 201 -25.7804
101 201 -25.7804
102 201 -25.7804
103 201 -25.7804
104 201 -25.7804
105 201 -25.7804
106 201 -25.7804
107 201 -25.7804
108 201 -25.7804
109 201 -25.7804
110 201 -25.7804
111 201 -25.7804
112 201 -25.7804
113 201 -25.7804
114 201 -25.7804
115 201 -25.7804
116 201 -25.7804
117 201 -25.7804
118 201 -25.7804
119 201 -25.7804
0 202 -25.7804
1 202 -25.7804
2 202 -25.7804
3 202 -25.7804
4 202 -25.7804
5 202 -25.7804
6 202 -25.7804
7 202 -25.7804
8 202 -25.7804
9 202 -25.7804
10 202 -25.7804
11 202 -25.7804
12 202 -25.7804
13 202 -25.7804
14 202 -25.7804
15 202 -25.7804
16 202 -25.7804
17 202 -25.7804
18 202 -25.7804
19 202 -25.7804
20 202 -25.7804
21 202 -25.7804
22 202 -25.7804
23 202 -25.7804
24 202 -25.7804
25 202 -25.7804
26 202 -25.7804
27 202 -25.7804
28 202 -25.7804
29 202 -25.7804
30 202 -25.7804
31 202 -25.7804
32 202 -25.7804
33 202 -25.7804
34 202 -25.7804
35 202 -25.7804
36 202 -25.7804
37 202 -25.7804
38 202 -25.7804
39 202 -25.7804
40 202 -25.7804
41 202 -25.7804
42 202 -25.7804
43 202 -25.7804
44 202 -25.7804
45 202 -25.7804
46 202 0.958351
47 202 1.06024
48 202 0.719096
49 202 0.453354
50 202 0.0782804
51 202 0.242958
52 202 0.11612
53 202 -0.352237
54 202 -0.679933
55 202 -1.11916
56 202 -1.31357
57 202 -1.29432
58 202 -2.26691
59 202 -3.49139
60 202 -4.20115
61 202 -25.7804
62 202 -25.7804
63 202 -25.7804
64 202 -25.7804
65 202 -25.7804
66 202 -25.7804
67 202 -25.7804
68 202 -25.7804
69 202 -25.7804
70 202 -25.7804
71 202 -25.7804
72 202 -25.7804
73 202 -25.7804
74 202 -25.7804
75 202 -25.7804
76 202 -25.7804
77 202 -25.7804
78 202 -25.7804
79 202 -25.7804
80 202 -25.7804
81 202 -25.7804
82 202 -25.7804
83 202 -25.7804
84 202 -25.7804
85 202 -25.7804
86 202 -25.7804
87 202 -25.7804
88 202 -25.7804
89 202 -25.7804
90 202 -25.7804
91 202 -25.7804
92 202 -25.7804
93 202 -25.7804
94 202 -25.7804
95 202 -25.7804
96 202 -25.7804
97 202 -25.7804
98 202 -25.7804
99 202 -25.7804
100 202 -25.7804
101 202 -25.7804
102 202 -25.7804
103 202 -25.7804
104 202 -25.7804
105 202 -25.7804
106 202 -25.7804
107 202 -25.7804
108 202 -25.7804
109 202 -25.7804
110 202 -25.7804
111 202 -25.7804
112 202 -25.7804
113 202 -25.7804
114 202 -25.7804
115 202 -25.7804
116 202 -25.7804
117 202 -25.7804
118 202 -25.7804
119 202 -25.7804
0 203 -25.7804
1 203 -25.7804
2 203 -25.7804
3 203 -25.7804
4 203 -25.7804
5 203 -25.7804
6 203 -25.7804
7 203 -25.7804
8 203 -25.7804
9 203 -25.7804
10 203 -25.7804
11 203 -25.7804
12 203 -25.7804
13 203 -25.7804
14 203 -25.7804
15 203 -25.7804
16 203 -25.7804
17 203 -25.7804
18 203 -25.7804
19 203 -25.7804
20 203 -25.7804
21 203 -25.7804
22 203 -25.7804
23 203 -25.7804
24 203 -25.7804
25 203 -25.7804
26 203 -25.7804
27 203 -25.7804
28 203 -25.7804
29 203 -25.7804
30 203 -25.7804
31 203 -25.7804
32 203 -25.7804
33 203 -25.7804
34 203 -25.7804
35 203 -25.7804
36 203 -25.7804
37 203 -25.7804
38 203 -25.7804
39 203 -25.7804
40 203 -25.7804
41 203 -25.7804
42 203 -25.7804
43 203 -25.7804
44 203 -25.7804
45 203 -25.7804
46 203 -25.7804
47 203 -3.30666
48 203 -3.0109
49 203 -3.04088
50 203 -1.20848
51 203 -1.08937
52 203 -1.50459
53 203 -2.17314
54 203 -2.46796
55 203 -3.07328
56 203 -3.40801
57 203 -2.7343
58 203 -25.7804
59 203 -25.7804
60 203 -25.7804
61 203 -25.7804
62 203 -25.7804
63 203 -25.7804
64 203 -25.7804
65 203 -25.7804
66 203 -25.7804
67 203 -25.7804
68 203 -25.7804
69 203 -25.7804
70 203 -25.7804
71 203 -25.7804
72 203 -25.7804
73 203 -25.7804
74 203 -25.7804
75 203 -25.7804
76 203 -25.7804
77 203 -25.7804
78 203 -25.7804
79 203 -25.7804
80 203 -25.7804
81 203 -25.7804
82 203 -25.7804
83 203 -25.7804
84 203 -25.7804
85 203 -25.7804
86 203 -25.7804
87 203 -25.7804
88 203 -25.7804
89 203 -25.7804
90 203 -25.7804
91 203 -25.7804
92 203 -25.7804
93 203 -25.7804
94 203 -25.7804
95 203 -25.7804
96 203 -25.7804
97 203 -25.7804
98 203 -25.7804
99 203 -25.7804
100 203 -25.7804
101 203 -25.7804
102 203 -25.7804
103 203 -25.7804
104 203 -25.7804
105 203 -25.7804
106 203 -25.7804
107 203 -25.7804
108 203 -25.7804
109 203 -25.7804
110 203 -25.7804
111 203 -25.7804
112 203 -25.7804
113 203 -25.7804
114 203 -25.7804
115 203 -25.7804
116 203 -25.7804
117 203 -25.7804
118 203 -25.7804
119 203 -25.7804
0 204 -25.7804
1 204 -25.7804
2 204 -25.7804
3 204 -25.7804
4 204 -25.7804
5 204 -25.7804
6 204 -25.7804
7 204 -25.7804
8 204 -25.7804
9 204 -25.7804
10 204 -25.7804
11 204 -25.7804
12 204 -25.7804
13 204 -25.7804
14 204 -25.7804
15 204 -25.7804
16 204 -25.7804
17 204 -25.7804
18 204 -25.7804
19 204 -25.7804
20 204 -25.7804
21 204 -25.7804
22 204 -25.7804
23 204 -25.7804
24 204 -25.7804
25 204 -25.7804
26 204 -25.7804
27 204 -25.7804
28 204 -25.7804
29 204 -25.7804
30 204 -25.7804
31 204 -25.7804
32 204 -25.7804
33 204 -25.7804
34 204 -25.7804
35 204 -25.7804
36 204 -25.7804
37 204 -25.7804
38 204 -25.7804
39 204 -25.7804
40 204 -25.7804
41 204 -25.7804
42 204 -25.7804
43 204 -25.7804
44 204 -25.7804
45 204 -25.7804
46 204 -25.7804
47 204 -25.7804
48 204 -25.7804
49 204 -25.7804
50 204 -25.7804
51 204 -25.7804
52 204 -25.7804
53 204 -7.5903
54 204 -5.81236
55 204 -25.7804
56 204 -25.7804
57 204 -25.7804
58 204 -25.7804
59 204 -25.7804
60 204 -25.7804
61 204 -25.7804
62 204 -25.7804
63 204 -25.7804
64 204 -25.7804
65 204 -25.7804
66 204 -25.7804
67 204 -25.7804
68 204 -25.7804
69 204 -25.7804
70 204 -25.7804
71 204 -25.7804
72 204 -25.7804
73 204 -25.7804
74 204 -25.7804
75 204 -25.7804
76 204 -25.7804
77 204 -25.7804
78 204 -25.7804
79 204 -25.7804
80 204 -25.7804
81 204 -25.7804
82 204 -25.7804
83 204 -25.7804
84 204 -25.7804
85 204 -25.7804
86 204 -25.7804
87 204 -25.7804
88 204 -25.7804
89 204 -25.7804
90 204 -25.7804
91 204 -25.7804
92 204 -25.7804
93 204 -25.7804
94 204 -25.7804
95 204 -25.7804
96 204 -25.7804
97 204 -25.7804
98 204 -25.7804
99 204 -25.7804
100 204 -25.7804
101 204 -25.7804
102 204 -25.7804
103 204 -25.7804
104 204 -25.7804
105 204 -25.7804
106 204 -25.7804
107 204 -25.7804
108 204 -25.7804
109 204 -25.7804
110 204 -25.7804
111 204 -25.7804
112 204 -25.7804
113 204 -25.7804
114 204 -25.7804
115 204 -25.7804
116 204 -25.7804
117 204 -25.7804
118 204 -25.7804
119 204 -25.7804
0 205 -25.7804
1 205 -25.7804
2 205 -25.7804
3 205 -25.7804
4 205 -25.7804
5 205 -25.7804
6 205 -25.7804
7 205 -25.7804
8 205 -25.7804
9 205 -25.7804
10 205 -25.7804
11 205 -25.7804
12 205 -25.7804
13 205 -25.7804
14 205 -25.7804
15 205 -25.7804
16 205 -25.7804
17 205 -25.7804
18 205 -25.7804
19 205 -25.7804
20 205 -25.7804
21 205 -25.7804
22 205 -25.7804
23 205 -25.7804
24 205 -25.7804
25 205 -25.7804
26 205 -25.7804
27 205 -25.7804
28 205 -25.7804
29 205 -25.7804
30 205 -25.7804
31 205 -25.7804
32 205 -25.7804
33 205 -25.7804
34 205 -25.7804
35 205 -25.7804
36 205 -25.7804
37 205 -25.7804
38 205 -25.7804
39 205 -25.7804
40 205 -25.7804
41 205 -25.7804
42 205 -25.7804
43 205 -25.7804
44 205 -25.7804
45 205 -25.7804
46 205 -25.7804
47 205 -25.7804
48 205 -25.7804
49 205 -25.7804
50 205 -25.7804
51 205 -25.7804
52 205 -25.7804
53 205 -25.7804
54 205 -25.7804
55 205 -25.7804
56 205 -25.7804
57 205 -25.7804
58 205 -25.7804
59 205 -25.7804
60 205 -25.7804
61 205 -25.7804
62 205 -25.7804
63 205 -25.7804
64 205 -25.7804
65 205 -25.7804
66 205 -25.7804
67 205 -25.7804
68 205 -25.7804
69 205 -25.7804
70 205 -25.7804
71 205 -25.7804
72 205 -25.7804
73 205 -25.7804
74 205 -25.7804
75 205 -25.7804
76 205 -25.7804
77 205 -25.7804
78 205 -25.7804
79 205 -25.7804
80 205 -25.7804
81 205 -25.7804
82 205 -25.7804
83 205 -25.7804
84 205 -25.7804
85 205 -25.7804
86 205 -25.7804
87 205 -25.7804
88 205 -25.7804
89 205 -25.7804
90 205 -25.7804
91 205 -25.7804
92 205 -25.7804
93 205 -25.7804
94 205 -25.7804
95 205 -25.7804
96 205 -25.7804
97 205 -25.7804
98 205 -25.7804
99 205 -25.7804
100 205 -25.7804
101 205 -25.7804
102 205 -25.7804
103 205 -25.7804
104 205 -25.7804
105 205 -25.7804
106 205 -25.7804
107 205 -25.7804
108 205 -25.7804
109 205 -25.7804
110 205 -25.7804
111 205 -25.7804
112 205 -25.7804
113 205 -25.7804
114 205 -25.7804
115 205 -25.7804
116 205 -25.7804
117 205 -25.7804
118 205 -25.7804
119 205 -25.7804
0 206 -25.7804
1 206 -25.7804
2 206 -25.7804
3 206 -25.7804
4 206 -25.7804
5 206 -25.7804
6 206 -25.7804
7 206 -25.7804
8 206 -25.7804
9 206 -25.7804
10 206 -25.7804
11 206 -25.7804
12 206 -25.7804
13 206 -25.7804
14 206 -25.7804
15 206 -25.7804
16 206 -25.7804
17 206 -25.7804
18 206 -25.7804
19 206 -25.7804
20 206 -25.7804
21 206 -25.7804
22 206 -25.7804
23 206 -25.7804
24 206 -25.7804
25 206 -25.7804
26 206 -25.7804
27 206 -25.7804
28 206 -25.7804
29 206 -25.7804
30 206 -25.7804
31 206 -25.7804
32 206 -25.7804
33 206 -25.7804
34 206 -25.7804
35 206 -25.7804
36 206 -25.7804
37 206 -25.7804
38 206 -25.7804
39 206 -25.7804
40 206 -25.7804
41 206 -25.7804
42 206 -25.7804
43 206 -25.7804
44 206 -25.7804
45 206 -25.7804
46 206 -25.7804
47 206 -25.7804
48 206 -25.7804
49 206 -25.7804
50 206 -25.7804
51 206 -25.7804
52 206 -25.7804
53 206 -25.7804
54 206 -25.7804
55 206 -25.7804
56 206 -25.7804
57 206 -25.7804
58 206 -25.7804
59 206 -25.7804
60 206 -25.7804
61 206 -25.7804
62 206 -25.7804
63 206 -25.7804
64 206 -25.7804
65 206 -25.7804
66 206 -25.7804
67 206 -25.7804
68 206 -25.7804
69 206 -25.7804
70 206 -25.7804
71 206 -25.7804
72 206 -25.7804
73 206 -25.7804
74 206 -25.7804
75 206 -25.7804
76 206 -25.7804
77 206 -25.7804
78 206 -25.7804
79 206 -25.7804
80 206 -25.7804
81 206 -25.7804
82 206 -25.7804
83 206 -25.7804
84 206 -25.7804
85 206 -25.7804
86 206 -25.7804
87 206 -25.7804
88 206 -25.7804
89 206 -25.7804
90 206 -25.7804
91 206 -25.7804
92 206 -25.7804
93 206 -25.7804
94 206 -25.7804
95 206 -25.7804
96 206 -25.7804
97 206 -25.7804
98 206 -25.7804
99 206 -25.7804
100 206 -25.7804
101 206 -25.7804
102 206 -25.7804
103 206 -25.7804
104 206 -25.7804
105 206 -25.7804
106 206 -25.7804
107 206 -25.7804
108 206 -25.7804
109 206 -25.7804
110 206 -25.7804
111 206 -25.7804
112 206 -25.7804
113 206 -25.7804
114 206 -25.7804
115 206 -25.7804
116 206 -25.7804
117 206 -25.7804
118 206 -25.7804
119 206 -25.7804
0 207 -25.7804
1 207 -25.7804
2 207 -25.7804
3 207 -25.7804
4 207 -25.7804
5 207 -25.7804
6 207 -25.7804
7 207 -25.7804
8 207 -25.7804
9 207 -25.7804
10 207 -25.7804
11 207 -25.7804
12 207 -25.7804
13 207 -25.7804
14 207 -25.7804
15 207 -25.7804
16 207 -25.7804
17 207 -25.7804
18 207 -25.7804
19 207 -25.7804
20 207 -25.7804
21 207 -25.7804
22 207 -25.7804
23 207 -25.7804
24 207 -25.7804
25 207 -25.7804
26 207 -25.7804
27 207 -25.7804
28 207 -25.7804
29 207 -25.7804
30 207 -25.7804
31 207 -25.7804
32 207 -25.7804
33 207 -25.7804
34 207 -25.7804
35 207 -25.7804
36 207 -25.7804
37 207 -25.7804
38 207 -25.7804
39 207 -25.7804
40 207 -25.7804
41 207 -25.7804
42 207 -25.7804
43 207 -25.7804
44 207 -25.7804
45 207 -25.7804
46 207 -25.7804
47 207 -25.7804
48 207 -25.7804
49 207 -25.7804
50 207 -25.7804
51 207 -25.7804
52 207 -25.7804
53 207 -25.7804
54 207 -25.7804
55 207 -25.7804
56 207 -25.7804
57 207 -25.7804
58 207 -25.7804
59 207 -25.7804
60 207 -25.7804
61 207 -25.7804
62 207 -25.7804
63 207 -25.7804
64 207 -25.7804
65 207 -25.7804
66 207 -25.7804
67 207 -25.7804
68 207 -25.7804
69 207 -25.7804
70 207 -25.7804
71 207 -25.7804
72 207 -25.7804
73 207 -25.7804
74 207 -25.7804
75 207 -25.7804
76 207 -25.7804
77 207 -25.7804
78 207 -25.7804
79 207 -25.7804
80 207 -25.7804
81 207 -25.7804
82 207 -25.7804
83 207 -25.7804
84 207 -25.7804
85 207 -25.7804
86 207 -25.7804
87 207 -25.7804
88 207 -25.7804
89 207 -25.7804
90 207 -25.7804
91 207 -25.7804
92 207 -25.7804
93 207 -25.7804
94 207 -25.7804
95 207 -25.7804
96 207 -25.7804
97 207 -25.7804
98 207 -25.7804
99 207 -25.7804
100 207 -25.7804
101 207 -25.7804
102 207 -25.7804
103 207 -25.7804
104 207 -25.7804
105 207 -25.7804
106 207 -25.7804
107 207 -25.7804
108 207 -25.7804
109 207 -25.7804
110 207 -25.7804
111 207 -25.7804
112 207 -25.7804
113 207 -25.7804
114 207 -25.7804
115 207 -25.7804
116 207 -25.7804
117 207 -25.7804
118 207 -25.7804
119 207 -25.7804
0 208 -25.7804
1 208 -25.7804
2 208 -25.7804
3 208 -25.7804
4 208 -25.7804
5 208 -25.7804
6 208 -25.7804
7 208 -25.7804
8 208 -25.7804
9 208 -25.7804
10 208 -25.7804
11 208 -25.7804
12 208 -25.7804
13 208 -25.7804
14 208 -25.7804
15 208 -25.7804
16 208 -25.7804
17 208 -25.7804
18 208 -25.7804
19 208 -25.7804
20 208 -25.7804
21 208 -25.7804
22 208 -25.7804
23 208 -25.7804
24 208 -25.7804
25 208 -25.7804
26 208 -25.7804
27 208 -25.7804
28 208 -25.7804
29 208 -25.7804
30 208 -25.7804
31 208 -25.7804
32 208 -25.7804
33 208 -25.7804
34 208 -25.7804
35 208 -25.7804
36 208 -25.7804
37 208 -25.7804
38 208 -25.7804
39 208 -25.7804
40 208 -25.7804
41 208 -25.7804
42 208 -25.7804
43 208 -25.7804
44 208 -25.7804
45 208 -25.7804
46 208 -25.7804
47 208 -25.7804
48 208 -25.7804
49 208 -25.7804
50 208 -25.7804
51 208 -25.7804
52 208 -25.7804
53 208 -25.7804
54 208 -25.7804
55 208 -25.7804
56 208 -25.7804
57 208 -25.7804
58 208 -25.7804
59 208 -25.7804
60 208 -25.7804
61 208 -25.7804
62 208 -25.7804
63 208 -25.7804
64 208 -25.7804
65 208 -25.7804
66 208 -25.7804
67 208 -25.7804
68 208 -25.7804
69 208 -25.7804
70 208 -25.7804
71 208 -25.7804
72 208 -25.7804
73 208 -25.7804
74 208 -25.7804
75 208 -25.7804
76 208 -25.7804
77 208 -25.7804
78 208 -25.7804
79 208 -25.7804
80 208 -25.7804
81 208 -25.7804
82 208 -25.7804
83 208 -25.7804
84 208 -25.7804
85 208 -25.7804
86 208 -25.7804
87 208 -25.7804
88 208 -25.7804
89 208 -25.7804
90 208 -25.7804
91 208 -25.7804
92 208 -25.7804
93 208 -25.7804
94 208 -25.7804
95 208 -25.7804
96 208 -25.7804
97 208 -25.7804
98 208 -25.7804
99 208 -25.7804
100 208 -25.7804
101 208 -25.7804
102 208 -25.7804
103 208 -25.7804
104 208 -25.7804
105 208 -25.7804
106 208 -25.7804
107 208 -25.7804
108 208 -25.7804
109 208 -25.7804
110 208 -25.7804
111 208 -25.7804
112 208 -25.7804
113 208 -25.7804
114 208 -25.7804
115 208 -25.7804
116 208 -25.7804
117 208 -25.7804
118 208 -25.7804
119 208 -25.7804
0 209 -25.7804
1 209 -25.7804
2 209 -25.7804
3 209 -25.7804
4 209 -25.7804
5 209 -25.7804
6 209 -25.7804
7 209 -25.7804
8 209 -25.7804
9 209 -25.7804
10 209 -25.7804
11 209 -25.7804
12 209 -25.7804
13 209 -25.7804
14 209 -25.7804
15 209 -25.7804
16 209 -25.7804
17 209 -25.7804
18 209 -25.7804
19 209 -25.7804
20 209 -25.7804
21 209 -25.7804
22 209 -25.7804
23 209 -25.7804
24 209 -25.7804
25 209 -25.7804
26 209 -25.7804
27 209 -25.7804
28 209 -25.7804
29 209 -25.7804
30 209 -25.7804
31 209 -25.7804
32 209 -25.7804
33 209 -25.7804
34 209 -25.7804
35 209 -25.7804
36 209 -25.7804
37 209 -25.7804
38 209 -25.7804
39 209 -25.7804
40 209 -25.7804
41 209 -25.7804
42 209 -25.7804
43 209 -25.7804
44 209 -25.7804
45 209 -25.7804
46 209 -25.7804
47 209 -25.7804
48 209 -25.7804
49 209 -25.7804
50 209 -25.7804
51 209 -25.7804
52 209 -25.7804
53 209 -25.7804
54 209 -25.7804
55 209 -25.7804
56 209 -25.7804
57 209 -25.7804
58 209 -25.7804
59 209 -25.7804
60 209 -25.7804
61 209 -25.7804
62 209 -25.7804
63 209 -25.7804
64 209 -25.7804
65 209 -25.7804
66 209 -25.7804
67 209 -25.7804
68 209 -25.7804
69 209 -25.7804
70 209 -25.7804
71 209 -25.7804
72 209 -25.7804
73 209 -25.7804
74 209 -25.7804
75 209 -25.7804
76 209 -25.7804
77 209 -25.7804
78 209 -25.7804
79 209 -25.7804
80 209 -25.7804
81 209 -25.7804
82 209 -25.7804
83 209 -25.7804
84 209 -25.7804
85 209 -25.7804
86 209 -25.7804
87 209 -25.7804
88 209 -25.7804
89 209 -25.7804
90 209 -25.7804
91 209 -25.7804
92 209 -25.7804
93 209 -25.7804
94 209 -25.7804
95 209 -25.7804
96 209 -25.7804
97 209 -25.7804
98 209 -25.7804
99 209 -25.7804
100 209 -25.7804
101 209 -25.7804
102 209 -25.7804
103 209 -25.7804
104 209 -25.7804
105 209 -25.7804
106 209 -25.7804
107 209 -25.7804
108 209 -25.7804
109 209 -25.7804
110 209 -25.7804
111 209 -25.7804
112 209 -25.7804
113 209 -25.7804
114 209 -25.7804
115 209 -25.7804
116 209 -25.7804
117 209 -25.7804
118 209 -25.7804
119 209 -25.7804
0 210 -25.7804
1 210 -25.7804
2 210 -25.7804
3 210 -25.7804
4 210 -25.7804
5 210 -25.7804
6 210 -25.7804
7 210 -25.7804
8 210 -25.7804
9 210 -25.7804
10 210 -25.7804
11 210 -25.7804
12 210 -25.7804
13 210 -25.7804
14 210 -25.7804
15 210 -25.7804
16 210 -25.7804
17 210 -25.7804
18 210 -25.7804
19 210 -25.7804
20 210 -25.7804
21 210 -25.7804
22 210 -25.7804
23 210 -25.7804
24 210 -25.7804
25 210 -25.7804
26 210 -25.7804
27 210 -25.7804
28 210 -25.7804
29 210 -25.7804
30 210 -25.7804
31 210 -25.7804
32 210 -25.7804
33 210 -25.7804
34 210 -25.7804
35 210 -25.7804
36 210 -25.7804
37 210 -25.7804
38 210 -25.7804
39 210 -25.7804
40 210 -25.7804
41 210 -25.7804
42 210 -25.7804
43 210 -25.7804
44 210 -25.7804
45 210 -25.7804
46 210 -25.7804
47 210 -25.7804
48 210 -25.7804
49 210 -25.7804
50 210 -25.7804
51 210 -25.7804
52 210 -25.7804
53 210 -25.7804
54 210 -25.7804
55 210 -25.7804
56 210 -25.7804
57 210 -25.7804
58 210 -25.7804
59 210 -25.7804
60 210 -25.7804
61 210 -25.7804
62 210 -25.7804
63 210 -25.7804
64 210 -25.7804
65 210 -25.7804
66 210 -25.7804
67 210 -25.7804
68 210 -25.7804
69 210 -25.7804
70 210 -25.7804
71 210 -25.7804
72 210 -25.7804
73 210 -25.7804
74 210 -25.7804
75 210 -25.7804
76 210 -25.7804
77 210 -25.7804
78 210 -25.7804
79 210 -25.7804
80 210 -25.7804
81 210 -25.7804
82 210 -25.7804
83 210 -25.7804
84 210 -25.7804
85 210 -25.7804
86 210 -25.7804
87 210 -25.7804
88 210 -25.7804
89 210 -25.7804
90 210 -25.7804
91 210 -25.7804
92 210 -25.7804
93 210 -25.7804
94 210 -25.7804
95 210 -25.7804
96 210 -25.7804
97 210 -25.7804
98 210 -25.7804
99 210 -25.7804
100 210 -25.7804
101 210 -25.7804
102 210 -25.7804
103 210 -25.7804
104 210 -25.7804
105 210 -25.7804
106 210 -25.7804
107 210 -25.7804
108 210 -25.7804
109 210 -25.7804
110 210 -25.7804
111 210 -25.7804
112 210 -25.7804
113 210 -25.7804
114 210 -25.7804
115 210 -25.7804
116 210 -25.7804
117 210 -25.7804
118 210 -25.7804
119 210 -25.7804
0 211 -25.7804
1 211 -25.7804
2 211 -25.7804
3 211 -25.7804
4 211 -25.7804
5 211 -25.7804
6 211 -25.7804
7 211 -25.7804
8 211 -25.7804
9 211 -25.7804
10 211 -25.7804
11 211 -25.7804
12 211 -25.7804
13 211 -25.7804
14 211 -25.7804
15 211 -25.7804
16 211 -25.7804
17 211 -25.7804
18 211 -25.7804
19 211 -25.7804
20 211 -25.7804
21 211 -25.7804
22 211 -25.7804
23 211 -25.7804
24 211 -25.7804
25 211 -25.7804
26 211 -25.7804
27 211 -25.7804
28 211 -25.7804
29 211 -25.7804
30 211 -25.7804
31 211 -25.7804
32 211 -25.7804
33 211 -25.7804
34 211 -25.7804
35 211 -25.7804
36 211 -25.7804
37 211 -25.7804
38 211 -25.7804
39 211 -25.7804
40 211 -25.7804
41 211 -25.7804
42 211 -25.7804
43 211 -25.7804
44 211 -25.7804
45 211 -25.7804
46 211 -25.7804
47 211 -25.7804
48 211 -25.7804
49 211 -25.7804
50 211 -25.7804
51 211 -25.7804
52 211 -25.7804
53 211 -25.7804
54 211 -25.7804
55 211 -25.7804
56 211 -25.7804
57 211 -25.7804
58 211 -25.7804
59 211 -25.7804
60 211 -25.7804
61 211 -25.7804
62 211 -25.7804
63 211 -25.7804
64 211 -25.7804
65 211 -25.7804
66 211 -25.7804
67 211 -25.7804
68 211 -25.7804
69 211 -25.7804
70 211 -25.7804
71 211 -25.7804
72 211 -25.7804
73 211 -25.7804
74 211 -25.7804
75 211 -25.7804
76 211 -25.7804
77 211 -25.7804
78 211 -25.7804
79 211 -25.7804
80 211 -25.7804
81 211 -25.7804
82 211 -25.7804
83 211 -25.7804
84 211 -25.7804
85 211 -25.7804
86 211 -25.7804
87 211 -25.7804
88 211 -25.7804
89 211 -25.7804
90 211 -25.7804
91 211 -25.7804
92 211 -25.7804
93 211 -25.7804
94 211 -25.7804
95 211 -25.7804
96 211 -25.7804
97 211 -25.7804
98 211 -25.7804
99 211 -25.7804
100 211 -25.7804
101 211 -25.7804
102 211 -25.7804
103 211 -25.7804
104 211 -25.7804
105 211 -25.7804
106 211 -25.7804
107 211 -25.7804
108 211 -25.7804
109 211 -25.7804
110 211 -25.7804
111 211 -25.7804
112 211 -25.7804
113 211 -25.7804
114 211 -25.7804
115 211 -25.7804
116 211 -25.7804
117 211 -25.7804
118 211 -25.7804
119 211 -25.7804
