ply
format ascii 1.0
comment Created by Open3D
element vertex 14400
property double x
property double y
property double z
end_header
0 0 -34.5038
1 0 -34.5038
2 0 -34.5038
3 0 -34.5038
4 0 -34.5038
5 0 -34.5038
6 0 -34.5038
7 0 -34.5038
8 0 -34.5038
9 0 -34.5038
10 0 -34.5038
11 0 -34.5038
12 0 -34.5038
13 0 -34.5038
14 0 -34.5038
15 0 -34.5038
16 0 -34.5038
17 0 -34.5038
18 0 -34.5038
19 0 -34.5038
20 0 -34.5038
21 0 -34.5038
22 0 -34.5038
23 0 -34.5038
24 0 -34.5038
25 0 -34.5038
26 0 -34.5038
27 0 -34.5038
28 0 -34.5038
29 0 -34.5038
30 0 -34.5038
31 0 -34.5038
32 0 -34.5038
33 0 -34.5038
34 0 -34.5038
35 0 -34.5038
36 0 -34.5038
37 0 -34.5038
38 0 -34.5038
39 0 -34.5038
40 0 -34.5038
41 0 -34.5038
42 0 -34.5038
43 0 -34.5038
44 0 -34.5038
45 0 -34.5038
46 0 -34.5038
47 0 -34.5038
48 0 -34.5038
49 0 -34.5038
50 0 -34.5038
51 0 -34.5038
52 0 -34.5038
53 0 -34.5038
54 0 -34.5038
55 0 -34.5038
56 0 -34.5038
57 0 -34.5038
58 0 -34.5038
59 0 -34.5038
60 0 -34.5038
61 0 -34.5038
62 0 -34.5038
63 0 -34.5038
64 0 -34.5038
65 0 -34.5038
66 0 -34.5038
67 0 -34.5038
68 0 -34.5038
69 0 -34.5038
70 0 -34.5038
71 0 -34.5038
72 0 -34.5038
73 0 -34.5038
74 0 -34.5038
75 0 -34.5038
76 0 -34.5038
77 0 -34.5038
78 0 -34.5038
79 0 -34.5038
80 0 -34.5038
81 0 -34.5038
82 0 -34.5038
83 0 -34.5038
84 0 -34.5038
85 0 -34.5038
86 0 -34.5038
87 0 -34.5038
88 0 -34.5038
89 0 -34.5038
90 0 -34.5038
91 0 -34.5038
92 0 -34.5038
93 0 -34.5038
94 0 -34.5038
95 0 -34.5038
96 0 -34.5038
97 0 -34.5038
98 0 -34.5038
99 0 -34.5038
100 0 -34.5038
101 0 -34.5038
102 0 -34.5038
103 0 -34.5038
104 0 -34.5038
105 0 -34.5038
106 0 -34.5038
107 0 -34.5038
108 0 -34.5038
109 0 -34.5038
110 0 -34.5038
111 0 -34.5038
112 0 -34.5038
113 0 -34.5038
114 0 -34.5038
115 0 -34.5038
116 0 -34.5038
117 0 -34.5038
118 0 -34.5038
119 0 -34.5038
0 1 -34.5038
1 1 -34.5038
2 1 -34.5038
3 1 -34.5038
4 1 -34.5038
5 1 -34.5038
6 1 -34.5038
7 1 -34.5038
8 1 -34.5038
9 1 -34.5038
10 1 -34.5038
11 1 -34.5038
12 1 -34.5038
13 1 -34.5038
14 1 -34.5038
15 1 -34.5038
16 1 -34.5038
17 1 -34.5038
18 1 -34.5038
19 1 -34.5038
20 1 -34.5038
21 1 -34.5038
22 1 -34.5038
23 1 -34.5038
24 1 -34.5038
25 1 -34.5038
26 1 -34.5038
27 1 -34.5038
28 1 -34.5038
29 1 -34.5038
30 1 -34.5038
31 1 -34.5038
32 1 -34.5038
33 1 -34.5038
34 1 -34.5038
35 1 -34.5038
36 1 -34.5038
37 1 -34.5038
38 1 -34.5038
39 1 -34.5038
40 1 -34.5038
41 1 -34.5038
42 1 -34.5038
43 1 -34.5038
44 1 -34.5038
45 1 -34.5038
46 1 -34.5038
47 1 -34.5038
48 1 -34.5038
49 1 -34.5038
50 1 -34.5038
51 1 -34.5038
52 1 -34.5038
53 1 -34.5038
54 1 -34.5038
55 1 -34.5038
56 1 -34.5038
57 1 -34.5038
58 1 -34.5038
59 1 -34.5038
60 1 -34.5038
61 1 -34.5038
62 1 -34.5038
63 1 -34.5038
64 1 -34.5038
65 1 -34.5038
66 1 -34.5038
67 1 -34.5038
68 1 -34.5038
69 1 -34.5038
70 1 -34.5038
71 1 -34.5038
72 1 -34.5038
73 1 -34.5038
74 1 -34.5038
75 1 -34.5038
76 1 -34.5038
77 1 -34.5038
78 1 -34.5038
79 1 -34.5038
80 1 -34.5038
81 1 -34.5038
82 1 -34.5038
83 1 -34.5038
84 1 -34.5038
85 1 -34.5038
86 1 -34.5038
87 1 -34.5038
88 1 -34.5038
89 1 -34.5038
90 1 -34.5038
91 1 -34.5038
92 1 -34.5038
93 1 -34.5038
94 1 -34.5038
95 1 -34.5038
96 1 -34.5038
97 1 -34.5038
98 1 -34.5038
99 1 -34.5038
100 1 -34.5038
101 1 -34.5038
102 1 -34.5038
103 1 -34.5038
104 1 -34.5038
105 1 -34.5038
106 1 -34.5038
107 1 -34.5038
108 1 -34.5038
109 1 -34.5038
110 1 -34.5038
111 1 -34.5038
112 1 -34.5038
113 1 -34.5038
114 1 -34.5038
115 1 -34.5038
116 1 -34.5038
117 1 -34.5038
118 1 -34.5038
119 1 -34.5038
0 2 -34.5038
1 2 -34.5038
2 2 -34.5038
3 2 -34.5038
4 2 -34.5038
5 2 -34.5038
6 2 -34.5038
7 2 -34.5038
8 2 -34.5038
9 2 -34.5038
10 2 -34.5038
11 2 -34.5038
12 2 -34.5038
13 2 -34.5038
14 2 -34.5038
15 2 -34.5038
16 2 -34.5038
17 2 -34.5038
18 2 -34.5038
19 2 -34.5038
20 2 -34.5038
21 2 -34.5038
22 2 -34.5038
23 2 -34.5038
24 2 -34.5038
25 2 -34.5038
26 2 -34.5038
27 2 -34.5038
28 2 -34.5038
29 2 -34.5038
30 2 -34.5038
31 2 -34.5038
32 2 -34.5038
33 2 -34.5038
34 2 -34.5038
35 2 -34.5038
36 2 -34.5038
37 2 -34.5038
38 2 -34.5038
39 2 -34.5038
40 2 -34.5038
41 2 -34.5038
42 2 -34.5038
43 2 -34.5038
44 2 -34.5038
45 2 -34.5038
46 2 -34.5038
47 2 -34.5038
48 2 -34.5038
49 2 -34.5038
50 2 -34.5038
51 2 -34.5038
52 2 -34.5038
53 2 -34.5038
54 2 -34.5038
55 2 -34.5038
56 2 -34.5038
57 2 -34.5038
58 2 -34.5038
59 2 -34.5038
60 2 -34.5038
61 2 -34.5038
62 2 -34.5038
63 2 -34.5038
64 2 -34.5038
65 2 -34.5038
66 2 -34.5038
67 2 -34.5038
68 2 -34.5038
69 2 -34.5038
70 2 -34.5038
71 2 -34.5038
72 2 -34.5038
73 2 -34.5038
74 2 -34.5038
75 2 -34.5038
76 2 -34.5038
77 2 -34.5038
78 2 -34.5038
79 2 -34.5038
80 2 -34.5038
81 2 -34.5038
82 2 -34.5038
83 2 -34.5038
84 2 -34.5038
85 2 -34.5038
86 2 -34.5038
87 2 -34.5038
88 2 -34.5038
89 2 -34.5038
90 2 -34.5038
91 2 -34.5038
92 2 -34.5038
93 2 -34.5038
94 2 -34.5038
95 2 -34.5038
96 2 -34.5038
97 2 -34.5038
98 2 -34.5038
99 2 -34.5038
100 2 -34.5038
101 2 -34.5038
102 2 -34.5038
103 2 -34.5038
104 2 -34.5038
105 2 -34.5038
106 2 -34.5038
107 2 -34.5038
108 2 -34.5038
109 2 -34.5038
110 2 -34.5038
111 2 -34.5038
112 2 -34.5038
113 2 -34.5038
114 2 -34.5038
115 2 -34.5038
116 2 -34.5038
117 2 -34.5038
118 2 -34.5038
119 2 -34.5038
0 3 -34.5038
1 3 -34.5038
2 3 -34.5038
3 3 -34.5038
4 3 -34.5038
5 3 -34.5038
6 3 -34.5038
7 3 -34.5038
8 3 -34.5038
9 3 -34.5038
10 3 -34.5038
11 3 -34.5038
12 3 -34.5038
13 3 -34.5038
14 3 -34.5038
15 3 -34.5038
16 3 -34.5038
17 3 -34.5038
18 3 -34.5038
19 3 -34.5038
20 3 -34.5038
21 3 -34.5038
22 3 -34.5038
23 3 -34.5038
24 3 -34.5038
25 3 -34.5038
26 3 -34.5038
27 3 -34.5038
28 3 -34.5038
29 3 -34.5038
30 3 -34.5038
31 3 -34.5038
32 3 -34.5038
33 3 -34.5038
34 3 -34.5038
35 3 -34.5038
36 3 -34.5038
37 3 -34.5038
38 3 -34.5038
39 3 -34.5038
40 3 -34.5038
41 3 -34.5038
42 3 -34.5038
43 3 -34.5038
44 3 -34.5038
45 3 -34.5038
46 3 -34.5038
47 3 -34.5038
48 3 -34.5038
49 3 -34.5038
50 3 -34.5038
51 3 -34.5038
52 3 -34.5038
53 3 -34.5038
54 3 -34.5038
55 3 -34.5038
56 3 -34.5038
57 3 -34.5038
58 3 -34.5038
59 3 -34.5038
60 3 -34.5038
61 3 -34.5038
62 3 -34.5038
63 3 -34.5038
64 3 -34.5038
65 3 -34.5038
66 3 -34.5038
67 3 -34.5038
68 3 -34.5038
69 3 -34.5038
70 3 -34.5038
71 3 -34.5038
72 3 -34.5038
73 3 -34.5038
74 3 -34.5038
75 3 -34.5038
76 3 -34.5038
77 3 -34.5038
78 3 -34.5038
79 3 -34.5038
80 3 -34.5038
81 3 -34.5038
82 3 -34.5038
83 3 -34.5038
84 3 -34.5038
85 3 -34.5038
86 3 -34.5038
87 3 -34.5038
88 3 -34.5038
89 3 -34.5038
90 3 -34.5038
91 3 -34.5038
92 3 -34.5038
93 3 -34.5038
94 3 -34.5038
95 3 -34.5038
96 3 -34.5038
97 3 -34.5038
98 3 -34.5038
99 3 -34.5038
100 3 -34.5038
101 3 -34.5038
102 3 -34.5038
103 3 -34.5038
104 3 -34.5038
105 3 -34.5038
106 3 -34.5038
107 3 -34.5038
108 3 -34.5038
109 3 -34.5038
110 3 -34.5038
111 3 -34.5038
112 3 -34.5038
113 3 -34.5038
114 3 -34.5038
115 3 -34.5038
116 3 -34.5038
117 3 -34.5038
118 3 -34.5038
119 3 -34.5038
0 4 -34.5038
1 4 -34.5038
2 4 -34.5038
3 4 -34.5038
4 4 -34.5038
5 4 -34.5038
6 4 -34.5038
7 4 -34.5038
8 4 -34.5038
9 4 -34.5038
10 4 -34.5038
11 4 -34.5038
12 4 -34.5038
13 4 -34.5038
14 4 -34.5038
15 4 -34.5038
16 4 -34.5038
17 4 -34.5038
18 4 -34.5038
19 4 -34.5038
20 4 -34.5038
21 4 -34.5038
22 4 -34.5038
23 4 -34.5038
24 4 -34.5038
25 4 -34.5038
26 4 -34.5038
27 4 -34.5038
28 4 -34.5038
29 4 -34.5038
30 4 -34.5038
31 4 -34.5038
32 4 -34.5038
33 4 -34.5038
34 4 -34.5038
35 4 -34.5038
36 4 -34.5038
37 4 -34.5038
38 4 -34.5038
39 4 -34.5038
40 4 -34.5038
41 4 -34.5038
42 4 -34.5038
43 4 -34.5038
44 4 -34.5038
45 4 -34.5038
46 4 -34.5038
47 4 -34.5038
48 4 -34.5038
49 4 -34.5038
50 4 -34.5038
51 4 -34.5038
52 4 -34.5038
53 4 -34.5038
54 4 -34.5038
55 4 -34.5038
56 4 -34.5038
57 4 -34.5038
58 4 -34.5038
59 4 -34.5038
60 4 -34.5038
61 4 -34.5038
62 4 -34.5038
63 4 -34.5038
64 4 -34.5038
65 4 -34.5038
66 4 -34.5038
67 4 -34.5038
68 4 -34.5038
69 4 -34.5038
70 4 -34.5038
71 4 -34.5038
72 4 -34.5038
73 4 -34.5038
74 4 -34.5038
75 4 -34.5038
76 4 -34.5038
77 4 -34.5038
78 4 -34.5038
79 4 -34.5038
80 4 -34.5038
81 4 -34.5038
82 4 -34.5038
83 4 -34.5038
84 4 -34.5038
85 4 -34.5038
86 4 -34.5038
87 4 -34.5038
88 4 -34.5038
89 4 -34.5038
90 4 -34.5038
91 4 -34.5038
92 4 -34.5038
93 4 -34.5038
94 4 -34.5038
95 4 -34.5038
96 4 -34.5038
97 4 -34.5038
98 4 -34.5038
99 4 -34.5038
100 4 -34.5038
101 4 -34.5038
102 4 -34.5038
103 4 -34.5038
104 4 -34.5038
105 4 -34.5038
106 4 -34.5038
107 4 -34.5038
108 4 -34.5038
109 4 -34.5038
110 4 -34.5038
111 4 -34.5038
112 4 -34.5038
113 4 -34.5038
114 4 -34.5038
115 4 -34.5038
116 4 -34.5038
117 4 -34.5038
118 4 -34.5038
119 4 -34.5038
0 5 -34.5038
1 5 -34.5038
2 5 -34.5038
3 5 -34.5038
4 5 -34.5038
5 5 -34.5038
6 5 -34.5038
7 5 -34.5038
8 5 -34.5038
9 5 -34.5038
10 5 -34.5038
11 5 -34.5038
12 5 -34.5038
13 5 -34.5038
14 5 -34.5038
15 5 -34.5038
16 5 -34.5038
17 5 -34.5038
18 5 -34.5038
19 5 -34.5038
20 5 -34.5038
21 5 -34.5038
22 5 -34.5038
23 5 -34.5038
24 5 -34.5038
25 5 -34.5038
26 5 -34.5038
27 5 -34.5038
28 5 -34.5038
29 5 -34.5038
30 5 -34.5038
31 5 -34.5038
32 5 -34.5038
33 5 -34.5038
34 5 -34.5038
35 5 -34.5038
36 5 -34.5038
37 5 -34.5038
38 5 -34.5038
39 5 -34.5038
40 5 -34.5038
41 5 -34.5038
42 5 -34.5038
43 5 -34.5038
44 5 -34.5038
45 5 -34.5038
46 5 -34.5038
47 5 -34.5038
48 5 -34.5038
49 5 -34.5038
50 5 -34.5038
51 5 -34.5038
52 5 -34.5038
53 5 -34.5038
54 5 -34.5038
55 5 -34.5038
56 5 -34.5038
57 5 -34.5038
58 5 -34.5038
59 5 -34.5038
60 5 -34.5038
61 5 -34.5038
62 5 -34.5038
63 5 -34.5038
64 5 -34.5038
65 5 -34.5038
66 5 -34.5038
67 5 -34.5038
68 5 -34.5038
69 5 -34.5038
70 5 -34.5038
71 5 -34.5038
72 5 -34.5038
73 5 -34.5038
74 5 -34.5038
75 5 -34.5038
76 5 -34.5038
77 5 -34.5038
78 5 -34.5038
79 5 -34.5038
80 5 -34.5038
81 5 -34.5038
82 5 -34.5038
83 5 -34.5038
84 5 -34.5038
85 5 -34.5038
86 5 -34.5038
87 5 -34.5038
88 5 -34.5038
89 5 -34.5038
90 5 -34.5038
91 5 -34.5038
92 5 -34.5038
93 5 -34.5038
94 5 -34.5038
95 5 -34.5038
96 5 -34.5038
97 5 -34.5038
98 5 -34.5038
99 5 -34.5038
100 5 -34.5038
101 5 -34.5038
102 5 -34.5038
103 5 -34.5038
104 5 -34.5038
105 5 -34.5038
106 5 -34.5038
107 5 -34.5038
108 5 -34.5038
109 5 -34.5038
110 5 -34.5038
111 5 -34.5038
112 5 -34.5038
113 5 -34.5038
114 5 -34.5038
115 5 -34.5038
116 5 -34.5038
117 5 -34.5038
118 5 -34.5038
119 5 -34.5038
0 6 -34.5038
1 6 -34.5038
2 6 -34.5038
3 6 -34.5038
4 6 -34.5038
5 6 -34.5038
6 6 -34.5038
7 6 -34.5038
8 6 -34.5038
9 6 -34.5038
10 6 -34.5038
11 6 -34.5038
12 6 -34.5038
13 6 -34.5038
14 6 -34.5038
15 6 -34.5038
16 6 -34.5038
17 6 -34.5038
18 6 -34.5038
19 6 -34.5038
20 6 -34.5038
21 6 -34.5038
22 6 -34.5038
23 6 -34.5038
24 6 -34.5038
25 6 -34.5038
26 6 -34.5038
27 6 -34.5038
28 6 -34.5038
29 6 -34.5038
30 6 -34.5038
31 6 -34.5038
32 6 -34.5038
33 6 -34.5038
34 6 -34.5038
35 6 -34.5038
36 6 -34.5038
37 6 -34.5038
38 6 -34.5038
39 6 -34.5038
40 6 -34.5038
41 6 -34.5038
42 6 -34.5038
43 6 -34.5038
44 6 -34.5038
45 6 -34.5038
46 6 -34.5038
47 6 -34.5038
48 6 -34.5038
49 6 -34.5038
50 6 -34.5038
51 6 -34.5038
52 6 -34.5038
53 6 -34.5038
54 6 -34.5038
55 6 -34.5038
56 6 -34.5038
57 6 -34.5038
58 6 -34.5038
59 6 -34.5038
60 6 -34.5038
61 6 -34.5038
62 6 -34.5038
63 6 -34.5038
64 6 -34.5038
65 6 -34.5038
66 6 -34.5038
67 6 -34.5038
68 6 -34.5038
69 6 -34.5038
70 6 -34.5038
71 6 -34.5038
72 6 -34.5038
73 6 -34.5038
74 6 -34.5038
75 6 -34.5038
76 6 -34.5038
77 6 -34.5038
78 6 -34.5038
79 6 -34.5038
80 6 -34.5038
81 6 -34.5038
82 6 -34.5038
83 6 -34.5038
84 6 -34.5038
85 6 -34.5038
86 6 -34.5038
87 6 -34.5038
88 6 -34.5038
89 6 -34.5038
90 6 -34.5038
91 6 -34.5038
92 6 -34.5038
93 6 -34.5038
94 6 -34.5038
95 6 -34.5038
96 6 -34.5038
97 6 -34.5038
98 6 -34.5038
99 6 -34.5038
100 6 -34.5038
101 6 -34.5038
102 6 -34.5038
103 6 -34.5038
104 6 -34.5038
105 6 -34.5038
106 6 -34.5038
107 6 -34.5038
108 6 -34.5038
109 6 -34.5038
110 6 -34.5038
111 6 -34.5038
112 6 -34.5038
113 6 -34.5038
114 6 -34.5038
115 6 -34.5038
116 6 -34.5038
117 6 -34.5038
118 6 -34.5038
119 6 -34.5038
0 7 -34.5038
1 7 -34.5038
2 7 -34.5038
3 7 -34.5038
4 7 -34.5038
5 7 -34.5038
6 7 -34.5038
7 7 -34.5038
8 7 -34.5038
9 7 -34.5038
10 7 -34.5038
11 7 -34.5038
12 7 -34.5038
13 7 -34.5038
14 7 -34.5038
15 7 -34.5038
16 7 -34.5038
17 7 -34.5038
18 7 -34.5038
19 7 -34.5038
20 7 -34.5038
21 7 -34.5038
22 7 -34.5038
23 7 -34.5038
24 7 -34.5038
25 7 -34.5038
26 7 -34.5038
27 7 -34.5038
28 7 -34.5038
29 7 -34.5038
30 7 -34.5038
31 7 -34.5038
32 7 -34.5038
33 7 -34.5038
34 7 -34.5038
35 7 -34.5038
36 7 -34.5038
37 7 -34.5038
38 7 -34.5038
39 7 -34.5038
40 7 -34.5038
41 7 -34.5038
42 7 -34.5038
43 7 -34.5038
44 7 -34.5038
45 7 -34.5038
46 7 -34.5038
47 7 -34.5038
48 7 -34.5038
49 7 -34.5038
50 7 -34.5038
51 7 -34.5038
52 7 -34.5038
53 7 -34.5038
54 7 7.65352
55 7 8.12038
56 7 8.32148
57 7 8.42547
58 7 8.6076
59 7 -34.5038
60 7 -34.5038
61 7 -34.5038
62 7 -34.5038
63 7 -34.5038
64 7 -34.5038
65 7 -34.5038
66 7 -34.5038
67 7 -34.5038
68 7 -34.5038
69 7 -34.5038
70 7 -34.5038
71 7 -34.5038
72 7 -34.5038
73 7 -34.5038
74 7 -34.5038
75 7 -34.5038
76 7 -34.5038
77 7 -34.5038
78 7 -34.5038
79 7 -34.5038
80 7 -34.5038
81 7 -34.5038
82 7 -34.5038
83 7 -34.5038
84 7 -34.5038
85 7 -34.5038
86 7 -34.5038
87 7 -34.5038
88 7 -34.5038
89 7 -34.5038
90 7 -34.5038
91 7 -34.5038
92 7 -34.5038
93 7 -34.5038
94 7 -34.5038
95 7 -34.5038
96 7 -34.5038
97 7 -34.5038
98 7 -34.5038
99 7 -34.5038
100 7 -34.5038
101 7 -34.5038
102 7 -34.5038
103 7 -34.5038
104 7 -34.5038
105 7 -34.5038
106 7 -34.5038
107 7 -34.5038
108 7 -34.5038
109 7 -34.5038
110 7 -34.5038
111 7 -34.5038
112 7 -34.5038
113 7 -34.5038
114 7 -34.5038
115 7 -34.5038
116 7 -34.5038
117 7 -34.5038
118 7 -34.5038
119 7 -34.5038
0 8 -34.5038
1 8 -34.5038
2 8 -34.5038
3 8 -34.5038
4 8 -34.5038
5 8 -34.5038
6 8 -34.5038
7 8 -34.5038
8 8 -34.5038
9 8 -34.5038
10 8 -34.5038
11 8 -34.5038
12 8 -34.5038
13 8 -34.5038
14 8 -34.5038
15 8 -34.5038
16 8 -34.5038
17 8 -34.5038
18 8 -34.5038
19 8 -34.5038
20 8 -34.5038
21 8 -34.5038
22 8 -34.5038
23 8 -34.5038
24 8 -34.5038
25 8 -34.5038
26 8 -34.5038
27 8 -34.5038
28 8 -34.5038
29 8 -34.5038
30 8 -34.5038
31 8 -34.5038
32 8 -34.5038
33 8 -34.5038
34 8 -34.5038
35 8 -34.5038
36 8 -34.5038
37 8 -34.5038
38 8 -34.5038
39 8 -34.5038
40 8 -34.5038
41 8 -34.5038
42 8 -34.5038
43 8 -34.5038
44 8 -34.5038
45 8 -34.5038
46 8 -34.5038
47 8 -34.5038
48 8 -34.5038
49 8 -34.5038
50 8 5.37692
51 8 6.73623
52 8 7.56031
53 8 8.32917
54 8 8.76732
55 8 8.87806
56 8 8.98988
57 8 8.96821
58 8 9.10985
59 8 8.7578
60 8 8.47629
61 8 8.10074
62 8 7.65614
63 8 7.19329
64 8 6.81757
65 8 6.46405
66 8 6.10594
67 8 5.81756
68 8 5.71886
69 8 -34.5038
70 8 -34.5038
71 8 -34.5038
72 8 -34.5038
73 8 -34.5038
74 8 -34.5038
75 8 -34.5038
76 8 -34.5038
77 8 -34.5038
78 8 -34.5038
79 8 -34.5038
80 8 -34.5038
81 8 -34.5038
82 8 -34.5038
83 8 -34.5038
84 8 -34.5038
85 8 -34.5038
86 8 -34.5038
87 8 -34.5038
88 8 -34.5038
89 8 -34.5038
90 8 -34.5038
91 8 -34.5038
92 8 -34.5038
93 8 -34.5038
94 8 -34.5038
95 8 -34.5038
96 8 -34.5038
97 8 -34.5038
98 8 -34.5038
99 8 -34.5038
100 8 -34.5038
101 8 -34.5038
102 8 -34.5038
103 8 -34.5038
104 8 -34.5038
105 8 -34.5038
106 8 -34.5038
107 8 -34.5038
108 8 -34.5038
109 8 -34.5038
110 8 -34.5038
111 8 -34.5038
112 8 -34.5038
113 8 -34.5038
114 8 -34.5038
115 8 -34.5038
116 8 -34.5038
117 8 -34.5038
118 8 -34.5038
119 8 -34.5038
0 9 -34.5038
1 9 -34.5038
2 9 -34.5038
3 9 -34.5038
4 9 -34.5038
5 9 -34.5038
6 9 -34.5038
7 9 -34.5038
8 9 -34.5038
9 9 -34.5038
10 9 -34.5038
11 9 -34.5038
12 9 -34.5038
13 9 -34.5038
14 9 -34.5038
15 9 -34.5038
16 9 -34.5038
17 9 -34.5038
18 9 -34.5038
19 9 -34.5038
20 9 -34.5038
21 9 -34.5038
22 9 -34.5038
23 9 -34.5038
24 9 -34.5038
25 9 -34.5038
26 9 -34.5038
27 9 -34.5038
28 9 -34.5038
29 9 -34.5038
30 9 3.37262
31 9 3.96255
32 9 4.24309
33 9 4.38053
34 9 4.37485
35 9 4.27084
36 9 4.12829
37 9 3.9994
38 9 3.91514
39 9 -34.5038
40 9 -34.5038
41 9 -34.5038
42 9 -34.5038
43 9 -34.5038
44 9 -34.5038
45 9 -34.5038
46 9 -34.5038
47 9 -34.5038
48 9 3.35392
49 9 4.86466
50 9 6.25265
51 9 7.03599
52 9 7.70799
53 9 8.50303
54 9 8.83931
55 9 8.88338
56 9 8.91989
57 9 8.92233
58 9 8.93891
59 9 8.83049
60 9 8.54912
61 9 8.26028
62 9 7.83332
63 9 7.40542
64 9 7.04073
65 9 6.7809
66 9 6.51343
67 9 6.20975
68 9 6.19648
69 9 5.84439
70 9 5.61585
71 9 5.37461
72 9 5.16563
73 9 4.86061
74 9 4.63604
75 9 4.3927
76 9 4.26262
77 9 4.05685
78 9 3.96576
79 9 3.83839
80 9 3.92588
81 9 -34.5038
82 9 -34.5038
83 9 -34.5038
84 9 -34.5038
85 9 -34.5038
86 9 -34.5038
87 9 -34.5038
88 9 -34.5038
89 9 -34.5038
90 9 -34.5038
91 9 -34.5038
92 9 -34.5038
93 9 -34.5038
94 9 -34.5038
95 9 -34.5038
96 9 -34.5038
97 9 -34.5038
98 9 -34.5038
99 9 -34.5038
100 9 -34.5038
101 9 -34.5038
102 9 -34.5038
103 9 -34.5038
104 9 -34.5038
105 9 -34.5038
106 9 -34.5038
107 9 -34.5038
108 9 -34.5038
109 9 -34.5038
110 9 -34.5038
111 9 -34.5038
112 9 -34.5038
113 9 -34.5038
114 9 -34.5038
115 9 -34.5038
116 9 -34.5038
117 9 -34.5038
118 9 -34.5038
119 9 -34.5038
0 10 -34.5038
1 10 -34.5038
2 10 -34.5038
3 10 -34.5038
4 10 -34.5038
5 10 -34.5038
6 10 -34.5038
7 10 -34.5038
8 10 -34.5038
9 10 -34.5038
10 10 -34.5038
11 10 -34.5038
12 10 -34.5038
13 10 -34.5038
14 10 -34.5038
15 10 -34.5038
16 10 -34.5038
17 10 -34.5038
18 10 -34.5038
19 10 -34.5038
20 10 -34.5038
21 10 -34.5038
22 10 -34.5038
23 10 -34.5038
24 10 -34.5038
25 10 -34.5038
26 10 -34.5038
27 10 0.289118
28 10 1.93121
29 10 2.96471
30 10 3.83765
31 10 4.35289
32 10 4.6121
33 10 4.74533
34 10 4.76813
35 10 4.72569
36 10 4.58024
37 10 4.30406
38 10 4.21707
39 10 3.72596
40 10 3.46733
41 10 3.13391
42 10 2.7037
43 10 2.2003
44 10 1.79963
45 10 1.53558
46 10 1.51185
47 10 2.58976
48 10 3.83545
49 10 5.16323
50 10 6.39259
51 10 7.02189
52 10 7.61275
53 10 8.38221
54 10 8.80569
55 10 8.8816
56 10 8.87483
57 10 8.8623
58 10 8.84371
59 10 8.75654
60 10 8.50107
61 10 8.22036
62 10 7.85652
63 10 7.44152
64 10 7.063
65 10 6.78775
66 10 6.50243
67 10 6.19828
68 10 5.9901
69 10 5.80962
70 10 5.60866
71 10 5.40464
72 10 5.1621
73 10 5.01543
74 10 4.79642
75 10 4.57687
76 10 4.36755
77 10 4.37009
78 10 4.32526
79 10 4.27947
80 10 4.41352
81 10 4.29876
82 10 4.17276
83 10 4.03566
84 10 3.88598
85 10 3.68798
86 10 3.52587
87 10 -34.5038
88 10 -34.5038
89 10 -34.5038
90 10 -34.5038
91 10 -34.5038
92 10 -34.5038
93 10 -34.5038
94 10 -34.5038
95 10 -34.5038
96 10 -34.5038
97 10 -34.5038
98 10 -34.5038
99 10 -34.5038
100 10 -34.5038
101 10 -34.5038
102 10 -34.5038
103 10 -34.5038
104 10 -34.5038
105 10 -34.5038
106 10 -34.5038
107 10 -34.5038
108 10 -34.5038
109 10 -34.5038
110 10 -34.5038
111 10 -34.5038
112 10 -34.5038
113 10 -34.5038
114 10 -34.5038
115 10 -34.5038
116 10 -34.5038
117 10 -34.5038
118 10 -34.5038
119 10 -34.5038
0 11 -34.5038
1 11 -34.5038
2 11 -34.5038
3 11 -34.5038
4 11 -34.5038
5 11 -34.5038
6 11 -34.5038
7 11 -34.5038
8 11 -34.5038
9 11 -34.5038
10 11 -34.5038
11 11 -34.5038
12 11 -34.5038
13 11 -34.5038
14 11 -34.5038
15 11 -34.5038
16 11 -34.5038
17 11 -34.5038
18 11 -34.5038
19 11 -34.5038
20 11 -34.5038
21 11 -34.5038
22 11 -34.5038
23 11 -34.5038
24 11 -34.5038
25 11 -34.5038
26 11 -34.5038
27 11 0.718729
28 11 2.03247
29 11 2.97471
30 11 3.82613
31 11 4.41452
32 11 4.65371
33 11 4.7377
34 11 4.752
35 11 4.72527
36 11 4.56464
37 11 4.22347
38 11 3.90419
39 11 3.57375
40 11 3.35989
41 11 3.08415
42 11 2.7999
43 11 2.43217
44 11 2.00184
45 11 1.70985
46 11 1.63623
47 11 2.73483
48 11 3.81654
49 11 5.1663
50 11 6.31667
51 11 6.91599
52 11 7.39613
53 11 8.11077
54 11 8.59352
55 11 8.81231
56 11 8.83553
57 11 8.80835
58 11 8.77713
59 11 8.70154
60 11 8.45523
61 11 8.1769
62 11 7.86114
63 11 7.45925
64 11 7.07684
65 11 6.772
66 11 6.47688
67 11 6.18723
68 11 5.94651
69 11 5.75702
70 11 5.53998
71 11 5.32584
72 11 5.12875
73 11 4.93902
74 11 4.71148
75 11 4.49532
76 11 4.3694
77 11 4.31705
78 11 4.27449
79 11 4.26451
80 11 4.29381
81 11 4.27033
82 11 4.19645
83 11 4.03252
84 11 3.87841
85 11 3.80843
86 11 3.7749
87 11 3.37188
88 11 3.02145
89 11 -34.5038
90 11 -34.5038
91 11 -34.5038
92 11 -34.5038
93 11 -34.5038
94 11 -34.5038
95 11 -34.5038
96 11 -34.5038
97 11 -34.5038
98 11 -34.5038
99 11 -34.5038
100 11 -34.5038
101 11 -34.5038
102 11 -34.5038
103 11 -34.5038
104 11 -34.5038
105 11 -34.5038
106 11 -34.5038
107 11 -34.5038
108 11 -34.5038
109 11 -34.5038
110 11 -34.5038
111 11 -34.5038
112 11 -34.5038
113 11 -34.5038
114 11 -34.5038
115 11 -34.5038
116 11 -34.5038
117 11 -34.5038
118 11 -34.5038
119 11 -34.5038
0 12 -34.5038
1 12 -34.5038
2 12 -34.5038
3 12 -34.5038
4 12 -34.5038
5 12 -34.5038
6 12 -34.5038
7 12 -34.5038
8 12 -34.5038
9 12 -34.5038
10 12 -34.5038
11 12 -34.5038
12 12 -34.5038
13 12 -34.5038
14 12 -34.5038
15 12 -34.5038
16 12 -34.5038
17 12 -34.5038
18 12 -34.5038
19 12 -34.5038
20 12 -34.5038
21 12 -34.5038
22 12 -34.5038
23 12 -34.5038
24 12 -34.5038
25 12 -34.5038
26 12 -1.00841
27 12 0.3202
28 12 1.84117
29 12 2.76918
30 12 3.63747
31 12 4.32163
32 12 4.67073
33 12 4.73265
34 12 4.74043
35 12 4.66233
36 12 4.46544
37 12 4.09291
38 12 3.65544
39 12 3.31861
40 12 3.11511
41 12 2.8743
42 12 2.56163
43 12 2.25161
44 12 1.84798
45 12 1.5878
46 12 1.41358
47 12 2.58641
48 12 3.64306
49 12 4.96367
50 12 6.13133
51 12 6.7089
52 12 7.11781
53 12 7.66701
54 12 8.20738
55 12 8.53254
56 12 8.7039
57 12 8.75842
58 12 8.69498
59 12 8.62501
60 12 8.39088
61 12 8.12054
62 12 7.80544
63 12 7.41106
64 12 7.02631
65 12 6.70131
66 12 6.40633
67 12 6.12616
68 12 5.90673
69 12 5.7092
70 12 5.47498
71 12 5.28148
72 12 5.08343
73 12 4.88185
74 12 4.6619
75 12 4.42246
76 12 4.31644
77 12 4.26889
78 12 4.22472
79 12 4.22877
80 12 4.2269
81 12 4.19757
82 12 4.13964
83 12 4.04742
84 12 3.93809
85 12 3.84078
86 12 3.73935
87 12 3.47306
88 12 3.28106
89 12 2.72986
90 12 -34.5038
91 12 -34.5038
92 12 -34.5038
93 12 -34.5038
94 12 -34.5038
95 12 -34.5038
96 12 -34.5038
97 12 -34.5038
98 12 -34.5038
99 12 -34.5038
100 12 -34.5038
101 12 -34.5038
102 12 -34.5038
103 12 -34.5038
104 12 -34.5038
105 12 -34.5038
106 12 -34.5038
107 12 -34.5038
108 12 -34.5038
109 12 -34.5038
110 12 -34.5038
111 12 -34.5038
112 12 -34.5038
113 12 -34.5038
114 12 -34.5038
115 12 -34.5038
116 12 -34.5038
117 12 -34.5038
118 12 -34.5038
119 12 -34.5038
0 13 -34.5038
1 13 -34.5038
2 13 -34.5038
3 13 -34.5038
4 13 -34.5038
5 13 -34.5038
6 13 -34.5038
7 13 -34.5038
8 13 -34.5038
9 13 -34.5038
10 13 -34.5038
11 13 -34.5038
12 13 -34.5038
13 13 -34.5038
14 13 -34.5038
15 13 -34.5038
16 13 -34.5038
17 13 -34.5038
18 13 -34.5038
19 13 -34.5038
20 13 -34.5038
21 13 -34.5038
22 13 -34.5038
23 13 -34.5038
24 13 -34.5038
25 13 -34.5038
26 13 -34.5038
27 13 -0.236362
28 13 1.48656
29 13 2.53066
30 13 3.33257
31 13 4.09352
32 13 4.51803
33 13 4.6556
34 13 4.64217
35 13 4.52186
36 13 4.28559
37 13 3.91818
38 13 3.43471
39 13 3.07626
40 13 2.86395
41 13 2.64377
42 13 2.30928
43 13 2.02373
44 13 1.70852
45 13 1.38271
46 13 1.09806
47 13 2.30401
48 13 3.38542
49 13 4.49819
50 13 5.74093
51 13 6.41503
52 13 6.81282
53 13 7.18402
54 13 7.5909
55 13 8.02675
56 13 8.39277
57 13 8.59035
58 13 8.58984
59 13 8.48499
60 13 8.27057
61 13 7.98287
62 13 7.62118
63 13 7.24506
64 13 6.85641
65 13 6.52794
66 13 6.25023
67 13 5.9733
68 13 5.79018
69 13 5.58339
70 13 5.37102
71 13 5.16619
72 13 4.97669
73 13 4.76824
74 13 4.55912
75 13 4.33951
76 13 4.23835
77 13 4.21314
78 13 4.19359
79 13 4.19894
80 13 4.18745
81 13 4.15342
82 13 4.10141
83 13 4.02886
84 13 3.94047
85 13 3.85401
86 13 3.75773
87 13 3.6272
88 13 3.4115
89 13 2.99295
90 13 2.3449
91 13 -34.5038
92 13 -34.5038
93 13 -34.5038
94 13 -34.5038
95 13 -34.5038
96 13 -34.5038
97 13 -34.5038
98 13 -34.5038
99 13 -34.5038
100 13 -34.5038
101 13 -34.5038
102 13 -34.5038
103 13 -34.5038
104 13 -34.5038
105 13 -34.5038
106 13 -34.5038
107 13 -34.5038
108 13 -34.5038
109 13 -34.5038
110 13 -34.5038
111 13 -34.5038
112 13 -34.5038
113 13 -34.5038
114 13 -34.5038
115 13 -34.5038
116 13 -34.5038
117 13 -34.5038
118 13 -34.5038
119 13 -34.5038
0 14 -34.5038
1 14 -34.5038
2 14 -34.5038
3 14 -34.5038
4 14 -34.5038
5 14 -34.5038
6 14 -34.5038
7 14 -34.5038
8 14 -34.5038
9 14 -34.5038
10 14 -34.5038
11 14 -34.5038
12 14 -34.5038
13 14 -34.5038
14 14 -34.5038
15 14 -34.5038
16 14 -34.5038
17 14 -34.5038
18 14 -34.5038
19 14 -34.5038
20 14 -34.5038
21 14 -34.5038
22 14 -34.5038
23 14 -34.5038
24 14 -34.5038
25 14 -34.5038
26 14 -34.5038
27 14 -0.755252
28 14 0.973146
29 14 2.25971
30 14 3.05605
31 14 3.75411
32 14 4.2526
33 14 4.44554
34 14 4.4538
35 14 4.30532
36 14 4.03737
37 14 3.66629
38 14 3.19426
39 14 2.80813
40 14 2.56816
41 14 2.37484
42 14 2.07205
43 14 1.7913
44 14 1.52914
45 14 1.21045
46 14 0.889692
47 14 1.89363
48 14 2.9652
49 14 3.82109
50 14 5.18833
51 14 5.98924
52 14 6.5025
53 14 6.82892
54 14 7.09008
55 14 7.42371
56 14 7.91179
57 14 8.27494
58 14 8.35181
59 14 8.25945
60 14 8.04372
61 14 7.71482
62 14 7.32066
63 14 6.92341
64 14 6.56722
65 14 6.2556
66 14 5.98351
67 14 5.70941
68 14 5.51675
69 14 5.28052
70 14 5.08864
71 14 4.90015
72 14 4.7368
73 14 4.5548
74 14 4.3873
75 14 4.19537
76 14 4.1445
77 14 4.16789
78 14 4.17814
79 14 4.18597
80 14 4.17053
81 14 4.12726
82 14 4.08374
83 14 4.01044
84 14 3.91816
85 14 3.8211
86 14 3.73572
87 14 3.64931
88 14 3.49366
89 14 3.14343
90 14 2.53667
91 14 1.84187
92 14 -34.5038
93 14 -34.5038
94 14 -34.5038
95 14 -34.5038
96 14 -34.5038
97 14 -34.5038
98 14 -34.5038
99 14 -34.5038
100 14 -34.5038
101 14 -34.5038
102 14 -34.5038
103 14 -34.5038
104 14 -34.5038
105 14 -34.5038
106 14 -34.5038
107 14 -34.5038
108 14 -34.5038
109 14 -34.5038
110 14 -34.5038
111 14 -34.5038
112 14 -34.5038
113 14 -34.5038
114 14 -34.5038
115 14 -34.5038
116 14 -34.5038
117 14 -34.5038
118 14 -34.5038
119 14 -34.5038
0 15 -34.5038
1 15 -34.5038
2 15 -34.5038
3 15 -34.5038
4 15 -34.5038
5 15 -34.5038
6 15 -34.5038
7 15 -34.5038
8 15 -34.5038
9 15 -34.5038
10 15 -34.5038
11 15 -34.5038
12 15 -34.5038
13 15 -34.5038
14 15 -34.5038
15 15 -34.5038
16 15 -34.5038
17 15 -34.5038
18 15 -34.5038
19 15 -34.5038
20 15 -34.5038
21 15 -34.5038
22 15 -34.5038
23 15 -34.5038
24 15 -34.5038
25 15 -34.5038
26 15 -34.5038
27 15 -1.65415
28 15 0.192975
29 15 1.91417
30 15 2.76272
31 15 3.41391
32 15 3.92615
33 15 4.1475
34 15 4.16
35 15 3.98665
36 15 3.6977
37 15 3.26519
38 15 2.83546
39 15 2.44182
40 15 2.18272
41 15 2.02192
42 15 1.78347
43 15 1.43839
44 15 1.18694
45 15 0.99266
46 15 0.893593
47 15 1.21544
48 15 2.42783
49 15 3.25009
50 15 4.33237
51 15 5.3373
52 15 5.98969
53 15 6.46748
54 15 6.727
55 15 6.9227
56 15 7.3728
57 15 7.85611
58 15 7.98977
59 15 7.89238
60 15 7.64323
61 15 7.30437
62 15 6.87723
63 15 6.46864
64 15 6.13704
65 15 5.81338
66 15 5.52535
67 15 5.2968
68 15 5.0988
69 15 4.88854
70 15 4.74571
71 15 4.5896
72 15 4.49767
73 15 4.39385
74 15 4.24161
75 15 4.10499
76 15 4.09669
77 15 4.15889
78 15 4.22743
79 15 4.29823
80 15 4.29981
81 15 4.23045
82 15 4.09583
83 15 4.01102
84 15 3.90061
85 15 3.77652
86 15 3.67784
87 15 3.60131
88 15 3.50101
89 15 3.19194
90 15 2.64375
91 15 2.00452
92 15 1.29212
93 15 -34.5038
94 15 -34.5038
95 15 -34.5038
96 15 -34.5038
97 15 -34.5038
98 15 -34.5038
99 15 -34.5038
100 15 -34.5038
101 15 -34.5038
102 15 -34.5038
103 15 -34.5038
104 15 -34.5038
105 15 -34.5038
106 15 -34.5038
107 15 -34.5038
108 15 -34.5038
109 15 -34.5038
110 15 -34.5038
111 15 -34.5038
112 15 -34.5038
113 15 -34.5038
114 15 -34.5038
115 15 -34.5038
116 15 -34.5038
117 15 -34.5038
118 15 -34.5038
119 15 -34.5038
0 16 -34.5038
1 16 -34.5038
2 16 -34.5038
3 16 -34.5038
4 16 -34.5038
5 16 -34.5038
6 16 -34.5038
7 16 -34.5038
8 16 -34.5038
9 16 -34.5038
10 16 -34.5038
11 16 -34.5038
12 16 -34.5038
13 16 -34.5038
14 16 -34.5038
15 16 -34.5038
16 16 -34.5038
17 16 -34.5038
18 16 -34.5038
19 16 -34.5038
20 16 -34.5038
21 16 -34.5038
22 16 -34.5038
23 16 -34.5038
24 16 -34.5038
25 16 -34.5038
26 16 -34.5038
27 16 -34.5038
28 16 -0.734268
29 16 1.08149
30 16 2.33784
31 16 3.06114
32 16 3.55343
33 16 3.74125
34 16 3.68826
35 16 3.51699
36 16 3.20765
37 16 2.75429
38 16 2.31842
39 16 1.94393
40 16 1.65627
41 16 1.52131
42 16 1.3259
43 16 0.968135
44 16 0.787203
45 16 0.546455
46 16 0.0807454
47 16 0.087365
48 16 1.62287
49 16 2.61141
50 16 3.2808
51 16 4.39329
52 16 5.25972
53 16 5.91075
54 16 6.36766
55 16 6.60338
56 16 6.89105
57 16 7.2594
58 16 7.44357
59 16 7.29092
60 16 7.04326
61 16 6.66977
62 16 6.22879
63 16 5.84341
64 16 5.49887
65 16 5.16165
66 16 4.97146
67 16 4.84579
68 16 4.7476
69 16 4.62707
70 16 4.47702
71 16 4.40133
72 16 4.43899
73 16 4.52164
74 16 4.65013
75 16 4.72621
76 16 4.84951
77 16 5.08276
78 16 5.218
79 16 5.34367
80 16 5.36545
81 16 5.1662
82 16 4.73167
83 16 4.29694
84 16 3.93915
85 16 3.6944
86 16 3.5857
87 16 3.48831
88 16 3.37636
89 16 3.096
90 16 2.59303
91 16 1.98547
92 16 1.28994
93 16 -0.137383
94 16 -1.83033
95 16 -2.27513
96 16 -34.5038
97 16 -34.5038
98 16 -34.5038
99 16 -34.5038
100 16 -34.5038
101 16 -34.5038
102 16 -34.5038
103 16 -34.5038
104 16 -34.5038
105 16 -34.5038
106 16 -34.5038
107 16 -34.5038
108 16 -34.5038
109 16 -34.5038
110 16 -34.5038
111 16 -34.5038
112 16 -34.5038
113 16 -34.5038
114 16 -34.5038
115 16 -34.5038
116 16 -34.5038
117 16 -34.5038
118 16 -34.5038
119 16 -34.5038
0 17 -34.5038
1 17 -34.5038
2 17 -34.5038
3 17 -34.5038
4 17 -34.5038
5 17 -34.5038
6 17 -34.5038
7 17 -34.5038
8 17 -34.5038
9 17 -34.5038
10 17 -34.5038
11 17 -34.5038
12 17 -34.5038
13 17 -34.5038
14 17 -34.5038
15 17 -34.5038
16 17 -34.5038
17 17 -34.5038
18 17 -34.5038
19 17 -34.5038
20 17 -34.5038
21 17 -34.5038
22 17 -34.5038
23 17 -34.5038
24 17 -34.5038
25 17 -34.5038
26 17 -34.5038
27 17 -3.8792
28 17 -2.33052
29 17 -0.0819254
30 17 1.63318
31 17 2.64086
32 17 3.09693
33 17 3.23297
34 17 3.11201
35 17 2.90435
36 17 2.59845
37 17 2.11506
38 17 1.62865
39 17 1.25685
40 17 0.984893
41 17 0.917408
42 17 0.797915
43 17 0.486009
44 17 0.377528
45 17 0.271906
46 17 -0.0742169
47 17 -0.234782
48 17 0.601766
49 17 1.94406
50 17 2.67332
51 17 3.26709
52 17 4.14992
53 17 5.06756
54 17 5.72656
55 17 6.11671
56 17 6.34342
57 17 6.56508
58 17 6.64209
59 17 6.38974
60 17 6.10524
61 17 5.74231
62 17 5.32191
63 17 5.02476
64 17 4.76688
65 17 4.57228
66 17 4.53078
67 17 4.54799
68 17 4.61026
69 17 4.72686
70 17 4.92074
71 17 5.13194
72 17 5.28079
73 17 5.43912
74 17 5.52516
75 17 5.6457
76 17 5.81711
77 17 5.99253
78 17 6.06268
79 17 6.12821
80 17 6.06327
81 17 5.87951
82 17 5.53618
83 17 5.08102
84 17 4.31085
85 17 3.83675
86 17 3.55985
87 17 3.3346
88 17 3.14912
89 17 2.85852
90 17 2.42137
91 17 1.87462
92 17 1.19394
93 17 0.394089
94 17 -1.07097
95 17 -1.89278
96 17 -3.04532
97 17 -3.63047
98 17 -3.70663
99 17 -34.5038
100 17 -34.5038
101 17 -34.5038
102 17 -34.5038
103 17 -34.5038
104 17 -34.5038
105 17 -34.5038
106 17 -34.5038
107 17 -34.5038
108 17 -34.5038
109 17 -34.5038
110 17 -34.5038
111 17 -34.5038
112 17 -34.5038
113 17 -34.5038
114 17 -34.5038
115 17 -34.5038
116 17 -34.5038
117 17 -34.5038
118 17 -34.5038
119 17 -34.5038
0 18 -34.5038
1 18 -34.5038
2 18 -34.5038
3 18 -34.5038
4 18 -34.5038
5 18 -34.5038
6 18 -34.5038
7 18 -34.5038
8 18 -34.5038
9 18 -34.5038
10 18 -34.5038
11 18 -34.5038
12 18 -34.5038
13 18 -34.5038
14 18 -34.5038
15 18 -34.5038
16 18 -34.5038
17 18 -34.5038
18 18 -34.5038
19 18 -34.5038
20 18 -34.5038
21 18 -34.5038
22 18 -34.5038
23 18 -34.5038
24 18 -34.5038
25 18 -34.5038
26 18 -34.5038
27 18 -4.20265
28 18 -3.07737
29 18 -1.81114
30 18 0.457215
31 18 2.15147
32 18 2.49793
33 18 2.59987
34 18 2.45067
35 18 2.16654
36 18 1.78021
37 18 1.29434
38 18 0.826047
39 18 0.498141
40 18 0.31021
41 18 0.241079
42 18 0.22465
43 18 0.0248075
44 18 0.00518161
45 18 -0.030058
46 18 -0.337859
47 18 -0.465811
48 18 -0.204543
49 18 0.982696
50 18 1.99919
51 18 2.52016
52 18 2.98478
53 18 3.84173
54 18 4.82205
55 18 5.33945
56 18 5.55998
57 18 5.62621
58 18 5.52811
59 18 5.22555
60 18 4.94066
61 18 4.68455
62 18 4.4473
63 18 4.34456
64 18 4.39902
65 18 4.57942
66 18 4.93854
67 18 5.19915
68 18 5.36047
69 18 5.53975
70 18 5.75156
71 18 5.88139
72 18 6.05115
73 18 6.26394
74 18 6.41549
75 18 6.58116
76 18 6.65008
77 18 6.68782
78 18 6.68088
79 18 6.73025
80 18 6.63392
81 18 6.41203
82 18 6.08372
83 18 5.6843
84 18 5.07375
85 18 4.33725
86 18 3.79871
87 18 3.35163
88 18 2.99425
89 18 2.62482
90 18 2.18376
91 18 1.71152
92 18 1.06251
93 18 0.369652
94 18 -0.442764
95 18 -1.45481
96 18 -2.53891
97 18 -3.15842
98 18 -3.17472
99 18 -3.41853
100 18 -3.58234
101 18 -3.58794
102 18 -34.5038
103 18 -34.5038
104 18 -34.5038
105 18 -34.5038
106 18 -34.5038
107 18 -34.5038
108 18 -34.5038
109 18 -34.5038
110 18 -34.5038
111 18 -34.5038
112 18 -34.5038
113 18 -34.5038
114 18 -34.5038
115 18 -34.5038
116 18 -34.5038
117 18 -34.5038
118 18 -34.5038
119 18 -34.5038
0 19 -34.5038
1 19 -34.5038
2 19 -34.5038
3 19 -34.5038
4 19 -34.5038
5 19 -34.5038
6 19 -34.5038
7 19 -34.5038
8 19 -34.5038
9 19 -34.5038
10 19 -34.5038
11 19 -34.5038
12 19 -34.5038
13 19 -34.5038
14 19 -34.5038
15 19 -34.5038
16 19 -34.5038
17 19 -34.5038
18 19 -34.5038
19 19 -34.5038
20 19 -34.5038
21 19 -34.5038
22 19 -34.5038
23 19 -34.5038
24 19 -34.5038
25 19 -34.5038
26 19 -34.5038
27 19 -5.07662
28 19 -4.03487
29 19 -3.359
30 19 -1.73827
31 19 1.75223
32 19 1.57175
33 19 1.67267
34 19 1.57901
35 19 1.22577
36 19 0.789769
37 19 0.235069
38 19 -0.0985734
39 19 -0.296045
40 19 -0.328305
41 19 -0.33482
42 19 -0.243754
43 19 -0.275023
44 19 -0.280609
45 19 -0.329978
46 19 -0.540258
47 19 -0.603034
48 19 -0.57795
49 19 -0.142434
50 19 1.02956
51 19 1.78634
52 19 2.17037
53 19 2.74562
54 19 3.5237
55 19 4.21992
56 19 4.42604
57 19 4.37758
58 19 4.25545
59 19 3.98029
60 19 3.77587
61 19 3.75486
62 19 3.88721
63 19 4.20254
64 19 4.57402
65 19 5.01332
66 19 5.52693
67 19 5.78253
68 19 5.90935
69 19 6.11551
70 19 6.31954
71 19 6.50257
72 19 6.77787
73 19 7.04313
74 19 7.23743
75 19 7.42789
76 19 7.3424
77 19 7.10886
78 19 7.09472
79 19 7.20753
80 19 7.14595
81 19 6.84881
82 19 6.48181
83 19 6.12757
84 19 5.65665
85 19 4.97618
86 19 4.30167
87 19 3.67782
88 19 3.11233
89 19 2.57374
90 19 2.07946
91 19 1.63582
92 19 1.04446
93 19 0.427553
94 19 -0.158858
95 19 -0.858302
96 19 -2.09403
97 19 -2.79791
98 19 -2.95983
99 19 -2.96587
100 19 -3.01955
101 19 -2.83001
102 19 -3.1392
103 19 -3.36639
104 19 -34.5038
105 19 -34.5038
106 19 -34.5038
107 19 -34.5038
108 19 -34.5038
109 19 -34.5038
110 19 -34.5038
111 19 -34.5038
112 19 -34.5038
113 19 -34.5038
114 19 -34.5038
115 19 -34.5038
116 19 -34.5038
117 19 -34.5038
118 19 -34.5038
119 19 -34.5038
0 20 -34.5038
1 20 -34.5038
2 20 -34.5038
3 20 -34.5038
4 20 -34.5038
5 20 -34.5038
6 20 -34.5038
7 20 -34.5038
8 20 -34.5038
9 20 -34.5038
10 20 -34.5038
11 20 -34.5038
12 20 -34.5038
13 20 -34.5038
14 20 -34.5038
15 20 -34.5038
16 20 -34.5038
17 20 -34.5038
18 20 -34.5038
19 20 -34.5038
20 20 -34.5038
21 20 -34.5038
22 20 -34.5038
23 20 -34.5038
24 20 -34.5038
25 20 -34.5038
26 20 -34.5038
27 20 -6.3019
28 20 -4.95005
29 20 -4.64158
30 20 -4.53293
31 20 -6.25416
32 20 -2.23349
33 20 0.0495629
34 20 0.233765
35 20 -0.0822927
36 20 -0.342728
37 20 -0.866334
38 20 -1.06103
39 20 -1.0427
40 20 -0.876601
41 20 -0.76499
42 20 -0.557403
43 20 -0.443573
44 20 -0.452834
45 20 -0.501289
46 20 -0.610006
47 20 -0.694913
48 20 -0.795944
49 20 -0.824586
50 20 -0.197756
51 20 0.811304
52 20 1.30704
53 20 1.69942
54 20 2.26851
55 20 2.76546
56 20 2.91692
57 20 2.87013
58 20 3.03449
59 20 2.9695
60 20 3.23578
61 20 3.64211
62 20 4.1733
63 20 4.65439
64 20 5.05398
65 20 5.4439
66 20 5.89588
67 20 6.1659
68 20 6.31037
69 20 6.53188
70 20 6.76064
71 20 6.98387
72 20 7.30404
73 20 7.51994
74 20 7.73272
75 20 7.91513
76 20 7.8337
77 20 7.41813
78 20 7.35259
79 20 7.4681
80 20 7.42149
81 20 7.12033
82 20 6.72379
83 20 6.48831
84 20 6.16444
85 20 5.55902
86 20 4.81781
87 20 4.1037
88 20 3.54376
89 20 3.03992
90 20 2.33708
91 20 1.82335
92 20 1.21773
93 20 0.58714
94 20 0.0336363
95 20 -0.556175
96 20 -1.34359
97 20 -2.45744
98 20 -2.77534
99 20 -2.79599
100 20 -2.72271
101 20 -2.5959
102 20 -2.64619
103 20 -2.56679
104 20 -3.18871
105 20 -3.58733
106 20 -34.5038
107 20 -34.5038
108 20 -34.5038
109 20 -34.5038
110 20 -34.5038
111 20 -34.5038
112 20 -34.5038
113 20 -34.5038
114 20 -34.5038
115 20 -34.5038
116 20 -34.5038
117 20 -34.5038
118 20 -34.5038
119 20 -34.5038
0 21 -34.5038
1 21 -34.5038
2 21 -34.5038
3 21 -34.5038
4 21 -34.5038
5 21 -34.5038
6 21 -34.5038
7 21 -34.5038
8 21 -34.5038
9 21 -34.5038
10 21 -34.5038
11 21 -34.5038
12 21 -34.5038
13 21 -34.5038
14 21 -34.5038
15 21 -34.5038
16 21 -34.5038
17 21 -34.5038
18 21 -34.5038
19 21 -34.5038
20 21 -34.5038
21 21 -34.5038
22 21 -34.5038
23 21 -34.5038
24 21 -34.5038
25 21 -34.5038
26 21 -34.5038
27 21 -34.5038
28 21 -6.13083
29 21 -5.60913
30 21 -5.50249
31 21 -5.48167
32 21 -4.63236
33 21 -5.38258
34 21 -3.62007
35 21 -2.80556
36 21 -2.0152
37 21 -2.00883
38 21 -1.96674
39 21 -1.71301
40 21 -1.34529
41 21 -1.05006
42 21 -0.751863
43 21 -0.524938
44 21 -0.509649
45 21 -0.558876
46 21 -0.649002
47 21 -0.756481
48 21 -0.940962
49 21 -1.16258
50 21 -1.16084
51 21 -0.562194
52 21 0.186257
53 21 0.520001
54 21 0.818178
55 21 1.06368
56 21 1.2893
57 21 1.42955
58 21 1.78483
59 21 2.27249
60 21 3.13783
61 21 3.89229
62 21 4.63158
63 21 5.1974
64 21 5.50726
65 21 5.74368
66 21 6.11654
67 21 6.43338
68 21 6.62765
69 21 6.8717
70 21 7.06973
71 21 7.33524
72 21 7.64255
73 21 7.79229
74 21 7.95528
75 21 8.1239
76 21 8.06165
77 21 7.62898
78 21 7.44289
79 21 7.46419
80 21 7.46912
81 21 7.24045
82 21 6.86288
83 21 6.74245
84 21 6.56623
85 21 6.07233
86 21 5.28875
87 21 4.48751
88 21 3.94582
89 21 3.56545
90 21 3.21055
91 21 2.36857
92 21 1.6149
93 21 0.829805
94 21 0.236182
95 21 -0.31216
96 21 -0.880058
97 21 -1.92523
98 21 -2.59919
99 21 -2.67418
100 21 -2.59341
101 21 -2.4827
102 21 -2.43102
103 21 -2.42932
104 21 -2.67351
105 21 -2.83947
106 21 -3.69055
107 21 -34.5038
108 21 -34.5038
109 21 -34.5038
110 21 -34.5038
111 21 -34.5038
112 21 -34.5038
113 21 -34.5038
114 21 -34.5038
115 21 -34.5038
116 21 -34.5038
117 21 -34.5038
118 21 -34.5038
119 21 -34.5038
0 22 -34.5038
1 22 -34.5038
2 22 -34.5038
3 22 -34.5038
4 22 -34.5038
5 22 -34.5038
6 22 -34.5038
7 22 -34.5038
8 22 -34.5038
9 22 -34.5038
10 22 -34.5038
11 22 -34.5038
12 22 -34.5038
13 22 -34.5038
14 22 -34.5038
15 22 -34.5038
16 22 -34.5038
17 22 -34.5038
18 22 -34.5038
19 22 -34.5038
20 22 -34.5038
21 22 -34.5038
22 22 -34.5038
23 22 -34.5038
24 22 -34.5038
25 22 -34.5038
26 22 -34.5038
27 22 -34.5038
28 22 -34.5038
29 22 -6.81215
30 22 -6.29642
31 22 -6.00761
32 22 -5.57631
33 22 -5.46554
34 22 -4.88375
35 22 -4.58444
36 22 -4.88075
37 22 -3.53204
38 22 -2.53622
39 22 -2.21258
40 22 -1.66282
41 22 -1.24575
42 22 -0.858223
43 22 -0.570887
44 22 -0.519638
45 22 -0.575564
46 22 -0.670645
47 22 -0.793696
48 22 -1.01074
49 22 -1.28117
50 22 -1.49355
51 22 -1.64566
52 22 -1.34822
53 22 -0.924388
54 22 -0.695205
55 22 -0.586868
56 22 -0.0941924
57 22 0.555962
58 22 1.38815
59 22 2.30115
60 22 3.30991
61 22 4.23698
62 22 5.03522
63 22 5.62978
64 22 5.87815
65 22 5.96854
66 22 6.28354
67 22 6.6635
68 22 6.92368
69 22 7.14869
70 22 7.33027
71 22 7.59832
72 22 7.80798
73 22 7.82715
74 22 7.94687
75 22 8.09197
76 22 8.08756
77 22 7.79389
78 22 7.42971
79 22 7.42226
80 22 7.40401
81 22 7.29991
82 22 6.99991
83 22 6.91685
84 22 6.83692
85 22 6.46774
86 22 5.67683
87 22 4.83042
88 22 4.23932
89 22 3.94691
90 22 3.70281
91 22 3.23261
92 22 2.1829
93 22 1.2401
94 22 0.520812
95 22 -0.0318689
96 22 -0.578099
97 22 -1.19452
98 22 -2.25824
99 22 -2.61445
100 22 -2.58653
101 22 -2.51085
102 22 -2.44402
103 22 -2.425
104 22 -2.47502
105 22 -2.60099
106 22 -3.03619
107 22 -3.81734
108 22 -34.5038
109 22 -34.5038
110 22 -34.5038
111 22 -34.5038
112 22 -34.5038
113 22 -34.5038
114 22 -34.5038
115 22 -34.5038
116 22 -34.5038
117 22 -34.5038
118 22 -34.5038
119 22 -34.5038
0 23 -34.5038
1 23 -34.5038
2 23 -34.5038
3 23 -34.5038
4 23 -34.5038
5 23 -34.5038
6 23 -34.5038
7 23 -34.5038
8 23 -34.5038
9 23 -34.5038
10 23 -34.5038
11 23 -34.5038
12 23 -34.5038
13 23 -34.5038
14 23 -34.5038
15 23 -34.5038
16 23 -34.5038
17 23 -34.5038
18 23 -34.5038
19 23 -34.5038
20 23 -34.5038
21 23 -34.5038
22 23 -34.5038
23 23 -34.5038
24 23 -34.5038
25 23 -34.5038
26 23 -34.5038
27 23 -34.5038
28 23 -34.5038
29 23 -34.5038
30 23 -7.64296
31 23 -6.95467
32 23 -6.54464
33 23 -6.22526
34 23 -6.04448
35 23 -5.82996
36 23 -5.61083
37 23 -5.22866
38 23 -3.62892
39 23 -2.60146
40 23 -1.86325
41 23 -1.358
42 23 -0.908494
43 23 -0.556786
44 23 -0.488373
45 23 -0.553097
46 23 -0.656152
47 23 -0.786563
48 23 -1.03612
49 23 -1.35155
50 23 -1.63903
51 23 -1.98337
52 23 -2.10801
53 23 -1.98219
54 23 -1.77656
55 23 -1.37099
56 23 -0.584409
57 23 0.31351
58 23 1.369
59 23 2.49209
60 23 3.52228
61 23 4.47197
62 23 5.31311
63 23 5.95701
64 23 6.15499
65 23 6.18175
66 23 6.49478
67 23 6.95932
68 23 7.27052
69 23 7.49068
70 23 7.69181
71 23 7.84668
72 23 7.88023
73 23 7.83148
74 23 7.84846
75 23 8.00611
76 23 8.07401
77 23 7.91462
78 23 7.52729
79 23 7.39535
80 23 7.35932
81 23 7.29471
82 23 7.07905
83 23 6.96576
84 23 6.89997
85 23 6.68335
86 23 5.97723
87 23 5.09777
88 23 4.46371
89 23 4.21115
90 23 4.04466
91 23 3.67135
92 23 2.86553
93 23 1.78216
94 23 0.884432
95 23 0.380481
96 23 -0.246079
97 23 -0.714473
98 23 -1.7208
99 23 -2.53151
100 23 -2.65408
101 23 -2.61723
102 23 -2.57738
103 23 -2.53028
104 23 -2.51023
105 23 -2.5725
106 23 -2.81925
107 23 -3.34702
108 23 -4.31692
109 23 -5.0323
110 23 -34.5038
111 23 -34.5038
112 23 -34.5038
113 23 -34.5038
114 23 -34.5038
115 23 -34.5038
116 23 -34.5038
117 23 -34.5038
118 23 -34.5038
119 23 -34.5038
0 24 -34.5038
1 24 -34.5038
2 24 -34.5038
3 24 -34.5038
4 24 -34.5038
5 24 -34.5038
6 24 -34.5038
7 24 -34.5038
8 24 -34.5038
9 24 -34.5038
10 24 -34.5038
11 24 -34.5038
12 24 -34.5038
13 24 -34.5038
14 24 -34.5038
15 24 -34.5038
16 24 -34.5038
17 24 -34.5038
18 24 -34.5038
19 24 -34.5038
20 24 -34.5038
21 24 -34.5038
22 24 -34.5038
23 24 -34.5038
24 24 -34.5038
25 24 -34.5038
26 24 -34.5038
27 24 -34.5038
28 24 -34.5038
29 24 -34.5038
30 24 -34.5038
31 24 -9.05133
32 24 -7.98229
33 24 -7.28078
34 24 -7.4668
35 24 -7.10969
36 24 -6.47901
37 24 -5.66061
38 24 -4.61568
39 24 -3.09172
40 24 -2.04328
41 24 -1.37212
42 24 -0.883885
43 24 -0.523317
44 24 -0.409159
45 24 -0.47303
46 24 -0.58639
47 24 -0.725533
48 24 -0.95923
49 24 -1.3046
50 24 -1.67213
51 24 -2.0433
52 24 -2.26952
53 24 -2.40179
54 24 -2.37261
55 24 -1.85992
56 24 -0.953034
57 24 0.221822
58 24 1.37659
59 24 2.60041
60 24 3.70341
61 24 4.70091
62 24 5.58269
63 24 6.21282
64 24 6.37302
65 24 6.4508
66 24 6.87039
67 24 7.38767
68 24 7.68738
69 24 7.97032
70 24 8.14262
71 24 8.12835
72 24 7.98403
73 24 7.83397
74 24 7.79375
75 24 7.91313
76 24 8.03872
77 24 8.07117
78 24 7.84986
79 24 7.67312
80 24 7.55244
81 24 7.41768
82 24 7.19299
83 24 6.9851
84 24 6.87915
85 24 6.72252
86 24 6.07941
87 24 5.24783
88 24 4.61863
89 24 4.38967
90 24 4.26148
91 24 3.97397
92 24 3.30262
93 24 2.2622
94 24 1.32554
95 24 0.773375
96 24 0.110671
97 24 -0.393149
98 24 -1.1614
99 24 -2.22371
100 24 -2.72406
101 24 -2.72662
102 24 -2.6945
103 24 -2.6459
104 24 -2.64737
105 24 -2.67548
106 24 -2.79479
107 24 -3.15797
108 24 -3.94394
109 24 -4.44264
110 24 -5.37001
111 24 -34.5038
112 24 -34.5038
113 24 -34.5038
114 24 -34.5038
115 24 -34.5038
116 24 -34.5038
117 24 -34.5038
118 24 -34.5038
119 24 -34.5038
0 25 -34.5038
1 25 -34.5038
2 25 -34.5038
3 25 -34.5038
4 25 -34.5038
5 25 -34.5038
6 25 -34.5038
7 25 -34.5038
8 25 -34.5038
9 25 -34.5038
10 25 -34.5038
11 25 -34.5038
12 25 -34.5038
13 25 -34.5038
14 25 -34.5038
15 25 -34.5038
16 25 -34.5038
17 25 -34.5038
18 25 -34.5038
19 25 -34.5038
20 25 -34.5038
21 25 -34.5038
22 25 -34.5038
23 25 -34.5038
24 25 -34.5038
25 25 -34.5038
26 25 -34.5038
27 25 -34.5038
28 25 -34.5038
29 25 -34.5038
30 25 -34.5038
31 25 -34.5038
32 25 -34.5038
33 25 -13.0591
34 25 -9.92106
35 25 -8.66343
36 25 -7.37878
37 25 -6.12708
38 25 -5.08427
39 25 -3.35307
40 25 -2.15516
41 25 -1.33517
42 25 -0.789457
43 25 -0.423797
44 25 -0.263203
45 25 -0.298835
46 25 -0.399631
47 25 -0.570853
48 25 -0.825672
49 25 -1.20693
50 25 -1.58866
51 25 -1.97611
52 25 -2.31578
53 25 -2.55313
54 25 -2.59792
55 25 -2.1298
56 25 -1.09038
57 25 0.176337
58 25 1.37812
59 25 2.63952
60 25 3.84747
61 25 4.90849
62 25 5.8678
63 25 6.41197
64 25 6.61699
65 25 6.83003
66 25 7.3694
67 25 7.81924
68 25 8.13011
69 25 8.45794
70 25 8.52514
71 25 8.48217
72 25 8.28021
73 25 7.9474
74 25 7.89141
75 25 8.11854
76 25 8.3409
77 25 8.39258
78 25 8.33601
79 25 8.18899
80 25 8.02106
81 25 7.73563
82 25 7.38593
83 25 7.1123
84 25 6.85303
85 25 6.62724
86 25 5.99864
87 25 5.24915
88 25 4.70391
89 25 4.47785
90 25 4.37494
91 25 4.14481
92 25 3.6019
93 25 2.65093
94 25 1.69061
95 25 1.10918
96 25 0.42879
97 25 -0.102194
98 25 -0.717105
99 25 -1.67149
100 25 -2.69014
101 25 -2.84251
102 25 -2.8227
103 25 -2.75865
104 25 -2.75789
105 25 -2.77583
106 25 -2.81415
107 25 -2.96194
108 25 -3.42919
109 25 -4.06066
110 25 -4.69361
111 25 -34.5038
112 25 -34.5038
113 25 -34.5038
114 25 -34.5038
115 25 -34.5038
116 25 -34.5038
117 25 -34.5038
118 25 -34.5038
119 25 -34.5038
0 26 -34.5038
1 26 -34.5038
2 26 -34.5038
3 26 -34.5038
4 26 -34.5038
5 26 -34.5038
6 26 -34.5038
7 26 -34.5038
8 26 -34.5038
9 26 -34.5038
10 26 -34.5038
11 26 -34.5038
12 26 -34.5038
13 26 -34.5038
14 26 -34.5038
15 26 -34.5038
16 26 -34.5038
17 26 -34.5038
18 26 -34.5038
19 26 -34.5038
20 26 -34.5038
21 26 -34.5038
22 26 -34.5038
23 26 -34.5038
24 26 -34.5038
25 26 -34.5038
26 26 -34.5038
27 26 -34.5038
28 26 -34.5038
29 26 -34.5038
30 26 -34.5038
31 26 -34.5038
32 26 -34.5038
33 26 -34.5038
34 26 -34.5038
35 26 -34.5038
36 26 -8.16714
37 26 -6.40235
38 26 -5.29409
39 26 -3.40133
40 26 -2.20182
41 26 -1.26876
42 26 -0.67327
43 26 -0.285007
44 26 -0.100156
45 26 -0.124164
46 26 -0.205503
47 26 -0.384539
48 26 -0.653644
49 26 -1.04985
50 26 -1.48096
51 26 -1.88646
52 26 -2.26789
53 26 -2.61479
54 26 -2.66737
55 26 -2.22362
56 26 -1.17736
57 26 0.14478
58 26 1.34768
59 26 2.65076
60 26 3.89791
61 26 5.09559
62 26 6.11452
63 26 6.66922
64 26 6.95731
65 26 7.27554
66 26 7.86107
67 26 8.19332
68 26 8.52996
69 26 8.78847
70 26 8.81935
71 26 8.80458
72 26 8.62038
73 26 8.25769
74 26 8.22398
75 26 8.55866
76 26 8.75704
77 26 8.76922
78 26 8.75093
79 26 8.63916
80 26 8.43483
81 26 8.14985
82 26 7.72218
83 26 7.34369
84 26 6.89716
85 26 6.51614
86 26 5.85356
87 26 5.23021
88 26 4.7942
89 26 4.54446
90 26 4.40072
91 26 4.22921
92 26 3.76161
93 26 2.90007
94 26 1.92087
95 26 1.40894
96 26 0.7142
97 26 0.107135
98 26 -0.444069
99 26 -1.14679
100 26 -2.27391
101 26 -2.97901
102 26 -2.97197
103 26 -2.87748
104 26 -2.84971
105 26 -2.85581
106 26 -2.8689
107 26 -2.92315
108 26 -3.23703
109 26 -3.83621
110 26 -4.45727
111 26 -5.16436
112 26 -34.5038
113 26 -34.5038
114 26 -34.5038
115 26 -34.5038
116 26 -34.5038
117 26 -34.5038
118 26 -34.5038
119 26 -34.5038
0 27 -34.5038
1 27 -34.5038
2 27 -34.5038
3 27 -34.5038
4 27 -34.5038
5 27 -34.5038
6 27 -34.5038
7 27 -34.5038
8 27 -34.5038
9 27 -34.5038
10 27 -34.5038
11 27 -34.5038
12 27 -34.5038
13 27 -34.5038
14 27 -34.5038
15 27 -34.5038
16 27 -34.5038
17 27 -34.5038
18 27 -34.5038
19 27 -34.5038
20 27 -34.5038
21 27 -34.5038
22 27 -34.5038
23 27 -34.5038
24 27 -34.5038
25 27 -34.5038
26 27 -34.5038
27 27 -34.5038
28 27 -34.5038
29 27 -34.5038
30 27 -34.5038
31 27 -34.5038
32 27 -34.5038
33 27 -34.5038
34 27 -34.5038
35 27 -34.5038
36 27 -34.5038
37 27 -6.56044
38 27 -5.2878
39 27 -3.37063
40 27 -2.1646
41 27 -1.19624
42 27 -0.569192
43 27 -0.150436
44 27 0.0102824
45 27 0.00518894
46 27 -0.0166978
47 27 -0.167497
48 27 -0.466953
49 27 -0.837655
50 27 -1.28592
51 27 -1.72299
52 27 -2.16414
53 27 -2.556
54 27 -2.67607
55 27 -2.29236
56 27 -1.20708
57 27 0.132859
58 27 1.32878
59 27 2.65911
60 27 3.93117
61 27 5.27843
62 27 6.3049
63 27 6.94682
64 27 7.33752
65 27 7.66787
66 27 8.15859
67 27 8.43235
68 27 8.77011
69 27 8.94176
70 27 8.95891
71 27 8.95924
72 27 8.83785
73 27 8.59436
74 27 8.58951
75 27 8.88891
76 27 8.99898
77 27 8.96596
78 27 8.93976
79 27 8.86589
80 27 8.69691
81 27 8.43424
82 27 8.04305
83 27 7.69572
84 27 7.10935
85 27 6.4787
86 27 5.81385
87 27 5.33295
88 27 4.95051
89 27 4.61773
90 27 4.38754
91 27 4.21157
92 27 3.81241
93 27 3.02739
94 27 2.08685
95 27 1.57695
96 27 0.984037
97 27 0.250609
98 27 -0.291148
99 27 -0.835367
100 27 -1.73094
101 27 -2.90665
102 27 -3.15435
103 27 -3.05765
104 27 -2.93583
105 27 -2.9288
106 27 -2.94873
107 27 -2.97952
108 27 -3.16197
109 27 -3.70362
110 27 -4.26978
111 27 -4.80186
112 27 -5.5067
113 27 -34.5038
114 27 -34.5038
115 27 -34.5038
116 27 -34.5038
117 27 -34.5038
118 27 -34.5038
119 27 -34.5038
0 28 -34.5038
1 28 -34.5038
2 28 -34.5038
3 28 -34.5038
4 28 -34.5038
5 28 -34.5038
6 28 -34.5038
7 28 -34.5038
8 28 -34.5038
9 28 -34.5038
10 28 -34.5038
11 28 -34.5038
12 28 -34.5038
13 28 -34.5038
14 28 -34.5038
15 28 -34.5038
16 28 -34.5038
17 28 -34.5038
18 28 -34.5038
19 28 -34.5038
20 28 -34.5038
21 28 -34.5038
22 28 -34.5038
23 28 -34.5038
24 28 -34.5038
25 28 -34.5038
26 28 -34.5038
27 28 -34.5038
28 28 -34.5038
29 28 -34.5038
30 28 -34.5038
31 28 -34.5038
32 28 -34.5038
33 28 -34.5038
34 28 -34.5038
35 28 -34.5038
36 28 -34.5038
37 28 -6.77798
38 28 -5.12218
39 28 -3.22205
40 28 -2.0617
41 28 -1.10057
42 28 -0.46774
43 28 -0.0340165
44 28 0.160565
45 28 0.240297
46 28 0.25563
47 28 0.100373
48 28 -0.229756
49 28 -0.628418
50 28 -1.11385
51 28 -1.5878
52 28 -2.03933
53 28 -2.4552
54 28 -2.65651
55 28 -2.27233
56 28 -1.18402
57 28 0.136599
58 28 1.34344
59 28 2.72888
60 28 4.04001
61 28 5.42958
62 28 6.43041
63 28 7.13689
64 28 7.56004
65 28 7.87911
66 28 8.27223
67 28 8.5548
68 28 8.82344
69 28 8.94704
70 28 8.96878
71 28 8.94076
72 28 8.88164
73 28 8.78878
74 28 8.81543
75 28 8.99493
76 28 9.00825
77 28 8.96602
78 28 8.93124
79 28 8.87697
80 28 8.78541
81 28 8.56154
82 28 8.22611
83 28 7.92488
84 28 7.46866
85 28 6.60487
86 28 5.99578
87 28 5.58938
88 28 5.17304
89 28 4.7377
90 28 4.34204
91 28 4.09054
92 28 3.7332
93 28 3.06407
94 28 2.1565
95 28 1.68309
96 28 1.2396
97 28 0.345809
98 28 -0.203065
99 28 -0.656951
100 28 -1.39345
101 28 -2.59739
102 28 -3.32451
103 28 -3.35796
104 28 -3.14275
105 28 -3.0455
106 28 -3.01768
107 28 -3.05694
108 28 -3.20017
109 28 -3.61369
110 28 -4.15226
111 28 -4.70354
112 28 -5.18171
113 28 -34.5038
114 28 -34.5038
115 28 -34.5038
116 28 -34.5038
117 28 -34.5038
118 28 -34.5038
119 28 -34.5038
0 29 -34.5038
1 29 -34.5038
2 29 -34.5038
3 29 -34.5038
4 29 -34.5038
5 29 -34.5038
6 29 -34.5038
7 29 -34.5038
8 29 -34.5038
9 29 -34.5038
10 29 -34.5038
11 29 -34.5038
12 29 -34.5038
13 29 -34.5038
14 29 -34.5038
15 29 -34.5038
16 29 -34.5038
17 29 -34.5038
18 29 -34.5038
19 29 -34.5038
20 29 -34.5038
21 29 -34.5038
22 29 -34.5038
23 29 -34.5038
24 29 -34.5038
25 29 -34.5038
26 29 -34.5038
27 29 -34.5038
28 29 -34.5038
29 29 -34.5038
30 29 -34.5038
31 29 -34.5038
32 29 -34.5038
33 29 -34.5038
34 29 -34.5038
35 29 -34.5038
36 29 -34.5038
37 29 -6.97118
38 29 -4.73154
39 29 -2.99513
40 29 -1.89961
41 29 -0.99019
42 29 -0.355737
43 29 0.138335
44 29 0.416565
45 29 0.52268
46 29 0.495076
47 29 0.320441
48 29 0.0237916
49 29 -0.420814
50 29 -0.997262
51 29 -1.51282
52 29 -1.9556
53 29 -2.33464
54 29 -2.55904
55 29 -2.22694
56 29 -1.10223
57 29 0.186239
58 29 1.39957
59 29 2.83501
60 29 4.26679
61 29 5.64077
62 29 6.58995
63 29 7.29596
64 29 7.68079
65 29 7.87673
66 29 8.20134
67 29 8.52095
68 29 8.76506
69 29 8.88608
70 29 8.91411
71 29 8.89146
72 29 8.86994
73 29 8.85384
74 29 8.90676
75 29 8.95604
76 29 8.92823
77 29 8.88264
78 29 8.83387
79 29 8.78467
80 29 8.72165
81 29 8.53926
82 29 8.24822
83 29 8.00003
84 29 7.59153
85 29 6.84015
86 29 6.24719
87 29 5.91313
88 29 5.42886
89 29 4.87634
90 29 4.34518
91 29 3.91004
92 29 3.57243
93 29 3.01047
94 29 2.13136
95 29 1.69906
96 29 1.28606
97 29 0.459823
98 29 -0.161904
99 29 -0.556869
100 29 -1.15464
101 29 -2.15979
102 29 -3.44557
103 29 -3.70521
104 29 -3.51158
105 29 -3.32382
106 29 -3.17989
107 29 -3.18019
108 29 -3.29996
109 29 -3.6134
110 29 -4.07015
111 29 -4.55954
112 29 -5.20711
113 29 -34.5038
114 29 -34.5038
115 29 -34.5038
116 29 -34.5038
117 29 -34.5038
118 29 -34.5038
119 29 -34.5038
0 30 -34.5038
1 30 -34.5038
2 30 -34.5038
3 30 -34.5038
4 30 -34.5038
5 30 -34.5038
6 30 -34.5038
7 30 -34.5038
8 30 -34.5038
9 30 -34.5038
10 30 -34.5038
11 30 -34.5038
12 30 -34.5038
13 30 -34.5038
14 30 -34.5038
15 30 -34.5038
16 30 -34.5038
17 30 -34.5038
18 30 -34.5038
19 30 -34.5038
20 30 -34.5038
21 30 -34.5038
22 30 -34.5038
23 30 -34.5038
24 30 -34.5038
25 30 -34.5038
26 30 -34.5038
27 30 -34.5038
28 30 -34.5038
29 30 -34.5038
30 30 -34.5038
31 30 -34.5038
32 30 -34.5038
33 30 -34.5038
34 30 -34.5038
35 30 -34.5038
36 30 -6.73617
37 30 -5.8574
38 30 -3.89415
39 30 -2.67603
40 30 -1.707
41 30 -0.879018
42 30 -0.21724
43 30 0.283944
44 30 0.570202
45 30 0.626991
46 30 0.574205
47 30 0.446676
48 30 0.195541
49 30 -0.235994
50 30 -0.859662
51 30 -1.45611
52 30 -1.88655
53 30 -2.24077
54 30 -2.48536
55 30 -2.16181
56 30 -1.03297
57 30 0.296137
58 30 1.59757
59 30 3.12263
60 30 4.68271
61 30 5.99906
62 30 6.82115
63 30 7.47717
64 30 7.76501
65 30 7.82726
66 30 8.01697
67 30 8.39297
68 30 8.66271
69 30 8.80285
70 30 8.8401
71 30 8.84101
72 30 8.83585
73 30 8.84692
74 30 8.88523
75 30 8.88635
76 30 8.85685
77 30 8.80245
78 30 8.73693
79 30 8.67551
80 30 8.59481
81 30 8.4081
82 30 8.15611
83 30 7.96081
84 30 7.60033
85 30 6.97968
86 30 6.48031
87 30 6.19427
88 30 5.65721
89 30 5.01717
90 30 4.46542
91 30 3.84889
92 30 3.37618
93 30 2.81986
94 30 2.07415
95 30 1.66063
96 30 1.24695
97 30 0.568491
98 30 -0.14223
99 30 -0.548232
100 30 -1.04065
101 30 -1.96538
102 30 -3.32852
103 30 -3.97515
104 30 -3.93801
105 30 -3.67963
106 30 -3.46319
107 30 -3.39335
108 30 -3.48506
109 30 -3.71381
110 30 -4.06884
111 30 -4.54426
112 30 -5.18117
113 30 -5.83506
114 30 -34.5038
115 30 -34.5038
116 30 -34.5038
117 30 -34.5038
118 30 -34.5038
119 30 -34.5038
0 31 -34.5038
1 31 -34.5038
2 31 -34.5038
3 31 -34.5038
4 31 -34.5038
5 31 -34.5038
6 31 -34.5038
7 31 -34.5038
8 31 -34.5038
9 31 -34.5038
10 31 -34.5038
11 31 -34.5038
12 31 -34.5038
13 31 -34.5038
14 31 -34.5038
15 31 -34.5038
16 31 -34.5038
17 31 -34.5038
18 31 -34.5038
19 31 -34.5038
20 31 -34.5038
21 31 -34.5038
22 31 -34.5038
23 31 -34.5038
24 31 -34.5038
25 31 -34.5038
26 31 -34.5038
27 31 -34.5038
28 31 -34.5038
29 31 -34.5038
30 31 -34.5038
31 31 -34.5038
32 31 -34.5038
33 31 -7.4433
34 31 -6.29525
35 31 -5.71569
36 31 -5.34143
37 31 -4.58827
38 31 -3.36409
39 31 -2.4369
40 31 -1.54393
41 31 -0.773541
42 31 -0.120907
43 31 0.384914
44 31 0.62049
45 31 0.646296
46 31 0.574986
47 31 0.482171
48 31 0.280138
49 31 -0.126828
50 31 -0.74462
51 31 -1.34748
52 31 -1.81355
53 31 -2.18279
54 31 -2.36601
55 31 -1.99936
56 31 -0.883002
57 31 0.547555
58 31 2.00914
59 31 3.63358
60 31 5.21078
61 31 6.40928
62 31 7.104
63 31 7.68899
64 31 7.88941
65 31 7.82259
66 31 7.87068
67 31 8.20561
68 31 8.54174
69 31 8.68871
70 31 8.74213
71 31 8.78816
72 31 8.81303
73 31 8.83049
74 31 8.85368
75 31 8.84727
76 31 8.79827
77 31 8.72124
78 31 8.63591
79 31 8.55609
80 31 8.44987
81 31 8.2687
82 31 8.0481
83 31 7.90732
84 31 7.6005
85 31 7.10599
86 31 6.72163
87 31 6.40018
88 31 5.79455
89 31 5.10369
90 31 4.55964
91 31 3.93653
92 31 3.28781
93 31 2.66344
94 31 2.00785
95 31 1.57606
96 31 1.16539
97 31 0.584428
98 31 -0.158055
99 31 -0.605268
100 31 -1.03128
101 31 -1.82564
102 31 -3.04882
103 31 -4.19552
104 31 -4.35968
105 31 -4.10479
106 31 -3.85589
107 31 -3.71718
108 31 -3.74965
109 31 -3.90287
110 31 -4.18964
111 31 -4.61985
112 31 -5.22197
113 31 -5.69269
114 31 -34.5038
115 31 -34.5038
116 31 -34.5038
117 31 -34.5038
118 31 -34.5038
119 31 -34.5038
0 32 -34.5038
1 32 -34.5038
2 32 -34.5038
3 32 -34.5038
4 32 -34.5038
5 32 -34.5038
6 32 -34.5038
7 32 -34.5038
8 32 -34.5038
9 32 -34.5038
10 32 -34.5038
11 32 -34.5038
12 32 -34.5038
13 32 -34.5038
14 32 -34.5038
15 32 -34.5038
16 32 -34.5038
17 32 -34.5038
18 32 -34.5038
19 32 -34.5038
20 32 -34.5038
21 32 -34.5038
22 32 -34.5038
23 32 -34.5038
24 32 -34.5038
25 32 -34.5038
26 32 -34.5038
27 32 -34.5038
28 32 -34.5038
29 32 -34.5038
30 32 -7.09601
31 32 -6.20564
32 32 -5.65232
33 32 -5.18292
34 32 -4.67418
35 32 -4.25436
36 32 -3.97675
37 32 -3.56283
38 32 -2.81188
39 32 -2.1411
40 32 -1.34147
41 32 -0.661233
42 32 -0.0628357
43 32 0.394644
44 32 0.61674
45 32 0.66123
46 32 0.569115
47 32 0.459751
48 32 0.293612
49 32 -0.0930874
50 32 -0.641748
51 32 -1.22313
52 32 -1.70868
53 32 -2.06585
54 32 -2.20033
55 32 -1.79786
56 32 -0.591364
57 32 0.955458
58 32 2.54182
59 32 4.18842
60 32 5.76602
61 32 6.78262
62 32 7.39248
63 32 7.89847
64 32 8.10933
65 32 7.88008
66 32 7.81007
67 32 8.10085
68 32 8.44588
69 32 8.59424
70 32 8.69015
71 32 8.76797
72 32 8.8305
73 32 8.86667
74 32 8.89392
75 32 8.85895
76 32 8.78422
77 32 8.66367
78 32 8.54036
79 32 8.4496
80 32 8.34077
81 32 8.18491
82 32 8.00119
83 32 7.88031
84 32 7.62372
85 32 7.21415
86 32 6.84053
87 32 6.42982
88 32 5.85888
89 32 5.20142
90 32 4.67648
91 32 4.06884
92 32 3.31936
93 32 2.5402
94 32 1.91823
95 32 1.46434
96 32 1.04787
97 32 0.515152
98 32 -0.201662
99 32 -0.690581
100 32 -1.11155
101 32 -1.76785
102 32 -2.90129
103 32 -4.29169
104 32 -4.71398
105 32 -4.55318
106 32 -4.26081
107 32 -4.07129
108 32 -4.04392
109 32 -4.16324
110 32 -4.41975
111 32 -4.80137
112 32 -5.38002
113 32 -5.71045
114 32 -34.5038
115 32 -34.5038
116 32 -34.5038
117 32 -34.5038
118 32 -34.5038
119 32 -34.5038
0 33 -34.5038
1 33 -34.5038
2 33 -34.5038
3 33 -34.5038
4 33 -34.5038
5 33 -34.5038
6 33 -34.5038
7 33 -34.5038
8 33 -34.5038
9 33 -34.5038
10 33 -34.5038
11 33 -34.5038
12 33 -34.5038
13 33 -34.5038
14 33 -34.5038
15 33 -34.5038
16 33 -34.5038
17 33 -34.5038
18 33 -34.5038
19 33 -34.5038
20 33 -34.5038
21 33 -34.5038
22 33 -34.5038
23 33 -34.5038
24 33 -34.5038
25 33 -34.5038
26 33 -34.5038
27 33 -8.2247
28 33 -6.69584
29 33 -5.90054
30 33 -5.27596
31 33 -4.66469
32 33 -4.18538
33 33 -3.84866
34 33 -3.50092
35 33 -3.14163
36 33 -2.93135
37 33 -2.6797
38 33 -2.34379
39 33 -1.71009
40 33 -1.04659
41 33 -0.486371
42 33 -0.00106494
43 33 0.403494
44 33 0.635856
45 33 0.663097
46 33 0.542508
47 33 0.419965
48 33 0.283194
49 33 -0.038883
50 33 -0.51294
51 33 -1.08037
52 33 -1.59606
53 33 -1.92682
54 33 -2.02844
55 33 -1.58531
56 33 -0.224876
57 33 1.42768
58 33 3.06742
59 33 4.72803
60 33 6.20209
61 33 7.03563
62 33 7.58844
63 33 8.0507
64 33 8.21211
65 33 7.99658
66 33 7.84502
67 33 8.20703
68 33 8.50968
69 33 8.72028
70 33 8.89856
71 33 9.02205
72 33 9.11737
73 33 9.13492
74 33 9.11868
75 33 8.99404
76 33 8.83033
77 33 8.67594
78 33 8.45556
79 33 8.36118
80 33 8.26523
81 33 8.17801
82 33 8.06557
83 33 7.91622
84 33 7.65982
85 33 7.28152
86 33 6.85033
87 33 6.37435
88 33 5.86909
89 33 5.34119
90 33 4.79933
91 33 4.16333
92 33 3.51831
93 33 2.56534
94 33 1.84355
95 33 1.31898
96 33 0.878322
97 33 0.338843
98 33 -0.274054
99 33 -0.789848
100 33 -1.26138
101 33 -1.87867
102 33 -2.94388
103 33 -4.35259
104 33 -5.00191
105 33 -4.9594
106 33 -4.66142
107 33 -4.45394
108 33 -4.39776
109 33 -4.48783
110 33 -4.71837
111 33 -5.08427
112 33 -5.61255
113 33 -5.9101
114 33 -34.5038
115 33 -34.5038
116 33 -34.5038
117 33 -34.5038
118 33 -34.5038
119 33 -34.5038
0 34 -34.5038
1 34 -34.5038
2 34 -34.5038
3 34 -34.5038
4 34 -34.5038
5 34 -34.5038
6 34 -34.5038
7 34 -34.5038
8 34 -34.5038
9 34 -34.5038
10 34 -34.5038
11 34 -34.5038
12 34 -34.5038
13 34 -34.5038
14 34 -34.5038
15 34 -34.5038
16 34 -34.5038
17 34 -34.5038
18 34 -34.5038
19 34 -34.5038
20 34 -34.5038
21 34 -34.5038
22 34 -34.5038
23 34 -34.5038
24 34 -34.5038
25 34 -34.5038
26 34 -7.46037
27 34 -6.31715
28 34 -5.31002
29 34 -4.54373
30 34 -4.049
31 34 -3.62834
32 34 -3.24405
33 34 -2.88891
34 34 -2.58941
35 34 -2.34564
36 34 -2.22833
37 34 -2.16824
38 34 -1.90066
39 34 -1.27344
40 34 -0.701289
41 34 -0.235242
42 34 0.185251
43 34 0.505663
44 34 0.673884
45 34 0.621963
46 34 0.489699
47 34 0.373376
48 34 0.253549
49 34 0.0347437
50 34 -0.392038
51 34 -0.96401
52 34 -1.48905
53 34 -1.81006
54 34 -1.84189
55 34 -1.32588
56 34 0.212106
57 34 1.89151
58 34 3.58227
59 34 5.17831
60 34 6.48028
61 34 7.20944
62 34 7.74453
63 34 8.16308
64 34 8.24761
65 34 8.04028
66 34 7.98666
67 34 8.4158
68 34 8.74237
69 34 9.02789
70 34 9.27873
71 34 9.44868
72 34 9.54875
73 34 9.54582
74 34 9.47822
75 34 9.27889
76 34 9.03535
77 34 8.7957
78 34 8.48734
79 34 8.29286
80 34 8.24504
81 34 8.23003
82 34 8.15932
83 34 7.98617
84 34 7.68866
85 34 7.2824
86 34 6.79854
87 34 6.34496
88 34 5.93534
89 34 5.40889
90 34 4.82181
91 34 4.20831
92 34 3.66168
93 34 2.86196
94 34 1.86235
95 34 1.20412
96 34 0.686138
97 34 0.128525
98 34 -0.345652
99 34 -0.87767
100 34 -1.4367
101 34 -2.06083
102 34 -3.04778
103 34 -4.39312
104 34 -5.25498
105 34 -5.37341
106 34 -5.08808
107 34 -4.86339
108 34 -4.77251
109 34 -4.86433
110 34 -5.08581
111 34 -5.4285
112 34 -5.91374
113 34 -6.16641
114 34 -34.5038
115 34 -34.5038
116 34 -34.5038
117 34 -34.5038
118 34 -34.5038
119 34 -34.5038
0 35 -34.5038
1 35 -34.5038
2 35 -34.5038
3 35 -34.5038
4 35 -34.5038
5 35 -34.5038
6 35 -34.5038
7 35 -34.5038
8 35 -34.5038
9 35 -34.5038
10 35 -34.5038
11 35 -34.5038
12 35 -34.5038
13 35 -34.5038
14 35 -34.5038
15 35 -34.5038
16 35 -34.5038
17 35 -34.5038
18 35 -34.5038
19 35 -34.5038
20 35 -34.5038
21 35 -34.5038
22 35 -34.5038
23 35 -34.5038
24 35 -34.5038
25 35 -7.23532
26 35 -5.93874
27 35 -4.95958
28 35 -4.22641
29 35 -3.66183
30 35 -3.25369
31 35 -2.88802
32 35 -2.48936
33 35 -2.17606
34 35 -1.99249
35 35 -1.87237
36 35 -1.82578
37 35 -1.81059
38 35 -1.55378
39 35 -0.920771
40 35 -0.375588
41 35 0.0708683
42 35 0.42977
43 35 0.650822
44 35 0.65369
45 35 0.535812
46 35 0.420948
47 35 0.314601
48 35 0.216992
49 35 0.0477842
50 35 -0.327801
51 35 -0.889176
52 35 -1.37837
53 35 -1.68997
54 35 -1.6632
55 35 -1.00043
56 35 0.69739
57 35 2.28712
58 35 4.10645
59 35 5.59873
60 35 6.6926
61 35 7.3926
62 35 7.91368
63 35 8.26637
64 35 8.28755
65 35 8.15393
66 35 8.23796
67 35 8.62139
68 35 8.91736
69 35 9.23442
70 35 9.52603
71 35 9.7345
72 35 9.85023
73 35 9.83632
74 35 9.73786
75 35 9.55546
76 35 9.25307
77 35 8.92073
78 35 8.51713
79 35 8.25413
80 35 8.23755
81 35 8.29092
82 35 8.24086
83 35 8.04515
84 35 7.72774
85 35 7.26779
86 35 6.73433
87 35 6.37232
88 35 6.001
89 35 5.38239
90 35 4.76839
91 35 4.28937
92 35 3.84805
93 35 3.19033
94 35 2.04321
95 35 1.12073
96 35 0.52756
97 35 -0.0738305
98 35 -0.478002
99 35 -0.938585
100 35 -1.57627
101 35 -2.2423
102 35 -3.18643
103 35 -4.39684
104 35 -5.47719
105 35 -5.80611
106 35 -5.57558
107 35 -5.31481
108 35 -5.21276
109 35 -5.30804
110 35 -5.50982
111 35 -5.85661
112 35 -6.26285
113 35 -6.51156
114 35 -34.5038
115 35 -34.5038
116 35 -34.5038
117 35 -34.5038
118 35 -34.5038
119 35 -34.5038
0 36 -34.5038
1 36 -34.5038
2 36 -34.5038
3 36 -34.5038
4 36 -34.5038
5 36 -34.5038
6 36 -34.5038
7 36 -34.5038
8 36 -34.5038
9 36 -34.5038
10 36 -34.5038
11 36 -34.5038
12 36 -34.5038
13 36 -34.5038
14 36 -34.5038
15 36 -34.5038
16 36 -34.5038
17 36 -34.5038
18 36 -34.5038
19 36 -34.5038
20 36 -34.5038
21 36 -34.5038
22 36 -34.5038
23 36 -34.5038
24 36 -6.7408
25 36 -5.67337
26 36 -4.7759
27 36 -4.03751
28 36 -3.44989
29 36 -2.98116
30 36 -2.59873
31 36 -2.18021
32 36 -1.81951
33 36 -1.63295
34 36 -1.51587
35 36 -1.41722
36 36 -1.37502
37 36 -1.34046
38 36 -1.13974
39 36 -0.611829
40 36 -0.078748
41 36 0.342625
42 36 0.641818
43 36 0.68105
44 36 0.556088
45 36 0.446649
46 36 0.343679
47 36 0.247087
48 36 0.159136
49 36 0.0239368
50 36 -0.314522
51 36 -0.841377
52 36 -1.29649
53 36 -1.56479
54 36 -1.45863
55 36 -0.638066
56 36 1.13843
57 36 2.75977
58 36 4.59312
59 36 6.00005
60 36 6.90882
61 36 7.5616
62 36 8.0671
63 36 8.34103
64 36 8.36363
65 36 8.39406
66 36 8.56776
67 36 8.79669
68 36 9.01914
69 36 9.29742
70 36 9.58461
71 36 9.82424
72 36 9.89165
73 36 9.88733
74 36 9.8555
75 36 9.70482
76 36 9.42636
77 36 9.02941
78 36 8.51972
79 36 8.20814
80 36 8.20588
81 36 8.24515
82 36 8.23238
83 36 8.0746
84 36 7.748
85 36 7.21624
86 36 6.73619
87 36 6.44326
88 36 6.03665
89 36 5.34093
90 36 4.82816
91 36 4.47086
92 36 4.04018
93 36 3.34874
94 36 2.38518
95 36 1.15217
96 36 0.471617
97 36 -0.17365
98 36 -0.63175
99 36 -1.03581
100 36 -1.63033
101 36 -2.39037
102 36 -3.30327
103 36 -4.37762
104 36 -5.69525
105 36 -6.17093
106 36 -6.01387
107 36 -5.82019
108 36 -5.72311
109 36 -5.82487
110 36 -6.0517
111 36 -6.42297
112 36 -6.54234
113 36 -6.93747
114 36 -34.5038
115 36 -34.5038
116 36 -34.5038
117 36 -34.5038
118 36 -34.5038
119 36 -34.5038
0 37 -34.5038
1 37 -34.5038
2 37 -34.5038
3 37 -34.5038
4 37 -34.5038
5 37 -34.5038
6 37 -34.5038
7 37 -34.5038
8 37 -34.5038
9 37 -34.5038
10 37 -34.5038
11 37 -34.5038
12 37 -34.5038
13 37 -34.5038
14 37 -34.5038
15 37 -34.5038
16 37 -34.5038
17 37 -34.5038
18 37 -34.5038
19 37 -34.5038
20 37 -34.5038
21 37 -34.5038
22 37 -34.5038
23 37 -6.23621
24 37 -5.30497
25 37 -4.51873
26 37 -3.86472
27 37 -3.28558
28 37 -2.75998
29 37 -2.31472
30 37 -1.90901
31 37 -1.46336
32 37 -1.19657
33 37 -1.04579
34 37 -0.972795
35 37 -0.912275
36 37 -0.79543
37 37 -0.67607
38 37 -0.519385
39 37 -0.202567
40 37 0.18947
41 37 0.49211
42 37 0.680891
43 37 0.659676
44 37 0.483264
45 37 0.351015
46 37 0.260034
47 37 0.170931
48 37 0.0937135
49 37 -0.025285
50 37 -0.339514
51 37 -0.816592
52 37 -1.21626
53 37 -1.44016
54 37 -1.21594
55 37 -0.108498
56 37 1.59268
57 37 3.40116
58 37 5.16033
59 37 6.36077
60 37 7.10955
61 37 7.71257
62 37 8.19154
63 37 8.4351
64 37 8.53857
65 37 8.68517
66 37 8.85267
67 37 8.95851
68 37 9.07149
69 37 9.2804
70 37 9.54559
71 37 9.77193
72 37 9.82462
73 37 9.81607
74 37 9.76246
75 37 9.71055
76 37 9.53037
77 37 9.12181
78 37 8.50398
79 37 8.16234
80 37 8.1444
81 37 8.13781
82 37 8.13641
83 37 8.06118
84 37 7.7465
85 37 7.18824
86 37 6.78231
87 37 6.55021
88 37 6.08976
89 37 5.42912
90 37 5.00293
91 37 4.69613
92 37 4.17475
93 37 3.40324
94 37 2.55009
95 37 1.32068
96 37 0.56444
97 37 -0.0671068
98 37 -0.677437
99 37 -1.12754
100 37 -1.67694
101 37 -2.46354
102 37 -3.46453
103 37 -4.44252
104 37 -5.89821
105 37 -6.61552
106 37 -6.64226
107 37 -6.42658
108 37 -6.36208
109 37 -6.45532
110 37 -6.68314
111 37 -6.99115
112 37 -7.07406
113 37 -34.5038
114 37 -34.5038
115 37 -34.5038
116 37 -34.5038
117 37 -34.5038
118 37 -34.5038
119 37 -34.5038
0 38 -34.5038
1 38 -34.5038
2 38 -34.5038
3 38 -34.5038
4 38 -34.5038
5 38 -34.5038
6 38 -34.5038
7 38 -34.5038
8 38 -34.5038
9 38 -34.5038
10 38 -34.5038
11 38 -34.5038
12 38 -34.5038
13 38 -34.5038
14 38 -34.5038
15 38 -34.5038
16 38 -34.5038
17 38 -34.5038
18 38 -34.5038
19 38 -34.5038
20 38 -34.5038
21 38 -7.88412
22 38 -5.87744
23 38 -5.03204
24 38 -4.26941
25 38 -3.69089
26 38 -3.16225
27 38 -2.61716
28 38 -2.08427
29 38 -1.62222
30 38 -1.1936
31 38 -0.799364
32 38 -0.580181
33 38 -0.506467
34 38 -0.494944
35 38 -0.409411
36 38 -0.174895
37 38 0.0246689
38 38 0.110622
39 38 0.162931
40 38 0.3519
41 38 0.51253
42 38 0.623181
43 38 0.607208
44 38 0.485369
45 38 0.290194
46 38 0.174512
47 38 0.0828911
48 38 0.00381957
49 38 -0.0659011
50 38 -0.37119
51 38 -0.813169
52 38 -1.14762
53 38 -1.28298
54 38 -0.859785
55 38 0.558511
56 38 2.17443
57 38 4.17025
58 38 5.79529
59 38 6.68744
60 38 7.31152
61 38 7.88643
62 38 8.32846
63 38 8.55329
64 38 8.72617
65 38 8.89308
66 38 9.00193
67 38 9.0848
68 38 9.1717
69 38 9.30219
70 38 9.44554
71 38 9.61557
72 38 9.7077
73 38 9.68133
74 38 9.62887
75 38 9.59625
76 38 9.51048
77 38 9.1867
78 38 8.49318
79 38 8.08987
80 38 8.05176
81 38 8.02528
82 38 8.00598
83 38 7.9708
84 38 7.68538
85 38 7.1308
86 38 6.79068
87 38 6.62097
88 38 6.1911
89 38 5.62287
90 38 5.21497
91 38 4.83679
92 38 4.20799
93 38 3.4026
94 38 2.60068
95 38 1.56496
96 38 0.668728
97 38 0.148285
98 38 -0.554282
99 38 -1.23816
100 38 -1.83234
101 38 -2.50301
102 38 -3.66984
103 38 -4.68266
104 38 -6.12628
105 38 -7.18812
106 38 -7.43175
107 38 -7.25968
108 38 -7.17358
109 38 -7.28841
110 38 -7.52853
111 38 -7.49806
112 38 -7.8323
113 38 -34.5038
114 38 -34.5038
115 38 -34.5038
116 38 -34.5038
117 38 -34.5038
118 38 -34.5038
119 38 -34.5038
0 39 -34.5038
1 39 -34.5038
2 39 -34.5038
3 39 -34.5038
4 39 -34.5038
5 39 -34.5038
6 39 -34.5038
7 39 -34.5038
8 39 -34.5038
9 39 -34.5038
10 39 -34.5038
11 39 -34.5038
12 39 -34.5038
13 39 -34.5038
14 39 -34.5038
15 39 -34.5038
16 39 -34.5038
17 39 -34.5038
18 39 -34.5038
19 39 -34.5038
20 39 -34.5038
21 39 -6.46731
22 39 -5.03138
23 39 -4.17978
24 39 -3.57514
25 39 -3.07895
26 39 -2.56757
27 39 -2.0149
28 39 -1.47014
29 39 -1.04368
30 39 -0.666851
31 39 -0.335237
32 39 -0.128483
33 39 -0.0777401
34 39 -0.0746046
35 39 0.029344
36 39 0.240095
37 39 0.456626
38 39 0.550098
39 39 0.477774
40 39 0.409501
41 39 0.429502
42 39 0.489509
43 39 0.538117
44 39 0.524827
45 39 0.347678
46 39 0.110121
47 39 -0.0176986
48 39 -0.0954252
49 39 -0.166677
50 39 -0.378108
51 39 -0.788862
52 39 -1.07599
53 39 -1.11537
54 39 -0.386587
55 39 1.25925
56 39 2.96277
57 39 5.04956
58 39 6.32587
59 39 7.04661
60 39 7.61551
61 39 8.11303
62 39 8.47391
63 39 8.6893
64 39 8.87237
65 39 8.95166
66 39 9.05162
67 39 9.17926
68 39 9.28444
69 39 9.33617
70 39 9.36248
71 39 9.41903
72 39 9.54758
73 39 9.52546
74 39 9.47545
75 39 9.44651
76 39 9.39617
77 39 9.13051
78 39 8.51821
79 39 7.99848
80 39 7.94748
81 39 7.90555
82 39 7.86475
83 39 7.82273
84 39 7.55842
85 39 7.01347
86 39 6.74028
87 39 6.60883
88 39 6.27382
89 39 5.8063
90 39 5.37791
91 39 4.88916
92 39 4.15751
93 39 3.40929
94 39 2.71136
95 39 1.89944
96 39 0.791854
97 39 0.23289
98 39 -0.367576
99 39 -1.20239
100 39 -2.02675
101 39 -2.74366
102 39 -3.90613
103 39 -5.02697
104 39 -6.37206
105 39 -7.79777
106 39 -8.33287
107 39 -8.33847
108 39 -8.21078
109 39 -8.47292
110 39 -8.20449
111 39 -8.41474
112 39 -34.5038
113 39 -34.5038
114 39 -34.5038
115 39 -34.5038
116 39 -34.5038
117 39 -34.5038
118 39 -34.5038
119 39 -34.5038
0 40 -34.5038
1 40 -34.5038
2 40 -34.5038
3 40 -34.5038
4 40 -34.5038
5 40 -34.5038
6 40 -34.5038
7 40 -34.5038
8 40 -34.5038
9 40 -34.5038
10 40 -34.5038
11 40 -34.5038
12 40 -34.5038
13 40 -34.5038
14 40 -34.5038
15 40 -34.5038
16 40 -34.5038
17 40 -34.5038
18 40 -34.5038
19 40 -34.5038
20 40 -6.52723
21 40 -5.34944
22 40 -4.31442
23 40 -3.55614
24 40 -3.03015
25 40 -2.52815
26 40 -2.02977
27 40 -1.49147
28 40 -1.0077
29 40 -0.645412
30 40 -0.316479
31 40 0.0178452
32 40 0.22031
33 40 0.302785
34 40 0.276876
35 40 0.338666
36 40 0.526947
37 40 0.756758
38 40 0.89757
39 40 0.780519
40 40 0.507962
41 40 0.343215
42 40 0.374099
43 40 0.487594
44 40 0.491509
45 40 0.416965
46 40 0.145397
47 40 -0.0861232
48 40 -0.201145
49 40 -0.302016
50 40 -0.464423
51 40 -0.761643
52 40 -1.04503
53 40 -0.936938
54 40 0.277313
55 40 1.91718
56 40 3.9025
57 40 5.81946
58 40 6.80528
59 40 7.44672
60 40 7.95993
61 40 8.38625
62 40 8.68677
63 40 8.85176
64 40 8.90368
65 40 8.90117
66 40 9.02149
67 40 9.23648
68 40 9.3673
69 40 9.35641
70 40 9.29834
71 40 9.24519
72 40 9.33892
73 40 9.35026
74 40 9.30098
75 40 9.26977
76 40 9.20067
77 40 8.97762
78 40 8.51015
79 40 7.94882
80 40 7.83412
81 40 7.7847
82 40 7.72589
83 40 7.66305
84 40 7.422
85 40 6.91005
86 40 6.62627
87 40 6.53794
88 40 6.2697
89 40 5.86703
90 40 5.41414
91 40 4.85182
92 40 4.07907
93 40 3.38252
94 40 2.7433
95 40 2.0723
96 40 0.925545
97 40 0.255053
98 40 -0.369107
99 40 -1.1311
100 40 -2.15025
101 40 -3.00521
102 40 -4.20317
103 40 -5.67055
104 40 -7.10496
105 40 -7.77146
106 40 -9.58944
107 40 -10.0597
108 40 -9.63699
109 40 -9.68657
110 40 -9.64255
111 40 -34.5038
112 40 -34.5038
113 40 -34.5038
114 40 -34.5038
115 40 -34.5038
116 40 -34.5038
117 40 -34.5038
118 40 -34.5038
119 40 -34.5038
0 41 -34.5038
1 41 -34.5038
2 41 -34.5038
3 41 -34.5038
4 41 -34.5038
5 41 -34.5038
6 41 -34.5038
7 41 -34.5038
8 41 -34.5038
9 41 -34.5038
10 41 -34.5038
11 41 -34.5038
12 41 -34.5038
13 41 -34.5038
14 41 -34.5038
15 41 -34.5038
16 41 -34.5038
17 41 -34.5038
18 41 -34.5038
19 41 -7.1599
20 41 -5.69373
21 41 -4.59939
22 41 -3.69198
23 41 -3.02588
24 41 -2.49234
25 41 -1.98605
26 41 -1.48576
27 41 -1.01745
28 41 -0.608986
29 41 -0.337471
30 41 -0.0438032
31 41 0.288713
32 41 0.520145
33 41 0.663292
34 41 0.651033
35 41 0.62631
36 41 0.753063
37 41 1.00577
38 41 1.10925
39 41 0.979377
40 41 0.61844
41 41 0.261105
42 41 0.266652
43 41 0.403763
44 41 0.411037
45 41 0.354394
46 41 0.21352
47 41 -0.0429332
48 41 -0.237459
49 41 -0.416872
50 41 -0.584421
51 41 -0.816963
52 41 -1.01343
53 41 -0.699696
54 41 0.887103
55 41 2.63349
56 41 4.78501
57 41 6.34648
58 41 7.22283
59 41 7.81103
60 41 8.27544
61 41 8.65973
62 41 8.96771
63 41 8.99276
64 41 8.91588
65 41 8.84428
66 41 8.991
67 41 9.23159
68 41 9.31714
69 41 9.28072
70 41 9.21842
71 41 9.15315
72 41 9.13617
73 41 9.15136
74 41 9.10843
75 41 9.05226
76 41 8.967
77 41 8.79643
78 41 8.48754
79 41 7.99925
80 41 7.73582
81 41 7.66931
82 41 7.57893
83 41 7.47197
84 41 7.2382
85 41 6.78089
86 41 6.48175
87 41 6.37639
88 41 6.15779
89 41 5.7913
90 41 5.34146
91 41 4.76276
92 41 4.00168
93 41 3.34484
94 41 2.73533
95 41 2.1175
96 41 0.99547
97 41 0.216258
98 41 -0.469133
99 41 -1.18756
100 41 -2.16078
101 41 -3.28191
102 41 -4.62113
103 41 -6.66639
104 41 -8.97513
105 41 -15.4141
106 41 -17.3777
107 41 -17.3982
108 41 -20.9489
109 41 -34.5038
110 41 -34.5038
111 41 -34.5038
112 41 -34.5038
113 41 -34.5038
114 41 -34.5038
115 41 -34.5038
116 41 -34.5038
117 41 -34.5038
118 41 -34.5038
119 41 -34.5038
0 42 -34.5038
1 42 -34.5038
2 42 -34.5038
3 42 -34.5038
4 42 -34.5038
5 42 -34.5038
6 42 -34.5038
7 42 -34.5038
8 42 -34.5038
9 42 -34.5038
10 42 -34.5038
11 42 -34.5038
12 42 -34.5038
13 42 -34.5038
14 42 -34.5038
15 42 -34.5038
16 42 -34.5038
17 42 -34.5038
18 42 -7.64817
19 42 -6.12172
20 42 -4.98518
21 42 -3.97995
22 42 -3.15862
23 42 -2.53399
24 42 -1.945
25 42 -1.42496
26 42 -0.93105
27 42 -0.501655
28 42 -0.220003
29 42 -0.0800798
30 42 0.176547
31 42 0.488685
32 42 0.770535
33 42 0.987729
34 42 1.0369
35 42 0.917211
36 42 0.93223
37 42 1.08765
38 42 1.11357
39 42 1.06142
40 42 0.72457
41 42 0.269291
42 42 0.10687
43 42 0.237932
44 42 0.304492
45 42 0.277689
46 42 0.224324
47 42 0.0931867
48 42 -0.0956479
49 42 -0.397824
50 42 -0.693406
51 42 -0.894478
52 42 -0.986508
53 42 -0.382398
54 42 1.41434
55 42 3.34856
56 42 5.43829
57 42 6.70971
58 42 7.49071
59 42 8.03023
60 42 8.49154
61 42 8.90425
62 42 9.1579
63 42 9.10479
64 42 8.90229
65 42 8.8046
66 42 8.99
67 42 9.18309
68 42 9.20312
69 42 9.15932
70 42 9.12803
71 42 9.01921
72 42 8.97957
73 42 8.96458
74 42 8.9291
75 42 8.87554
76 42 8.79854
77 42 8.69139
78 42 8.50238
79 42 8.12637
80 42 7.8028
81 42 7.59318
82 42 7.45212
83 42 7.29606
84 42 7.05866
85 42 6.64904
86 42 6.304
87 42 6.13914
88 42 5.89729
89 42 5.54909
90 42 5.14544
91 42 4.58937
92 42 3.87239
93 42 3.25099
94 42 2.70053
95 42 2.06291
96 42 0.970668
97 42 0.116245
98 42 -0.598187
99 42 -1.30579
100 42 -2.1947
101 42 -3.42082
102 42 -4.82568
103 42 -6.51605
104 42 -7.76128
105 42 -34.5038
106 42 -34.5038
107 42 -34.5038
108 42 -34.5038
109 42 -34.5038
110 42 -34.5038
111 42 -34.5038
112 42 -34.5038
113 42 -34.5038
114 42 -34.5038
115 42 -34.5038
116 42 -34.5038
117 42 -34.5038
118 42 -34.5038
119 42 -34.5038
0 43 -34.5038
1 43 -34.5038
2 43 -34.5038
3 43 -34.5038
4 43 -34.5038
5 43 -34.5038
6 43 -34.5038
7 43 -34.5038
8 43 -34.5038
9 43 -34.5038
10 43 -34.5038
11 43 -34.5038
12 43 -34.5038
13 43 -34.5038
14 43 -34.5038
15 43 -34.5038
16 43 -34.5038
17 43 -8.5149
18 43 -6.44505
19 43 -5.35267
20 43 -4.37023
21 43 -3.46379
22 43 -2.71154
23 43 -2.06724
24 43 -1.47469
25 43 -0.935736
26 43 -0.427706
27 43 -0.0188729
28 43 0.156565
29 43 0.18746
30 43 0.356389
31 43 0.599378
32 43 0.924757
33 43 1.22845
34 43 1.35358
35 43 1.19433
36 43 1.01801
37 43 1.06283
38 43 1.06421
39 43 1.04408
40 43 0.793222
41 43 0.301055
42 43 0.054973
43 43 0.0787546
44 43 0.148229
45 43 0.200065
46 43 0.269298
47 43 0.291422
48 43 0.107469
49 43 -0.280493
50 43 -0.718281
51 43 -0.933008
52 43 -0.933772
53 43 -0.074293
54 43 1.82015
55 43 3.87559
56 43 5.75591
57 43 6.91847
58 43 7.62172
59 43 8.13568
60 43 8.60576
61 43 8.99252
62 43 9.12761
63 43 9.05532
64 43 8.86262
65 43 8.75772
66 43 8.94156
67 43 9.04295
68 43 9.04751
69 43 9.02542
70 43 9.0116
71 43 8.84358
72 43 8.80931
73 43 8.79827
74 43 8.76787
75 43 8.72224
76 43 8.66253
77 43 8.59147
78 43 8.50551
79 43 8.25991
80 43 8.0172
81 43 7.76426
82 43 7.51071
83 43 7.24406
84 43 6.95352
85 43 6.51883
86 43 6.09161
87 43 5.83383
88 43 5.55595
89 43 5.20752
90 43 4.83647
91 43 4.31946
92 43 3.6859
93 43 3.14623
94 43 2.63114
95 43 1.92581
96 43 0.873911
97 43 -0.0645117
98 43 -0.794954
99 43 -1.46898
100 43 -2.29198
101 43 -3.45994
102 43 -4.92842
103 43 -6.30032
104 43 -7.29442
105 43 -34.5038
106 43 -34.5038
107 43 -34.5038
108 43 -34.5038
109 43 -34.5038
110 43 -34.5038
111 43 -34.5038
112 43 -34.5038
113 43 -34.5038
114 43 -34.5038
115 43 -34.5038
116 43 -34.5038
117 43 -34.5038
118 43 -34.5038
119 43 -34.5038
0 44 -34.5038
1 44 -34.5038
2 44 -34.5038
3 44 -34.5038
4 44 -34.5038
5 44 -34.5038
6 44 -34.5038
7 44 -34.5038
8 44 -34.5038
9 44 -34.5038
10 44 -34.5038
11 44 -34.5038
12 44 -34.5038
13 44 -34.5038
14 44 -34.5038
15 44 -34.5038
16 44 -34.5038
17 44 -7.22109
18 44 -5.78964
19 44 -4.74375
20 44 -3.84112
21 44 -2.9938
22 44 -2.30673
23 44 -1.67131
24 44 -1.07094
25 44 -0.498549
26 44 0.00851223
27 44 0.383506
28 44 0.469232
29 44 0.436735
30 44 0.489293
31 44 0.643705
32 44 0.988456
33 44 1.36956
34 44 1.50898
35 44 1.39487
36 44 1.14071
37 44 1.06638
38 44 1.0877
39 44 1.08874
40 44 0.903322
41 44 0.471934
42 44 0.0362511
43 44 0.00524527
44 44 -0.00561918
45 44 0.177943
46 44 0.413531
47 44 0.463373
48 44 0.275456
49 44 -0.159709
50 44 -0.672528
51 44 -0.927847
52 44 -0.854136
53 44 0.187077
54 44 2.08375
55 44 4.08106
56 44 5.8071
57 44 6.9845
58 44 7.66356
59 44 8.15941
60 44 8.62041
61 44 8.96364
62 44 9.00987
63 44 8.94611
64 44 8.76571
65 44 8.74195
66 44 8.84814
67 44 8.88805
68 44 8.89041
69 44 8.88324
70 44 8.871
71 44 8.65677
72 44 8.65396
73 44 8.65133
74 44 8.62189
75 44 8.583
76 44 8.53786
77 44 8.49188
78 44 8.45857
79 44 8.35153
80 44 8.17572
81 44 7.92378
82 44 7.6156
83 44 7.3088
84 44 6.94567
85 44 6.45614
86 44 5.89809
87 44 5.4979
88 44 5.18637
89 44 4.84509
90 44 4.4681
91 44 3.98502
92 44 3.48879
93 44 3.02312
94 44 2.46065
95 44 1.68212
96 44 0.73861
97 44 -0.27118
98 44 -1.03092
99 44 -1.65981
100 44 -2.44398
101 44 -3.57537
102 44 -4.93326
103 44 -6.11914
104 44 -7.08124
105 44 -34.5038
106 44 -34.5038
107 44 -34.5038
108 44 -34.5038
109 44 -34.5038
110 44 -34.5038
111 44 -34.5038
112 44 -34.5038
113 44 -34.5038
114 44 -34.5038
115 44 -34.5038
116 44 -34.5038
117 44 -34.5038
118 44 -34.5038
119 44 -34.5038
0 45 -34.5038
1 45 -34.5038
2 45 -34.5038
3 45 -34.5038
4 45 -34.5038
5 45 -34.5038
6 45 -34.5038
7 45 -34.5038
8 45 -34.5038
9 45 -34.5038
10 45 -34.5038
11 45 -34.5038
12 45 -34.5038
13 45 -34.5038
14 45 -34.5038
15 45 -34.5038
16 45 -7.74495
17 45 -6.34705
18 45 -5.15907
19 45 -4.22558
20 45 -3.42617
21 45 -2.63555
22 45 -1.96192
23 45 -1.3256
24 45 -0.686
25 45 -0.10739
26 45 0.375079
27 45 0.639608
28 45 0.679989
29 45 0.599348
30 45 0.572231
31 45 0.692068
32 45 1.00089
33 45 1.39705
34 45 1.52321
35 45 1.48496
36 45 1.32188
37 45 1.24609
38 45 1.24395
39 45 1.21443
40 45 1.06087
41 45 0.665343
42 45 0.189244
43 45 -0.0330775
44 45 -0.0445717
45 45 0.2584
46 45 0.509616
47 45 0.509578
48 45 0.356369
49 45 -0.103806
50 45 -0.664183
51 45 -0.92777
52 45 -0.750285
53 45 0.372703
54 45 2.19102
55 45 4.08182
56 45 5.66682
57 45 6.90064
58 45 7.60699
59 45 8.09806
60 45 8.53727
61 45 8.87842
62 45 8.89734
63 45 8.83298
64 45 8.68148
65 45 8.67544
66 45 8.72801
67 45 8.74253
68 45 8.74285
69 45 8.73403
70 45 8.72427
71 45 8.52573
72 45 8.51853
73 45 8.50849
74 45 8.48534
75 45 8.45004
76 45 8.41404
77 45 8.37962
78 45 8.34301
79 45 8.29939
80 45 8.21194
81 45 8.00583
82 45 7.70019
83 45 7.382
84 45 6.96367
85 45 6.44179
86 45 5.79557
87 45 5.22092
88 45 4.84205
89 45 4.46932
90 45 4.067
91 45 3.63062
92 45 3.23936
93 45 2.80766
94 45 2.20379
95 45 1.42774
96 45 0.612783
97 45 -0.455882
98 45 -1.27602
99 45 -1.81363
100 45 -2.55076
101 45 -3.67937
102 45 -4.919
103 45 -5.9846
104 45 -6.88477
105 45 -34.5038
106 45 -34.5038
107 45 -34.5038
108 45 -34.5038
109 45 -34.5038
110 45 -34.5038
111 45 -34.5038
112 45 -34.5038
113 45 -34.5038
114 45 -34.5038
115 45 -34.5038
116 45 -34.5038
117 45 -34.5038
118 45 -34.5038
119 45 -34.5038
0 46 -34.5038
1 46 -34.5038
2 46 -34.5038
3 46 -34.5038
4 46 -34.5038
5 46 -34.5038
6 46 -34.5038
7 46 -34.5038
8 46 -34.5038
9 46 -34.5038
10 46 -34.5038
11 46 -34.5038
12 46 -34.5038
13 46 -34.5038
14 46 -34.5038
15 46 -34.5038
16 46 -7.19731
17 46 -5.75542
18 46 -4.64657
19 46 -3.79757
20 46 -3.03821
21 46 -2.30874
22 46 -1.64173
23 46 -1.00547
24 46 -0.337163
25 46 0.211638
26 46 0.632432
27 46 0.79563
28 46 0.832463
29 46 0.78461
30 46 0.704179
31 46 0.798289
32 46 1.04302
33 46 1.38287
34 46 1.51373
35 46 1.51091
36 46 1.48342
37 46 1.48022
38 46 1.47004
39 46 1.39094
40 46 1.21158
41 46 0.827357
42 46 0.349007
43 46 -0.0255877
44 46 -0.0804131
45 46 0.215968
46 46 0.467592
47 46 0.45818
48 46 0.350571
49 46 -0.102841
50 46 -0.619201
51 46 -0.830253
52 46 -0.572731
53 46 0.508136
54 46 2.24311
55 46 4.00863
56 46 5.47021
57 46 6.71023
58 46 7.45976
59 46 7.95459
60 46 8.35119
61 46 8.7031
62 46 8.76334
63 46 8.69092
64 46 8.59511
65 46 8.59153
66 46 8.60857
67 46 8.61121
68 46 8.60444
69 46 8.58687
70 46 8.55662
71 46 8.43455
72 46 8.39576
73 46 8.37876
74 46 8.35179
75 46 8.31776
76 46 8.28864
77 46 8.26954
78 46 8.23445
79 46 8.20147
80 46 8.13973
81 46 7.97319
82 46 7.69349
83 46 7.38172
84 46 6.9509
85 46 6.43333
86 46 5.78603
87 46 5.07651
88 46 4.54182
89 46 4.09995
90 46 3.66742
91 46 3.2402
92 46 2.92504
93 46 2.53109
94 46 1.92602
95 46 1.22824
96 46 0.542981
97 46 -0.597097
98 46 -1.46342
99 46 -1.91531
100 46 -2.60331
101 46 -3.72612
102 46 -4.94207
103 46 -5.88295
104 46 -6.76964
105 46 -34.5038
106 46 -34.5038
107 46 -34.5038
108 46 -34.5038
109 46 -34.5038
110 46 -34.5038
111 46 -34.5038
112 46 -34.5038
113 46 -34.5038
114 46 -34.5038
115 46 -34.5038
116 46 -34.5038
117 46 -34.5038
118 46 -34.5038
119 46 -34.5038
0 47 -34.5038
1 47 -34.5038
2 47 -34.5038
3 47 -34.5038
4 47 -34.5038
5 47 -34.5038
6 47 -34.5038
7 47 -34.5038
8 47 -34.5038
9 47 -34.5038
10 47 -34.5038
11 47 -34.5038
12 47 -34.5038
13 47 -34.5038
14 47 -34.5038
15 47 -34.5038
16 47 -6.70939
17 47 -5.30845
18 47 -4.21999
19 47 -3.39752
20 47 -2.67576
21 47 -1.99326
22 47 -1.35746
23 47 -0.735532
24 47 -0.0821996
25 47 0.435338
26 47 0.804271
27 47 0.929506
28 47 0.999746
29 47 1.02558
30 47 0.949012
31 47 0.950036
32 47 1.09272
33 47 1.3259
34 47 1.47269
35 47 1.4973
36 47 1.52451
37 47 1.5521
38 47 1.5575
39 47 1.49496
40 47 1.26853
41 47 0.885581
42 47 0.407963
43 47 -0.0247011
44 47 -0.142625
45 47 0.122412
46 47 0.394049
47 47 0.394319
48 47 0.25668
49 47 -0.125826
50 47 -0.488874
51 47 -0.602571
52 47 -0.262126
53 47 0.558269
54 47 2.13408
55 47 3.85397
56 47 5.20357
57 47 6.43457
58 47 7.20278
59 47 7.73067
60 47 8.12532
61 47 8.43399
62 47 8.58986
63 47 8.55629
64 47 8.51776
65 47 8.50057
66 47 8.49439
67 47 8.47573
68 47 8.47682
69 47 8.45239
70 47 8.40733
71 47 8.33267
72 47 8.29226
73 47 8.25357
74 47 8.21614
75 47 8.18057
76 47 8.15323
77 47 8.14331
78 47 8.1238
79 47 8.08795
80 47 7.99486
81 47 7.80002
82 47 7.55062
83 47 7.25501
84 47 6.83973
85 47 6.33574
86 47 5.77497
87 47 5.03314
88 47 4.37099
89 47 3.80568
90 47 3.25282
91 47 2.85009
92 47 2.58376
93 47 2.26345
94 47 1.73859
95 47 1.17285
96 47 0.471197
97 47 -0.745235
98 47 -1.56496
99 47 -1.92934
100 47 -2.53798
101 47 -3.74909
102 47 -5.09465
103 47 -5.71084
104 47 -6.6671
105 47 -34.5038
106 47 -34.5038
107 47 -34.5038
108 47 -34.5038
109 47 -34.5038
110 47 -34.5038
111 47 -34.5038
112 47 -34.5038
113 47 -34.5038
114 47 -34.5038
115 47 -34.5038
116 47 -34.5038
117 47 -34.5038
118 47 -34.5038
119 47 -34.5038
0 48 -34.5038
1 48 -34.5038
2 48 -34.5038
3 48 -34.5038
4 48 -34.5038
5 48 -34.5038
6 48 -34.5038
7 48 -34.5038
8 48 -34.5038
9 48 -34.5038
10 48 -34.5038
11 48 -34.5038
12 48 -34.5038
13 48 -34.5038
14 48 -34.5038
15 48 -8.30805
16 48 -6.27229
17 48 -4.95545
18 48 -3.86938
19 48 -3.04147
20 48 -2.35441
21 48 -1.69966
22 48 -1.10534
23 48 -0.563231
24 48 0.0964031
25 48 0.585677
26 48 0.922882
27 48 1.07744
28 48 1.20016
29 48 1.24313
30 48 1.1601
31 48 1.04643
32 48 1.09677
33 48 1.27975
34 48 1.42449
35 48 1.44919
36 48 1.45864
37 48 1.47619
38 48 1.50048
39 48 1.48066
40 48 1.2375
41 48 0.82267
42 48 0.349637
43 48 -0.113866
44 48 -0.215864
45 48 0.00762045
46 48 0.322242
47 48 0.281691
48 48 0.0968773
49 48 -0.116835
50 48 -0.261001
51 48 -0.182549
52 48 0.0873419
53 48 0.597206
54 48 1.89403
55 48 3.58078
56 48 4.92165
57 48 6.05056
58 48 6.81864
59 48 7.38535
60 48 7.80236
61 48 8.12221
62 48 8.36964
63 48 8.42794
64 48 8.41907
65 48 8.39859
66 48 8.3766
67 48 8.31217
68 48 8.35267
69 48 8.33855
70 48 8.28878
71 48 8.23024
72 48 8.17787
73 48 8.12713
74 48 8.07863
75 48 8.03514
76 48 8.00042
77 48 7.96966
78 48 7.95292
79 48 7.87817
80 48 7.73078
81 48 7.52336
82 48 7.27421
83 48 6.98593
84 48 6.61391
85 48 6.17841
86 48 5.70515
87 48 4.99577
88 48 4.21327
89 48 3.55632
90 48 2.84219
91 48 2.43841
92 48 2.2719
93 48 2.09171
94 48 1.63103
95 48 1.08871
96 48 0.320063
97 48 -0.911164
98 48 -1.6141
99 48 -1.93531
100 48 -2.48416
101 48 -3.7295
102 48 -5.20203
103 48 -5.75333
104 48 -34.5038
105 48 -34.5038
106 48 -34.5038
107 48 -34.5038
108 48 -34.5038
109 48 -34.5038
110 48 -34.5038
111 48 -34.5038
112 48 -34.5038
113 48 -34.5038
114 48 -34.5038
115 48 -34.5038
116 48 -34.5038
117 48 -34.5038
118 48 -34.5038
119 48 -34.5038
0 49 -34.5038
1 49 -34.5038
2 49 -34.5038
3 49 -34.5038
4 49 -34.5038
5 49 -34.5038
6 49 -34.5038
7 49 -34.5038
8 49 -34.5038
9 49 -34.5038
10 49 -34.5038
11 49 -34.5038
12 49 -34.5038
13 49 -34.5038
14 49 -34.5038
15 49 -7.9531
16 49 -6.08749
17 49 -4.74548
18 49 -3.60751
19 49 -2.77288
20 49 -2.0869
21 49 -1.43042
22 49 -0.913342
23 49 -0.48855
24 49 0.1568
25 49 0.667721
26 49 0.979843
27 49 1.18834
28 49 1.30596
29 49 1.33536
30 49 1.28961
31 49 1.1308
32 49 1.14928
33 49 1.3121
34 49 1.35782
35 49 1.37837
36 49 1.38467
37 49 1.39354
38 49 1.39273
39 49 1.35375
40 49 1.08391
41 49 0.643561
42 49 0.16374
43 49 -0.224444
44 49 -0.245041
45 49 -0.0841133
46 49 0.241997
47 49 0.179965
48 49 0.048729
49 49 0.00651401
50 49 0.126592
51 49 0.268894
52 49 0.319975
53 49 0.5815
54 49 1.61641
55 49 3.13109
56 49 4.45046
57 49 5.60957
58 49 6.37399
59 49 6.9845
60 49 7.43566
61 49 7.80758
62 49 8.09356
63 49 8.27719
64 49 8.31844
65 49 8.29813
66 49 8.25551
67 49 8.16276
68 49 8.22828
69 49 8.2322
70 49 8.17899
71 49 8.12163
72 49 8.06187
73 49 7.99844
74 49 7.93613
75 49 7.88092
76 49 7.83153
77 49 7.77863
78 49 7.70224
79 49 7.56587
80 49 7.39593
81 49 7.1786
82 49 6.91392
83 49 6.63237
84 49 6.30063
85 49 5.94581
86 49 5.5252
87 49 4.85452
88 49 4.08049
89 49 3.36009
90 49 2.44756
91 49 2.08904
92 49 2.02164
93 49 1.94979
94 49 1.51154
95 49 0.920328
96 49 0.0761128
97 49 -1.03418
98 49 -1.65586
99 49 -1.94655
100 49 -2.52306
101 49 -3.73711
102 49 -5.29505
103 49 -5.92914
104 49 -34.5038
105 49 -34.5038
106 49 -34.5038
107 49 -34.5038
108 49 -34.5038
109 49 -34.5038
110 49 -34.5038
111 49 -34.5038
112 49 -34.5038
113 49 -34.5038
114 49 -34.5038
115 49 -34.5038
116 49 -34.5038
117 49 -34.5038
118 49 -34.5038
119 49 -34.5038
0 50 -34.5038
1 50 -34.5038
2 50 -34.5038
3 50 -34.5038
4 50 -34.5038
5 50 -34.5038
6 50 -34.5038
7 50 -34.5038
8 50 -34.5038
9 50 -34.5038
10 50 -34.5038
11 50 -34.5038
12 50 -34.5038
13 50 -34.5038
14 50 -9.25082
15 50 -7.4632
16 50 -5.9518
17 50 -4.61836
18 50 -3.46194
19 50 -2.59567
20 50 -1.87619
21 50 -1.21538
22 50 -0.777518
23 50 -0.492971
24 50 0.0896977
25 50 0.639592
26 50 0.97474
27 50 1.23253
28 50 1.3223
29 50 1.33746
30 50 1.33266
31 50 1.26483
32 50 1.29782
33 50 1.36558
34 50 1.32924
35 50 1.29362
36 50 1.27599
37 50 1.24376
38 50 1.22205
39 50 1.13112
40 50 0.812497
41 50 0.386173
42 50 -0.00755744
43 50 -0.200336
44 50 -0.230885
45 50 -0.162589
46 50 0.186854
47 50 0.177527
48 50 0.160905
49 50 0.264797
50 50 0.469741
51 50 0.469473
52 50 0.414016
53 50 0.499661
54 50 1.259
55 50 2.60456
56 50 3.82078
57 50 5.00229
58 50 5.90501
59 50 6.52961
60 50 7.03142
61 50 7.44449
62 50 7.78393
63 50 8.02748
64 50 8.1629
65 50 8.1915
66 50 8.14544
67 50 8.08269
68 50 8.08998
69 50 8.11666
70 50 8.07335
71 50 8.01543
72 50 7.94954
73 50 7.86861
74 50 7.78653
75 50 7.72089
76 50 7.65519
77 50 7.57008
78 50 7.42424
79 50 7.26317
80 50 7.06802
81 50 6.82681
82 50 6.5214
83 50 6.21186
84 50 5.91026
85 50 5.61422
86 50 5.2312
87 50 4.58532
88 50 3.92835
89 50 3.15569
90 50 2.04951
91 50 1.82601
92 50 1.81519
93 50 1.77372
94 50 1.36684
95 50 0.766681
96 50 -0.128099
97 50 -1.08007
98 50 -1.656
99 50 -2.02843
100 50 -2.67939
101 50 -3.85926
102 50 -5.38817
103 50 -6.09574
104 50 -34.5038
105 50 -34.5038
106 50 -34.5038
107 50 -34.5038
108 50 -34.5038
109 50 -34.5038
110 50 -34.5038
111 50 -34.5038
112 50 -34.5038
113 50 -34.5038
114 50 -34.5038
115 50 -34.5038
116 50 -34.5038
117 50 -34.5038
118 50 -34.5038
119 50 -34.5038
0 51 -34.5038
1 51 -34.5038
2 51 -34.5038
3 51 -34.5038
4 51 -34.5038
5 51 -34.5038
6 51 -34.5038
7 51 -34.5038
8 51 -34.5038
9 51 -34.5038
10 51 -34.5038
11 51 -34.5038
12 51 -34.5038
13 51 -34.5038
14 51 -8.76211
15 51 -7.19476
16 51 -5.87831
17 51 -4.57429
18 51 -3.42292
19 51 -2.49002
20 51 -1.75207
21 51 -1.04619
22 51 -0.678051
23 51 -0.468749
24 51 -0.0232959
25 51 0.51212
26 51 0.876841
27 51 1.2102
28 51 1.34693
29 51 1.35951
30 51 1.37069
31 51 1.35982
32 51 1.36871
33 51 1.36725
34 51 1.29206
35 51 1.16295
36 51 1.06423
37 51 1.03964
38 51 1.00465
39 51 0.884462
40 51 0.572043
41 51 0.223747
42 51 -0.0352495
43 51 -0.166244
44 51 -0.221484
45 51 -0.203217
46 51 0.128013
47 51 0.252587
48 51 0.353811
49 51 0.546818
50 51 0.610179
51 51 0.534194
52 51 0.483126
53 51 0.477511
54 51 0.878485
55 51 2.04397
56 51 3.19492
57 51 4.21543
58 51 5.35663
59 51 6.01015
60 51 6.56364
61 51 6.98227
62 51 7.38757
63 51 7.698
64 51 7.86456
65 51 7.97888
66 51 8.00399
67 51 7.96186
68 51 7.95971
69 51 7.9733
70 51 7.95018
71 51 7.88505
72 51 7.80791
73 51 7.71566
74 51 7.6205
75 51 7.5488
76 51 7.46293
77 51 7.33616
78 51 7.17008
79 51 7.01342
80 51 6.77793
81 51 6.4296
82 51 6.04017
83 51 5.72711
84 51 5.4663
85 51 5.2253
86 51 4.83522
87 51 4.25677
88 51 3.66583
89 51 2.8067
90 51 1.73089
91 51 1.64171
92 51 1.66248
93 51 1.61595
94 51 1.1964
95 51 0.581585
96 51 -0.268612
97 51 -1.12669
98 51 -1.71794
99 51 -2.23001
100 51 -2.94449
101 51 -4.07722
102 51 -5.50833
103 51 -6.22786
104 51 -34.5038
105 51 -34.5038
106 51 -34.5038
107 51 -34.5038
108 51 -34.5038
109 51 -34.5038
110 51 -34.5038
111 51 -34.5038
112 51 -34.5038
113 51 -34.5038
114 51 -34.5038
115 51 -34.5038
116 51 -34.5038
117 51 -34.5038
118 51 -34.5038
119 51 -34.5038
0 52 -34.5038
1 52 -34.5038
2 52 -34.5038
3 52 -34.5038
4 52 -34.5038
5 52 -34.5038
6 52 -34.5038
7 52 -34.5038
8 52 -34.5038
9 52 -34.5038
10 52 -34.5038
11 52 -34.5038
12 52 -34.5038
13 52 -34.5038
14 52 -8.39589
15 52 -6.95673
16 52 -5.73792
17 52 -4.54048
18 52 -3.41687
19 52 -2.41748
20 52 -1.63769
21 52 -0.935745
22 52 -0.561517
23 52 -0.382859
24 52 -0.15479
25 52 0.313026
26 52 0.727289
27 52 1.09168
28 52 1.3516
29 52 1.38295
30 52 1.3887
31 52 1.38151
32 52 1.37397
33 52 1.36575
34 52 1.22231
35 52 0.987475
36 52 0.933485
37 52 0.927358
38 52 0.910565
39 52 0.767146
40 52 0.48403
41 52 0.195004
42 52 -0.0225171
43 52 -0.17082
44 52 -0.256606
45 52 -0.231115
46 52 0.0885211
47 52 0.348085
48 52 0.52547
49 52 0.658944
50 52 0.616878
51 52 0.57315
52 52 0.52508
53 52 0.539066
54 52 0.806831
55 52 1.41672
56 52 2.49168
57 52 3.46384
58 52 4.61353
59 52 5.40391
60 52 6.00284
61 52 6.46654
62 52 6.86907
63 52 7.24529
64 52 7.43696
65 52 7.51738
66 52 7.66346
67 52 7.70957
68 52 7.65708
69 52 7.62199
70 52 7.61597
71 52 7.61905
72 52 7.55137
73 52 7.47335
74 52 7.39641
75 52 7.33135
76 52 7.22853
77 52 7.11339
78 52 6.95824
79 52 6.75122
80 52 6.42336
81 52 5.96773
82 52 5.53205
83 52 5.22088
84 52 4.99705
85 52 4.75022
86 52 4.35475
87 52 3.8665
88 52 3.288
89 52 2.28978
90 52 1.5376
91 52 1.52898
92 52 1.52636
93 52 1.45472
94 52 0.996686
95 52 0.385043
96 52 -0.405772
97 52 -1.21515
98 52 -1.87022
99 52 -2.50186
100 52 -3.27317
101 52 -4.34513
102 52 -5.67143
103 52 -6.41757
104 52 -34.5038
105 52 -34.5038
106 52 -34.5038
107 52 -34.5038
108 52 -34.5038
109 52 -34.5038
110 52 -34.5038
111 52 -34.5038
112 52 -34.5038
113 52 -34.5038
114 52 -34.5038
115 52 -34.5038
116 52 -34.5038
117 52 -34.5038
118 52 -34.5038
119 52 -34.5038
0 53 -34.5038
1 53 -34.5038
2 53 -34.5038
3 53 -34.5038
4 53 -34.5038
5 53 -34.5038
6 53 -34.5038
7 53 -34.5038
8 53 -34.5038
9 53 -34.5038
10 53 -34.5038
11 53 -34.5038
12 53 -34.5038
13 53 -34.5038
14 53 -8.10332
15 53 -6.7271
16 53 -5.53033
17 53 -4.47973
18 53 -3.44786
19 53 -2.38739
20 53 -1.56677
21 53 -0.865624
22 53 -0.438404
23 53 -0.262169
24 53 -0.165198
25 53 0.0833919
26 53 0.511379
27 53 0.918008
28 53 1.28363
29 53 1.40384
30 53 1.41966
31 53 1.40353
32 53 1.36778
33 53 1.28522
34 53 1.01992
35 53 0.798502
36 53 0.810159
37 53 0.890883
38 53 0.99611
39 53 0.791968
40 53 0.427087
41 53 0.195395
42 53 -0.0429367
43 53 -0.232646
44 53 -0.308241
45 53 -0.303877
46 53 0.0125655
47 53 0.352383
48 53 0.564609
49 53 0.626624
50 53 0.625239
51 53 0.616446
52 53 0.615044
53 53 0.739271
54 53 0.933349
55 53 1.01957
56 53 1.43887
57 53 2.58398
58 53 3.56204
59 53 4.5991
60 53 5.28153
61 53 5.82282
62 53 6.23224
63 53 6.63992
64 53 6.8716
65 53 6.90088
66 53 7.00884
67 53 7.19662
68 53 7.20334
69 53 7.16956
70 53 7.17743
71 53 7.2029
72 53 7.1606
73 53 7.09748
74 53 7.01197
75 53 6.95887
76 53 6.88472
77 53 6.7825
78 53 6.61341
79 53 6.34813
80 53 5.93664
81 53 5.47561
82 53 5.05054
83 53 4.7076
84 53 4.4388
85 53 4.1596
86 53 3.7889
87 53 3.35615
88 53 2.77793
89 53 1.88409
90 53 1.41807
91 53 1.41025
92 53 1.41122
93 53 1.26703
94 53 0.782408
95 53 0.170202
96 53 -0.613523
97 53 -1.41577
98 53 -2.12645
99 53 -2.84475
100 53 -3.65449
101 53 -4.69073
102 53 -5.8632
103 53 -6.63022
104 53 -34.5038
105 53 -34.5038
106 53 -34.5038
107 53 -34.5038
108 53 -34.5038
109 53 -34.5038
110 53 -34.5038
111 53 -34.5038
112 53 -34.5038
113 53 -34.5038
114 53 -34.5038
115 53 -34.5038
116 53 -34.5038
117 53 -34.5038
118 53 -34.5038
119 53 -34.5038
0 54 -34.5038
1 54 -34.5038
2 54 -34.5038
3 54 -34.5038
4 54 -34.5038
5 54 -34.5038
6 54 -34.5038
7 54 -34.5038
8 54 -34.5038
9 54 -34.5038
10 54 -34.5038
11 54 -34.5038
12 54 -34.5038
13 54 -34.5038
14 54 -7.91043
15 54 -6.53343
16 54 -5.36137
17 54 -4.36003
18 54 -3.49253
19 54 -2.41489
20 54 -1.58186
21 54 -0.851511
22 54 -0.371416
23 54 -0.132508
24 54 -0.0854786
25 54 -0.0341972
26 54 0.288226
27 54 0.68354
28 54 1.03203
29 54 1.1987
30 54 1.21888
31 54 1.21175
32 54 1.14785
33 54 1.01131
34 54 0.753535
35 54 0.673991
36 54 0.720178
37 54 0.922489
38 54 0.978478
39 54 0.859122
40 54 0.422045
41 54 0.113921
42 54 -0.0928665
43 54 -0.288816
44 54 -0.375729
45 54 -0.402517
46 54 -0.133042
47 54 0.223618
48 54 0.479798
49 54 0.620329
50 54 0.641009
51 54 0.664061
52 54 0.743965
53 54 0.908498
54 54 0.948206
55 54 0.746651
56 54 0.727387
57 54 1.34714
58 54 2.35708
59 54 3.4191
60 54 4.27561
61 54 4.96674
62 54 5.46296
63 54 5.85452
64 54 6.13526
65 54 6.17549
66 54 6.21696
67 54 6.48811
68 54 6.63625
69 54 6.60474
70 54 6.6017
71 54 6.63374
72 54 6.6025
73 54 6.53389
74 54 6.48465
75 54 6.46461
76 54 6.41767
77 54 6.30666
78 54 6.09385
79 54 5.79415
80 54 5.38029
81 54 4.95885
82 54 4.51263
83 54 4.10208
84 54 3.78333
85 54 3.49941
86 54 3.19888
87 54 2.79044
88 54 2.21275
89 54 1.64632
90 54 1.33879
91 54 1.3309
92 54 1.30152
93 54 1.05155
94 54 0.5411
95 54 -0.129535
96 54 -0.972145
97 54 -1.69628
98 54 -2.42045
99 54 -3.19164
100 54 -4.1041
101 54 -5.2572
102 54 -5.96016
103 54 -6.85245
104 54 -34.5038
105 54 -34.5038
106 54 -34.5038
107 54 -34.5038
108 54 -34.5038
109 54 -34.5038
110 54 -34.5038
111 54 -34.5038
112 54 -34.5038
113 54 -34.5038
114 54 -34.5038
115 54 -34.5038
116 54 -34.5038
117 54 -34.5038
118 54 -34.5038
119 54 -34.5038
0 55 -34.5038
1 55 -34.5038
2 55 -34.5038
3 55 -34.5038
4 55 -34.5038
5 55 -34.5038
6 55 -34.5038
7 55 -34.5038
8 55 -34.5038
9 55 -34.5038
10 55 -34.5038
11 55 -34.5038
12 55 -34.5038
13 55 -34.5038
14 55 -7.8171
15 55 -6.44961
16 55 -5.28414
17 55 -4.27006
18 55 -3.47764
19 55 -2.50591
20 55 -1.63553
21 55 -0.917205
22 55 -0.381182
23 55 -0.0576013
24 55 -0.0100102
25 55 0.0225802
26 55 0.105194
27 55 0.415714
28 55 0.715102
29 55 0.88459
30 55 0.915033
31 55 0.882428
32 55 0.785709
33 55 0.688628
34 55 0.613685
35 55 0.619227
36 55 0.650026
37 55 0.872456
38 55 0.914526
39 55 0.771059
40 55 0.304786
41 55 -0.038925
42 55 -0.175453
43 55 -0.317366
44 55 -0.432739
45 55 -0.473685
46 55 -0.302649
47 55 0.00415822
48 55 0.267768
49 55 0.473326
50 55 0.642159
51 55 0.697309
52 55 0.779506
53 55 0.872602
54 55 0.779779
55 55 0.445281
56 55 0.568448
57 55 1.07903
58 55 1.59213
59 55 2.09388
60 55 2.8268
61 55 3.6682
62 55 4.36597
63 55 4.84373
64 55 5.21527
65 55 5.3322
66 55 5.38475
67 55 5.61987
68 55 5.90853
69 55 5.93043
70 55 5.89826
71 55 5.93338
72 55 5.89914
73 55 5.83901
74 55 5.83463
75 55 5.87006
76 55 5.83632
77 55 5.68378
78 55 5.39333
79 55 5.07326
80 55 4.71813
81 55 4.29244
82 55 3.79094
83 55 3.4002
84 55 3.14309
85 55 2.92761
86 55 2.66136
87 55 2.27485
88 55 1.81672
89 55 1.46906
90 55 1.29623
91 55 1.25973
92 55 1.14289
93 55 0.76916
94 55 0.209016
95 55 -0.543152
96 55 -1.44167
97 55 -2.05759
98 55 -2.7651
99 55 -3.60571
100 55 -4.56251
101 55 -5.72614
102 55 -6.28634
103 55 -34.5038
104 55 -34.5038
105 55 -34.5038
106 55 -34.5038
107 55 -34.5038
108 55 -34.5038
109 55 -34.5038
110 55 -34.5038
111 55 -34.5038
112 55 -34.5038
113 55 -34.5038
114 55 -34.5038
115 55 -34.5038
116 55 -34.5038
117 55 -34.5038
118 55 -34.5038
119 55 -34.5038
0 56 -34.5038
1 56 -34.5038
2 56 -34.5038
3 56 -34.5038
4 56 -34.5038
5 56 -34.5038
6 56 -34.5038
7 56 -34.5038
8 56 -34.5038
9 56 -34.5038
10 56 -34.5038
11 56 -34.5038
12 56 -34.5038
13 56 -34.5038
14 56 -7.82589
15 56 -6.43975
16 56 -5.2652
17 56 -4.26141
18 56 -3.45706
19 56 -2.59019
20 56 -1.75107
21 56 -1.0298
22 56 -0.480933
23 56 -0.11435
24 56 0.0431477
25 56 0.089189
26 56 0.126405
27 56 0.310674
28 56 0.457184
29 56 0.626384
30 56 0.664832
31 56 0.661852
32 56 0.628757
33 56 0.607
34 56 0.571916
35 56 0.518725
36 56 0.544703
37 56 0.760083
38 56 0.775725
39 56 0.592673
40 56 0.126717
41 56 -0.172519
42 56 -0.241537
43 56 -0.34704
44 56 -0.478588
45 56 -0.548575
46 56 -0.47417
47 56 -0.196685
48 56 0.0326364
49 56 0.244044
50 56 0.534865
51 56 0.683798
52 56 0.719677
53 56 0.665554
54 56 0.456014
55 56 0.280303
56 56 0.618723
57 56 1.02832
58 56 1.31163
59 56 1.45445
60 56 1.66445
61 56 2.10626
62 56 2.75667
63 56 3.31249
64 56 3.84303
65 56 4.22657
66 56 4.45267
67 56 4.70081
68 56 4.99354
69 56 5.12958
70 56 5.07475
71 56 5.02872
72 56 5.02462
73 56 4.98487
74 56 5.03706
75 56 5.11431
76 56 5.10286
77 56 4.84629
78 56 4.48927
79 56 4.15931
80 56 3.78048
81 56 3.35047
82 56 2.99913
83 56 2.7904
84 56 2.63796
85 56 2.49427
86 56 2.28696
87 56 1.95711
88 56 1.62875
89 56 1.38296
90 56 1.26649
91 56 1.14067
92 56 0.901522
93 56 0.44632
94 56 -0.218472
95 56 -1.08265
96 56 -1.88373
97 56 -2.39946
98 56 -3.15878
99 56 -4.10336
100 56 -5.06437
101 56 -6.20881
102 56 -6.61599
103 56 -34.5038
104 56 -34.5038
105 56 -34.5038
106 56 -34.5038
107 56 -34.5038
108 56 -34.5038
109 56 -34.5038
110 56 -34.5038
111 56 -34.5038
112 56 -34.5038
113 56 -34.5038
114 56 -34.5038
115 56 -34.5038
116 56 -34.5038
117 56 -34.5038
118 56 -34.5038
119 56 -34.5038
0 57 -34.5038
1 57 -34.5038
2 57 -34.5038
3 57 -34.5038
4 57 -34.5038
5 57 -34.5038
6 57 -34.5038
7 57 -34.5038
8 57 -34.5038
9 57 -34.5038
10 57 -34.5038
11 57 -34.5038
12 57 -34.5038
13 57 -34.5038
14 57 -7.93811
15 57 -6.50835
16 57 -5.34496
17 57 -4.37218
18 57 -3.49378
19 57 -2.67224
20 57 -1.92145
21 57 -1.17911
22 57 -0.627857
23 57 -0.256764
24 57 0.0200805
25 57 0.134066
26 57 0.233698
27 57 0.359206
28 57 0.425231
29 57 0.556086
30 57 0.591703
31 57 0.597581
32 57 0.594338
33 57 0.581453
34 57 0.534662
35 57 0.387091
36 57 0.374121
37 57 0.55647
38 57 0.56615
39 57 0.355438
40 57 -0.123534
41 57 -0.287707
42 57 -0.311576
43 57 -0.36946
44 57 -0.521474
45 57 -0.652759
46 57 -0.659014
47 57 -0.41792
48 57 -0.215503
49 57 -0.0729379
50 57 0.239519
51 57 0.482893
52 57 0.516146
53 57 0.38781
54 57 0.258817
55 57 0.360865
56 57 0.722335
57 57 0.967194
58 57 1.11689
59 57 1.19634
60 57 1.29151
61 57 1.33512
62 57 1.49876
63 57 1.77765
64 57 2.16707
65 57 2.6949
66 57 3.13471
67 57 3.53342
68 57 3.85737
69 57 4.02913
70 57 3.9667
71 57 3.87771
72 57 3.86072
73 57 3.82218
74 57 3.92007
75 57 4.06409
76 57 4.02825
77 57 3.69597
78 57 3.21375
79 57 2.91658
80 57 2.69967
81 57 2.56111
82 57 2.49939
83 57 2.43764
84 57 2.35731
85 57 2.25747
86 57 2.10322
87 57 1.82162
88 57 1.53429
89 57 1.32844
90 57 1.16883
91 57 0.92239
92 57 0.569822
93 57 -0.0115058
94 57 -0.736085
95 57 -1.61611
96 57 -2.2491
97 57 -2.77908
98 57 -3.6224
99 57 -4.68835
100 57 -5.73302
101 57 -6.48548
102 57 -7.13105
103 57 -34.5038
104 57 -34.5038
105 57 -34.5038
106 57 -34.5038
107 57 -34.5038
108 57 -34.5038
109 57 -34.5038
110 57 -34.5038
111 57 -34.5038
112 57 -34.5038
113 57 -34.5038
114 57 -34.5038
115 57 -34.5038
116 57 -34.5038
117 57 -34.5038
118 57 -34.5038
119 57 -34.5038
0 58 -34.5038
1 58 -34.5038
2 58 -34.5038
3 58 -34.5038
4 58 -34.5038
5 58 -34.5038
6 58 -34.5038
7 58 -34.5038
8 58 -34.5038
9 58 -34.5038
10 58 -34.5038
11 58 -34.5038
12 58 -34.5038
13 58 -34.5038
14 58 -8.15684
15 58 -6.61107
16 58 -5.48512
17 58 -4.50771
18 58 -3.58883
19 58 -2.7337
20 58 -2.08116
21 58 -1.36003
22 58 -0.819733
23 58 -0.431181
24 58 -0.150602
25 58 0.0986858
26 58 0.285814
27 58 0.441614
28 58 0.461098
29 58 0.53431
30 58 0.566259
31 58 0.575493
32 58 0.581879
33 58 0.565542
34 58 0.469685
35 58 0.235983
36 58 0.0947372
37 58 0.241647
38 58 0.268646
39 58 0.0429189
40 58 -0.308573
41 58 -0.356463
42 58 -0.372053
43 58 -0.400781
44 58 -0.639562
45 58 -0.838791
46 58 -0.870041
47 58 -0.709613
48 58 -0.532869
49 58 -0.429464
50 58 -0.146894
51 58 0.147693
52 58 0.242921
53 58 0.147156
54 58 0.124889
55 58 0.346516
56 58 0.680868
57 58 0.866735
58 58 0.95394
59 58 1.01893
60 58 1.00744
61 58 0.935961
62 58 0.986681
63 58 1.14603
64 58 1.30154
65 58 1.40545
66 58 1.72962
67 58 1.94681
68 58 2.27678
69 58 2.53858
70 58 2.26933
71 58 2.14085
72 58 2.04581
73 58 2.0752
74 58 2.19453
75 58 2.53001
76 58 2.45189
77 58 2.11658
78 58 1.87783
79 58 1.89172
80 58 1.98551
81 58 2.06175
82 58 2.15163
83 58 2.23506
84 58 2.21349
85 58 2.13433
86 58 1.96469
87 58 1.6814
88 58 1.4124
89 58 1.1891
90 58 0.924716
91 58 0.564851
92 58 0.0747381
93 58 -0.554661
94 58 -1.24794
95 58 -2.06
96 58 -2.62892
97 58 -3.22437
98 58 -4.21246
99 58 -5.17449
100 58 -6.1949
101 58 -6.77523
102 58 -34.5038
103 58 -34.5038
104 58 -34.5038
105 58 -34.5038
106 58 -34.5038
107 58 -34.5038
108 58 -34.5038
109 58 -34.5038
110 58 -34.5038
111 58 -34.5038
112 58 -34.5038
113 58 -34.5038
114 58 -34.5038
115 58 -34.5038
116 58 -34.5038
117 58 -34.5038
118 58 -34.5038
119 58 -34.5038
0 59 -34.5038
1 59 -34.5038
2 59 -34.5038
3 59 -34.5038
4 59 -34.5038
5 59 -34.5038
6 59 -34.5038
7 59 -34.5038
8 59 -34.5038
9 59 -34.5038
10 59 -34.5038
11 59 -34.5038
12 59 -34.5038
13 59 -34.5038
14 59 -8.54495
15 59 -6.76535
16 59 -5.57527
17 59 -4.62161
18 59 -3.69045
19 59 -2.80872
20 59 -2.17154
21 59 -1.54546
22 59 -1.04992
23 59 -0.649423
24 59 -0.339693
25 59 -0.0451523
26 59 0.2287
27 59 0.471223
28 59 0.484301
29 59 0.492681
30 59 0.51105
31 59 0.536933
32 59 0.527624
33 59 0.455455
34 59 0.310275
35 59 -0.00231271
36 59 -0.21683
37 59 -0.153972
38 59 -0.111612
39 59 -0.303899
40 59 -0.432914
41 59 -0.426596
42 59 -0.430371
43 59 -0.449628
44 59 -0.776159
45 59 -1.06468
46 59 -1.13288
47 59 -1.07222
48 59 -0.940024
49 59 -0.82822
50 59 -0.568957
51 59 -0.281231
52 59 -0.12152
53 59 -0.147744
54 59 -0.062922
55 59 0.14396
56 59 0.444502
57 59 0.68978
58 59 0.813205
59 59 0.871896
60 59 0.798948
61 59 0.781819
62 59 0.858144
63 59 0.912672
64 59 0.930402
65 59 0.891478
66 59 0.918892
67 59 1.26579
68 59 1.28179
69 59 1.32555
70 59 1.44166
71 59 1.61805
72 59 1.66291
73 59 1.68045
74 59 1.67059
75 59 1.43901
76 59 1.33703
77 59 1.22127
78 59 1.13488
79 59 1.22271
80 59 1.4296
81 59 1.63265
82 59 1.76989
83 59 1.89727
84 59 1.98388
85 59 1.89766
86 59 1.69504
87 59 1.43024
88 59 1.14692
89 59 0.873299
90 59 0.508105
91 59 0.0628499
92 59 -0.491829
93 59 -1.10225
94 59 -1.79587
95 59 -2.53331
96 59 -3.1133
97 59 -3.86733
98 59 -4.8311
99 59 -5.62908
100 59 -6.61775
101 59 -7.11109
102 59 -34.5038
103 59 -34.5038
104 59 -34.5038
105 59 -34.5038
106 59 -34.5038
107 59 -34.5038
108 59 -34.5038
109 59 -34.5038
110 59 -34.5038
111 59 -34.5038
112 59 -34.5038
113 59 -34.5038
114 59 -34.5038
115 59 -34.5038
116 59 -34.5038
117 59 -34.5038
118 59 -34.5038
119 59 -34.5038
0 60 -34.5038
1 60 -34.5038
2 60 -34.5038
3 60 -34.5038
4 60 -34.5038
5 60 -34.5038
6 60 -34.5038
7 60 -34.5038
8 60 -34.5038
9 60 -34.5038
10 60 -34.5038
11 60 -34.5038
12 60 -34.5038
13 60 -34.5038
14 60 -34.5038
15 60 -6.93525
16 60 -5.66599
17 60 -4.69507
18 60 -3.80205
19 60 -2.89437
20 60 -2.1794
21 60 -1.61907
22 60 -1.22094
23 60 -0.898611
24 60 -0.591843
25 60 -0.262893
26 60 0.0202427
27 60 0.245237
28 60 0.325317
29 60 0.323802
30 60 0.341557
31 60 0.35662
32 60 0.337245
33 60 0.243449
34 60 0.0686554
35 60 -0.260932
36 60 -0.508348
37 60 -0.546984
38 60 -0.581872
39 60 -0.699324
40 60 -0.608733
41 60 -0.495783
42 60 -0.500332
43 60 -0.568913
44 60 -0.980755
45 60 -1.33839
46 60 -1.49617
47 60 -1.50269
48 60 -1.38706
49 60 -1.24877
50 60 -0.994304
51 60 -0.691491
52 60 -0.507229
53 60 -0.506681
54 60 -0.382256
55 60 -0.175495
56 60 0.0963726
57 60 0.371923
58 60 0.55722
59 60 0.614884
60 60 0.517048
61 60 0.585916
62 60 0.682811
63 60 0.67989
64 60 0.707162
65 60 0.758147
66 60 0.859497
67 60 0.96971
68 60 1.04423
69 60 1.14504
70 60 1.25613
71 60 1.35498
72 60 1.39811
73 60 1.40239
74 60 1.36344
75 60 1.25055
76 60 1.08179
77 60 0.809562
78 60 0.602065
79 60 0.645316
80 60 0.838765
81 60 1.06511
82 60 1.24269
83 60 1.39983
84 60 1.509
85 60 1.44159
86 60 1.23246
87 60 0.996329
88 60 0.696573
89 60 0.380786
90 60 -0.02419
91 60 -0.530452
92 60 -1.08811
93 60 -1.67324
94 60 -2.44223
95 60 -3.12157
96 60 -3.72109
97 60 -4.5194
98 60 -5.26259
99 60 -6.2327
100 60 -6.86886
101 60 -7.54004
102 60 -34.5038
103 60 -34.5038
104 60 -34.5038
105 60 -34.5038
106 60 -34.5038
107 60 -34.5038
108 60 -34.5038
109 60 -34.5038
110 60 -34.5038
111 60 -34.5038
112 60 -34.5038
113 60 -34.5038
114 60 -34.5038
115 60 -34.5038
116 60 -34.5038
117 60 -34.5038
118 60 -34.5038
119 60 -34.5038
0 61 -34.5038
1 61 -34.5038
2 61 -34.5038
3 61 -34.5038
4 61 -34.5038
5 61 -34.5038
6 61 -34.5038
7 61 -34.5038
8 61 -34.5038
9 61 -34.5038
10 61 -34.5038
11 61 -34.5038
12 61 -34.5038
13 61 -34.5038
14 61 -34.5038
15 61 -7.36332
16 61 -5.73751
17 61 -4.73059
18 61 -3.81553
19 61 -2.9044
20 61 -2.10331
21 61 -1.58073
22 61 -1.31718
23 61 -1.11251
24 61 -0.858884
25 61 -0.521329
26 61 -0.256685
27 61 -0.0704373
28 61 0.0228886
29 61 0.0420901
30 61 0.0308053
31 61 0.0545674
32 61 0.0508665
33 61 -0.0418569
34 61 -0.212614
35 61 -0.502755
36 61 -0.753438
37 61 -0.871924
38 61 -1.02227
39 61 -1.0066
40 61 -0.804717
41 61 -0.604747
42 61 -0.607765
43 61 -0.742767
44 61 -1.17501
45 61 -1.60915
46 61 -1.91055
47 61 -1.98086
48 61 -1.86645
49 61 -1.68941
50 61 -1.43477
51 61 -1.12814
52 61 -0.917633
53 61 -0.89521
54 61 -0.784115
55 61 -0.599727
56 61 -0.281019
57 61 0.0176874
58 61 0.217718
59 61 0.304722
60 61 0.309698
61 61 0.391873
62 61 0.444034
63 61 0.40424
64 61 0.520942
65 61 0.665333
66 61 0.744027
67 61 0.830689
68 61 0.912643
69 61 1.00233
70 61 1.08293
71 61 1.14762
72 61 1.17217
73 61 1.16756
74 61 1.13022
75 61 1.02069
76 61 0.735268
77 61 0.405585
78 61 0.174082
79 61 0.0899709
80 61 0.156875
81 61 0.369001
82 61 0.597584
83 61 0.772816
84 61 0.850243
85 61 0.784621
86 61 0.600414
87 61 0.376572
88 61 0.115574
89 61 -0.217853
90 61 -0.654492
91 61 -1.1603
92 61 -1.79993
93 61 -2.4538
94 61 -3.08111
95 61 -3.58921
96 61 -4.21482
97 61 -4.93472
98 61 -5.68507
99 61 -6.65839
100 61 -7.14436
101 61 -34.5038
102 61 -34.5038
103 61 -34.5038
104 61 -34.5038
105 61 -34.5038
106 61 -34.5038
107 61 -34.5038
108 61 -34.5038
109 61 -34.5038
110 61 -34.5038
111 61 -34.5038
112 61 -34.5038
113 61 -34.5038
114 61 -34.5038
115 61 -34.5038
116 61 -34.5038
117 61 -34.5038
118 61 -34.5038
119 61 -34.5038
0 62 -34.5038
1 62 -34.5038
2 62 -34.5038
3 62 -34.5038
4 62 -34.5038
5 62 -34.5038
6 62 -34.5038
7 62 -34.5038
8 62 -34.5038
9 62 -34.5038
10 62 -34.5038
11 62 -34.5038
12 62 -34.5038
13 62 -34.5038
14 62 -34.5038
15 62 -34.5038
16 62 -5.75008
17 62 -4.68105
18 62 -3.735
19 62 -2.76947
20 62 -1.8974
21 62 -1.4099
22 62 -1.25377
23 62 -1.27302
24 62 -1.08839
25 62 -0.790312
26 62 -0.574514
27 62 -0.421834
28 62 -0.320361
29 62 -0.298528
30 62 -0.331807
31 62 -0.337212
32 62 -0.328324
33 62 -0.392694
34 62 -0.533136
35 62 -0.772575
36 62 -0.966502
37 62 -1.15037
38 62 -1.37715
39 62 -1.26146
40 62 -1.05055
41 62 -0.88403
42 62 -0.872058
43 62 -1.0281
44 62 -1.42726
45 62 -1.9232
46 62 -2.31031
47 62 -2.42996
48 62 -2.30626
49 62 -2.12903
50 62 -1.89208
51 62 -1.58104
52 62 -1.35721
53 62 -1.31803
54 62 -1.21443
55 62 -1.02498
56 62 -0.709178
57 62 -0.367071
58 62 -0.148081
59 62 0.0203241
60 62 0.0817089
61 62 0.145533
62 62 0.139836
63 62 0.121112
64 62 0.380592
65 62 0.552755
66 62 0.620589
67 62 0.696375
68 62 0.773992
69 62 0.856475
70 62 0.934793
71 62 0.971267
72 62 0.975371
73 62 0.96547
74 62 0.932901
75 62 0.753595
76 62 0.392879
77 62 0.111893
78 62 -0.10405
79 62 -0.2931
80 62 -0.443922
81 62 -0.382403
82 62 -0.15798
83 62 0.0335201
84 62 0.129607
85 62 0.046766
86 62 -0.128508
87 62 -0.302385
88 62 -0.550438
89 62 -0.886595
90 62 -1.3243
91 62 -1.9123
92 62 -2.51444
93 62 -2.98526
94 62 -3.40561
95 62 -3.89528
96 62 -4.55944
97 62 -5.30136
98 62 -6.28376
99 62 -6.89479
100 62 -7.5294
101 62 -34.5038
102 62 -34.5038
103 62 -34.5038
104 62 -34.5038
105 62 -34.5038
106 62 -34.5038
107 62 -34.5038
108 62 -34.5038
109 62 -34.5038
110 62 -34.5038
111 62 -34.5038
112 62 -34.5038
113 62 -34.5038
114 62 -34.5038
115 62 -34.5038
116 62 -34.5038
117 62 -34.5038
118 62 -34.5038
119 62 -34.5038
0 63 -34.5038
1 63 -34.5038
2 63 -34.5038
3 63 -34.5038
4 63 -34.5038
5 63 -34.5038
6 63 -34.5038
7 63 -34.5038
8 63 -34.5038
9 63 -34.5038
10 63 -34.5038
11 63 -34.5038
12 63 -34.5038
13 63 -34.5038
14 63 -34.5038
15 63 -34.5038
16 63 -5.63601
17 63 -4.42765
18 63 -3.49995
19 63 -2.37581
20 63 -1.45223
21 63 -1.16916
22 63 -1.20586
23 63 -1.2719
24 63 -1.23529
25 63 -1.01971
26 63 -0.840324
27 63 -0.732477
28 63 -0.676072
29 63 -0.675431
30 63 -0.731565
31 63 -0.778959
32 63 -0.789355
33 63 -0.818399
34 63 -0.89567
35 63 -1.05565
36 63 -1.23885
37 63 -1.49284
38 63 -1.68194
39 63 -1.53242
40 63 -1.33923
41 63 -1.24219
42 63 -1.26438
43 63 -1.42317
44 63 -1.77808
45 63 -2.28181
46 63 -2.66158
47 63 -2.80338
48 63 -2.69813
49 63 -2.52626
50 63 -2.30157
51 63 -2.0318
52 63 -1.82834
53 63 -1.76249
54 63 -1.68644
55 63 -1.46303
56 63 -1.15313
57 63 -0.813286
58 63 -0.574258
59 63 -0.361115
60 63 -0.243886
61 63 -0.131485
62 63 -0.116336
63 63 -0.0465036
64 63 0.269254
65 63 0.430463
66 63 0.489199
67 63 0.560229
68 63 0.636523
69 63 0.728745
70 63 0.803996
71 63 0.818134
72 63 0.792581
73 63 0.7499
74 63 0.651958
75 63 0.406845
76 63 0.152089
77 63 -0.043823
78 63 -0.237938
79 63 -0.531076
80 63 -0.719313
81 63 -0.830073
82 63 -0.864288
83 63 -0.793315
84 63 -0.665508
85 63 -0.717531
86 63 -0.820339
87 63 -1.01245
88 63 -1.27171
89 63 -1.6123
90 63 -2.01855
91 63 -2.49943
92 63 -2.90691
93 63 -3.223
94 63 -3.65115
95 63 -4.15046
96 63 -4.82873
97 63 -5.69047
98 63 -6.73727
99 63 -7.15843
100 63 -34.5038
101 63 -34.5038
102 63 -34.5038
103 63 -34.5038
104 63 -34.5038
105 63 -34.5038
106 63 -34.5038
107 63 -34.5038
108 63 -34.5038
109 63 -34.5038
110 63 -34.5038
111 63 -34.5038
112 63 -34.5038
113 63 -34.5038
114 63 -34.5038
115 63 -34.5038
116 63 -34.5038
117 63 -34.5038
118 63 -34.5038
119 63 -34.5038
0 64 -34.5038
1 64 -34.5038
2 64 -34.5038
3 64 -34.5038
4 64 -34.5038
5 64 -34.5038
6 64 -34.5038
7 64 -34.5038
8 64 -34.5038
9 64 -34.5038
10 64 -34.5038
11 64 -34.5038
12 64 -34.5038
13 64 -34.5038
14 64 -34.5038
15 64 -34.5038
16 64 -4.92734
17 64 -3.4938
18 64 -2.0188
19 64 -1.18999
20 64 -0.751342
21 64 -0.85652
22 64 -1.12993
23 64 -1.04035
24 64 -1.14153
25 64 -1.11684
26 64 -1.02102
27 64 -1.01812
28 64 -1.0347
29 64 -1.08507
30 64 -1.17342
31 64 -1.24657
32 64 -1.28517
33 64 -1.30332
34 64 -1.35377
35 64 -1.4709
36 64 -1.62798
37 64 -1.86689
38 64 -1.97018
39 64 -1.8436
40 64 -1.70845
41 64 -1.68665
42 64 -1.75809
43 64 -1.90737
44 64 -2.20646
45 64 -2.63591
46 64 -2.98928
47 64 -3.12066
48 64 -3.06509
49 64 -2.91879
50 64 -2.72684
51 64 -2.52129
52 64 -2.34593
53 64 -2.27106
54 64 -2.17568
55 64 -1.9525
56 64 -1.60088
57 64 -1.29862
58 64 -1.03197
59 64 -0.802605
60 64 -0.63537
61 64 -0.465911
62 64 -0.397851
63 64 -0.261487
64 64 0.0754856
65 64 0.287817
66 64 0.345515
67 64 0.41949
68 64 0.510905
69 64 0.615359
70 64 0.664794
71 64 0.640173
72 64 0.562402
73 64 0.476926
74 64 0.342063
75 64 0.162338
76 64 -0.000822067
77 64 -0.125862
78 64 -0.298986
79 64 -0.607164
80 64 -0.850434
81 64 -1.12884
82 64 -1.36152
83 64 -1.48051
84 64 -1.38224
85 64 -1.35988
86 64 -1.42758
87 64 -1.62031
88 64 -1.92587
89 64 -2.24167
90 64 -2.5239
91 64 -2.90383
92 64 -3.2438
93 64 -3.56209
94 64 -3.98641
95 64 -4.50219
96 64 -5.27809
97 64 -6.34561
98 64 -6.99596
99 64 -7.61348
100 64 -34.5038
101 64 -34.5038
102 64 -34.5038
103 64 -34.5038
104 64 -34.5038
105 64 -34.5038
106 64 -34.5038
107 64 -34.5038
108 64 -34.5038
109 64 -34.5038
110 64 -34.5038
111 64 -34.5038
112 64 -34.5038
113 64 -34.5038
114 64 -34.5038
115 64 -34.5038
116 64 -34.5038
117 64 -34.5038
118 64 -34.5038
119 64 -34.5038
0 65 -34.5038
1 65 -34.5038
2 65 -34.5038
3 65 -34.5038
4 65 -34.5038
5 65 -34.5038
6 65 -34.5038
7 65 -34.5038
8 65 -34.5038
9 65 -34.5038
10 65 -34.5038
11 65 -34.5038
12 65 -34.5038
13 65 -34.5038
14 65 -34.5038
15 65 -34.5038
16 65 -0.748196
17 65 0.586989
18 65 1.38372
19 65 1.61989
20 65 1.43416
21 65 1.12707
22 65 0.757021
23 65 -0.313873
24 65 -0.636308
25 65 -0.957564
26 65 -0.987332
27 65 -1.17436
28 65 -1.32263
29 65 -1.47496
30 65 -1.62264
31 65 -1.75697
32 65 -1.83019
33 65 -1.86119
34 65 -1.92222
35 65 -2.01761
36 65 -2.11477
37 65 -2.263
38 65 -2.32973
39 65 -2.26594
40 65 -2.21527
41 65 -2.24288
42 65 -2.35424
43 65 -2.4877
44 65 -2.72637
45 65 -3.08317
46 65 -3.3516
47 65 -3.47964
48 65 -3.48749
49 65 -3.39227
50 65 -3.22534
51 65 -3.06784
52 65 -2.93623
53 65 -2.856
54 65 -2.72369
55 65 -2.53047
56 65 -2.13545
57 65 -1.79196
58 65 -1.52372
59 65 -1.26973
60 65 -1.04913
61 65 -0.866228
62 65 -0.71948
63 65 -0.555264
64 65 -0.245911
65 65 0.0205498
66 65 0.134531
67 65 0.20807
68 65 0.313197
69 65 0.419238
70 65 0.434463
71 65 0.354605
72 65 0.27446
73 65 0.191966
74 65 0.0857713
75 65 -0.0191963
76 65 -0.106115
77 65 -0.189349
78 65 -0.345909
79 65 -0.639304
80 65 -0.97927
81 65 -1.37443
82 65 -1.74729
83 65 -1.89235
84 65 -1.88592
85 65 -1.82499
86 65 -1.88759
87 65 -2.10451
88 65 -2.43293
89 65 -2.73815
90 65 -3.02009
91 65 -3.37309
92 65 -3.69228
93 65 -4.03702
94 65 -4.49129
95 65 -5.04589
96 65 -5.85222
97 65 -6.84619
98 65 -7.1959
99 65 -34.5038
100 65 -34.5038
101 65 -34.5038
102 65 -34.5038
103 65 -34.5038
104 65 -34.5038
105 65 -34.5038
106 65 -34.5038
107 65 -34.5038
108 65 -34.5038
109 65 -34.5038
110 65 -34.5038
111 65 -34.5038
112 65 -34.5038
113 65 -34.5038
114 65 -34.5038
115 65 -34.5038
116 65 -34.5038
117 65 -34.5038
118 65 -34.5038
119 65 -34.5038
0 66 -34.5038
1 66 -34.5038
2 66 -34.5038
3 66 -34.5038
4 66 -34.5038
5 66 -34.5038
6 66 -34.5038
7 66 -34.5038
8 66 -34.5038
9 66 -34.5038
10 66 -34.5038
11 66 -34.5038
12 66 -1.26255
13 66 0.690356
14 66 1.58629
15 66 2.07234
16 66 2.07695
17 66 2.56528
18 66 3.07232
19 66 3.42267
20 66 3.61945
21 66 3.46375
22 66 2.99554
23 66 2.139
24 66 1.12203
25 66 0.16346
26 66 -0.833794
27 66 -1.1265
28 66 -1.46338
29 66 -1.71656
30 66 -1.99203
31 66 -2.22046
32 66 -2.33955
33 66 -2.39576
34 66 -2.45746
35 66 -2.54889
36 66 -2.62517
37 66 -2.72731
38 66 -2.79974
39 66 -2.85063
40 66 -2.85001
41 66 -2.92407
42 66 -3.04283
43 66 -3.15068
44 66 -3.34782
45 66 -3.58655
46 66 -3.76656
47 66 -3.89525
48 66 -3.9729
49 66 -3.94359
50 66 -3.83528
51 66 -3.67043
52 66 -3.53888
53 66 -3.46549
54 66 -3.34759
55 66 -3.15069
56 66 -2.80585
57 66 -2.34451
58 66 -2.01224
59 66 -1.72122
60 66 -1.49278
61 66 -1.30976
62 66 -1.13319
63 66 -0.930214
64 66 -0.648274
65 66 -0.401686
66 66 -0.228279
67 66 -0.105845
68 66 0.007439
69 66 0.0775944
70 66 0.056559
71 66 -0.00146728
72 66 -0.0216683
73 66 -0.0645106
74 66 -0.10491
75 66 -0.145758
76 66 -0.204115
77 66 -0.303199
78 66 -0.501467
79 66 -0.784534
80 66 -1.12513
81 66 -1.57951
82 66 -1.97317
83 66 -2.15777
84 66 -2.23056
85 66 -2.22561
86 66 -2.29971
87 66 -2.56507
88 66 -2.92289
89 66 -3.24693
90 66 -3.54494
91 66 -3.86648
92 66 -4.22557
93 66 -4.6296
94 66 -5.10372
95 66 -5.69642
96 66 -6.48476
97 66 -7.08583
98 66 -7.94537
99 66 -34.5038
100 66 -34.5038
101 66 -34.5038
102 66 -34.5038
103 66 -34.5038
104 66 -34.5038
105 66 -34.5038
106 66 -34.5038
107 66 -34.5038
108 66 -34.5038
109 66 -34.5038
110 66 -34.5038
111 66 -34.5038
112 66 -34.5038
113 66 -34.5038
114 66 -34.5038
115 66 -34.5038
116 66 -34.5038
117 66 -34.5038
118 66 -34.5038
119 66 -34.5038
0 67 -34.5038
1 67 -34.5038
2 67 -34.5038
3 67 -34.5038
4 67 -34.5038
5 67 -34.5038
6 67 -34.5038
7 67 -34.5038
8 67 -34.5038
9 67 -34.5038
10 67 0.382865
11 67 1.74496
12 67 2.15267
13 67 2.72604
14 67 3.09097
15 67 3.27724
16 67 3.46409
17 67 3.98951
18 67 4.66772
19 67 5.15103
20 67 5.36776
21 67 5.27686
22 67 4.87872
23 67 4.13872
24 67 3.21657
25 67 2.02161
26 67 0.485739
27 67 -0.638376
28 67 -1.30143
29 67 -1.82151
30 67 -2.24863
31 67 -2.48152
32 67 -2.57334
33 67 -2.6652
34 67 -2.78785
35 67 -2.93994
36 67 -3.10577
37 67 -3.20283
38 67 -3.34422
39 67 -3.44982
40 67 -3.53599
41 67 -3.6593
42 67 -3.76773
43 67 -3.84663
44 67 -3.98307
45 67 -4.10678
46 67 -4.20757
47 67 -4.35634
48 67 -4.51526
49 67 -4.54569
50 67 -4.43977
51 67 -4.25462
52 67 -4.11594
53 67 -4.02711
54 67 -3.94273
55 67 -3.80575
56 67 -3.55724
57 67 -3.01747
58 67 -2.54844
59 67 -2.23934
60 67 -2.00289
61 67 -1.78059
62 67 -1.62888
63 67 -1.41017
64 67 -1.1299
65 67 -0.885609
66 67 -0.682688
67 67 -0.519707
68 67 -0.369373
69 67 -0.323762
70 67 -0.366776
71 67 -0.387749
72 67 -0.29955
73 67 -0.263636
74 67 -0.258178
75 67 -0.275975
76 67 -0.359893
77 67 -0.547713
78 67 -0.816827
79 67 -1.06701
80 67 -1.37112
81 67 -1.78521
82 67 -2.16128
83 67 -2.40206
84 67 -2.53033
85 67 -2.63437
86 67 -2.7609
87 67 -3.04857
88 67 -3.37864
89 67 -3.68298
90 67 -3.98038
91 67 -4.38526
92 67 -4.8195
93 67 -5.24031
94 67 -5.72117
95 67 -6.2924
96 67 -6.72344
97 67 -7.51112
98 67 -34.5038
99 67 -34.5038
100 67 -34.5038
101 67 -34.5038
102 67 -34.5038
103 67 -34.5038
104 67 -34.5038
105 67 -34.5038
106 67 -34.5038
107 67 -34.5038
108 67 -34.5038
109 67 -34.5038
110 67 -34.5038
111 67 -34.5038
112 67 -34.5038
113 67 -34.5038
114 67 -34.5038
115 67 -34.5038
116 67 -34.5038
117 67 -34.5038
118 67 -34.5038
119 67 -34.5038
0 68 -34.5038
1 68 -34.5038
2 68 -34.5038
3 68 -34.5038
4 68 -34.5038
5 68 -34.5038
6 68 -34.5038
7 68 -34.5038
8 68 -34.5038
9 68 1.20471
10 68 2.20762
11 68 2.96509
12 68 3.24435
13 68 3.44244
14 68 3.60897
15 68 3.97098
16 68 4.67786
17 68 5.40697
18 68 5.94082
19 68 6.32736
20 68 6.58527
21 68 6.60392
22 68 6.33096
23 68 5.63464
24 68 4.80167
25 68 3.54723
26 68 1.99321
27 68 0.415453
28 68 -0.768823
29 68 -1.61274
30 68 -2.1809
31 68 -2.44334
32 68 -2.5673
33 68 -2.71286
34 68 -2.92593
35 68 -3.21321
36 68 -3.53576
37 68 -3.7196
38 68 -3.90188
39 68 -4.01729
40 68 -4.19533
41 68 -4.38988
42 68 -4.48206
43 68 -4.52437
44 68 -4.58282
45 68 -4.62535
46 68 -4.70643
47 68 -4.87025
48 68 -5.11896
49 68 -5.15097
50 68 -5.03568
51 68 -4.83952
52 68 -4.6653
53 68 -4.57979
54 68 -4.52375
55 68 -4.44667
56 68 -4.30711
57 68 -3.80654
58 68 -3.19462
59 68 -2.80849
60 68 -2.53855
61 68 -2.26621
62 68 -2.11989
63 68 -1.93097
64 68 -1.6391
65 68 -1.37771
66 68 -1.15081
67 68 -0.939471
68 68 -0.778908
69 68 -0.725014
70 68 -0.766148
71 68 -0.773934
72 68 -0.646739
73 68 -0.554321
74 68 -0.513493
75 68 -0.565382
76 68 -0.716251
77 68 -0.938276
78 68 -1.1546
79 68 -1.37171
80 68 -1.66596
81 68 -2.04854
82 68 -2.42449
83 68 -2.72721
84 68 -2.92606
85 68 -3.12081
86 68 -3.25756
87 68 -3.49151
88 68 -3.79513
89 68 -4.0652
90 68 -4.43352
91 68 -4.90545
92 68 -5.3504
93 68 -5.85858
94 68 -6.4269
95 68 -6.60296
96 68 -7.2058
97 68 -34.5038
98 68 -34.5038
99 68 -34.5038
100 68 -34.5038
101 68 -34.5038
102 68 -34.5038
103 68 -34.5038
104 68 -34.5038
105 68 -34.5038
106 68 -34.5038
107 68 -34.5038
108 68 -34.5038
109 68 -34.5038
110 68 -34.5038
111 68 -34.5038
112 68 -34.5038
113 68 -34.5038
114 68 -34.5038
115 68 -34.5038
116 68 -34.5038
117 68 -34.5038
118 68 -34.5038
119 68 -34.5038
0 69 -34.5038
1 69 -34.5038
2 69 -34.5038
3 69 -34.5038
4 69 -34.5038
5 69 -34.5038
6 69 -34.5038
7 69 -34.5038
8 69 1.28754
9 69 2.32775
10 69 3.11869
11 69 3.66106
12 69 3.92802
13 69 4.02613
14 69 4.17595
15 69 4.88128
16 69 5.79016
17 69 6.429
18 69 6.86275
19 69 7.20019
20 69 7.45587
21 69 7.51823
22 69 7.34215
23 69 6.79911
24 69 5.93963
25 69 4.85742
26 69 3.26345
27 69 1.58033
28 69 0.075051
29 69 -1.11351
30 69 -1.8221
31 69 -2.12478
32 69 -2.28655
33 69 -2.49642
34 69 -2.8288
35 69 -3.32726
36 69 -3.79802
37 69 -4.14895
38 69 -4.43009
39 69 -4.64246
40 69 -4.91794
41 69 -5.13526
42 69 -5.21913
43 69 -5.22425
44 69 -5.21672
45 69 -5.23089
46 69 -5.29168
47 69 -5.46859
48 69 -5.69071
49 69 -5.70135
50 69 -5.58871
51 69 -5.41396
52 69 -5.26668
53 69 -5.20088
54 69 -5.18048
55 69 -5.15474
56 69 -5.03017
57 69 -4.509
58 69 -3.8885
59 69 -3.42709
60 69 -3.11061
61 69 -2.82525
62 69 -2.64342
63 69 -2.47177
64 69 -2.16314
65 69 -1.87465
66 69 -1.62709
67 69 -1.38307
68 69 -1.19484
69 69 -1.11718
70 69 -1.17597
71 69 -1.17069
72 69 -1.02203
73 69 -0.937778
74 69 -0.895046
75 69 -0.977652
76 69 -1.15479
77 69 -1.3633
78 69 -1.53371
79 69 -1.79235
80 69 -2.08735
81 69 -2.4427
82 69 -2.80653
83 69 -3.11387
84 69 -3.40023
85 69 -3.58713
86 69 -3.69578
87 69 -3.91698
88 69 -4.16212
89 69 -4.43623
90 69 -4.87955
91 69 -5.37618
92 69 -5.92584
93 69 -6.49676
94 69 -7.04289
95 69 -7.16852
96 69 -34.5038
97 69 -34.5038
98 69 -34.5038
99 69 -34.5038
100 69 -34.5038
101 69 -34.5038
102 69 -34.5038
103 69 -34.5038
104 69 -34.5038
105 69 -34.5038
106 69 -34.5038
107 69 -34.5038
108 69 -34.5038
109 69 -34.5038
110 69 -34.5038
111 69 -34.5038
112 69 -34.5038
113 69 -34.5038
114 69 -34.5038
115 69 -34.5038
116 69 -34.5038
117 69 -34.5038
118 69 -34.5038
119 69 -34.5038
0 70 -34.5038
1 70 -34.5038
2 70 -34.5038
3 70 -34.5038
4 70 -34.5038
5 70 -34.5038
6 70 -34.5038
7 70 0.774871
8 70 2.19573
9 70 3.08845
10 70 3.75308
11 70 4.19723
12 70 4.4474
13 70 4.49025
14 70 4.76703
15 70 5.73251
16 70 6.53779
17 70 7.13554
18 70 7.50209
19 70 7.80002
20 70 8.04896
21 70 8.13368
22 70 7.99001
23 70 7.53519
24 70 6.7922
25 70 5.79256
26 70 4.30575
27 70 2.57936
28 70 0.835967
29 70 -0.513017
30 70 -1.32284
31 70 -1.65363
32 70 -1.82851
33 70 -2.05349
34 70 -2.48776
35 70 -3.14718
36 70 -3.83266
37 70 -4.37204
38 70 -4.8361
39 70 -5.2245
40 70 -5.58007
41 70 -5.94044
42 70 -6.05264
43 70 -6.01787
44 70 -5.95122
45 70 -5.89493
46 70 -5.92671
47 70 -6.0564
48 70 -6.15753
49 70 -6.11438
50 70 -6.01463
51 70 -5.93345
52 70 -5.92553
53 70 -5.93284
54 70 -5.90822
55 70 -5.82892
56 70 -5.65948
57 70 -5.16381
58 70 -4.5616
59 70 -4.08369
60 70 -3.68709
61 70 -3.39896
62 70 -3.19825
63 70 -2.9899
64 70 -2.62924
65 70 -2.30399
66 70 -2.08002
67 70 -1.86296
68 70 -1.67125
69 70 -1.60274
70 70 -1.63944
71 70 -1.59739
72 70 -1.44317
73 70 -1.38823
74 70 -1.36678
75 70 -1.42695
76 70 -1.60439
77 70 -1.78999
78 70 -2.01105
79 70 -2.32228
80 70 -2.60249
81 70 -2.91438
82 70 -3.24646
83 70 -3.5369
84 70 -3.82587
85 70 -3.97201
86 70 -4.11844
87 70 -4.33964
88 70 -4.58347
89 70 -4.90602
90 70 -5.38553
91 70 -5.9367
92 70 -6.6597
93 70 -7.30469
94 70 -7.47548
95 70 -8.1488
96 70 -34.5038
97 70 -34.5038
98 70 -34.5038
99 70 -34.5038
100 70 -34.5038
101 70 -34.5038
102 70 -34.5038
103 70 -34.5038
104 70 -34.5038
105 70 -34.5038
106 70 -34.5038
107 70 -34.5038
108 70 -34.5038
109 70 -34.5038
110 70 -34.5038
111 70 -34.5038
112 70 -34.5038
113 70 -34.5038
114 70 -34.5038
115 70 -34.5038
116 70 -34.5038
117 70 -34.5038
118 70 -34.5038
119 70 -34.5038
0 71 -34.5038
1 71 -34.5038
2 71 -34.5038
3 71 -34.5038
4 71 -34.5038
5 71 -34.5038
6 71 -34.5038
7 71 1.54536
8 71 2.75803
9 71 3.63596
10 71 4.22616
11 71 4.62527
12 71 4.80774
13 71 4.81909
14 71 5.35124
15 71 6.30152
16 71 7.12208
17 71 7.66358
18 71 7.98471
19 71 8.29932
20 71 8.52949
21 71 8.58205
22 71 8.47752
23 71 8.10402
24 71 7.40545
25 71 6.43191
26 71 5.10114
27 71 3.30613
28 71 1.4334
29 71 -0.0151076
30 71 -0.822839
31 71 -1.17887
32 71 -1.39148
33 71 -1.65949
34 71 -2.13164
35 71 -2.86292
36 71 -3.65081
37 71 -4.32823
38 71 -4.94165
39 71 -5.51804
40 71 -6.0696
41 71 -6.75702
42 71 -6.99676
43 71 -6.94037
44 71 -6.83413
45 71 -6.7029
46 71 -6.64463
47 71 -6.62348
48 71 -6.57565
49 71 -6.51251
50 71 -6.50178
51 71 -6.55899
52 71 -6.68053
53 71 -6.72718
54 71 -6.66126
55 71 -6.50254
56 71 -6.27644
57 71 -5.85516
58 71 -5.28754
59 71 -4.79217
60 71 -4.35066
61 71 -4.00749
62 71 -3.76236
63 71 -3.48981
64 71 -3.10232
65 71 -2.73371
66 71 -2.51103
67 71 -2.3503
68 71 -2.20722
69 71 -2.15433
70 71 -2.12995
71 71 -2.04195
72 71 -1.89218
73 71 -1.86865
74 71 -1.85016
75 71 -1.92479
76 71 -2.10523
77 71 -2.32028
78 71 -2.59787
79 71 -2.91217
80 71 -3.0946
81 71 -3.34419
82 71 -3.61615
83 71 -3.91708
84 71 -4.18329
85 71 -4.34248
86 71 -4.57901
87 71 -4.84176
88 71 -5.09452
89 71 -5.44165
90 71 -5.96716
91 71 -6.54186
92 71 -7.53887
93 71 -7.71111
94 71 -8.36395
95 71 -34.5038
96 71 -34.5038
97 71 -34.5038
98 71 -34.5038
99 71 -34.5038
100 71 -34.5038
101 71 -34.5038
102 71 -34.5038
103 71 -34.5038
104 71 -34.5038
105 71 -34.5038
106 71 -34.5038
107 71 -34.5038
108 71 -34.5038
109 71 -34.5038
110 71 -34.5038
111 71 -34.5038
112 71 -34.5038
113 71 -34.5038
114 71 -34.5038
115 71 -34.5038
116 71 -34.5038
117 71 -34.5038
118 71 -34.5038
119 71 -34.5038
0 72 -34.5038
1 72 -34.5038
2 72 -34.5038
3 72 -34.5038
4 72 -34.5038
5 72 -34.5038
6 72 0.741246
7 72 2.19657
8 72 3.19571
9 72 4.02544
10 72 4.57113
11 72 4.87798
12 72 5.00678
13 72 5.06406
14 72 5.84993
15 72 6.76872
16 72 7.54231
17 72 8.02526
18 72 8.39201
19 72 8.72543
20 72 8.85688
21 72 8.90229
22 72 8.78602
23 72 8.45751
24 72 7.83571
25 72 6.8854
26 72 5.60712
27 72 3.84905
28 72 1.88059
29 72 0.395663
30 72 -0.43516
31 72 -0.826841
32 72 -1.11096
33 72 -1.39247
34 72 -1.89827
35 72 -2.61488
36 72 -3.39609
37 72 -4.13078
38 72 -4.82685
39 72 -5.51453
40 72 -6.44996
41 72 -7.54545
42 72 -7.91979
43 72 -7.94673
44 72 -7.82496
45 72 -7.62982
46 72 -7.4238
47 72 -7.23507
48 72 -7.10177
49 72 -7.08894
50 72 -7.18223
51 72 -7.40597
52 72 -7.67527
53 72 -7.79782
54 72 -7.76672
55 72 -7.55204
56 72 -7.17049
57 72 -6.73162
58 72 -6.19064
59 72 -5.64429
60 72 -5.13919
61 72 -4.70679
62 72 -4.40009
63 72 -4.03612
64 72 -3.63542
65 72 -3.27924
66 72 -3.02798
67 72 -2.87745
68 72 -2.76949
69 72 -2.69523
70 72 -2.63248
71 72 -2.52926
72 72 -2.43334
73 72 -2.42357
74 72 -2.40777
75 72 -2.5007
76 72 -2.72714
77 72 -3.01045
78 72 -3.31168
79 72 -3.5226
80 72 -3.57723
81 72 -3.73506
82 72 -3.9839
83 72 -4.30657
84 72 -4.60695
85 72 -4.80393
86 72 -5.14355
87 72 -5.46373
88 72 -5.7533
89 72 -6.11404
90 72 -6.73332
91 72 -7.13837
92 72 -8.16336
93 72 -8.96943
94 72 -34.5038
95 72 -34.5038
96 72 -34.5038
97 72 -34.5038
98 72 -34.5038
99 72 -34.5038
100 72 -34.5038
101 72 -34.5038
102 72 -34.5038
103 72 -34.5038
104 72 -34.5038
105 72 -34.5038
106 72 -34.5038
107 72 -34.5038
108 72 -34.5038
109 72 -34.5038
110 72 -34.5038
111 72 -34.5038
112 72 -34.5038
113 72 -34.5038
114 72 -34.5038
115 72 -34.5038
116 72 -34.5038
117 72 -34.5038
118 72 -34.5038
119 72 -34.5038
0 73 -34.5038
1 73 -34.5038
2 73 -34.5038
3 73 -34.5038
4 73 -34.5038
5 73 -34.5038
6 73 1.12627
7 73 2.51493
8 73 3.46882
9 73 4.27089
10 73 4.71664
11 73 4.93087
12 73 5.06818
13 73 5.27028
14 73 6.21101
15 73 7.10865
16 73 7.84161
17 73 8.29797
18 73 8.64869
19 73 8.90732
20 73 9.04156
21 73 9.0831
22 73 8.95174
23 73 8.64345
24 73 8.0611
25 73 7.11304
26 73 5.86445
27 73 4.17988
28 73 2.21409
29 73 0.675977
30 73 -0.150338
31 73 -0.578176
32 73 -0.898032
33 73 -1.19167
34 73 -1.73877
35 73 -2.43943
36 73 -3.1915
37 73 -3.96758
38 73 -4.72962
39 73 -5.49048
40 73 -6.82895
41 73 -8.00558
42 73 -8.6178
43 73 -8.96827
44 73 -8.91011
45 73 -8.64628
46 73 -8.29004
47 73 -7.99964
48 73 -7.8598
49 73 -7.93061
50 73 -8.09626
51 73 -8.37482
52 73 -8.73036
53 73 -9.05602
54 73 -9.32205
55 73 -9.07175
56 73 -8.483
57 73 -7.91418
58 73 -7.28187
59 73 -6.6939
60 73 -6.11846
61 73 -5.62844
62 73 -5.23945
63 73 -4.80809
64 73 -4.32094
65 73 -3.94704
66 73 -3.67491
67 73 -3.47434
68 73 -3.36457
69 73 -3.26526
70 73 -3.19577
71 73 -3.09288
72 73 -3.01818
73 73 -3.00683
74 73 -3.03122
75 73 -3.17951
76 73 -3.45937
77 73 -3.73834
78 73 -3.98202
79 73 -4.08316
80 73 -4.07586
81 73 -4.19413
82 73 -4.42991
83 73 -4.8117
84 73 -5.12166
85 73 -5.44114
86 73 -5.95471
87 73 -6.30214
88 73 -6.59865
89 73 -6.96686
90 73 -7.18669
91 73 -7.75804
92 73 -34.5038
93 73 -34.5038
94 73 -34.5038
95 73 -34.5038
96 73 -34.5038
97 73 -34.5038
98 73 -34.5038
99 73 -34.5038
100 73 -34.5038
101 73 -34.5038
102 73 -34.5038
103 73 -34.5038
104 73 -34.5038
105 73 -34.5038
106 73 -34.5038
107 73 -34.5038
108 73 -34.5038
109 73 -34.5038
110 73 -34.5038
111 73 -34.5038
112 73 -34.5038
113 73 -34.5038
114 73 -34.5038
115 73 -34.5038
116 73 -34.5038
117 73 -34.5038
118 73 -34.5038
119 73 -34.5038
0 74 -34.5038
1 74 -34.5038
2 74 -34.5038
3 74 -34.5038
4 74 -34.5038
5 74 -34.5038
6 74 1.3523
7 74 2.7055
8 74 3.63385
9 74 4.3964
10 74 4.7775
11 74 4.9684
12 74 5.16329
13 74 5.521
14 74 6.55459
15 74 7.39396
16 74 8.09195
17 74 8.47807
18 74 8.76032
19 74 8.93643
20 74 9.08706
21 74 9.15033
22 74 9.00849
23 74 8.63168
24 74 8.06692
25 74 7.12155
26 74 5.85815
27 74 4.264
28 74 2.36417
29 74 0.853768
30 74 0.0535196
31 74 -0.386147
32 74 -0.737025
33 74 -1.06448
34 74 -1.60842
35 74 -2.32718
36 74 -3.06858
37 74 -3.9366
38 74 -4.77491
39 74 -5.64333
40 74 -7.04633
41 74 -8.21453
42 74 -9.19309
43 74 -9.91167
44 74 -10.1549
45 74 -9.96736
46 74 -9.49146
47 74 -9.05991
48 74 -8.95689
49 74 -9.09863
50 74 -9.17083
51 74 -9.54052
52 74 -9.93867
53 74 -10.2207
54 74 -10.5195
55 74 -10.5867
56 74 -10.2582
57 74 -9.64503
58 74 -8.98188
59 74 -8.15724
60 74 -7.41529
61 74 -6.77966
62 74 -6.23245
63 74 -5.69368
64 74 -5.17102
65 74 -4.73364
66 74 -4.42341
67 74 -4.20654
68 74 -4.01858
69 74 -3.90189
70 74 -3.78826
71 74 -3.67799
72 74 -3.61503
73 74 -3.64339
74 74 -3.7552
75 74 -3.9554
76 74 -4.2111
77 74 -4.45052
78 74 -4.56641
79 74 -4.60381
80 74 -4.61054
81 74 -4.7323
82 74 -5.01519
83 74 -5.43374
84 74 -5.74679
85 74 -6.24736
86 74 -6.97342
87 74 -7.30406
88 74 -7.7691
89 74 -7.63063
90 74 -8.13969
91 74 -34.5038
92 74 -34.5038
93 74 -34.5038
94 74 -34.5038
95 74 -34.5038
96 74 -34.5038
97 74 -34.5038
98 74 -34.5038
99 74 -34.5038
100 74 -34.5038
101 74 -34.5038
102 74 -34.5038
103 74 -34.5038
104 74 -34.5038
105 74 -34.5038
106 74 -34.5038
107 74 -34.5038
108 74 -34.5038
109 74 -34.5038
110 74 -34.5038
111 74 -34.5038
112 74 -34.5038
113 74 -34.5038
114 74 -34.5038
115 74 -34.5038
116 74 -34.5038
117 74 -34.5038
118 74 -34.5038
119 74 -34.5038
0 75 -34.5038
1 75 -34.5038
2 75 -34.5038
3 75 -34.5038
4 75 -34.5038
5 75 -34.5038
6 75 1.44264
7 75 2.78042
8 75 3.68735
9 75 4.41779
10 75 4.81396
11 75 5.08633
12 75 5.45837
13 75 5.99749
14 75 6.88649
15 75 7.62538
16 75 8.24304
17 75 8.59546
18 75 8.7906
19 75 8.93404
20 75 9.07904
21 75 9.16784
22 75 8.97655
23 75 8.51556
24 75 7.91367
25 75 6.94146
26 75 5.68757
27 75 4.12205
28 75 2.35768
29 75 0.923206
30 75 0.134834
31 75 -0.319122
32 75 -0.657423
33 75 -1.0129
34 75 -1.57589
35 75 -2.34097
36 75 -3.15072
37 75 -4.10249
38 75 -4.98308
39 75 -5.9187
40 75 -7.11872
41 75 -8.31292
42 75 -9.70491
43 75 -10.6976
44 75 -11.5134
45 75 -11.4295
46 75 -10.9326
47 75 -10.4765
48 75 -10.3691
49 75 -10.7736
50 75 -10.5238
51 75 -10.9641
52 75 -11.4234
53 75 -12.039
54 75 -12.7031
55 75 -12.8631
56 75 -12.3108
57 75 -11.4588
58 75 -10.5496
59 75 -9.50016
60 75 -8.80496
61 75 -8.13291
62 75 -7.46077
63 75 -6.74122
64 75 -6.14407
65 75 -5.66693
66 75 -5.33238
67 75 -5.11598
68 75 -4.83905
69 75 -4.65341
70 75 -4.54237
71 75 -4.45473
72 75 -4.45232
73 75 -4.52657
74 75 -4.61212
75 75 -4.74714
76 75 -4.92155
77 75 -5.09495
78 75 -5.18169
79 75 -5.23318
80 75 -5.30632
81 75 -5.48672
82 75 -5.8223
83 75 -6.23016
84 75 -6.47454
85 75 -7.16157
86 75 -8.16158
87 75 -8.19567
88 75 -8.78552
89 75 -9.23395
90 75 -34.5038
91 75 -34.5038
92 75 -34.5038
93 75 -34.5038
94 75 -34.5038
95 75 -34.5038
96 75 -34.5038
97 75 -34.5038
98 75 -34.5038
99 75 -34.5038
100 75 -34.5038
101 75 -34.5038
102 75 -34.5038
103 75 -34.5038
104 75 -34.5038
105 75 -34.5038
106 75 -34.5038
107 75 -34.5038
108 75 -34.5038
109 75 -34.5038
110 75 -34.5038
111 75 -34.5038
112 75 -34.5038
113 75 -34.5038
114 75 -34.5038
115 75 -34.5038
116 75 -34.5038
117 75 -34.5038
118 75 -34.5038
119 75 -34.5038
0 76 -34.5038
1 76 -34.5038
2 76 -34.5038
3 76 -34.5038
4 76 -34.5038
5 76 -34.5038
6 76 1.29794
7 76 2.77636
8 76 3.70903
9 76 4.45781
10 76 4.93398
11 76 5.49156
12 76 6.05568
13 76 6.62087
14 76 7.21441
15 76 7.81356
16 76 8.35892
17 76 8.63289
18 76 8.78557
19 76 8.9301
20 76 9.09014
21 76 9.14663
22 76 8.84099
23 76 8.33057
24 76 7.66103
25 76 6.64763
26 76 5.38271
27 76 3.85228
28 76 2.25737
29 76 0.896844
30 76 0.0692557
31 76 -0.391005
32 76 -0.737749
33 76 -1.1339
34 76 -1.73407
35 76 -2.5828
36 76 -3.45564
37 76 -4.36358
38 76 -5.26595
39 76 -6.18642
40 76 -7.3348
41 76 -8.68559
42 76 -10.2663
43 76 -11.6536
44 76 -12.8052
45 76 -12.6765
46 76 -12.5592
47 76 -12.3178
48 76 -12.2293
49 76 -12.2809
50 76 -12.4227
51 76 -34.5038
52 76 -34.5038
53 76 -34.5038
54 76 -34.5038
55 76 -34.5038
56 76 -34.5038
57 76 -34.5038
58 76 -34.5038
59 76 -11.6407
60 76 -10.6068
61 76 -9.64284
62 76 -8.67284
63 76 -7.98653
64 76 -7.36635
65 76 -6.79235
66 76 -6.35981
67 76 -6.12588
68 76 -5.90692
69 76 -5.68592
70 76 -5.49254
71 76 -5.35561
72 76 -5.31697
73 76 -5.36257
74 76 -5.42433
75 76 -5.56344
76 76 -5.73759
77 76 -5.91887
78 76 -6.00189
79 76 -6.09525
80 76 -6.27273
81 76 -6.50059
82 76 -6.76262
83 76 -7.24122
84 76 -7.27576
85 76 -8.0977
86 76 -9.02166
87 76 -9.75098
88 76 -34.5038
89 76 -34.5038
90 76 -34.5038
91 76 -34.5038
92 76 -34.5038
93 76 -34.5038
94 76 -34.5038
95 76 -34.5038
96 76 -34.5038
97 76 -34.5038
98 76 -34.5038
99 76 -34.5038
100 76 -34.5038
101 76 -34.5038
102 76 -34.5038
103 76 -34.5038
104 76 -34.5038
105 76 -34.5038
106 76 -34.5038
107 76 -34.5038
108 76 -34.5038
109 76 -34.5038
110 76 -34.5038
111 76 -34.5038
112 76 -34.5038
113 76 -34.5038
114 76 -34.5038
115 76 -34.5038
116 76 -34.5038
117 76 -34.5038
118 76 -34.5038
119 76 -34.5038
0 77 -34.5038
1 77 -34.5038
2 77 -34.5038
3 77 -34.5038
4 77 -34.5038
5 77 -34.5038
6 77 -34.5038
7 77 2.73116
8 77 3.69403
9 77 4.52396
10 77 5.25934
11 77 6.00823
12 77 6.67692
13 77 7.15851
14 77 7.57045
15 77 8.00243
16 77 8.38995
17 77 8.62895
18 77 8.76972
19 77 8.91064
20 77 9.019
21 77 8.94069
22 77 8.57824
23 77 8.02262
24 77 7.26659
25 77 6.25888
26 77 5.00143
27 77 3.53978
28 77 1.99699
29 77 0.678821
30 77 -0.0868116
31 77 -0.569927
32 77 -0.940462
33 77 -1.36824
34 77 -2.05912
35 77 -2.96835
36 77 -3.83705
37 77 -4.66998
38 77 -5.58312
39 77 -6.54658
40 77 -7.79993
41 77 -9.3373
42 77 -11.06
43 77 -12.8588
44 77 -12.9211
45 77 -14.2767
46 77 -34.5038
47 77 -34.5038
48 77 -34.5038
49 77 -34.5038
50 77 -34.5038
51 77 -34.5038
52 77 -34.5038
53 77 -34.5038
54 77 -34.5038
55 77 -34.5038
56 77 -34.5038
57 77 -34.5038
58 77 -34.5038
59 77 -34.5038
60 77 -34.5038
61 77 -34.5038
62 77 -10.753
63 77 -9.91791
64 77 -8.97838
65 77 -8.22943
66 77 -7.57495
67 77 -7.25896
68 77 -6.96941
69 77 -6.74352
70 77 -6.49648
71 77 -6.33305
72 77 -6.24672
73 77 -6.2975
74 77 -6.45887
75 77 -6.609
76 77 -6.88661
77 77 -7.11287
78 77 -7.06904
79 77 -7.15251
80 77 -7.34454
81 77 -7.75623
82 77 -7.64024
83 77 -8.02957
84 77 -8.31027
85 77 -34.5038
86 77 -34.5038
87 77 -34.5038
88 77 -34.5038
89 77 -34.5038
90 77 -34.5038
91 77 -34.5038
92 77 -34.5038
93 77 -34.5038
94 77 -34.5038
95 77 -34.5038
96 77 -34.5038
97 77 -34.5038
98 77 -34.5038
99 77 -34.5038
100 77 -34.5038
101 77 -34.5038
102 77 -34.5038
103 77 -34.5038
104 77 -34.5038
105 77 -34.5038
106 77 -34.5038
107 77 -34.5038
108 77 -34.5038
109 77 -34.5038
110 77 -34.5038
111 77 -34.5038
112 77 -34.5038
113 77 -34.5038
114 77 -34.5038
115 77 -34.5038
116 77 -34.5038
117 77 -34.5038
118 77 -34.5038
119 77 -34.5038
0 78 -34.5038
1 78 -34.5038
2 78 -34.5038
3 78 -34.5038
4 78 -34.5038
5 78 -34.5038
6 78 -34.5038
7 78 2.50204
8 78 3.68304
9 78 4.66687
10 78 5.61343
11 78 6.44996
12 78 7.13257
13 78 7.56049
14 78 7.88592
15 78 8.17139
16 78 8.4115
17 78 8.60927
18 78 8.73475
19 78 8.85106
20 78 8.85296
21 78 8.65824
22 78 8.23203
23 78 7.6109
24 78 6.82297
25 78 5.81252
26 78 4.57693
27 78 3.09958
28 78 1.58647
29 78 0.360188
30 78 -0.34355
31 78 -0.80265
32 78 -1.21419
33 78 -1.68984
34 78 -2.43645
35 78 -3.36166
36 78 -4.18683
37 78 -5.02828
38 78 -5.98309
39 78 -7.08405
40 78 -8.47877
41 78 -10.172
42 78 -12.1148
43 78 -13.2055
44 78 -15.4487
45 78 -34.5038
46 78 -34.5038
47 78 -34.5038
48 78 -34.5038
49 78 -34.5038
50 78 -34.5038
51 78 -34.5038
52 78 -34.5038
53 78 -34.5038
54 78 -34.5038
55 78 -34.5038
56 78 -34.5038
57 78 -34.5038
58 78 -34.5038
59 78 -34.5038
60 78 -34.5038
61 78 -34.5038
62 78 -34.5038
63 78 -34.5038
64 78 -34.5038
65 78 -34.5038
66 78 -9.7543
67 78 -9.13292
68 78 -8.55486
69 78 -8.13173
70 78 -7.84319
71 78 -7.67328
72 78 -7.45769
73 78 -7.397
74 78 -7.56008
75 78 -7.74559
76 78 -8.07528
77 78 -8.48793
78 78 -8.08897
79 78 -8.25477
80 78 -8.49864
81 78 -8.85095
82 78 -9.05881
83 78 -34.5038
84 78 -34.5038
85 78 -34.5038
86 78 -34.5038
87 78 -34.5038
88 78 -34.5038
89 78 -34.5038
90 78 -34.5038
91 78 -34.5038
92 78 -34.5038
93 78 -34.5038
94 78 -34.5038
95 78 -34.5038
96 78 -34.5038
97 78 -34.5038
98 78 -34.5038
99 78 -34.5038
100 78 -34.5038
101 78 -34.5038
102 78 -34.5038
103 78 -34.5038
104 78 -34.5038
105 78 -34.5038
106 78 -34.5038
107 78 -34.5038
108 78 -34.5038
109 78 -34.5038
110 78 -34.5038
111 78 -34.5038
112 78 -34.5038
113 78 -34.5038
114 78 -34.5038
115 78 -34.5038
116 78 -34.5038
117 78 -34.5038
118 78 -34.5038
119 78 -34.5038
0 79 -34.5038
1 79 -34.5038
2 79 -34.5038
3 79 -34.5038
4 79 -34.5038
5 79 -34.5038
6 79 -34.5038
7 79 2.04646
8 79 3.66081
9 79 4.83525
10 79 5.87051
11 79 6.73688
12 79 7.40431
13 79 7.84057
14 79 8.09206
15 79 8.25692
16 79 8.42459
17 79 8.57642
18 79 8.6725
19 79 8.68446
20 79 8.59875
21 79 8.30338
22 79 7.8313
23 79 7.15248
24 79 6.33035
25 79 5.30026
26 79 4.03525
27 79 2.51695
28 79 1.06563
29 79 -0.0349575
30 79 -0.686526
31 79 -1.11697
32 79 -1.56084
33 79 -2.09101
34 79 -2.84336
35 79 -3.7009
36 79 -4.54438
37 79 -5.46879
38 79 -6.49471
39 79 -7.74451
40 79 -9.29931
41 79 -11.3684
42 79 -12.4731
43 79 -14.2835
44 79 -34.5038
45 79 -34.5038
46 79 -34.5038
47 79 -34.5038
48 79 -34.5038
49 79 -34.5038
50 79 -34.5038
51 79 -34.5038
52 79 -34.5038
53 79 -34.5038
54 79 -34.5038
55 79 -34.5038
56 79 -34.5038
57 79 -34.5038
58 79 -34.5038
59 79 -34.5038
60 79 -34.5038
61 79 -34.5038
62 79 -34.5038
63 79 -34.5038
64 79 -34.5038
65 79 -34.5038
66 79 -34.5038
67 79 -34.5038
68 79 -34.5038
69 79 -34.5038
70 79 -34.5038
71 79 -34.5038
72 79 -34.5038
73 79 -10.1295
74 79 -10.1986
75 79 -10.1876
76 79 -10.2115
77 79 -10.3374
78 79 -10.1525
79 79 -34.5038
80 79 -34.5038
81 79 -34.5038
82 79 -34.5038
83 79 -34.5038
84 79 -34.5038
85 79 -34.5038
86 79 -34.5038
87 79 -34.5038
88 79 -34.5038
89 79 -34.5038
90 79 -34.5038
91 79 -34.5038
92 79 -34.5038
93 79 -34.5038
94 79 -34.5038
95 79 -34.5038
96 79 -34.5038
97 79 -34.5038
98 79 -34.5038
99 79 -34.5038
100 79 -34.5038
101 79 -34.5038
102 79 -34.5038
103 79 -34.5038
104 79 -34.5038
105 79 -34.5038
106 79 -34.5038
107 79 -34.5038
108 79 -34.5038
109 79 -34.5038
110 79 -34.5038
111 79 -34.5038
112 79 -34.5038
113 79 -34.5038
114 79 -34.5038
115 79 -34.5038
116 79 -34.5038
117 79 -34.5038
118 79 -34.5038
119 79 -34.5038
0 80 -34.5038
1 80 -34.5038
2 80 -34.5038
3 80 -34.5038
4 80 -34.5038
5 80 -34.5038
6 80 -34.5038
7 80 -34.5038
8 80 3.55418
9 80 4.98341
10 80 6.01599
11 80 6.89801
12 80 7.53913
13 80 7.93543
14 80 8.12418
15 80 8.27474
16 80 8.43225
17 80 8.54282
18 80 8.53283
19 80 8.44445
20 80 8.24217
21 80 7.91759
22 80 7.38688
23 80 6.65589
24 80 5.76589
25 80 4.66205
26 80 3.34427
27 80 1.88765
28 80 0.507334
29 80 -0.474469
30 80 -1.08439
31 80 -1.51774
32 80 -1.95955
33 80 -2.50249
34 80 -3.21656
35 80 -4.05156
36 80 -4.97801
37 80 -5.98687
38 80 -7.08684
39 80 -8.45098
40 80 -10.3056
41 80 -12.294
42 80 -13.1857
43 80 -34.5038
44 80 -34.5038
45 80 -34.5038
46 80 -34.5038
47 80 -34.5038
48 80 -34.5038
49 80 -34.5038
50 80 -34.5038
51 80 -34.5038
52 80 -34.5038
53 80 -34.5038
54 80 -34.5038
55 80 -34.5038
56 80 -34.5038
57 80 -34.5038
58 80 -34.5038
59 80 -34.5038
60 80 -34.5038
61 80 -34.5038
62 80 -34.5038
63 80 -34.5038
64 80 -34.5038
65 80 -34.5038
66 80 -34.5038
67 80 -34.5038
68 80 -34.5038
69 80 -34.5038
70 80 -34.5038
71 80 -34.5038
72 80 -34.5038
73 80 -34.5038
74 80 -34.5038
75 80 -34.5038
76 80 -34.5038
77 80 -34.5038
78 80 -34.5038
79 80 -34.5038
80 80 -34.5038
81 80 -34.5038
82 80 -34.5038
83 80 -34.5038
84 80 -34.5038
85 80 -34.5038
86 80 -34.5038
87 80 -34.5038
88 80 -34.5038
89 80 -34.5038
90 80 -34.5038
91 80 -34.5038
92 80 -34.5038
93 80 -34.5038
94 80 -34.5038
95 80 -34.5038
96 80 -34.5038
97 80 -34.5038
98 80 -34.5038
99 80 -34.5038
100 80 -34.5038
101 80 -34.5038
102 80 -34.5038
103 80 -34.5038
104 80 -34.5038
105 80 -34.5038
106 80 -34.5038
107 80 -34.5038
108 80 -34.5038
109 80 -34.5038
110 80 -34.5038
111 80 -34.5038
112 80 -34.5038
113 80 -34.5038
114 80 -34.5038
115 80 -34.5038
116 80 -34.5038
117 80 -34.5038
118 80 -34.5038
119 80 -34.5038
0 81 -34.5038
1 81 -34.5038
2 81 -34.5038
3 81 -34.5038
4 81 -34.5038
5 81 -34.5038
6 81 -34.5038
7 81 -34.5038
8 81 3.31779
9 81 4.98809
10 81 6.03106
11 81 6.90939
12 81 7.57353
13 81 7.95032
14 81 8.12737
15 81 8.28562
16 81 8.45091
17 81 8.47007
18 81 8.34206
19 81 8.13748
20 81 7.88987
21 81 7.52115
22 81 6.93322
23 81 6.17852
24 81 5.22346
25 81 4.07851
26 81 2.72628
27 81 1.29878
28 81 0.0177508
29 81 -0.864116
30 81 -1.45043
31 81 -1.88469
32 81 -2.3428
33 81 -2.89154
34 81 -3.60112
35 81 -4.47495
36 81 -5.45939
37 81 -6.49445
38 81 -7.71248
39 81 -9.40193
40 81 -11.756
41 81 -12.9095
42 81 -14.3514
43 81 -34.5038
44 81 -34.5038
45 81 -34.5038
46 81 -34.5038
47 81 -34.5038
48 81 -34.5038
49 81 -34.5038
50 81 -34.5038
51 81 -34.5038
52 81 -34.5038
53 81 -34.5038
54 81 -34.5038
55 81 -34.5038
56 81 -34.5038
57 81 -34.5038
58 81 -34.5038
59 81 -34.5038
60 81 -34.5038
61 81 -34.5038
62 81 -34.5038
63 81 -34.5038
64 81 -34.5038
65 81 -34.5038
66 81 -34.5038
67 81 -34.5038
68 81 -34.5038
69 81 -34.5038
70 81 -34.5038
71 81 -34.5038
72 81 -34.5038
73 81 -34.5038
74 81 -34.5038
75 81 -34.5038
76 81 -34.5038
77 81 -34.5038
78 81 -34.5038
79 81 -34.5038
80 81 -34.5038
81 81 -34.5038
82 81 -34.5038
83 81 -34.5038
84 81 -34.5038
85 81 -34.5038
86 81 -34.5038
87 81 -34.5038
88 81 -34.5038
89 81 -34.5038
90 81 -34.5038
91 81 -34.5038
92 81 -34.5038
93 81 -34.5038
94 81 -34.5038
95 81 -34.5038
96 81 -34.5038
97 81 -34.5038
98 81 -34.5038
99 81 -34.5038
100 81 -34.5038
101 81 -34.5038
102 81 -34.5038
103 81 -34.5038
104 81 -34.5038
105 81 -34.5038
106 81 -34.5038
107 81 -34.5038
108 81 -34.5038
109 81 -34.5038
110 81 -34.5038
111 81 -34.5038
112 81 -34.5038
113 81 -34.5038
114 81 -34.5038
115 81 -34.5038
116 81 -34.5038
117 81 -34.5038
118 81 -34.5038
119 81 -34.5038
0 82 -34.5038
1 82 -34.5038
2 82 -34.5038
3 82 -34.5038
4 82 -34.5038
5 82 -34.5038
6 82 -34.5038
7 82 -34.5038
8 82 2.93695
9 82 4.82087
10 82 5.91851
11 82 6.79198
12 82 7.47062
13 82 7.93694
14 82 8.1304
15 82 8.27735
16 82 8.4153
17 82 8.39405
18 82 8.14789
19 82 7.88743
20 82 7.60027
21 82 7.17463
22 82 6.55282
23 82 5.77608
24 82 4.77772
25 82 3.59632
26 82 2.16979
27 82 0.753428
28 82 -0.429865
29 82 -1.25097
30 82 -1.83756
31 82 -2.28666
32 82 -2.7491
33 82 -3.31558
34 82 -4.05013
35 82 -4.9481
36 82 -5.89937
37 82 -6.9901
38 82 -8.36718
39 82 -10.3972
40 82 -13.0688
41 82 -14.0542
42 82 -34.5038
43 82 -34.5038
44 82 -34.5038
45 82 -34.5038
46 82 -34.5038
47 82 -34.5038
48 82 -34.5038
49 82 -34.5038
50 82 -34.5038
51 82 -34.5038
52 82 -34.5038
53 82 -34.5038
54 82 -34.5038
55 82 -34.5038
56 82 -34.5038
57 82 -34.5038
58 82 -34.5038
59 82 -34.5038
60 82 -34.5038
61 82 -34.5038
62 82 -34.5038
63 82 -34.5038
64 82 -34.5038
65 82 -34.5038
66 82 -34.5038
67 82 -34.5038
68 82 -34.5038
69 82 -34.5038
70 82 -34.5038
71 82 -34.5038
72 82 -34.5038
73 82 -34.5038
74 82 -34.5038
75 82 -34.5038
76 82 -34.5038
77 82 -34.5038
78 82 -34.5038
79 82 -34.5038
80 82 -34.5038
81 82 -34.5038
82 82 -34.5038
83 82 -34.5038
84 82 -34.5038
85 82 -34.5038
86 82 -34.5038
87 82 -34.5038
88 82 -34.5038
89 82 -34.5038
90 82 -34.5038
91 82 -34.5038
92 82 -34.5038
93 82 -34.5038
94 82 -34.5038
95 82 -34.5038
96 82 -34.5038
97 82 -34.5038
98 82 -34.5038
99 82 -34.5038
100 82 -34.5038
101 82 -34.5038
102 82 -34.5038
103 82 -34.5038
104 82 -34.5038
105 82 -34.5038
106 82 -34.5038
107 82 -34.5038
108 82 -34.5038
109 82 -34.5038
110 82 -34.5038
111 82 -34.5038
112 82 -34.5038
113 82 -34.5038
114 82 -34.5038
115 82 -34.5038
116 82 -34.5038
117 82 -34.5038
118 82 -34.5038
119 82 -34.5038
0 83 -34.5038
1 83 -34.5038
2 83 -34.5038
3 83 -34.5038
4 83 -34.5038
5 83 -34.5038
6 83 -34.5038
7 83 -34.5038
8 83 -34.5038
9 83 4.47235
10 83 5.70672
11 83 6.55624
12 83 7.23628
13 83 7.74977
14 83 8.05226
15 83 8.20237
16 83 8.29265
17 83 8.23161
18 83 7.94949
19 83 7.64779
20 83 7.32604
21 83 6.87132
22 83 6.2649
23 83 5.45664
24 83 4.47126
25 83 3.23788
26 83 1.77858
27 83 0.351504
28 83 -0.849425
29 83 -1.72128
30 83 -2.36293
31 83 -2.82018
32 83 -3.26863
33 83 -3.8327
34 83 -4.56127
35 83 -5.41029
36 83 -6.35435
37 83 -7.51854
38 83 -9.1541
39 83 -11.5414
40 83 -14.3488
41 83 -15.4073
42 83 -34.5038
43 83 -34.5038
44 83 -34.5038
45 83 -34.5038
46 83 -34.5038
47 83 -34.5038
48 83 -34.5038
49 83 -34.5038
50 83 -34.5038
51 83 -34.5038
52 83 -34.5038
53 83 -34.5038
54 83 -34.5038
55 83 -34.5038
56 83 -34.5038
57 83 -34.5038
58 83 -34.5038
59 83 -34.5038
60 83 -34.5038
61 83 -34.5038
62 83 -34.5038
63 83 -34.5038
64 83 -34.5038
65 83 -34.5038
66 83 -34.5038
67 83 -34.5038
68 83 -34.5038
69 83 -34.5038
70 83 -34.5038
71 83 -34.5038
72 83 -34.5038
73 83 -34.5038
74 83 -34.5038
75 83 -34.5038
76 83 -34.5038
77 83 -34.5038
78 83 -34.5038
79 83 -34.5038
80 83 -34.5038
81 83 -34.5038
82 83 -34.5038
83 83 -34.5038
84 83 -34.5038
85 83 -34.5038
86 83 -34.5038
87 83 -34.5038
88 83 -34.5038
89 83 -34.5038
90 83 -34.5038
91 83 -34.5038
92 83 -34.5038
93 83 -34.5038
94 83 -34.5038
95 83 -34.5038
96 83 -34.5038
97 83 -34.5038
98 83 -34.5038
99 83 -34.5038
100 83 -34.5038
101 83 -34.5038
102 83 -34.5038
103 83 -34.5038
104 83 -34.5038
105 83 -34.5038
106 83 -34.5038
107 83 -34.5038
108 83 -34.5038
109 83 -34.5038
110 83 -34.5038
111 83 -34.5038
112 83 -34.5038
113 83 -34.5038
114 83 -34.5038
115 83 -34.5038
116 83 -34.5038
117 83 -34.5038
118 83 -34.5038
119 83 -34.5038
0 84 -34.5038
1 84 -34.5038
2 84 -34.5038
3 84 -34.5038
4 84 -34.5038
5 84 -34.5038
6 84 -34.5038
7 84 -34.5038
8 84 -34.5038
9 84 3.96668
10 84 5.36456
11 84 6.21068
12 84 6.93339
13 84 7.46409
14 84 7.81253
15 84 7.98529
16 84 8.06344
17 84 7.9803
18 84 7.73086
19 84 7.43007
20 84 7.08882
21 84 6.64811
22 84 6.0314
23 84 5.21133
24 84 4.26446
25 84 3.01502
26 84 1.60687
27 84 0.143201
28 84 -1.17609
29 84 -2.20787
30 84 -2.92736
31 84 -3.38031
32 84 -3.82146
33 84 -4.37028
34 84 -5.02018
35 84 -5.80617
36 84 -6.76472
37 84 -7.97766
38 84 -9.83257
39 84 -12.4092
40 84 -14.9436
41 84 -16.9302
42 84 -34.5038
43 84 -34.5038
44 84 -34.5038
45 84 -34.5038
46 84 -34.5038
47 84 -34.5038
48 84 -34.5038
49 84 -34.5038
50 84 -34.5038
51 84 -34.5038
52 84 -34.5038
53 84 -34.5038
54 84 -34.5038
55 84 -34.5038
56 84 -34.5038
57 84 -34.5038
58 84 -34.5038
59 84 -34.5038
60 84 -34.5038
61 84 -34.5038
62 84 -34.5038
63 84 -34.5038
64 84 -34.5038
65 84 -34.5038
66 84 -34.5038
67 84 -34.5038
68 84 -34.5038
69 84 -34.5038
70 84 -34.5038
71 84 -34.5038
72 84 -34.5038
73 84 -34.5038
74 84 -34.5038
75 84 -34.5038
76 84 -34.5038
77 84 -34.5038
78 84 -34.5038
79 84 -34.5038
80 84 -34.5038
81 84 -34.5038
82 84 -34.5038
83 84 -34.5038
84 84 -34.5038
85 84 -34.5038
86 84 -34.5038
87 84 -34.5038
88 84 -34.5038
89 84 -34.5038
90 84 -34.5038
91 84 -34.5038
92 84 -34.5038
93 84 -34.5038
94 84 -34.5038
95 84 -34.5038
96 84 -34.5038
97 84 -34.5038
98 84 -34.5038
99 84 -34.5038
100 84 -34.5038
101 84 -34.5038
102 84 -34.5038
103 84 -34.5038
104 84 -34.5038
105 84 -34.5038
106 84 -34.5038
107 84 -34.5038
108 84 -34.5038
109 84 -34.5038
110 84 -34.5038
111 84 -34.5038
112 84 -34.5038
113 84 -34.5038
114 84 -34.5038
115 84 -34.5038
116 84 -34.5038
117 84 -34.5038
118 84 -34.5038
119 84 -34.5038
0 85 -34.5038
1 85 -34.5038
2 85 -34.5038
3 85 -34.5038
4 85 -34.5038
5 85 -34.5038
6 85 -34.5038
7 85 -34.5038
8 85 -34.5038
9 85 3.41801
10 85 4.92087
11 85 5.80513
12 85 6.55181
13 85 7.11348
14 85 7.47796
15 85 7.67751
16 85 7.75112
17 85 7.66378
18 85 7.47163
19 85 7.18149
20 85 6.82707
21 85 6.39885
22 85 5.80291
23 85 5.02975
24 85 4.10191
25 85 2.90907
26 85 1.5877
27 85 0.106282
28 85 -1.35082
29 85 -2.55447
30 85 -3.32166
31 85 -3.7931
32 85 -4.2059
33 85 -4.67836
34 85 -5.26122
35 85 -5.95906
36 85 -6.89035
37 85 -8.1845
38 85 -10.4282
39 85 -12.7932
40 85 -14.6785
41 85 -17.5634
42 85 -34.5038
43 85 -34.5038
44 85 -34.5038
45 85 -34.5038
46 85 -34.5038
47 85 -34.5038
48 85 -34.5038
49 85 -34.5038
50 85 -34.5038
51 85 -34.5038
52 85 -34.5038
53 85 -34.5038
54 85 -34.5038
55 85 -34.5038
56 85 -34.5038
57 85 -34.5038
58 85 -34.5038
59 85 -34.5038
60 85 -34.5038
61 85 -34.5038
62 85 -34.5038
63 85 -34.5038
64 85 -34.5038
65 85 -34.5038
66 85 -34.5038
67 85 -34.5038
68 85 -34.5038
69 85 -34.5038
70 85 -34.5038
71 85 -34.5038
72 85 -34.5038
73 85 -34.5038
74 85 -34.5038
75 85 -34.5038
76 85 -34.5038
77 85 -34.5038
78 85 -34.5038
79 85 -34.5038
80 85 -34.5038
81 85 -34.5038
82 85 -34.5038
83 85 -34.5038
84 85 -34.5038
85 85 -34.5038
86 85 -34.5038
87 85 -34.5038
88 85 -34.5038
89 85 -34.5038
90 85 -34.5038
91 85 -34.5038
92 85 -34.5038
93 85 -34.5038
94 85 -34.5038
95 85 -34.5038
96 85 -34.5038
97 85 -34.5038
98 85 -34.5038
99 85 -34.5038
100 85 -34.5038
101 85 -34.5038
102 85 -34.5038
103 85 -34.5038
104 85 -34.5038
105 85 -34.5038
106 85 -34.5038
107 85 -34.5038
108 85 -34.5038
109 85 -34.5038
110 85 -34.5038
111 85 -34.5038
112 85 -34.5038
113 85 -34.5038
114 85 -34.5038
115 85 -34.5038
116 85 -34.5038
117 85 -34.5038
118 85 -34.5038
119 85 -34.5038
0 86 -34.5038
1 86 -34.5038
2 86 -34.5038
3 86 -34.5038
4 86 -34.5038
5 86 -34.5038
6 86 -34.5038
7 86 -34.5038
8 86 -34.5038
9 86 -34.5038
10 86 4.32529
11 86 5.33655
12 86 6.07402
13 86 6.67295
14 86 7.07214
15 86 7.29392
16 86 7.36962
17 86 7.30612
18 86 7.13053
19 86 6.88136
20 86 6.55449
21 86 6.13071
22 86 5.55096
23 86 4.84449
24 86 3.94434
25 86 2.80831
26 86 1.56611
27 86 0.189727
28 86 -1.2828
29 86 -2.60999
30 86 -3.37501
31 86 -3.92073
32 86 -4.3738
33 86 -4.8103
34 86 -5.38628
35 86 -6.0707
36 86 -6.94054
37 86 -8.23605
38 86 -10.9126
39 86 -13.306
40 86 -14.9429
41 86 -17.4476
42 86 -20.5042
43 86 -34.5038
44 86 -34.5038
45 86 -34.5038
46 86 -34.5038
47 86 -34.5038
48 86 -34.5038
49 86 -34.5038
50 86 -34.5038
51 86 -34.5038
52 86 -34.5038
53 86 -34.5038
54 86 -34.5038
55 86 -34.5038
56 86 -34.5038
57 86 -34.5038
58 86 -34.5038
59 86 -34.5038
60 86 -34.5038
61 86 -34.5038
62 86 -34.5038
63 86 -34.5038
64 86 -34.5038
65 86 -34.5038
66 86 -34.5038
67 86 -34.5038
68 86 -34.5038
69 86 -34.5038
70 86 -34.5038
71 86 -34.5038
72 86 -34.5038
73 86 -34.5038
74 86 -34.5038
75 86 -34.5038
76 86 -34.5038
77 86 -34.5038
78 86 -34.5038
79 86 -34.5038
80 86 -34.5038
81 86 -34.5038
82 86 -34.5038
83 86 -34.5038
84 86 -34.5038
85 86 -34.5038
86 86 -34.5038
87 86 -34.5038
88 86 -34.5038
89 86 -34.5038
90 86 -34.5038
91 86 -34.5038
92 86 -34.5038
93 86 -34.5038
94 86 -34.5038
95 86 -34.5038
96 86 -34.5038
97 86 -34.5038
98 86 -34.5038
99 86 -34.5038
100 86 -34.5038
101 86 -34.5038
102 86 -34.5038
103 86 -34.5038
104 86 -34.5038
105 86 -34.5038
106 86 -34.5038
107 86 -34.5038
108 86 -34.5038
109 86 -34.5038
110 86 -34.5038
111 86 -34.5038
112 86 -34.5038
113 86 -34.5038
114 86 -34.5038
115 86 -34.5038
116 86 -34.5038
117 86 -34.5038
118 86 -34.5038
119 86 -34.5038
0 87 -34.5038
1 87 -34.5038
2 87 -34.5038
3 87 -34.5038
4 87 -34.5038
5 87 -34.5038
6 87 -34.5038
7 87 -34.5038
8 87 -34.5038
9 87 -34.5038
10 87 3.6256
11 87 4.77016
12 87 5.51817
13 87 6.1662
14 87 6.6115
15 87 6.86186
16 87 6.94485
17 87 6.89106
18 87 6.74347
19 87 6.51807
20 87 6.21435
21 87 5.82211
22 87 5.29361
23 87 4.63123
24 87 3.76593
25 87 2.72597
26 87 1.52759
27 87 0.20889
28 87 -1.1461
29 87 -2.32301
30 87 -3.05935
31 87 -3.71367
32 87 -4.3496
33 87 -4.8915
34 87 -5.47098
35 87 -6.16129
36 87 -7.02739
37 87 -8.49
38 87 -11.4037
39 87 -14.0656
40 87 -15.8745
41 87 -18.0361
42 87 -19.5198
43 87 -21.237
44 87 -21.8465
45 87 -34.5038
46 87 -34.5038
47 87 -34.5038
48 87 -34.5038
49 87 -34.5038
50 87 -34.5038
51 87 -34.5038
52 87 -34.5038
53 87 -34.5038
54 87 -34.5038
55 87 -34.5038
56 87 -34.5038
57 87 -34.5038
58 87 -34.5038
59 87 -34.5038
60 87 -34.5038
61 87 -34.5038
62 87 -34.5038
63 87 -34.5038
64 87 -34.5038
65 87 -34.5038
66 87 -34.5038
67 87 -34.5038
68 87 -34.5038
69 87 -34.5038
70 87 -34.5038
71 87 -34.5038
72 87 -34.5038
73 87 -34.5038
74 87 -34.5038
75 87 -34.5038
76 87 -34.5038
77 87 -34.5038
78 87 -34.5038
79 87 -34.5038
80 87 -34.5038
81 87 -34.5038
82 87 -34.5038
83 87 -34.5038
84 87 -34.5038
85 87 -34.5038
86 87 -34.5038
87 87 -34.5038
88 87 -34.5038
89 87 -34.5038
90 87 -34.5038
91 87 -34.5038
92 87 -34.5038
93 87 -34.5038
94 87 -34.5038
95 87 -34.5038
96 87 -34.5038
97 87 -34.5038
98 87 -34.5038
99 87 -34.5038
100 87 -34.5038
101 87 -34.5038
102 87 -34.5038
103 87 -34.5038
104 87 -34.5038
105 87 -34.5038
106 87 -34.5038
107 87 -34.5038
108 87 -34.5038
109 87 -34.5038
110 87 -34.5038
111 87 -34.5038
112 87 -34.5038
113 87 -34.5038
114 87 -34.5038
115 87 -34.5038
116 87 -34.5038
117 87 -34.5038
118 87 -34.5038
119 87 -34.5038
0 88 -34.5038
1 88 -34.5038
2 88 -34.5038
3 88 -34.5038
4 88 -34.5038
5 88 -34.5038
6 88 -34.5038
7 88 -34.5038
8 88 -34.5038
9 88 -34.5038
10 88 2.96831
11 88 4.12092
12 88 4.88893
13 88 5.56429
14 88 6.06116
15 88 6.36214
16 88 6.46359
17 88 6.44108
18 88 6.31462
19 88 6.12421
20 88 5.84574
21 88 5.47557
22 88 4.99464
23 88 4.38518
24 88 3.5739
25 88 2.63163
26 88 1.4669
27 88 0.198189
28 88 -1.03315
29 88 -2.02139
30 88 -2.6186
31 88 -3.17581
32 88 -4.26487
33 88 -4.8746
34 88 -5.36718
35 88 -5.93156
36 88 -6.87732
37 88 -9.00521
38 88 -11.7393
39 88 -14.4623
40 88 -16.5588
41 88 -18.2226
42 88 -19.3736
43 88 -20.4177
44 88 -20.745
45 88 -21.8135
46 88 -22.7413
47 88 -34.5038
48 88 -34.5038
49 88 -34.5038
50 88 -34.5038
51 88 -34.5038
52 88 -34.5038
53 88 -34.5038
54 88 -34.5038
55 88 -34.5038
56 88 -34.5038
57 88 -34.5038
58 88 -34.5038
59 88 -34.5038
60 88 -34.5038
61 88 -34.5038
62 88 -34.5038
63 88 -34.5038
64 88 -34.5038
65 88 -34.5038
66 88 -34.5038
67 88 -34.5038
68 88 -34.5038
69 88 -34.5038
70 88 -34.5038
71 88 -34.5038
72 88 -34.5038
73 88 -34.5038
74 88 -34.5038
75 88 -34.5038
76 88 -34.5038
77 88 -34.5038
78 88 -34.5038
79 88 -34.5038
80 88 -34.5038
81 88 -34.5038
82 88 -34.5038
83 88 -34.5038
84 88 -34.5038
85 88 -34.5038
86 88 -34.5038
87 88 -34.5038
88 88 -34.5038
89 88 -34.5038
90 88 -34.5038
91 88 -34.5038
92 88 -34.5038
93 88 -34.5038
94 88 -34.5038
95 88 -34.5038
96 88 -34.5038
97 88 -34.5038
98 88 -34.5038
99 88 -34.5038
100 88 -34.5038
101 88 -34.5038
102 88 -34.5038
103 88 -34.5038
104 88 -34.5038
105 88 -34.5038
106 88 -34.5038
107 88 -34.5038
108 88 -34.5038
109 88 -34.5038
110 88 -34.5038
111 88 -34.5038
112 88 -34.5038
113 88 -34.5038
114 88 -34.5038
115 88 -34.5038
116 88 -34.5038
117 88 -34.5038
118 88 -34.5038
119 88 -34.5038
0 89 -34.5038
1 89 -34.5038
2 89 -34.5038
3 89 -34.5038
4 89 -34.5038
5 89 -34.5038
6 89 -34.5038
7 89 -34.5038
8 89 -34.5038
9 89 -34.5038
10 89 -34.5038
11 89 3.28855
12 89 4.17724
13 89 4.8429
14 89 5.44982
15 89 5.80346
16 89 5.96954
17 89 5.9687
18 89 5.86937
19 89 5.68569
20 89 5.42435
21 89 5.08515
22 89 4.63602
23 89 4.04526
24 89 3.29517
25 89 2.41263
26 89 1.2807
27 89 0.112816
28 89 -1.0188
29 89 -1.82564
30 89 -2.33841
31 89 -2.79434
32 89 -4.00937
33 89 -4.83281
34 89 -5.21178
35 89 -5.74154
36 89 -6.72461
37 89 -9.56163
38 89 -11.8221
39 89 -14.4071
40 89 -16.8936
41 89 -18.1912
42 89 -19.1184
43 89 -19.8263
44 89 -20.3978
45 89 -21.2154
46 89 -21.233
47 89 -22.3805
48 89 -23.1064
49 89 -34.5038
50 89 -34.5038
51 89 -34.5038
52 89 -34.5038
53 89 -34.5038
54 89 -34.5038
55 89 -34.5038
56 89 -34.5038
57 89 -34.5038
58 89 -34.5038
59 89 -34.5038
60 89 -34.5038
61 89 -34.5038
62 89 -34.5038
63 89 -34.5038
64 89 -34.5038
65 89 -34.5038
66 89 -34.5038
67 89 -34.5038
68 89 -34.5038
69 89 -34.5038
70 89 -34.5038
71 89 -34.5038
72 89 -34.5038
73 89 -34.5038
74 89 -34.5038
75 89 -34.5038
76 89 -34.5038
77 89 -34.5038
78 89 -34.5038
79 89 -34.5038
80 89 -34.5038
81 89 -34.5038
82 89 -34.5038
83 89 -34.5038
84 89 -34.5038
85 89 -34.5038
86 89 -34.5038
87 89 -34.5038
88 89 -34.5038
89 89 -34.5038
90 89 -34.5038
91 89 -34.5038
92 89 -34.5038
93 89 -34.5038
94 89 -34.5038
95 89 -34.5038
96 89 -34.5038
97 89 -34.5038
98 89 -34.5038
99 89 -34.5038
100 89 -34.5038
101 89 -34.5038
102 89 -34.5038
103 89 -34.5038
104 89 -34.5038
105 89 -34.5038
106 89 -34.5038
107 89 -34.5038
108 89 -34.5038
109 89 -34.5038
110 89 -34.5038
111 89 -34.5038
112 89 -34.5038
113 89 -34.5038
114 89 -34.5038
115 89 -34.5038
116 89 -34.5038
117 89 -34.5038
118 89 -34.5038
119 89 -34.5038
0 90 -34.5038
1 90 -34.5038
2 90 -34.5038
3 90 -34.5038
4 90 -34.5038
5 90 -34.5038
6 90 -34.5038
7 90 -34.5038
8 90 -34.5038
9 90 -34.5038
10 90 -34.5038
11 90 2.3636
12 90 3.39024
13 90 4.09442
14 90 4.71119
15 90 5.16269
16 90 5.40388
17 90 5.44415
18 90 5.38755
19 90 5.20922
20 90 4.95641
21 90 4.632
22 90 4.21651
23 90 3.6507
24 90 2.96706
25 90 2.13009
26 90 1.06875
27 90 -0.0444081
28 90 -1.0463
29 90 -1.71851
30 90 -2.13493
31 90 -2.58029
32 90 -3.77332
33 90 -4.8385
34 90 -5.25906
35 90 -5.82436
36 90 -6.93777
37 90 -9.88035
38 90 -11.7511
39 90 -14.485
40 90 -17.1707
41 90 -18.2688
42 90 -18.8904
43 90 -19.5146
44 90 -20.0822
45 90 -20.6629
46 90 -21.1304
47 90 -21.917
48 90 -22.1645
49 90 -23.1766
50 90 -24.1029
51 90 -24.6155
52 90 -34.5038
53 90 -34.5038
54 90 -34.5038
55 90 -34.5038
56 90 -34.5038
57 90 -34.5038
58 90 -34.5038
59 90 -34.5038
60 90 -34.5038
61 90 -34.5038
62 90 -34.5038
63 90 -34.5038
64 90 -34.5038
65 90 -34.5038
66 90 -34.5038
67 90 -34.5038
68 90 -34.5038
69 90 -34.5038
70 90 -34.5038
71 90 -34.5038
72 90 -34.5038
73 90 -34.5038
74 90 -34.5038
75 90 -34.5038
76 90 -34.5038
77 90 -34.5038
78 90 -34.5038
79 90 -34.5038
80 90 -34.5038
81 90 -34.5038
82 90 -34.5038
83 90 -34.5038
84 90 -34.5038
85 90 -34.5038
86 90 -34.5038
87 90 -34.5038
88 90 -34.5038
89 90 -34.5038
90 90 -34.5038
91 90 -34.5038
92 90 -34.5038
93 90 -34.5038
94 90 -34.5038
95 90 -34.5038
96 90 -34.5038
97 90 -34.5038
98 90 -34.5038
99 90 -34.5038
100 90 -34.5038
101 90 -34.5038
102 90 -34.5038
103 90 -34.5038
104 90 -34.5038
105 90 -34.5038
106 90 -34.5038
107 90 -34.5038
108 90 -34.5038
109 90 -34.5038
110 90 -34.5038
111 90 -34.5038
112 90 -34.5038
113 90 -34.5038
114 90 -34.5038
115 90 -34.5038
116 90 -34.5038
117 90 -34.5038
118 90 -34.5038
119 90 -34.5038
0 91 -34.5038
1 91 -34.5038
2 91 -34.5038
3 91 -34.5038
4 91 -34.5038
5 91 -34.5038
6 91 -34.5038
7 91 -34.5038
8 91 -34.5038
9 91 -34.5038
10 91 -34.5038
11 91 -34.5038
12 91 2.36416
13 91 3.31187
14 91 3.9295
15 91 4.44076
16 91 4.74307
17 91 4.8462
18 91 4.81891
19 91 4.66108
20 91 4.42013
21 91 4.11211
22 91 3.69358
23 91 3.17967
24 91 2.53798
25 91 1.76483
26 91 0.781071
27 91 -0.239268
28 91 -1.10674
29 91 -1.65961
30 91 -2.02089
31 91 -2.45521
32 91 -3.54735
33 91 -4.96327
34 91 -5.51433
35 91 -6.26718
36 91 -7.54898
37 91 -9.84272
38 91 -11.7946
39 91 -15.1201
40 91 -17.4436
41 91 -18.2504
42 91 -18.7055
43 91 -19.257
44 91 -19.8113
45 91 -20.3463
46 91 -20.897
47 91 -21.5097
48 91 -22.0267
49 91 -22.6649
50 91 -23.4667
51 91 -23.8815
52 91 -24.8947
53 91 -25.4433
54 91 -34.5038
55 91 -34.5038
56 91 -34.5038
57 91 -34.5038
58 91 -34.5038
59 91 -34.5038
60 91 -34.5038
61 91 -34.5038
62 91 -34.5038
63 91 -34.5038
64 91 -34.5038
65 91 -34.5038
66 91 -34.5038
67 91 -34.5038
68 91 -34.5038
69 91 -34.5038
70 91 -34.5038
71 91 -34.5038
72 91 -34.5038
73 91 -34.5038
74 91 -34.5038
75 91 -34.5038
76 91 -34.5038
77 91 -34.5038
78 91 -34.5038
79 91 -34.5038
80 91 -34.5038
81 91 -34.5038
82 91 -34.5038
83 91 -34.5038
84 91 -34.5038
85 91 -34.5038
86 91 -34.5038
87 91 -34.5038
88 91 -34.5038
89 91 -34.5038
90 91 -34.5038
91 91 -34.5038
92 91 -34.5038
93 91 -34.5038
94 91 -34.5038
95 91 -34.5038
96 91 -34.5038
97 91 -34.5038
98 91 -34.5038
99 91 -34.5038
100 91 -34.5038
101 91 -34.5038
102 91 -34.5038
103 91 -34.5038
104 91 -34.5038
105 91 -34.5038
106 91 -34.5038
107 91 -34.5038
108 91 -34.5038
109 91 -34.5038
110 91 -34.5038
111 91 -34.5038
112 91 -34.5038
113 91 -34.5038
114 91 -34.5038
115 91 -34.5038
116 91 -34.5038
117 91 -34.5038
118 91 -34.5038
119 91 -34.5038
0 92 -34.5038
1 92 -34.5038
2 92 -34.5038
3 92 -34.5038
4 92 -34.5038
5 92 -34.5038
6 92 -34.5038
7 92 -34.5038
8 92 -34.5038
9 92 -34.5038
10 92 -34.5038
11 92 -34.5038
12 92 1.22794
13 92 2.49229
14 92 3.0953
15 92 3.64325
16 92 4.00589
17 92 4.17027
18 92 4.16702
19 92 4.03303
20 92 3.80941
21 92 3.49486
22 92 3.10642
23 92 2.63568
24 92 2.04642
25 92 1.32935
26 92 0.468072
27 92 -0.464961
28 92 -1.20832
29 92 -1.7225
30 92 -2.07169
31 92 -2.51429
32 92 -3.3522
33 92 -5.01645
34 92 -5.86172
35 92 -6.8173
36 92 -8.11129
37 92 -9.84523
38 92 -12.5032
39 92 -16.1069
40 92 -17.6148
41 92 -18.123
42 92 -18.5437
43 92 -19.0632
44 92 -19.6538
45 92 -20.1522
46 92 -20.6703
47 92 -21.2154
48 92 -21.7711
49 92 -22.3662
50 92 -23.0236
51 92 -23.574
52 92 -24.3165
53 92 -24.5116
54 92 -25.412
55 92 -26.2196
56 92 -26.6424
57 92 -34.5038
58 92 -34.5038
59 92 -34.5038
60 92 -34.5038
61 92 -34.5038
62 92 -34.5038
63 92 -34.5038
64 92 -34.5038
65 92 -34.5038
66 92 -34.5038
67 92 -34.5038
68 92 -34.5038
69 92 -34.5038
70 92 -34.5038
71 92 -34.5038
72 92 -34.5038
73 92 -34.5038
74 92 -34.5038
75 92 -34.5038
76 92 -34.5038
77 92 -34.5038
78 92 -34.5038
79 92 -34.5038
80 92 -34.5038
81 92 -34.5038
82 92 -34.5038
83 92 -34.5038
84 92 -34.5038
85 92 -34.5038
86 92 -34.5038
87 92 -34.5038
88 92 -34.5038
89 92 -34.5038
90 92 -34.5038
91 92 -34.5038
92 92 -34.5038
93 92 -34.5038
94 92 -34.5038
95 92 -34.5038
96 92 -34.5038
97 92 -34.5038
98 92 -34.5038
99 92 -34.5038
100 92 -34.5038
101 92 -34.5038
102 92 -34.5038
103 92 -34.5038
104 92 -34.5038
105 92 -34.5038
106 92 -34.5038
107 92 -34.5038
108 92 -34.5038
109 92 -34.5038
110 92 -34.5038
111 92 -34.5038
112 92 -34.5038
113 92 -34.5038
114 92 -34.5038
115 92 -34.5038
116 92 -34.5038
117 92 -34.5038
118 92 -34.5038
119 92 -34.5038
0 93 -34.5038
1 93 -34.5038
2 93 -34.5038
3 93 -34.5038
4 93 -34.5038
5 93 -34.5038
6 93 -34.5038
7 93 -34.5038
8 93 -34.5038
9 93 -34.5038
10 93 -34.5038
11 93 -34.5038
12 93 -34.5038
13 93 1.29949
14 93 2.1447
15 93 2.71158
16 93 3.15202
17 93 3.33734
18 93 3.38858
19 93 3.30922
20 93 3.11959
21 93 2.81693
22 93 2.4394
23 93 2.01334
24 93 1.46105
25 93 0.816816
26 93 0.0657548
27 93 -0.736189
28 93 -1.40302
29 93 -1.92047
30 93 -2.30245
31 93 -2.73027
32 93 -3.51801
33 93 -4.92671
34 93 -6.13157
35 93 -7.37006
36 93 -8.70541
37 93 -10.5126
38 93 -14.1645
39 93 -16.6661
40 93 -17.5018
41 93 -17.9925
42 93 -18.4329
43 93 -19.01
44 93 -19.7361
45 93 -20.1949
46 93 -20.654
47 93 -21.0451
48 93 -21.5468
49 93 -22.0643
50 93 -22.6728
51 93 -23.2222
52 93 -23.7853
53 93 -24.2097
54 93 -24.7364
55 93 -25.4129
56 93 -25.391
57 93 -26.3532
58 93 -27.2621
59 93 -27.9697
60 93 -34.5038
61 93 -34.5038
62 93 -34.5038
63 93 -34.5038
64 93 -34.5038
65 93 -34.5038
66 93 -34.5038
67 93 -34.5038
68 93 -34.5038
69 93 -34.5038
70 93 -34.5038
71 93 -34.5038
72 93 -34.5038
73 93 -34.5038
74 93 -34.5038
75 93 -34.5038
76 93 -34.5038
77 93 -34.5038
78 93 -34.5038
79 93 -34.5038
80 93 -34.5038
81 93 -34.5038
82 93 -34.5038
83 93 -34.5038
84 93 -34.5038
85 93 -34.5038
86 93 -34.5038
87 93 -34.5038
88 93 -34.5038
89 93 -34.5038
90 93 -34.5038
91 93 -34.5038
92 93 -34.5038
93 93 -34.5038
94 93 -34.5038
95 93 -34.5038
96 93 -34.5038
97 93 -34.5038
98 93 -34.5038
99 93 -34.5038
100 93 -34.5038
101 93 -34.5038
102 93 -34.5038
103 93 -34.5038
104 93 -34.5038
105 93 -34.5038
106 93 -34.5038
107 93 -34.5038
108 93 -34.5038
109 93 -34.5038
110 93 -34.5038
111 93 -34.5038
112 93 -34.5038
113 93 -34.5038
114 93 -34.5038
115 93 -34.5038
116 93 -34.5038
117 93 -34.5038
118 93 -34.5038
119 93 -34.5038
0 94 -34.5038
1 94 -34.5038
2 94 -34.5038
3 94 -34.5038
4 94 -34.5038
5 94 -34.5038
6 94 -34.5038
7 94 -34.5038
8 94 -34.5038
9 94 -34.5038
10 94 -34.5038
11 94 -34.5038
12 94 -34.5038
13 94 -34.5038
14 94 0.644755
15 94 1.55686
16 94 2.07304
17 94 2.32133
18 94 2.41971
19 94 2.39142
20 94 2.2501
21 94 1.97998
22 94 1.64832
23 94 1.26884
24 94 0.801439
25 94 0.232528
26 94 -0.453718
27 94 -1.13628
28 94 -1.76612
29 94 -2.29536
30 94 -2.73378
31 94 -3.19991
32 94 -3.92297
33 94 -5.03895
34 94 -6.4583
35 94 -8.03123
36 94 -10.0747
37 94 -12.7441
38 94 -15.0709
39 94 -16.4369
40 94 -17.2907
41 94 -17.887
42 94 -18.3695
43 94 -18.9638
44 94 -19.7986
45 94 -20.4453
46 94 -20.9814
47 94 -21.1758
48 94 -21.5726
49 94 -21.9223
50 94 -22.3891
51 94 -22.9125
52 94 -23.5224
53 94 -24.0248
54 94 -24.5283
55 94 -24.9897
56 94 -25.1565
57 94 -25.7082
58 94 -26.5646
59 94 -26.8695
60 94 -28.091
61 94 -28.9503
62 94 -29.9072
63 94 -34.5038
64 94 -34.5038
65 94 -34.5038
66 94 -34.5038
67 94 -34.5038
68 94 -34.5038
69 94 -34.5038
70 94 -34.5038
71 94 -34.5038
72 94 -34.5038
73 94 -34.5038
74 94 -34.5038
75 94 -34.5038
76 94 -34.5038
77 94 -34.5038
78 94 -34.5038
79 94 -34.5038
80 94 -34.5038
81 94 -34.5038
82 94 -34.5038
83 94 -34.5038
84 94 -34.5038
85 94 -34.5038
86 94 -34.5038
87 94 -34.5038
88 94 -34.5038
89 94 -34.5038
90 94 -34.5038
91 94 -34.5038
92 94 -34.5038
93 94 -34.5038
94 94 -34.5038
95 94 -34.5038
96 94 -34.5038
97 94 -34.5038
98 94 -34.5038
99 94 -34.5038
100 94 -34.5038
101 94 -34.5038
102 94 -34.5038
103 94 -34.5038
104 94 -34.5038
105 94 -34.5038
106 94 -34.5038
107 94 -34.5038
108 94 -34.5038
109 94 -34.5038
110 94 -34.5038
111 94 -34.5038
112 94 -34.5038
113 94 -34.5038
114 94 -34.5038
115 94 -34.5038
116 94 -34.5038
117 94 -34.5038
118 94 -34.5038
119 94 -34.5038
0 95 -34.5038
1 95 -34.5038
2 95 -34.5038
3 95 -34.5038
4 95 -34.5038
5 95 -34.5038
6 95 -34.5038
7 95 -34.5038
8 95 -34.5038
9 95 -34.5038
10 95 -34.5038
11 95 -34.5038
12 95 -34.5038
13 95 -34.5038
14 95 -34.5038
15 95 -34.5038
16 95 0.435083
17 95 0.984737
18 95 1.24011
19 95 1.26204
20 95 1.12723
21 95 0.913798
22 95 0.664239
23 95 0.344216
24 95 -0.0512015
25 95 -0.515537
26 95 -1.09557
27 95 -1.71813
28 95 -2.31279
29 95 -2.87979
30 95 -3.43479
31 95 -3.9235
32 95 -4.60555
33 95 -5.57966
34 95 -7.1079
35 95 -9.28125
36 95 -12.4187
37 95 -13.6749
38 95 -15.4215
39 95 -16.5584
40 95 -17.349
41 95 -17.9363
42 95 -18.3949
43 95 -18.9004
44 95 -19.5414
45 95 -20.2969
46 95 -21.0401
47 95 -21.7852
48 95 -22.1741
49 95 -22.7111
50 95 -23.0529
51 95 -23.3457
52 95 -23.7482
53 95 -24.1788
54 95 -24.5989
55 95 -25.0492
56 95 -25.6929
57 95 -26.284
58 95 -26.8648
59 95 -27.3043
60 95 -27.9157
61 95 -28.8763
62 95 -29.4466
63 95 -30.822
64 95 -31.915
65 95 -34.5038
66 95 -34.5038
67 95 -34.5038
68 95 -34.5038
69 95 -34.5038
70 95 -34.5038
71 95 -34.5038
72 95 -34.5038
73 95 -34.5038
74 95 -34.5038
75 95 -34.5038
76 95 -34.5038
77 95 -34.5038
78 95 -34.5038
79 95 -34.5038
80 95 -34.5038
81 95 -34.5038
82 95 -34.5038
83 95 -34.5038
84 95 -34.5038
85 95 -34.5038
86 95 -34.5038
87 95 -34.5038
88 95 -34.5038
89 95 -34.5038
90 95 -34.5038
91 95 -34.5038
92 95 -34.5038
93 95 -34.5038
94 95 -34.5038
95 95 -34.5038
96 95 -34.5038
97 95 -34.5038
98 95 -34.5038
99 95 -34.5038
100 95 -34.5038
101 95 -34.5038
102 95 -34.5038
103 95 -34.5038
104 95 -34.5038
105 95 -34.5038
106 95 -34.5038
107 95 -34.5038
108 95 -34.5038
109 95 -34.5038
110 95 -34.5038
111 95 -34.5038
112 95 -34.5038
113 95 -34.5038
114 95 -34.5038
115 95 -34.5038
116 95 -34.5038
117 95 -34.5038
118 95 -34.5038
119 95 -34.5038
0 96 -34.5038
1 96 -34.5038
2 96 -34.5038
3 96 -34.5038
4 96 -34.5038
5 96 -34.5038
6 96 -34.5038
7 96 -34.5038
8 96 -34.5038
9 96 -34.5038
10 96 -34.5038
11 96 -34.5038
12 96 -34.5038
13 96 -34.5038
14 96 -34.5038
15 96 -34.5038
16 96 -34.5038
17 96 -34.5038
18 96 -34.5038
19 96 -0.523359
20 96 -0.324213
21 96 -0.39633
22 96 -0.635903
23 96 -0.953488
24 96 -1.27067
25 96 -1.69813
26 96 -2.19279
27 96 -2.74
28 96 -3.33669
29 96 -3.99273
30 96 -4.82487
31 96 -5.28346
32 96 -6.01939
33 96 -7.25439
34 96 -8.87301
35 96 -11.1046
36 96 -13.4125
37 96 -14.8706
38 96 -16.7341
39 96 -17.3083
40 96 -17.799
41 96 -18.2128
42 96 -18.6148
43 96 -19.0333
44 96 -19.539
45 96 -20.1116
46 96 -20.8597
47 96 -21.7995
48 96 -22.5012
49 96 -23.1271
50 96 -23.7021
51 96 -24.189
52 96 -24.6713
53 96 -25.1788
54 96 -25.6169
55 96 -26.1005
56 96 -26.7078
57 96 -27.2943
58 96 -27.8694
59 96 -28.4056
60 96 -28.9603
61 96 -29.5644
62 96 -30.235
63 96 -31.0028
64 96 -31.7922
65 96 -32.4224
66 96 -34.5038
67 96 -34.5038
68 96 -34.5038
69 96 -34.5038
70 96 -34.5038
71 96 -34.5038
72 96 -34.5038
73 96 -34.5038
74 96 -34.5038
75 96 -34.5038
76 96 -34.5038
77 96 -34.5038
78 96 -34.5038
79 96 -34.5038
80 96 -34.5038
81 96 -34.5038
82 96 -34.5038
83 96 -34.5038
84 96 -34.5038
85 96 -34.5038
86 96 -34.5038
87 96 -34.5038
88 96 -34.5038
89 96 -34.5038
90 96 -34.5038
91 96 -34.5038
92 96 -34.5038
93 96 -34.5038
94 96 -34.5038
95 96 -34.5038
96 96 -34.5038
97 96 -34.5038
98 96 -34.5038
99 96 -34.5038
100 96 -34.5038
101 96 -34.5038
102 96 -34.5038
103 96 -34.5038
104 96 -34.5038
105 96 -34.5038
106 96 -34.5038
107 96 -34.5038
108 96 -34.5038
109 96 -34.5038
110 96 -34.5038
111 96 -34.5038
112 96 -34.5038
113 96 -34.5038
114 96 -34.5038
115 96 -34.5038
116 96 -34.5038
117 96 -34.5038
118 96 -34.5038
119 96 -34.5038
0 97 -34.5038
1 97 -34.5038
2 97 -34.5038
3 97 -34.5038
4 97 -34.5038
5 97 -34.5038
6 97 -34.5038
7 97 -34.5038
8 97 -34.5038
9 97 -34.5038
10 97 -34.5038
11 97 -34.5038
12 97 -34.5038
13 97 -34.5038
14 97 -34.5038
15 97 -34.5038
16 97 -34.5038
17 97 -34.5038
18 97 -34.5038
19 97 -34.5038
20 97 -34.5038
21 97 -34.5038
22 97 -34.5038
23 97 -34.5038
24 97 -34.5038
25 97 -34.5038
26 97 -34.5038
27 97 -34.5038
28 97 -34.5038
29 97 -34.5038
30 97 -7.03791
31 97 -7.10412
32 97 -7.87914
33 97 -9.18073
34 97 -10.7443
35 97 -12.3564
36 97 -14.1655
37 97 -15.3189
38 97 -17.1073
39 97 -18.6817
40 97 -18.5562
41 97 -18.8022
42 97 -19.0509
43 97 -19.3433
44 97 -19.7073
45 97 -20.1151
46 97 -20.6261
47 97 -21.4109
48 97 -22.3739
49 97 -23.2202
50 97 -23.962
51 97 -24.6098
52 97 -25.2123
53 97 -25.7881
54 97 -26.2971
55 97 -26.83
56 97 -27.4363
57 97 -28.007
58 97 -28.5821
59 97 -29.1424
60 97 -29.7019
61 97 -30.278
62 97 -30.8848
63 97 -31.4741
64 97 -32.0659
65 97 -32.6921
66 97 -34.5038
67 97 -34.5038
68 97 -34.5038
69 97 -34.5038
70 97 -34.5038
71 97 -34.5038
72 97 -34.5038
73 97 -34.5038
74 97 -34.5038
75 97 -34.5038
76 97 -34.5038
77 97 -34.5038
78 97 -34.5038
79 97 -34.5038
80 97 -34.5038
81 97 -34.5038
82 97 -34.5038
83 97 -34.5038
84 97 -34.5038
85 97 -34.5038
86 97 -34.5038
87 97 -34.5038
88 97 -34.5038
89 97 -34.5038
90 97 -34.5038
91 97 -34.5038
92 97 -34.5038
93 97 -34.5038
94 97 -34.5038
95 97 -34.5038
96 97 -34.5038
97 97 -34.5038
98 97 -34.5038
99 97 -34.5038
100 97 -34.5038
101 97 -34.5038
102 97 -34.5038
103 97 -34.5038
104 97 -34.5038
105 97 -34.5038
106 97 -34.5038
107 97 -34.5038
108 97 -34.5038
109 97 -34.5038
110 97 -34.5038
111 97 -34.5038
112 97 -34.5038
113 97 -34.5038
114 97 -34.5038
115 97 -34.5038
116 97 -34.5038
117 97 -34.5038
118 97 -34.5038
119 97 -34.5038
0 98 -34.5038
1 98 -34.5038
2 98 -34.5038
3 98 -34.5038
4 98 -34.5038
5 98 -34.5038
6 98 -34.5038
7 98 -34.5038
8 98 -34.5038
9 98 -34.5038
10 98 -34.5038
11 98 -34.5038
12 98 -34.5038
13 98 -34.5038
14 98 -34.5038
15 98 -34.5038
16 98 -34.5038
17 98 -34.5038
18 98 -34.5038
19 98 -34.5038
20 98 -34.5038
21 98 -34.5038
22 98 -34.5038
23 98 -34.5038
24 98 -34.5038
25 98 -34.5038
26 98 -34.5038
27 98 -34.5038
28 98 -34.5038
29 98 -34.5038
30 98 -34.5038
31 98 -8.82229
32 98 -9.24776
33 98 -10.4911
34 98 -11.9211
35 98 -12.8735
36 98 -14.3872
37 98 -15.3445
38 98 -34.5038
39 98 -34.5038
40 98 -34.5038
41 98 -19.7223
42 98 -19.6774
43 98 -19.7748
44 98 -19.9818
45 98 -20.2583
46 98 -20.5995
47 98 -21.134
48 98 -21.8841
49 98 -22.931
50 98 -23.9007
51 98 -24.773
52 98 -25.4793
53 98 -26.1412
54 98 -26.7406
55 98 -27.3286
56 98 -27.9439
57 98 -28.5415
58 98 -29.1308
59 98 -29.6929
60 98 -30.2557
61 98 -30.8417
62 98 -31.4355
63 98 -32.0038
64 98 -32.538
65 98 -33.0611
66 98 -33.5753
67 98 -34.5038
68 98 -34.5038
69 98 -34.5038
70 98 -34.5038
71 98 -34.5038
72 98 -34.5038
73 98 -34.5038
74 98 -34.5038
75 98 -34.5038
76 98 -34.5038
77 98 -34.5038
78 98 -34.5038
79 98 -34.5038
80 98 -34.5038
81 98 -34.5038
82 98 -34.5038
83 98 -34.5038
84 98 -34.5038
85 98 -34.5038
86 98 -34.5038
87 98 -34.5038
88 98 -34.5038
89 98 -34.5038
90 98 -34.5038
91 98 -34.5038
92 98 -34.5038
93 98 -34.5038
94 98 -34.5038
95 98 -34.5038
96 98 -34.5038
97 98 -34.5038
98 98 -34.5038
99 98 -34.5038
100 98 -34.5038
101 98 -34.5038
102 98 -34.5038
103 98 -34.5038
104 98 -34.5038
105 98 -34.5038
106 98 -34.5038
107 98 -34.5038
108 98 -34.5038
109 98 -34.5038
110 98 -34.5038
111 98 -34.5038
112 98 -34.5038
113 98 -34.5038
114 98 -34.5038
115 98 -34.5038
116 98 -34.5038
117 98 -34.5038
118 98 -34.5038
119 98 -34.5038
0 99 -34.5038
1 99 -34.5038
2 99 -34.5038
3 99 -34.5038
4 99 -34.5038
5 99 -34.5038
6 99 -34.5038
7 99 -34.5038
8 99 -34.5038
9 99 -34.5038
10 99 -34.5038
11 99 -34.5038
12 99 -34.5038
13 99 -34.5038
14 99 -34.5038
15 99 -34.5038
16 99 -34.5038
17 99 -34.5038
18 99 -34.5038
19 99 -34.5038
20 99 -34.5038
21 99 -34.5038
22 99 -34.5038
23 99 -34.5038
24 99 -34.5038
25 99 -34.5038
26 99 -34.5038
27 99 -34.5038
28 99 -34.5038
29 99 -34.5038
30 99 -34.5038
31 99 -34.5038
32 99 -34.5038
33 99 -11.836
34 99 -12.6588
35 99 -13.1823
36 99 -34.5038
37 99 -34.5038
38 99 -34.5038
39 99 -34.5038
40 99 -34.5038
41 99 -34.5038
42 99 -20.6055
43 99 -20.3295
44 99 -20.3535
45 99 -20.515
46 99 -20.7746
47 99 -21.1207
48 99 -21.6155
49 99 -22.4087
50 99 -23.4469
51 99 -24.5685
52 99 -25.5495
53 99 -26.3098
54 99 -26.994
55 99 -27.6448
56 99 -28.2817
57 99 -28.9091
58 99 -29.5126
59 99 -30.0981
60 99 -30.6754
61 99 -31.2689
62 99 -31.8713
63 99 -32.4683
64 99 -33.0686
65 99 -33.2563
66 99 -33.5645
67 99 -34.5038
68 99 -34.5038
69 99 -34.5038
70 99 -34.5038
71 99 -34.5038
72 99 -34.5038
73 99 -34.5038
74 99 -34.5038
75 99 -34.5038
76 99 -34.5038
77 99 -34.5038
78 99 -34.5038
79 99 -34.5038
80 99 -34.5038
81 99 -34.5038
82 99 -34.5038
83 99 -34.5038
84 99 -34.5038
85 99 -34.5038
86 99 -34.5038
87 99 -34.5038
88 99 -34.5038
89 99 -34.5038
90 99 -34.5038
91 99 -34.5038
92 99 -34.5038
93 99 -34.5038
94 99 -34.5038
95 99 -34.5038
96 99 -34.5038
97 99 -34.5038
98 99 -34.5038
99 99 -34.5038
100 99 -34.5038
101 99 -34.5038
102 99 -34.5038
103 99 -34.5038
104 99 -34.5038
105 99 -34.5038
106 99 -34.5038
107 99 -34.5038
108 99 -34.5038
109 99 -34.5038
110 99 -34.5038
111 99 -34.5038
112 99 -34.5038
113 99 -34.5038
114 99 -34.5038
115 99 -34.5038
116 99 -34.5038
117 99 -34.5038
118 99 -34.5038
119 99 -34.5038
0 100 -34.5038
1 100 -34.5038
2 100 -34.5038
3 100 -34.5038
4 100 -34.5038
5 100 -34.5038
6 100 -34.5038
7 100 -34.5038
8 100 -34.5038
9 100 -34.5038
10 100 -34.5038
11 100 -34.5038
12 100 -34.5038
13 100 -34.5038
14 100 -34.5038
15 100 -34.5038
16 100 -34.5038
17 100 -34.5038
18 100 -34.5038
19 100 -34.5038
20 100 -34.5038
21 100 -34.5038
22 100 -34.5038
23 100 -34.5038
24 100 -34.5038
25 100 -34.5038
26 100 -34.5038
27 100 -34.5038
28 100 -34.5038
29 100 -34.5038
30 100 -34.5038
31 100 -34.5038
32 100 -34.5038
33 100 -34.5038
34 100 -34.5038
35 100 -34.5038
36 100 -34.5038
37 100 -34.5038
38 100 -34.5038
39 100 -34.5038
40 100 -34.5038
41 100 -34.5038
42 100 -34.5038
43 100 -21.4899
44 100 -21.0223
45 100 -20.9915
46 100 -21.1351
47 100 -21.3733
48 100 -21.6625
49 100 -22.1807
50 100 -22.9936
51 100 -24.0642
52 100 -25.1913
53 100 -26.2343
54 100 -27.0712
55 100 -27.8175
56 100 -28.4983
57 100 -29.1621
58 100 -29.7963
59 100 -30.386
60 100 -31.0004
61 100 -31.5908
62 100 -32.2125
63 100 -32.824
64 100 -33.4667
65 100 -33.6954
66 100 -34.5038
67 100 -34.5038
68 100 -34.5038
69 100 -34.5038
70 100 -34.5038
71 100 -34.5038
72 100 -34.5038
73 100 -34.5038
74 100 -34.5038
75 100 -34.5038
76 100 -34.5038
77 100 -34.5038
78 100 -34.5038
79 100 -34.5038
80 100 -34.5038
81 100 -34.5038
82 100 -34.5038
83 100 -34.5038
84 100 -34.5038
85 100 -34.5038
86 100 -34.5038
87 100 -34.5038
88 100 -34.5038
89 100 -34.5038
90 100 -34.5038
91 100 -34.5038
92 100 -34.5038
93 100 -34.5038
94 100 -34.5038
95 100 -34.5038
96 100 -34.5038
97 100 -34.5038
98 100 -34.5038
99 100 -34.5038
100 100 -34.5038
101 100 -34.5038
102 100 -34.5038
103 100 -34.5038
104 100 -34.5038
105 100 -34.5038
106 100 -34.5038
107 100 -34.5038
108 100 -34.5038
109 100 -34.5038
110 100 -34.5038
111 100 -34.5038
112 100 -34.5038
113 100 -34.5038
114 100 -34.5038
115 100 -34.5038
116 100 -34.5038
117 100 -34.5038
118 100 -34.5038
119 100 -34.5038
0 101 -34.5038
1 101 -34.5038
2 101 -34.5038
3 101 -34.5038
4 101 -34.5038
5 101 -34.5038
6 101 -34.5038
7 101 -34.5038
8 101 -34.5038
9 101 -34.5038
10 101 -34.5038
11 101 -34.5038
12 101 -34.5038
13 101 -34.5038
14 101 -34.5038
15 101 -34.5038
16 101 -34.5038
17 101 -34.5038
18 101 -34.5038
19 101 -34.5038
20 101 -34.5038
21 101 -34.5038
22 101 -34.5038
23 101 -34.5038
24 101 -34.5038
25 101 -34.5038
26 101 -34.5038
27 101 -34.5038
28 101 -34.5038
29 101 -34.5038
30 101 -34.5038
31 101 -34.5038
32 101 -34.5038
33 101 -34.5038
34 101 -34.5038
35 101 -34.5038
36 101 -34.5038
37 101 -34.5038
38 101 -34.5038
39 101 -34.5038
40 101 -34.5038
41 101 -34.5038
42 101 -34.5038
43 101 -34.5038
44 101 -34.5038
45 101 -21.975
46 101 -21.7862
47 101 -21.8011
48 101 -21.9788
49 101 -22.2907
50 101 -22.8333
51 101 -23.663
52 101 -24.6982
53 101 -25.8252
54 101 -26.8721
55 101 -27.7784
56 101 -28.5661
57 101 -29.303
58 101 -29.948
59 101 -30.5887
60 101 -31.2591
61 101 -31.8616
62 101 -32.5
63 101 -33.1556
64 101 -33.7964
65 101 -34.1115
66 101 -34.5038
67 101 -34.5038
68 101 -34.5038
69 101 -34.5038
70 101 -34.5038
71 101 -34.5038
72 101 -34.5038
73 101 -34.5038
74 101 -34.5038
75 101 -34.5038
76 101 -34.5038
77 101 -34.5038
78 101 -34.5038
79 101 -34.5038
80 101 -34.5038
81 101 -34.5038
82 101 -34.5038
83 101 -34.5038
84 101 -34.5038
85 101 -34.5038
86 101 -34.5038
87 101 -34.5038
88 101 -34.5038
89 101 -34.5038
90 101 -34.5038
91 101 -34.5038
92 101 -34.5038
93 101 -34.5038
94 101 -34.5038
95 101 -34.5038
96 101 -34.5038
97 101 -34.5038
98 101 -34.5038
99 101 -34.5038
100 101 -34.5038
101 101 -34.5038
102 101 -34.5038
103 101 -34.5038
104 101 -34.5038
105 101 -34.5038
106 101 -34.5038
107 101 -34.5038
108 101 -34.5038
109 101 -34.5038
110 101 -34.5038
111 101 -34.5038
112 101 -34.5038
113 101 -34.5038
114 101 -34.5038
115 101 -34.5038
116 101 -34.5038
117 101 -34.5038
118 101 -34.5038
119 101 -34.5038
0 102 -34.5038
1 102 -34.5038
2 102 -34.5038
3 102 -34.5038
4 102 -34.5038
5 102 -34.5038
6 102 -34.5038
7 102 -34.5038
8 102 -34.5038
9 102 -34.5038
10 102 -34.5038
11 102 -34.5038
12 102 -34.5038
13 102 -34.5038
14 102 -34.5038
15 102 -34.5038
16 102 -34.5038
17 102 -34.5038
18 102 -34.5038
19 102 -34.5038
20 102 -34.5038
21 102 -34.5038
22 102 -34.5038
23 102 -34.5038
24 102 -34.5038
25 102 -34.5038
26 102 -34.5038
27 102 -34.5038
28 102 -34.5038
29 102 -34.5038
30 102 -34.5038
31 102 -34.5038
32 102 -34.5038
33 102 -34.5038
34 102 -34.5038
35 102 -34.5038
36 102 -34.5038
37 102 -34.5038
38 102 -34.5038
39 102 -34.5038
40 102 -34.5038
41 102 -34.5038
42 102 -34.5038
43 102 -34.5038
44 102 -34.5038
45 102 -34.5038
46 102 -34.5038
47 102 -22.7425
48 102 -22.5919
49 102 -22.731
50 102 -23.0019
51 102 -23.5339
52 102 -24.3552
53 102 -25.3662
54 102 -26.389
55 102 -27.4804
56 102 -28.4553
57 102 -29.2869
58 102 -30.0315
59 102 -30.7205
60 102 -31.4151
61 102 -32.0678
62 102 -32.7751
63 102 -33.5274
64 102 -33.9347
65 102 -34.5038
66 102 -34.5038
67 102 -34.5038
68 102 -34.5038
69 102 -34.5038
70 102 -34.5038
71 102 -34.5038
72 102 -34.5038
73 102 -34.5038
74 102 -34.5038
75 102 -34.5038
76 102 -34.5038
77 102 -34.5038
78 102 -34.5038
79 102 -34.5038
80 102 -34.5038
81 102 -34.5038
82 102 -34.5038
83 102 -34.5038
84 102 -34.5038
85 102 -34.5038
86 102 -34.5038
87 102 -34.5038
88 102 -34.5038
89 102 -34.5038
90 102 -34.5038
91 102 -34.5038
92 102 -34.5038
93 102 -34.5038
94 102 -34.5038
95 102 -34.5038
96 102 -34.5038
97 102 -34.5038
98 102 -34.5038
99 102 -34.5038
100 102 -34.5038
101 102 -34.5038
102 102 -34.5038
103 102 -34.5038
104 102 -34.5038
105 102 -34.5038
106 102 -34.5038
107 102 -34.5038
108 102 -34.5038
109 102 -34.5038
110 102 -34.5038
111 102 -34.5038
112 102 -34.5038
113 102 -34.5038
114 102 -34.5038
115 102 -34.5038
116 102 -34.5038
117 102 -34.5038
118 102 -34.5038
119 102 -34.5038
0 103 -34.5038
1 103 -34.5038
2 103 -34.5038
3 103 -34.5038
4 103 -34.5038
5 103 -34.5038
6 103 -34.5038
7 103 -34.5038
8 103 -34.5038
9 103 -34.5038
10 103 -34.5038
11 103 -34.5038
12 103 -34.5038
13 103 -34.5038
14 103 -34.5038
15 103 -34.5038
16 103 -34.5038
17 103 -34.5038
18 103 -34.5038
19 103 -34.5038
20 103 -34.5038
21 103 -34.5038
22 103 -34.5038
23 103 -34.5038
24 103 -34.5038
25 103 -34.5038
26 103 -34.5038
27 103 -34.5038
28 103 -34.5038
29 103 -34.5038
30 103 -34.5038
31 103 -34.5038
32 103 -34.5038
33 103 -34.5038
34 103 -34.5038
35 103 -34.5038
36 103 -34.5038
37 103 -34.5038
38 103 -34.5038
39 103 -34.5038
40 103 -34.5038
41 103 -34.5038
42 103 -34.5038
43 103 -34.5038
44 103 -34.5038
45 103 -34.5038
46 103 -34.5038
47 103 -34.5038
48 103 -24.4378
49 103 -23.6444
50 103 -23.5983
51 103 -23.7965
52 103 -24.3441
53 103 -25.063
54 103 -25.9771
55 103 -27.0209
56 103 -28.1035
57 103 -29.0845
58 103 -29.9923
59 103 -30.776
60 103 -31.5188
61 103 -32.2627
62 103 -33.0234
63 103 -33.7661
64 103 -34.1418
65 103 -34.5038
66 103 -34.5038
67 103 -34.5038
68 103 -34.5038
69 103 -34.5038
70 103 -34.5038
71 103 -34.5038
72 103 -34.5038
73 103 -34.5038
74 103 -34.5038
75 103 -34.5038
76 103 -34.5038
77 103 -34.5038
78 103 -34.5038
79 103 -34.5038
80 103 -34.5038
81 103 -34.5038
82 103 -34.5038
83 103 -34.5038
84 103 -34.5038
85 103 -34.5038
86 103 -34.5038
87 103 -34.5038
88 103 -34.5038
89 103 -34.5038
90 103 -34.5038
91 103 -34.5038
92 103 -34.5038
93 103 -34.5038
94 103 -34.5038
95 103 -34.5038
96 103 -34.5038
97 103 -34.5038
98 103 -34.5038
99 103 -34.5038
100 103 -34.5038
101 103 -34.5038
102 103 -34.5038
103 103 -34.5038
104 103 -34.5038
105 103 -34.5038
106 103 -34.5038
107 103 -34.5038
108 103 -34.5038
109 103 -34.5038
110 103 -34.5038
111 103 -34.5038
112 103 -34.5038
113 103 -34.5038
114 103 -34.5038
115 103 -34.5038
116 103 -34.5038
117 103 -34.5038
118 103 -34.5038
119 103 -34.5038
0 104 -34.5038
1 104 -34.5038
2 104 -34.5038
3 104 -34.5038
4 104 -34.5038
5 104 -34.5038
6 104 -34.5038
7 104 -34.5038
8 104 -34.5038
9 104 -34.5038
10 104 -34.5038
11 104 -34.5038
12 104 -34.5038
13 104 -34.5038
14 104 -34.5038
15 104 -34.5038
16 104 -34.5038
17 104 -34.5038
18 104 -34.5038
19 104 -34.5038
20 104 -34.5038
21 104 -34.5038
22 104 -34.5038
23 104 -34.5038
24 104 -34.5038
25 104 -34.5038
26 104 -34.5038
27 104 -34.5038
28 104 -34.5038
29 104 -34.5038
30 104 -34.5038
31 104 -34.5038
32 104 -34.5038
33 104 -34.5038
34 104 -34.5038
35 104 -34.5038
36 104 -34.5038
37 104 -34.5038
38 104 -34.5038
39 104 -34.5038
40 104 -34.5038
41 104 -34.5038
42 104 -34.5038
43 104 -34.5038
44 104 -34.5038
45 104 -34.5038
46 104 -34.5038
47 104 -34.5038
48 104 -34.5038
49 104 -34.5038
50 104 -25.2826
51 104 -24.7425
52 104 -24.8993
53 104 -25.0162
54 104 -25.7163
55 104 -26.6802
56 104 -27.7127
57 104 -28.775
58 104 -29.8043
59 104 -30.7546
60 104 -31.5837
61 104 -32.425
62 104 -33.2874
63 104 -33.7579
64 104 -34.4413
65 104 -34.5038
66 104 -34.5038
67 104 -34.5038
68 104 -34.5038
69 104 -34.5038
70 104 -34.5038
71 104 -34.5038
72 104 -34.5038
73 104 -34.5038
74 104 -34.5038
75 104 -34.5038
76 104 -34.5038
77 104 -34.5038
78 104 -34.5038
79 104 -34.5038
80 104 -34.5038
81 104 -34.5038
82 104 -34.5038
83 104 -34.5038
84 104 -34.5038
85 104 -34.5038
86 104 -34.5038
87 104 -34.5038
88 104 -34.5038
89 104 -34.5038
90 104 -34.5038
91 104 -34.5038
92 104 -34.5038
93 104 -34.5038
94 104 -34.5038
95 104 -34.5038
96 104 -34.5038
97 104 -34.5038
98 104 -34.5038
99 104 -34.5038
100 104 -34.5038
101 104 -34.5038
102 104 -34.5038
103 104 -34.5038
104 104 -34.5038
105 104 -34.5038
106 104 -34.5038
107 104 -34.5038
108 104 -34.5038
109 104 -34.5038
110 104 -34.5038
111 104 -34.5038
112 104 -34.5038
113 104 -34.5038
114 104 -34.5038
115 104 -34.5038
116 104 -34.5038
117 104 -34.5038
118 104 -34.5038
119 104 -34.5038
0 105 -34.5038
1 105 -34.5038
2 105 -34.5038
3 105 -34.5038
4 105 -34.5038
5 105 -34.5038
6 105 -34.5038
7 105 -34.5038
8 105 -34.5038
9 105 -34.5038
10 105 -34.5038
11 105 -34.5038
12 105 -34.5038
13 105 -34.5038
14 105 -34.5038
15 105 -34.5038
16 105 -34.5038
17 105 -34.5038
18 105 -34.5038
19 105 -34.5038
20 105 -34.5038
21 105 -34.5038
22 105 -34.5038
23 105 -34.5038
24 105 -34.5038
25 105 -34.5038
26 105 -34.5038
27 105 -34.5038
28 105 -34.5038
29 105 -34.5038
30 105 -34.5038
31 105 -34.5038
32 105 -34.5038
33 105 -34.5038
34 105 -34.5038
35 105 -34.5038
36 105 -34.5038
37 105 -34.5038
38 105 -34.5038
39 105 -34.5038
40 105 -34.5038
41 105 -34.5038
42 105 -34.5038
43 105 -34.5038
44 105 -34.5038
45 105 -34.5038
46 105 -34.5038
47 105 -34.5038
48 105 -34.5038
49 105 -34.5038
50 105 -34.5038
51 105 -34.5038
52 105 -34.5038
53 105 -25.6436
54 105 -26.0753
55 105 -26.5405
56 105 -27.4656
57 105 -28.4617
58 105 -29.4879
59 105 -30.5376
60 105 -31.5267
61 105 -32.5324
62 105 -33.192
63 105 -33.9376
64 105 -34.5038
65 105 -34.5038
66 105 -34.5038
67 105 -34.5038
68 105 -34.5038
69 105 -34.5038
70 105 -34.5038
71 105 -34.5038
72 105 -34.5038
73 105 -34.5038
74 105 -34.5038
75 105 -34.5038
76 105 -34.5038
77 105 -34.5038
78 105 -34.5038
79 105 -34.5038
80 105 -34.5038
81 105 -34.5038
82 105 -34.5038
83 105 -34.5038
84 105 -34.5038
85 105 -34.5038
86 105 -34.5038
87 105 -34.5038
88 105 -34.5038
89 105 -34.5038
90 105 -34.5038
91 105 -34.5038
92 105 -34.5038
93 105 -34.5038
94 105 -34.5038
95 105 -34.5038
96 105 -34.5038
97 105 -34.5038
98 105 -34.5038
99 105 -34.5038
100 105 -34.5038
101 105 -34.5038
102 105 -34.5038
103 105 -34.5038
104 105 -34.5038
105 105 -34.5038
106 105 -34.5038
107 105 -34.5038
108 105 -34.5038
109 105 -34.5038
110 105 -34.5038
111 105 -34.5038
112 105 -34.5038
113 105 -34.5038
114 105 -34.5038
115 105 -34.5038
116 105 -34.5038
117 105 -34.5038
118 105 -34.5038
119 105 -34.5038
0 106 -34.5038
1 106 -34.5038
2 106 -34.5038
3 106 -34.5038
4 106 -34.5038
5 106 -34.5038
6 106 -34.5038
7 106 -34.5038
8 106 -34.5038
9 106 -34.5038
10 106 -34.5038
11 106 -34.5038
12 106 -34.5038
13 106 -34.5038
14 106 -34.5038
15 106 -34.5038
16 106 -34.5038
17 106 -34.5038
18 106 -34.5038
19 106 -34.5038
20 106 -34.5038
21 106 -34.5038
22 106 -34.5038
23 106 -34.5038
24 106 -34.5038
25 106 -34.5038
26 106 -34.5038
27 106 -34.5038
28 106 -34.5038
29 106 -34.5038
30 106 -34.5038
31 106 -34.5038
32 106 -34.5038
33 106 -34.5038
34 106 -34.5038
35 106 -34.5038
36 106 -34.5038
37 106 -34.5038
38 106 -34.5038
39 106 -34.5038
40 106 -34.5038
41 106 -34.5038
42 106 -34.5038
43 106 -34.5038
44 106 -34.5038
45 106 -34.5038
46 106 -34.5038
47 106 -34.5038
48 106 -34.5038
49 106 -34.5038
50 106 -34.5038
51 106 -34.5038
52 106 -34.5038
53 106 -34.5038
54 106 -26.9243
55 106 -26.8014
56 106 -27.4727
57 106 -28.412
58 106 -29.2488
59 106 -30.2032
60 106 -31.3191
61 106 -32.3891
62 106 -33.0182
63 106 -34.5038
64 106 -34.5038
65 106 -34.5038
66 106 -34.5038
67 106 -34.5038
68 106 -34.5038
69 106 -34.5038
70 106 -34.5038
71 106 -34.5038
72 106 -34.5038
73 106 -34.5038
74 106 -34.5038
75 106 -34.5038
76 106 -34.5038
77 106 -34.5038
78 106 -34.5038
79 106 -34.5038
80 106 -34.5038
81 106 -34.5038
82 106 -34.5038
83 106 -34.5038
84 106 -34.5038
85 106 -34.5038
86 106 -34.5038
87 106 -34.5038
88 106 -34.5038
89 106 -34.5038
90 106 -34.5038
91 106 -34.5038
92 106 -34.5038
93 106 -34.5038
94 106 -34.5038
95 106 -34.5038
96 106 -34.5038
97 106 -34.5038
98 106 -34.5038
99 106 -34.5038
100 106 -34.5038
101 106 -34.5038
102 106 -34.5038
103 106 -34.5038
104 106 -34.5038
105 106 -34.5038
106 106 -34.5038
107 106 -34.5038
108 106 -34.5038
109 106 -34.5038
110 106 -34.5038
111 106 -34.5038
112 106 -34.5038
113 106 -34.5038
114 106 -34.5038
115 106 -34.5038
116 106 -34.5038
117 106 -34.5038
118 106 -34.5038
119 106 -34.5038
0 107 -34.5038
1 107 -34.5038
2 107 -34.5038
3 107 -34.5038
4 107 -34.5038
5 107 -34.5038
6 107 -34.5038
7 107 -34.5038
8 107 -34.5038
9 107 -34.5038
10 107 -34.5038
11 107 -34.5038
12 107 -34.5038
13 107 -34.5038
14 107 -34.5038
15 107 -34.5038
16 107 -34.5038
17 107 -34.5038
18 107 -34.5038
19 107 -34.5038
20 107 -34.5038
21 107 -34.5038
22 107 -34.5038
23 107 -34.5038
24 107 -34.5038
25 107 -34.5038
26 107 -34.5038
27 107 -34.5038
28 107 -34.5038
29 107 -34.5038
30 107 -34.5038
31 107 -34.5038
32 107 -34.5038
33 107 -34.5038
34 107 -34.5038
35 107 -34.5038
36 107 -34.5038
37 107 -34.5038
38 107 -34.5038
39 107 -34.5038
40 107 -34.5038
41 107 -34.5038
42 107 -34.5038
43 107 -34.5038
44 107 -34.5038
45 107 -34.5038
46 107 -34.5038
47 107 -34.5038
48 107 -34.5038
49 107 -34.5038
50 107 -34.5038
51 107 -34.5038
52 107 -34.5038
53 107 -34.5038
54 107 -34.5038
55 107 -34.5038
56 107 -29.6001
57 107 -29.2386
58 107 -29.2601
59 107 -30.1838
60 107 -31.3375
61 107 -32.0973
62 107 -33.1411
63 107 -34.5038
64 107 -34.5038
65 107 -34.5038
66 107 -34.5038
67 107 -34.5038
68 107 -34.5038
69 107 -34.5038
70 107 -34.5038
71 107 -34.5038
72 107 -34.5038
73 107 -34.5038
74 107 -34.5038
75 107 -34.5038
76 107 -34.5038
77 107 -34.5038
78 107 -34.5038
79 107 -34.5038
80 107 -34.5038
81 107 -34.5038
82 107 -34.5038
83 107 -34.5038
84 107 -34.5038
85 107 -34.5038
86 107 -34.5038
87 107 -34.5038
88 107 -34.5038
89 107 -34.5038
90 107 -34.5038
91 107 -34.5038
92 107 -34.5038
93 107 -34.5038
94 107 -34.5038
95 107 -34.5038
96 107 -34.5038
97 107 -34.5038
98 107 -34.5038
99 107 -34.5038
100 107 -34.5038
101 107 -34.5038
102 107 -34.5038
103 107 -34.5038
104 107 -34.5038
105 107 -34.5038
106 107 -34.5038
107 107 -34.5038
108 107 -34.5038
109 107 -34.5038
110 107 -34.5038
111 107 -34.5038
112 107 -34.5038
113 107 -34.5038
114 107 -34.5038
115 107 -34.5038
116 107 -34.5038
117 107 -34.5038
118 107 -34.5038
119 107 -34.5038
0 108 -34.5038
1 108 -34.5038
2 108 -34.5038
3 108 -34.5038
4 108 -34.5038
5 108 -34.5038
6 108 -34.5038
7 108 -34.5038
8 108 -34.5038
9 108 -34.5038
10 108 -34.5038
11 108 -34.5038
12 108 -34.5038
13 108 -34.5038
14 108 -34.5038
15 108 -34.5038
16 108 -34.5038
17 108 -34.5038
18 108 -34.5038
19 108 -34.5038
20 108 -34.5038
21 108 -34.5038
22 108 -34.5038
23 108 -34.5038
24 108 -34.5038
25 108 -34.5038
26 108 -34.5038
27 108 -34.5038
28 108 -34.5038
29 108 -34.5038
30 108 -34.5038
31 108 -34.5038
32 108 -34.5038
33 108 -34.5038
34 108 -34.5038
35 108 -34.5038
36 108 -34.5038
37 108 -34.5038
38 108 -34.5038
39 108 -34.5038
40 108 -34.5038
41 108 -34.5038
42 108 -34.5038
43 108 -34.5038
44 108 -34.5038
45 108 -34.5038
46 108 -34.5038
47 108 -34.5038
48 108 -34.5038
49 108 -34.5038
50 108 -34.5038
51 108 -34.5038
52 108 -34.5038
53 108 -34.5038
54 108 -34.5038
55 108 -34.5038
56 108 -34.5038
57 108 -34.5038
58 108 -34.5038
59 108 -31.4815
60 108 -31.4001
61 108 -32.3058
62 108 -34.5038
63 108 -34.5038
64 108 -34.5038
65 108 -34.5038
66 108 -34.5038
67 108 -34.5038
68 108 -34.5038
69 108 -34.5038
70 108 -34.5038
71 108 -34.5038
72 108 -34.5038
73 108 -34.5038
74 108 -34.5038
75 108 -34.5038
76 108 -34.5038
77 108 -34.5038
78 108 -34.5038
79 108 -34.5038
80 108 -34.5038
81 108 -34.5038
82 108 -34.5038
83 108 -34.5038
84 108 -34.5038
85 108 -34.5038
86 108 -34.5038
87 108 -34.5038
88 108 -34.5038
89 108 -34.5038
90 108 -34.5038
91 108 -34.5038
92 108 -34.5038
93 108 -34.5038
94 108 -34.5038
95 108 -34.5038
96 108 -34.5038
97 108 -34.5038
98 108 -34.5038
99 108 -34.5038
100 108 -34.5038
101 108 -34.5038
102 108 -34.5038
103 108 -34.5038
104 108 -34.5038
105 108 -34.5038
106 108 -34.5038
107 108 -34.5038
108 108 -34.5038
109 108 -34.5038
110 108 -34.5038
111 108 -34.5038
112 108 -34.5038
113 108 -34.5038
114 108 -34.5038
115 108 -34.5038
116 108 -34.5038
117 108 -34.5038
118 108 -34.5038
119 108 -34.5038
0 109 -34.5038
1 109 -34.5038
2 109 -34.5038
3 109 -34.5038
4 109 -34.5038
5 109 -34.5038
6 109 -34.5038
7 109 -34.5038
8 109 -34.5038
9 109 -34.5038
10 109 -34.5038
11 109 -34.5038
12 109 -34.5038
13 109 -34.5038
14 109 -34.5038
15 109 -34.5038
16 109 -34.5038
17 109 -34.5038
18 109 -34.5038
19 109 -34.5038
20 109 -34.5038
21 109 -34.5038
22 109 -34.5038
23 109 -34.5038
24 109 -34.5038
25 109 -34.5038
26 109 -34.5038
27 109 -34.5038
28 109 -34.5038
29 109 -34.5038
30 109 -34.5038
31 109 -34.5038
32 109 -34.5038
33 109 -34.5038
34 109 -34.5038
35 109 -34.5038
36 109 -34.5038
37 109 -34.5038
38 109 -34.5038
39 109 -34.5038
40 109 -34.5038
41 109 -34.5038
42 109 -34.5038
43 109 -34.5038
44 109 -34.5038
45 109 -34.5038
46 109 -34.5038
47 109 -34.5038
48 109 -34.5038
49 109 -34.5038
50 109 -34.5038
51 109 -34.5038
52 109 -34.5038
53 109 -34.5038
54 109 -34.5038
55 109 -34.5038
56 109 -34.5038
57 109 -34.5038
58 109 -34.5038
59 109 -34.5038
60 109 -34.5038
61 109 -34.5038
62 109 -34.5038
63 109 -34.5038
64 109 -34.5038
65 109 -34.5038
66 109 -34.5038
67 109 -34.5038
68 109 -34.5038
69 109 -34.5038
70 109 -34.5038
71 109 -34.5038
72 109 -34.5038
73 109 -34.5038
74 109 -34.5038
75 109 -34.5038
76 109 -34.5038
77 109 -34.5038
78 109 -34.5038
79 109 -34.5038
80 109 -34.5038
81 109 -34.5038
82 109 -34.5038
83 109 -34.5038
84 109 -34.5038
85 109 -34.5038
86 109 -34.5038
87 109 -34.5038
88 109 -34.5038
89 109 -34.5038
90 109 -34.5038
91 109 -34.5038
92 109 -34.5038
93 109 -34.5038
94 109 -34.5038
95 109 -34.5038
96 109 -34.5038
97 109 -34.5038
98 109 -34.5038
99 109 -34.5038
100 109 -34.5038
101 109 -34.5038
102 109 -34.5038
103 109 -34.5038
104 109 -34.5038
105 109 -34.5038
106 109 -34.5038
107 109 -34.5038
108 109 -34.5038
109 109 -34.5038
110 109 -34.5038
111 109 -34.5038
112 109 -34.5038
113 109 -34.5038
114 109 -34.5038
115 109 -34.5038
116 109 -34.5038
117 109 -34.5038
118 109 -34.5038
119 109 -34.5038
0 110 -34.5038
1 110 -34.5038
2 110 -34.5038
3 110 -34.5038
4 110 -34.5038
5 110 -34.5038
6 110 -34.5038
7 110 -34.5038
8 110 -34.5038
9 110 -34.5038
10 110 -34.5038
11 110 -34.5038
12 110 -34.5038
13 110 -34.5038
14 110 -34.5038
15 110 -34.5038
16 110 -34.5038
17 110 -34.5038
18 110 -34.5038
19 110 -34.5038
20 110 -34.5038
21 110 -34.5038
22 110 -34.5038
23 110 -34.5038
24 110 -34.5038
25 110 -34.5038
26 110 -34.5038
27 110 -34.5038
28 110 -34.5038
29 110 -34.5038
30 110 -34.5038
31 110 -34.5038
32 110 -34.5038
33 110 -34.5038
34 110 -34.5038
35 110 -34.5038
36 110 -34.5038
37 110 -34.5038
38 110 -34.5038
39 110 -34.5038
40 110 -34.5038
41 110 -34.5038
42 110 -34.5038
43 110 -34.5038
44 110 -34.5038
45 110 -34.5038
46 110 -34.5038
47 110 -34.5038
48 110 -34.5038
49 110 -34.5038
50 110 -34.5038
51 110 -34.5038
52 110 -34.5038
53 110 -34.5038
54 110 -34.5038
55 110 -34.5038
56 110 -34.5038
57 110 -34.5038
58 110 -34.5038
59 110 -34.5038
60 110 -34.5038
61 110 -34.5038
62 110 -34.5038
63 110 -34.5038
64 110 -34.5038
65 110 -34.5038
66 110 -34.5038
67 110 -34.5038
68 110 -34.5038
69 110 -34.5038
70 110 -34.5038
71 110 -34.5038
72 110 -34.5038
73 110 -34.5038
74 110 -34.5038
75 110 -34.5038
76 110 -34.5038
77 110 -34.5038
78 110 -34.5038
79 110 -34.5038
80 110 -34.5038
81 110 -34.5038
82 110 -34.5038
83 110 -34.5038
84 110 -34.5038
85 110 -34.5038
86 110 -34.5038
87 110 -34.5038
88 110 -34.5038
89 110 -34.5038
90 110 -34.5038
91 110 -34.5038
92 110 -34.5038
93 110 -34.5038
94 110 -34.5038
95 110 -34.5038
96 110 -34.5038
97 110 -34.5038
98 110 -34.5038
99 110 -34.5038
100 110 -34.5038
101 110 -34.5038
102 110 -34.5038
103 110 -34.5038
104 110 -34.5038
105 110 -34.5038
106 110 -34.5038
107 110 -34.5038
108 110 -34.5038
109 110 -34.5038
110 110 -34.5038
111 110 -34.5038
112 110 -34.5038
113 110 -34.5038
114 110 -34.5038
115 110 -34.5038
116 110 -34.5038
117 110 -34.5038
118 110 -34.5038
119 110 -34.5038
0 111 -34.5038
1 111 -34.5038
2 111 -34.5038
3 111 -34.5038
4 111 -34.5038
5 111 -34.5038
6 111 -34.5038
7 111 -34.5038
8 111 -34.5038
9 111 -34.5038
10 111 -34.5038
11 111 -34.5038
12 111 -34.5038
13 111 -34.5038
14 111 -34.5038
15 111 -34.5038
16 111 -34.5038
17 111 -34.5038
18 111 -34.5038
19 111 -34.5038
20 111 -34.5038
21 111 -34.5038
22 111 -34.5038
23 111 -34.5038
24 111 -34.5038
25 111 -34.5038
26 111 -34.5038
27 111 -34.5038
28 111 -34.5038
29 111 -34.5038
30 111 -34.5038
31 111 -34.5038
32 111 -34.5038
33 111 -34.5038
34 111 -34.5038
35 111 -34.5038
36 111 -34.5038
37 111 -34.5038
38 111 -34.5038
39 111 -34.5038
40 111 -34.5038
41 111 -34.5038
42 111 -34.5038
43 111 -34.5038
44 111 -34.5038
45 111 -34.5038
46 111 -34.5038
47 111 -34.5038
48 111 -34.5038
49 111 -34.5038
50 111 -34.5038
51 111 -34.5038
52 111 -34.5038
53 111 -34.5038
54 111 -34.5038
55 111 -34.5038
56 111 -34.5038
57 111 -34.5038
58 111 -34.5038
59 111 -34.5038
60 111 -34.5038
61 111 -34.5038
62 111 -34.5038
63 111 -34.5038
64 111 -34.5038
65 111 -34.5038
66 111 -34.5038
67 111 -34.5038
68 111 -34.5038
69 111 -34.5038
70 111 -34.5038
71 111 -34.5038
72 111 -34.5038
73 111 -34.5038
74 111 -34.5038
75 111 -34.5038
76 111 -34.5038
77 111 -34.5038
78 111 -34.5038
79 111 -34.5038
80 111 -34.5038
81 111 -34.5038
82 111 -34.5038
83 111 -34.5038
84 111 -34.5038
85 111 -34.5038
86 111 -34.5038
87 111 -34.5038
88 111 -34.5038
89 111 -34.5038
90 111 -34.5038
91 111 -34.5038
92 111 -34.5038
93 111 -34.5038
94 111 -34.5038
95 111 -34.5038
96 111 -34.5038
97 111 -34.5038
98 111 -34.5038
99 111 -34.5038
100 111 -34.5038
101 111 -34.5038
102 111 -34.5038
103 111 -34.5038
104 111 -34.5038
105 111 -34.5038
106 111 -34.5038
107 111 -34.5038
108 111 -34.5038
109 111 -34.5038
110 111 -34.5038
111 111 -34.5038
112 111 -34.5038
113 111 -34.5038
114 111 -34.5038
115 111 -34.5038
116 111 -34.5038
117 111 -34.5038
118 111 -34.5038
119 111 -34.5038
0 112 -34.5038
1 112 -34.5038
2 112 -34.5038
3 112 -34.5038
4 112 -34.5038
5 112 -34.5038
6 112 -34.5038
7 112 -34.5038
8 112 -34.5038
9 112 -34.5038
10 112 -34.5038
11 112 -34.5038
12 112 -34.5038
13 112 -34.5038
14 112 -34.5038
15 112 -34.5038
16 112 -34.5038
17 112 -34.5038
18 112 -34.5038
19 112 -34.5038
20 112 -34.5038
21 112 -34.5038
22 112 -34.5038
23 112 -34.5038
24 112 -34.5038
25 112 -34.5038
26 112 -34.5038
27 112 -34.5038
28 112 -34.5038
29 112 -34.5038
30 112 -34.5038
31 112 -34.5038
32 112 -34.5038
33 112 -34.5038
34 112 -34.5038
35 112 -34.5038
36 112 -34.5038
37 112 -34.5038
38 112 -34.5038
39 112 -34.5038
40 112 -34.5038
41 112 -34.5038
42 112 -34.5038
43 112 -34.5038
44 112 -34.5038
45 112 -34.5038
46 112 -34.5038
47 112 -34.5038
48 112 -34.5038
49 112 -34.5038
50 112 -34.5038
51 112 -34.5038
52 112 -34.5038
53 112 -34.5038
54 112 -34.5038
55 112 -34.5038
56 112 -34.5038
57 112 -34.5038
58 112 -34.5038
59 112 -34.5038
60 112 -34.5038
61 112 -34.5038
62 112 -34.5038
63 112 -34.5038
64 112 -34.5038
65 112 -34.5038
66 112 -34.5038
67 112 -34.5038
68 112 -34.5038
69 112 -34.5038
70 112 -34.5038
71 112 -34.5038
72 112 -34.5038
73 112 -34.5038
74 112 -34.5038
75 112 -34.5038
76 112 -34.5038
77 112 -34.5038
78 112 -34.5038
79 112 -34.5038
80 112 -34.5038
81 112 -34.5038
82 112 -34.5038
83 112 -34.5038
84 112 -34.5038
85 112 -34.5038
86 112 -34.5038
87 112 -34.5038
88 112 -34.5038
89 112 -34.5038
90 112 -34.5038
91 112 -34.5038
92 112 -34.5038
93 112 -34.5038
94 112 -34.5038
95 112 -34.5038
96 112 -34.5038
97 112 -34.5038
98 112 -34.5038
99 112 -34.5038
100 112 -34.5038
101 112 -34.5038
102 112 -34.5038
103 112 -34.5038
104 112 -34.5038
105 112 -34.5038
106 112 -34.5038
107 112 -34.5038
108 112 -34.5038
109 112 -34.5038
110 112 -34.5038
111 112 -34.5038
112 112 -34.5038
113 112 -34.5038
114 112 -34.5038
115 112 -34.5038
116 112 -34.5038
117 112 -34.5038
118 112 -34.5038
119 112 -34.5038
0 113 -34.5038
1 113 -34.5038
2 113 -34.5038
3 113 -34.5038
4 113 -34.5038
5 113 -34.5038
6 113 -34.5038
7 113 -34.5038
8 113 -34.5038
9 113 -34.5038
10 113 -34.5038
11 113 -34.5038
12 113 -34.5038
13 113 -34.5038
14 113 -34.5038
15 113 -34.5038
16 113 -34.5038
17 113 -34.5038
18 113 -34.5038
19 113 -34.5038
20 113 -34.5038
21 113 -34.5038
22 113 -34.5038
23 113 -34.5038
24 113 -34.5038
25 113 -34.5038
26 113 -34.5038
27 113 -34.5038
28 113 -34.5038
29 113 -34.5038
30 113 -34.5038
31 113 -34.5038
32 113 -34.5038
33 113 -34.5038
34 113 -34.5038
35 113 -34.5038
36 113 -34.5038
37 113 -34.5038
38 113 -34.5038
39 113 -34.5038
40 113 -34.5038
41 113 -34.5038
42 113 -34.5038
43 113 -34.5038
44 113 -34.5038
45 113 -34.5038
46 113 -34.5038
47 113 -34.5038
48 113 -34.5038
49 113 -34.5038
50 113 -34.5038
51 113 -34.5038
52 113 -34.5038
53 113 -34.5038
54 113 -34.5038
55 113 -34.5038
56 113 -34.5038
57 113 -34.5038
58 113 -34.5038
59 113 -34.5038
60 113 -34.5038
61 113 -34.5038
62 113 -34.5038
63 113 -34.5038
64 113 -34.5038
65 113 -34.5038
66 113 -34.5038
67 113 -34.5038
68 113 -34.5038
69 113 -34.5038
70 113 -34.5038
71 113 -34.5038
72 113 -34.5038
73 113 -34.5038
74 113 -34.5038
75 113 -34.5038
76 113 -34.5038
77 113 -34.5038
78 113 -34.5038
79 113 -34.5038
80 113 -34.5038
81 113 -34.5038
82 113 -34.5038
83 113 -34.5038
84 113 -34.5038
85 113 -34.5038
86 113 -34.5038
87 113 -34.5038
88 113 -34.5038
89 113 -34.5038
90 113 -34.5038
91 113 -34.5038
92 113 -34.5038
93 113 -34.5038
94 113 -34.5038
95 113 -34.5038
96 113 -34.5038
97 113 -34.5038
98 113 -34.5038
99 113 -34.5038
100 113 -34.5038
101 113 -34.5038
102 113 -34.5038
103 113 -34.5038
104 113 -34.5038
105 113 -34.5038
106 113 -34.5038
107 113 -34.5038
108 113 -34.5038
109 113 -34.5038
110 113 -34.5038
111 113 -34.5038
112 113 -34.5038
113 113 -34.5038
114 113 -34.5038
115 113 -34.5038
116 113 -34.5038
117 113 -34.5038
118 113 -34.5038
119 113 -34.5038
0 114 -34.5038
1 114 -34.5038
2 114 -34.5038
3 114 -34.5038
4 114 -34.5038
5 114 -34.5038
6 114 -34.5038
7 114 -34.5038
8 114 -34.5038
9 114 -34.5038
10 114 -34.5038
11 114 -34.5038
12 114 -34.5038
13 114 -34.5038
14 114 -34.5038
15 114 -34.5038
16 114 -34.5038
17 114 -34.5038
18 114 -34.5038
19 114 -34.5038
20 114 -34.5038
21 114 -34.5038
22 114 -34.5038
23 114 -34.5038
24 114 -34.5038
25 114 -34.5038
26 114 -34.5038
27 114 -34.5038
28 114 -34.5038
29 114 -34.5038
30 114 -34.5038
31 114 -34.5038
32 114 -34.5038
33 114 -34.5038
34 114 -34.5038
35 114 -34.5038
36 114 -34.5038
37 114 -34.5038
38 114 -34.5038
39 114 -34.5038
40 114 -34.5038
41 114 -34.5038
42 114 -34.5038
43 114 -34.5038
44 114 -34.5038
45 114 -34.5038
46 114 -34.5038
47 114 -34.5038
48 114 -34.5038
49 114 -34.5038
50 114 -34.5038
51 114 -34.5038
52 114 -34.5038
53 114 -34.5038
54 114 -34.5038
55 114 -34.5038
56 114 -34.5038
57 114 -34.5038
58 114 -34.5038
59 114 -34.5038
60 114 -34.5038
61 114 -34.5038
62 114 -34.5038
63 114 -34.5038
64 114 -34.5038
65 114 -34.5038
66 114 -34.5038
67 114 -34.5038
68 114 -34.5038
69 114 -34.5038
70 114 -34.5038
71 114 -34.5038
72 114 -34.5038
73 114 -34.5038
74 114 -34.5038
75 114 -34.5038
76 114 -34.5038
77 114 -34.5038
78 114 -34.5038
79 114 -34.5038
80 114 -34.5038
81 114 -34.5038
82 114 -34.5038
83 114 -34.5038
84 114 -34.5038
85 114 -34.5038
86 114 -34.5038
87 114 -34.5038
88 114 -34.5038
89 114 -34.5038
90 114 -34.5038
91 114 -34.5038
92 114 -34.5038
93 114 -34.5038
94 114 -34.5038
95 114 -34.5038
96 114 -34.5038
97 114 -34.5038
98 114 -34.5038
99 114 -34.5038
100 114 -34.5038
101 114 -34.5038
102 114 -34.5038
103 114 -34.5038
104 114 -34.5038
105 114 -34.5038
106 114 -34.5038
107 114 -34.5038
108 114 -34.5038
109 114 -34.5038
110 114 -34.5038
111 114 -34.5038
112 114 -34.5038
113 114 -34.5038
114 114 -34.5038
115 114 -34.5038
116 114 -34.5038
117 114 -34.5038
118 114 -34.5038
119 114 -34.5038
0 115 -34.5038
1 115 -34.5038
2 115 -34.5038
3 115 -34.5038
4 115 -34.5038
5 115 -34.5038
6 115 -34.5038
7 115 -34.5038
8 115 -34.5038
9 115 -34.5038
10 115 -34.5038
11 115 -34.5038
12 115 -34.5038
13 115 -34.5038
14 115 -34.5038
15 115 -34.5038
16 115 -34.5038
17 115 -34.5038
18 115 -34.5038
19 115 -34.5038
20 115 -34.5038
21 115 -34.5038
22 115 -34.5038
23 115 -34.5038
24 115 -34.5038
25 115 -34.5038
26 115 -34.5038
27 115 -34.5038
28 115 -34.5038
29 115 -34.5038
30 115 -34.5038
31 115 -34.5038
32 115 -34.5038
33 115 -34.5038
34 115 -34.5038
35 115 -34.5038
36 115 -34.5038
37 115 -34.5038
38 115 -34.5038
39 115 -34.5038
40 115 -34.5038
41 115 -34.5038
42 115 -34.5038
43 115 -34.5038
44 115 -34.5038
45 115 -34.5038
46 115 -34.5038
47 115 -34.5038
48 115 -34.5038
49 115 -34.5038
50 115 -34.5038
51 115 -34.5038
52 115 -34.5038
53 115 -34.5038
54 115 -34.5038
55 115 -34.5038
56 115 -34.5038
57 115 -34.5038
58 115 -34.5038
59 115 -34.5038
60 115 -34.5038
61 115 -34.5038
62 115 -34.5038
63 115 -34.5038
64 115 -34.5038
65 115 -34.5038
66 115 -34.5038
67 115 -34.5038
68 115 -34.5038
69 115 -34.5038
70 115 -34.5038
71 115 -34.5038
72 115 -34.5038
73 115 -34.5038
74 115 -34.5038
75 115 -34.5038
76 115 -34.5038
77 115 -34.5038
78 115 -34.5038
79 115 -34.5038
80 115 -34.5038
81 115 -34.5038
82 115 -34.5038
83 115 -34.5038
84 115 -34.5038
85 115 -34.5038
86 115 -34.5038
87 115 -34.5038
88 115 -34.5038
89 115 -34.5038
90 115 -34.5038
91 115 -34.5038
92 115 -34.5038
93 115 -34.5038
94 115 -34.5038
95 115 -34.5038
96 115 -34.5038
97 115 -34.5038
98 115 -34.5038
99 115 -34.5038
100 115 -34.5038
101 115 -34.5038
102 115 -34.5038
103 115 -34.5038
104 115 -34.5038
105 115 -34.5038
106 115 -34.5038
107 115 -34.5038
108 115 -34.5038
109 115 -34.5038
110 115 -34.5038
111 115 -34.5038
112 115 -34.5038
113 115 -34.5038
114 115 -34.5038
115 115 -34.5038
116 115 -34.5038
117 115 -34.5038
118 115 -34.5038
119 115 -34.5038
0 116 -34.5038
1 116 -34.5038
2 116 -34.5038
3 116 -34.5038
4 116 -34.5038
5 116 -34.5038
6 116 -34.5038
7 116 -34.5038
8 116 -34.5038
9 116 -34.5038
10 116 -34.5038
11 116 -34.5038
12 116 -34.5038
13 116 -34.5038
14 116 -34.5038
15 116 -34.5038
16 116 -34.5038
17 116 -34.5038
18 116 -34.5038
19 116 -34.5038
20 116 -34.5038
21 116 -34.5038
22 116 -34.5038
23 116 -34.5038
24 116 -34.5038
25 116 -34.5038
26 116 -34.5038
27 116 -34.5038
28 116 -34.5038
29 116 -34.5038
30 116 -34.5038
31 116 -34.5038
32 116 -34.5038
33 116 -34.5038
34 116 -34.5038
35 116 -34.5038
36 116 -34.5038
37 116 -34.5038
38 116 -34.5038
39 116 -34.5038
40 116 -34.5038
41 116 -34.5038
42 116 -34.5038
43 116 -34.5038
44 116 -34.5038
45 116 -34.5038
46 116 -34.5038
47 116 -34.5038
48 116 -34.5038
49 116 -34.5038
50 116 -34.5038
51 116 -34.5038
52 116 -34.5038
53 116 -34.5038
54 116 -34.5038
55 116 -34.5038
56 116 -34.5038
57 116 -34.5038
58 116 -34.5038
59 116 -34.5038
60 116 -34.5038
61 116 -34.5038
62 116 -34.5038
63 116 -34.5038
64 116 -34.5038
65 116 -34.5038
66 116 -34.5038
67 116 -34.5038
68 116 -34.5038
69 116 -34.5038
70 116 -34.5038
71 116 -34.5038
72 116 -34.5038
73 116 -34.5038
74 116 -34.5038
75 116 -34.5038
76 116 -34.5038
77 116 -34.5038
78 116 -34.5038
79 116 -34.5038
80 116 -34.5038
81 116 -34.5038
82 116 -34.5038
83 116 -34.5038
84 116 -34.5038
85 116 -34.5038
86 116 -34.5038
87 116 -34.5038
88 116 -34.5038
89 116 -34.5038
90 116 -34.5038
91 116 -34.5038
92 116 -34.5038
93 116 -34.5038
94 116 -34.5038
95 116 -34.5038
96 116 -34.5038
97 116 -34.5038
98 116 -34.5038
99 116 -34.5038
100 116 -34.5038
101 116 -34.5038
102 116 -34.5038
103 116 -34.5038
104 116 -34.5038
105 116 -34.5038
106 116 -34.5038
107 116 -34.5038
108 116 -34.5038
109 116 -34.5038
110 116 -34.5038
111 116 -34.5038
112 116 -34.5038
113 116 -34.5038
114 116 -34.5038
115 116 -34.5038
116 116 -34.5038
117 116 -34.5038
118 116 -34.5038
119 116 -34.5038
0 117 -34.5038
1 117 -34.5038
2 117 -34.5038
3 117 -34.5038
4 117 -34.5038
5 117 -34.5038
6 117 -34.5038
7 117 -34.5038
8 117 -34.5038
9 117 -34.5038
10 117 -34.5038
11 117 -34.5038
12 117 -34.5038
13 117 -34.5038
14 117 -34.5038
15 117 -34.5038
16 117 -34.5038
17 117 -34.5038
18 117 -34.5038
19 117 -34.5038
20 117 -34.5038
21 117 -34.5038
22 117 -34.5038
23 117 -34.5038
24 117 -34.5038
25 117 -34.5038
26 117 -34.5038
27 117 -34.5038
28 117 -34.5038
29 117 -34.5038
30 117 -34.5038
31 117 -34.5038
32 117 -34.5038
33 117 -34.5038
34 117 -34.5038
35 117 -34.5038
36 117 -34.5038
37 117 -34.5038
38 117 -34.5038
39 117 -34.5038
40 117 -34.5038
41 117 -34.5038
42 117 -34.5038
43 117 -34.5038
44 117 -34.5038
45 117 -34.5038
46 117 -34.5038
47 117 -34.5038
48 117 -34.5038
49 117 -34.5038
50 117 -34.5038
51 117 -34.5038
52 117 -34.5038
53 117 -34.5038
54 117 -34.5038
55 117 -34.5038
56 117 -34.5038
57 117 -34.5038
58 117 -34.5038
59 117 -34.5038
60 117 -34.5038
61 117 -34.5038
62 117 -34.5038
63 117 -34.5038
64 117 -34.5038
65 117 -34.5038
66 117 -34.5038
67 117 -34.5038
68 117 -34.5038
69 117 -34.5038
70 117 -34.5038
71 117 -34.5038
72 117 -34.5038
73 117 -34.5038
74 117 -34.5038
75 117 -34.5038
76 117 -34.5038
77 117 -34.5038
78 117 -34.5038
79 117 -34.5038
80 117 -34.5038
81 117 -34.5038
82 117 -34.5038
83 117 -34.5038
84 117 -34.5038
85 117 -34.5038
86 117 -34.5038
87 117 -34.5038
88 117 -34.5038
89 117 -34.5038
90 117 -34.5038
91 117 -34.5038
92 117 -34.5038
93 117 -34.5038
94 117 -34.5038
95 117 -34.5038
96 117 -34.5038
97 117 -34.5038
98 117 -34.5038
99 117 -34.5038
100 117 -34.5038
101 117 -34.5038
102 117 -34.5038
103 117 -34.5038
104 117 -34.5038
105 117 -34.5038
106 117 -34.5038
107 117 -34.5038
108 117 -34.5038
109 117 -34.5038
110 117 -34.5038
111 117 -34.5038
112 117 -34.5038
113 117 -34.5038
114 117 -34.5038
115 117 -34.5038
116 117 -34.5038
117 117 -34.5038
118 117 -34.5038
119 117 -34.5038
0 118 -34.5038
1 118 -34.5038
2 118 -34.5038
3 118 -34.5038
4 118 -34.5038
5 118 -34.5038
6 118 -34.5038
7 118 -34.5038
8 118 -34.5038
9 118 -34.5038
10 118 -34.5038
11 118 -34.5038
12 118 -34.5038
13 118 -34.5038
14 118 -34.5038
15 118 -34.5038
16 118 -34.5038
17 118 -34.5038
18 118 -34.5038
19 118 -34.5038
20 118 -34.5038
21 118 -34.5038
22 118 -34.5038
23 118 -34.5038
24 118 -34.5038
25 118 -34.5038
26 118 -34.5038
27 118 -34.5038
28 118 -34.5038
29 118 -34.5038
30 118 -34.5038
31 118 -34.5038
32 118 -34.5038
33 118 -34.5038
34 118 -34.5038
35 118 -34.5038
36 118 -34.5038
37 118 -34.5038
38 118 -34.5038
39 118 -34.5038
40 118 -34.5038
41 118 -34.5038
42 118 -34.5038
43 118 -34.5038
44 118 -34.5038
45 118 -34.5038
46 118 -34.5038
47 118 -34.5038
48 118 -34.5038
49 118 -34.5038
50 118 -34.5038
51 118 -34.5038
52 118 -34.5038
53 118 -34.5038
54 118 -34.5038
55 118 -34.5038
56 118 -34.5038
57 118 -34.5038
58 118 -34.5038
59 118 -34.5038
60 118 -34.5038
61 118 -34.5038
62 118 -34.5038
63 118 -34.5038
64 118 -34.5038
65 118 -34.5038
66 118 -34.5038
67 118 -34.5038
68 118 -34.5038
69 118 -34.5038
70 118 -34.5038
71 118 -34.5038
72 118 -34.5038
73 118 -34.5038
74 118 -34.5038
75 118 -34.5038
76 118 -34.5038
77 118 -34.5038
78 118 -34.5038
79 118 -34.5038
80 118 -34.5038
81 118 -34.5038
82 118 -34.5038
83 118 -34.5038
84 118 -34.5038
85 118 -34.5038
86 118 -34.5038
87 118 -34.5038
88 118 -34.5038
89 118 -34.5038
90 118 -34.5038
91 118 -34.5038
92 118 -34.5038
93 118 -34.5038
94 118 -34.5038
95 118 -34.5038
96 118 -34.5038
97 118 -34.5038
98 118 -34.5038
99 118 -34.5038
100 118 -34.5038
101 118 -34.5038
102 118 -34.5038
103 118 -34.5038
104 118 -34.5038
105 118 -34.5038
106 118 -34.5038
107 118 -34.5038
108 118 -34.5038
109 118 -34.5038
110 118 -34.5038
111 118 -34.5038
112 118 -34.5038
113 118 -34.5038
114 118 -34.5038
115 118 -34.5038
116 118 -34.5038
117 118 -34.5038
118 118 -34.5038
119 118 -34.5038
0 119 -34.5038
1 119 -34.5038
2 119 -34.5038
3 119 -34.5038
4 119 -34.5038
5 119 -34.5038
6 119 -34.5038
7 119 -34.5038
8 119 -34.5038
9 119 -34.5038
10 119 -34.5038
11 119 -34.5038
12 119 -34.5038
13 119 -34.5038
14 119 -34.5038
15 119 -34.5038
16 119 -34.5038
17 119 -34.5038
18 119 -34.5038
19 119 -34.5038
20 119 -34.5038
21 119 -34.5038
22 119 -34.5038
23 119 -34.5038
24 119 -34.5038
25 119 -34.5038
26 119 -34.5038
27 119 -34.5038
28 119 -34.5038
29 119 -34.5038
30 119 -34.5038
31 119 -34.5038
32 119 -34.5038
33 119 -34.5038
34 119 -34.5038
35 119 -34.5038
36 119 -34.5038
37 119 -34.5038
38 119 -34.5038
39 119 -34.5038
40 119 -34.5038
41 119 -34.5038
42 119 -34.5038
43 119 -34.5038
44 119 -34.5038
45 119 -34.5038
46 119 -34.5038
47 119 -34.5038
48 119 -34.5038
49 119 -34.5038
50 119 -34.5038
51 119 -34.5038
52 119 -34.5038
53 119 -34.5038
54 119 -34.5038
55 119 -34.5038
56 119 -34.5038
57 119 -34.5038
58 119 -34.5038
59 119 -34.5038
60 119 -34.5038
61 119 -34.5038
62 119 -34.5038
63 119 -34.5038
64 119 -34.5038
65 119 -34.5038
66 119 -34.5038
67 119 -34.5038
68 119 -34.5038
69 119 -34.5038
70 119 -34.5038
71 119 -34.5038
72 119 -34.5038
73 119 -34.5038
74 119 -34.5038
75 119 -34.5038
76 119 -34.5038
77 119 -34.5038
78 119 -34.5038
79 119 -34.5038
80 119 -34.5038
81 119 -34.5038
82 119 -34.5038
83 119 -34.5038
84 119 -34.5038
85 119 -34.5038
86 119 -34.5038
87 119 -34.5038
88 119 -34.5038
89 119 -34.5038
90 119 -34.5038
91 119 -34.5038
92 119 -34.5038
93 119 -34.5038
94 119 -34.5038
95 119 -34.5038
96 119 -34.5038
97 119 -34.5038
98 119 -34.5038
99 119 -34.5038
100 119 -34.5038
101 119 -34.5038
102 119 -34.5038
103 119 -34.5038
104 119 -34.5038
105 119 -34.5038
106 119 -34.5038
107 119 -34.5038
108 119 -34.5038
109 119 -34.5038
110 119 -34.5038
111 119 -34.5038
112 119 -34.5038
113 119 -34.5038
114 119 -34.5038
115 119 -34.5038
116 119 -34.5038
117 119 -34.5038
118 119 -34.5038
119 119 -34.5038
