ply
format ascii 1.0
comment Created by Open3D
element vertex 57600
property double x
property double y
property double z
end_header
0 0 -9.35257
1 0 -9.35257
2 0 -9.35257
3 0 -9.35257
4 0 -9.35257
5 0 -9.35257
6 0 -9.35257
7 0 -9.35257
8 0 -9.35257
9 0 -9.35257
10 0 -9.35257
11 0 -9.35257
12 0 -9.35257
13 0 -9.35257
14 0 -9.35257
15 0 -9.35257
16 0 -9.35257
17 0 -9.35257
18 0 -9.35257
19 0 -9.35257
20 0 -9.35257
21 0 -9.35257
22 0 -9.35257
23 0 -9.35257
24 0 -9.35257
25 0 -9.35257
26 0 -9.35257
27 0 -9.35257
28 0 -9.35257
29 0 -9.35257
30 0 -9.35257
31 0 -9.35257
32 0 -9.35257
33 0 -9.35257
34 0 -9.35257
35 0 -9.35257
36 0 -9.35257
37 0 -9.35257
38 0 -9.35257
39 0 -9.35257
40 0 -9.35257
41 0 -9.35257
42 0 -9.35257
43 0 -9.35257
44 0 -9.35257
45 0 -9.35257
46 0 -9.35257
47 0 -9.35257
48 0 -9.35257
49 0 -9.35257
50 0 -9.35257
51 0 -9.35257
52 0 -9.35257
53 0 -9.35257
54 0 -9.35257
55 0 -9.35257
56 0 -9.35257
57 0 -9.35257
58 0 -9.35257
59 0 -9.35257
60 0 -9.35257
61 0 -9.35257
62 0 -9.35257
63 0 -9.35257
64 0 -9.35257
65 0 -9.35257
66 0 -9.35257
67 0 -9.35257
68 0 -9.35257
69 0 -9.35257
70 0 -9.35257
71 0 -9.35257
72 0 -9.35257
73 0 -9.35257
74 0 -9.35257
75 0 -9.35257
76 0 -9.35257
77 0 -9.35257
78 0 -9.35257
79 0 -9.35257
80 0 -9.35257
81 0 -9.35257
82 0 -9.35257
83 0 -9.35257
84 0 -9.35257
85 0 -9.35257
86 0 -9.35257
87 0 -9.35257
88 0 -9.35257
89 0 -9.35257
90 0 -9.35257
91 0 -9.35257
92 0 -9.35257
93 0 -9.35257
94 0 -9.35257
95 0 -9.35257
96 0 -9.35257
97 0 -9.35257
98 0 -9.35257
99 0 -9.35257
100 0 -9.35257
101 0 -9.35257
102 0 -9.35257
103 0 -9.35257
104 0 -9.35257
105 0 -9.35257
106 0 -9.35257
107 0 -9.35257
108 0 -9.35257
109 0 -9.35257
110 0 -9.35257
111 0 -9.35257
112 0 -9.35257
113 0 -9.35257
114 0 -9.35257
115 0 -9.35257
116 0 -9.35257
117 0 -9.35257
118 0 -9.35257
119 0 -9.35257
120 0 -9.35257
121 0 -9.35257
122 0 -9.35257
123 0 -9.35257
124 0 -9.35257
125 0 -9.35257
126 0 -9.35257
127 0 -9.35257
128 0 -9.35257
129 0 -9.35257
130 0 -9.35257
131 0 -9.35257
132 0 -9.35257
133 0 -9.35257
134 0 -9.35257
135 0 -9.35257
136 0 -9.35257
137 0 -9.35257
138 0 -9.35257
139 0 -9.35257
140 0 -9.35257
141 0 -9.35257
142 0 -9.35257
143 0 -9.35257
144 0 -9.35257
145 0 -9.35257
146 0 -9.35257
147 0 -9.35257
148 0 -9.35257
149 0 -9.35257
150 0 -9.35257
151 0 -9.35257
152 0 -9.35257
153 0 -9.35257
154 0 -9.35257
155 0 -9.35257
156 0 -9.35257
157 0 -9.35257
158 0 -9.35257
159 0 -9.35257
160 0 -9.35257
161 0 -9.35257
162 0 -9.35257
163 0 -9.35257
164 0 -9.35257
165 0 -9.35257
166 0 -9.35257
167 0 -9.35257
168 0 -9.35257
169 0 -9.35257
170 0 -9.35257
171 0 -9.35257
172 0 -9.35257
173 0 -9.35257
174 0 -9.35257
175 0 -9.35257
176 0 -9.35257
177 0 -9.35257
178 0 -9.35257
179 0 -9.35257
180 0 -9.35257
181 0 -9.35257
182 0 -9.35257
183 0 -9.35257
184 0 -9.35257
185 0 -9.35257
186 0 -9.35257
187 0 -9.35257
188 0 -9.35257
189 0 -9.35257
190 0 -9.35257
191 0 -9.35257
192 0 -9.35257
193 0 -9.35257
194 0 -9.35257
195 0 -9.35257
196 0 -9.35257
197 0 -9.35257
198 0 -9.35257
199 0 -9.35257
200 0 -9.35257
201 0 -9.35257
202 0 -9.35257
203 0 -9.35257
204 0 -9.35257
205 0 -9.35257
206 0 -9.35257
207 0 -9.35257
208 0 -9.35257
209 0 -9.35257
210 0 -9.35257
211 0 -9.35257
212 0 -9.35257
213 0 -9.35257
214 0 -9.35257
215 0 -9.35257
216 0 -9.35257
217 0 -9.35257
218 0 -9.35257
219 0 -9.35257
220 0 -9.35257
221 0 -9.35257
222 0 -9.35257
223 0 -9.35257
224 0 -9.35257
225 0 -9.35257
226 0 -9.35257
227 0 -9.35257
228 0 -9.35257
229 0 -9.35257
230 0 -9.35257
231 0 -9.35257
232 0 -9.35257
233 0 -9.35257
234 0 -9.35257
235 0 -9.35257
236 0 -9.35257
237 0 -9.35257
238 0 -9.35257
239 0 -9.35257
0 1 -9.35257
1 1 -9.35257
2 1 -9.35257
3 1 -9.35257
4 1 -9.35257
5 1 -9.35257
6 1 -9.35257
7 1 -9.35257
8 1 -9.35257
9 1 -9.35257
10 1 -9.35257
11 1 -9.35257
12 1 -9.35257
13 1 -9.35257
14 1 -9.35257
15 1 -9.35257
16 1 -9.35257
17 1 -9.35257
18 1 -9.35257
19 1 -9.35257
20 1 -9.35257
21 1 -9.35257
22 1 -9.35257
23 1 -9.35257
24 1 -9.35257
25 1 -9.35257
26 1 -9.35257
27 1 -9.35257
28 1 -9.35257
29 1 -9.35257
30 1 -9.35257
31 1 -9.35257
32 1 -9.35257
33 1 -9.35257
34 1 -9.35257
35 1 -9.35257
36 1 -9.35257
37 1 -9.35257
38 1 -9.35257
39 1 -9.35257
40 1 -9.35257
41 1 -9.35257
42 1 -9.35257
43 1 -9.35257
44 1 -9.35257
45 1 -9.35257
46 1 -9.35257
47 1 -9.35257
48 1 -9.35257
49 1 -9.35257
50 1 -9.35257
51 1 -9.35257
52 1 -9.35257
53 1 -9.35257
54 1 -9.35257
55 1 -9.35257
56 1 -9.35257
57 1 -9.35257
58 1 -9.35257
59 1 -9.35257
60 1 -9.35257
61 1 -9.35257
62 1 -9.35257
63 1 -9.35257
64 1 -9.35257
65 1 -9.35257
66 1 -9.35257
67 1 -9.35257
68 1 -9.35257
69 1 -9.35257
70 1 -9.35257
71 1 -9.35257
72 1 -9.35257
73 1 -9.35257
74 1 -9.35257
75 1 -9.35257
76 1 -9.35257
77 1 -9.35257
78 1 -9.35257
79 1 -9.35257
80 1 -9.35257
81 1 -9.35257
82 1 -9.35257
83 1 -9.35257
84 1 -9.35257
85 1 -9.35257
86 1 -9.35257
87 1 -9.35257
88 1 -9.35257
89 1 -9.35257
90 1 -9.35257
91 1 -9.35257
92 1 -9.35257
93 1 -9.35257
94 1 -9.35257
95 1 -9.35257
96 1 -9.35257
97 1 -9.35257
98 1 -9.35257
99 1 -9.35257
100 1 -9.35257
101 1 -9.35257
102 1 -9.35257
103 1 -9.35257
104 1 -9.35257
105 1 -9.35257
106 1 -9.35257
107 1 -9.35257
108 1 -9.35257
109 1 -9.35257
110 1 -9.35257
111 1 -9.35257
112 1 -9.35257
113 1 -9.35257
114 1 -9.35257
115 1 -9.35257
116 1 -9.35257
117 1 -9.35257
118 1 -9.35257
119 1 -9.35257
120 1 -9.35257
121 1 -9.35257
122 1 -9.35257
123 1 -9.35257
124 1 -9.35257
125 1 -9.35257
126 1 -9.35257
127 1 -9.35257
128 1 -9.35257
129 1 -9.35257
130 1 -9.35257
131 1 -9.35257
132 1 -9.35257
133 1 -9.35257
134 1 -9.35257
135 1 -9.35257
136 1 -9.35257
137 1 -9.35257
138 1 -9.35257
139 1 -9.35257
140 1 -9.35257
141 1 -9.35257
142 1 -9.35257
143 1 -9.35257
144 1 -9.35257
145 1 -9.35257
146 1 -9.35257
147 1 -9.35257
148 1 -9.35257
149 1 -9.35257
150 1 -9.35257
151 1 -9.35257
152 1 -9.35257
153 1 -9.35257
154 1 -9.35257
155 1 -9.35257
156 1 -9.35257
157 1 -9.35257
158 1 -9.35257
159 1 -9.35257
160 1 -9.35257
161 1 -9.35257
162 1 -9.35257
163 1 -9.35257
164 1 -9.35257
165 1 -9.35257
166 1 -9.35257
167 1 -9.35257
168 1 -9.35257
169 1 -9.35257
170 1 -9.35257
171 1 -9.35257
172 1 -9.35257
173 1 -9.35257
174 1 -9.35257
175 1 -9.35257
176 1 -9.35257
177 1 -9.35257
178 1 -9.35257
179 1 -9.35257
180 1 -9.35257
181 1 -9.35257
182 1 -9.35257
183 1 -9.35257
184 1 -9.35257
185 1 -9.35257
186 1 -9.35257
187 1 -9.35257
188 1 -9.35257
189 1 -9.35257
190 1 -9.35257
191 1 -9.35257
192 1 -9.35257
193 1 -9.35257
194 1 -9.35257
195 1 -9.35257
196 1 -9.35257
197 1 -9.35257
198 1 -9.35257
199 1 -9.35257
200 1 -9.35257
201 1 -9.35257
202 1 -9.35257
203 1 -9.35257
204 1 -9.35257
205 1 -9.35257
206 1 -9.35257
207 1 -9.35257
208 1 -9.35257
209 1 -9.35257
210 1 -9.35257
211 1 -9.35257
212 1 -9.35257
213 1 -9.35257
214 1 -9.35257
215 1 -9.35257
216 1 -9.35257
217 1 -9.35257
218 1 -9.35257
219 1 -9.35257
220 1 -9.35257
221 1 -9.35257
222 1 -9.35257
223 1 -9.35257
224 1 -9.35257
225 1 -9.35257
226 1 -9.35257
227 1 -9.35257
228 1 -9.35257
229 1 -9.35257
230 1 -9.35257
231 1 -9.35257
232 1 -9.35257
233 1 -9.35257
234 1 -9.35257
235 1 -9.35257
236 1 -9.35257
237 1 -9.35257
238 1 -9.35257
239 1 -9.35257
0 2 -9.35257
1 2 -9.35257
2 2 -9.35257
3 2 -9.35257
4 2 -9.35257
5 2 -9.35257
6 2 -9.35257
7 2 -9.35257
8 2 -9.35257
9 2 -9.35257
10 2 -9.35257
11 2 -9.35257
12 2 -9.35257
13 2 -9.35257
14 2 -9.35257
15 2 -9.35257
16 2 -9.35257
17 2 -9.35257
18 2 -9.35257
19 2 -9.35257
20 2 -9.35257
21 2 -9.35257
22 2 -9.35257
23 2 -9.35257
24 2 -9.35257
25 2 -9.35257
26 2 -9.35257
27 2 -9.35257
28 2 -9.35257
29 2 -9.35257
30 2 -9.35257
31 2 -9.35257
32 2 -9.35257
33 2 -9.35257
34 2 -9.35257
35 2 -9.35257
36 2 -9.35257
37 2 -9.35257
38 2 -9.35257
39 2 -9.35257
40 2 -9.35257
41 2 -9.35257
42 2 -9.35257
43 2 -9.35257
44 2 -9.35257
45 2 -9.35257
46 2 -9.35257
47 2 -9.35257
48 2 -9.35257
49 2 -9.35257
50 2 -9.35257
51 2 -9.35257
52 2 -9.35257
53 2 -9.35257
54 2 -9.35257
55 2 -9.35257
56 2 -9.35257
57 2 -9.35257
58 2 -9.35257
59 2 -9.35257
60 2 -9.35257
61 2 -9.35257
62 2 -9.35257
63 2 -9.35257
64 2 -9.35257
65 2 -9.35257
66 2 -9.35257
67 2 -9.35257
68 2 -9.35257
69 2 -9.35257
70 2 -9.35257
71 2 -9.35257
72 2 -9.35257
73 2 -9.35257
74 2 -9.35257
75 2 -9.35257
76 2 -9.35257
77 2 -9.35257
78 2 -9.35257
79 2 -9.35257
80 2 -9.35257
81 2 -9.35257
82 2 -9.35257
83 2 -9.35257
84 2 -9.35257
85 2 -9.35257
86 2 -9.35257
87 2 -9.35257
88 2 -9.35257
89 2 -9.35257
90 2 -9.35257
91 2 -9.35257
92 2 -9.35257
93 2 -9.35257
94 2 -9.35257
95 2 -9.35257
96 2 -9.35257
97 2 -9.35257
98 2 -9.35257
99 2 -9.35257
100 2 -9.35257
101 2 -9.35257
102 2 -9.35257
103 2 -9.35257
104 2 -9.35257
105 2 -9.35257
106 2 -9.35257
107 2 -9.35257
108 2 -9.35257
109 2 -9.35257
110 2 -9.35257
111 2 -9.35257
112 2 -9.35257
113 2 -9.35257
114 2 -9.35257
115 2 -9.35257
116 2 -9.35257
117 2 -9.35257
118 2 -9.35257
119 2 -9.35257
120 2 -9.35257
121 2 -9.35257
122 2 -9.35257
123 2 -9.35257
124 2 -9.35257
125 2 -9.35257
126 2 -9.35257
127 2 -9.35257
128 2 -9.35257
129 2 -9.35257
130 2 -9.35257
131 2 -9.35257
132 2 -9.35257
133 2 -9.35257
134 2 -9.35257
135 2 -9.35257
136 2 -9.35257
137 2 -9.35257
138 2 -9.35257
139 2 -9.35257
140 2 -9.35257
141 2 -9.35257
142 2 -9.35257
143 2 -9.35257
144 2 -9.35257
145 2 -9.35257
146 2 -9.35257
147 2 -9.35257
148 2 -9.35257
149 2 -9.35257
150 2 -9.35257
151 2 -9.35257
152 2 -9.35257
153 2 -9.35257
154 2 -9.35257
155 2 -9.35257
156 2 -9.35257
157 2 -9.35257
158 2 -9.35257
159 2 -9.35257
160 2 -9.35257
161 2 -9.35257
162 2 -9.35257
163 2 -9.35257
164 2 -9.35257
165 2 -9.35257
166 2 -9.35257
167 2 -9.35257
168 2 -9.35257
169 2 -9.35257
170 2 -9.35257
171 2 -9.35257
172 2 -9.35257
173 2 -9.35257
174 2 -9.35257
175 2 -9.35257
176 2 -9.35257
177 2 -9.35257
178 2 -9.35257
179 2 -9.35257
180 2 -9.35257
181 2 -9.35257
182 2 -9.35257
183 2 -9.35257
184 2 -9.35257
185 2 -9.35257
186 2 -9.35257
187 2 -9.35257
188 2 -9.35257
189 2 -9.35257
190 2 -9.35257
191 2 -9.35257
192 2 -9.35257
193 2 -9.35257
194 2 -9.35257
195 2 -9.35257
196 2 -9.35257
197 2 -9.35257
198 2 -9.35257
199 2 -9.35257
200 2 -9.35257
201 2 -9.35257
202 2 -9.35257
203 2 -9.35257
204 2 -9.35257
205 2 -9.35257
206 2 -9.35257
207 2 -9.35257
208 2 -9.35257
209 2 -9.35257
210 2 -9.35257
211 2 -9.35257
212 2 -9.35257
213 2 -9.35257
214 2 -9.35257
215 2 -9.35257
216 2 -9.35257
217 2 -9.35257
218 2 -9.35257
219 2 -9.35257
220 2 -9.35257
221 2 -9.35257
222 2 -9.35257
223 2 -9.35257
224 2 -9.35257
225 2 -9.35257
226 2 -9.35257
227 2 -9.35257
228 2 -9.35257
229 2 -9.35257
230 2 -9.35257
231 2 -9.35257
232 2 -9.35257
233 2 -9.35257
234 2 -9.35257
235 2 -9.35257
236 2 -9.35257
237 2 -9.35257
238 2 -9.35257
239 2 -9.35257
0 3 -9.35257
1 3 -9.35257
2 3 -9.35257
3 3 -9.35257
4 3 -9.35257
5 3 -9.35257
6 3 -9.35257
7 3 -9.35257
8 3 -9.35257
9 3 -9.35257
10 3 -9.35257
11 3 -9.35257
12 3 -9.35257
13 3 -9.35257
14 3 -9.35257
15 3 -9.35257
16 3 -9.35257
17 3 -9.35257
18 3 -9.35257
19 3 -9.35257
20 3 -9.35257
21 3 -9.35257
22 3 -9.35257
23 3 -9.35257
24 3 -9.35257
25 3 -9.35257
26 3 -9.35257
27 3 -9.35257
28 3 -9.35257
29 3 -9.35257
30 3 -9.35257
31 3 -9.35257
32 3 -9.35257
33 3 -9.35257
34 3 -9.35257
35 3 -9.35257
36 3 -9.35257
37 3 -9.35257
38 3 -9.35257
39 3 -9.35257
40 3 -9.35257
41 3 -9.35257
42 3 -9.35257
43 3 -9.35257
44 3 -9.35257
45 3 -9.35257
46 3 -9.35257
47 3 -9.35257
48 3 -9.35257
49 3 -9.35257
50 3 -9.35257
51 3 -9.35257
52 3 -9.35257
53 3 -9.35257
54 3 -9.35257
55 3 -9.35257
56 3 -9.35257
57 3 -9.35257
58 3 -9.35257
59 3 -9.35257
60 3 -9.35257
61 3 -9.35257
62 3 -9.35257
63 3 -9.35257
64 3 -9.35257
65 3 -9.35257
66 3 -9.35257
67 3 -9.35257
68 3 -9.35257
69 3 -9.35257
70 3 -9.35257
71 3 -9.35257
72 3 -9.35257
73 3 -9.35257
74 3 -9.35257
75 3 -9.35257
76 3 -9.35257
77 3 -9.35257
78 3 -9.35257
79 3 -9.35257
80 3 -9.35257
81 3 -9.35257
82 3 -9.35257
83 3 -9.35257
84 3 -9.35257
85 3 -9.35257
86 3 -9.35257
87 3 -9.35257
88 3 -9.35257
89 3 -9.35257
90 3 -9.35257
91 3 -9.35257
92 3 -9.35257
93 3 -9.35257
94 3 -9.35257
95 3 -9.35257
96 3 -9.35257
97 3 -9.35257
98 3 -9.35257
99 3 -9.35257
100 3 -9.35257
101 3 -9.35257
102 3 -9.35257
103 3 -9.35257
104 3 -9.35257
105 3 -9.35257
106 3 -9.35257
107 3 -9.35257
108 3 -9.35257
109 3 -9.35257
110 3 -9.35257
111 3 -9.35257
112 3 -9.35257
113 3 -9.35257
114 3 -9.35257
115 3 -9.35257
116 3 -9.35257
117 3 -9.35257
118 3 -9.35257
119 3 -9.35257
120 3 -9.35257
121 3 -9.35257
122 3 -9.35257
123 3 -9.35257
124 3 -9.35257
125 3 -9.35257
126 3 -9.35257
127 3 -9.35257
128 3 -9.35257
129 3 -9.35257
130 3 -9.35257
131 3 -9.35257
132 3 -9.35257
133 3 -9.35257
134 3 -9.35257
135 3 -9.35257
136 3 -9.35257
137 3 -9.35257
138 3 -9.35257
139 3 -9.35257
140 3 -9.35257
141 3 -9.35257
142 3 -9.35257
143 3 -9.35257
144 3 -9.35257
145 3 -9.35257
146 3 -9.35257
147 3 -9.35257
148 3 -9.35257
149 3 -9.35257
150 3 -9.35257
151 3 -9.35257
152 3 -9.35257
153 3 -9.35257
154 3 -9.35257
155 3 -9.35257
156 3 -9.35257
157 3 -9.35257
158 3 -9.35257
159 3 -9.35257
160 3 -9.35257
161 3 -9.35257
162 3 -9.35257
163 3 -9.35257
164 3 -9.35257
165 3 -9.35257
166 3 -9.35257
167 3 -9.35257
168 3 -9.35257
169 3 -9.35257
170 3 -9.35257
171 3 -9.35257
172 3 -9.35257
173 3 -9.35257
174 3 -9.35257
175 3 -9.35257
176 3 -9.35257
177 3 -9.35257
178 3 -9.35257
179 3 -9.35257
180 3 -9.35257
181 3 -9.35257
182 3 -9.35257
183 3 -9.35257
184 3 -9.35257
185 3 -9.35257
186 3 -9.35257
187 3 -9.35257
188 3 -9.35257
189 3 -9.35257
190 3 -9.35257
191 3 -9.35257
192 3 -9.35257
193 3 -9.35257
194 3 -9.35257
195 3 -9.35257
196 3 -9.35257
197 3 -9.35257
198 3 -9.35257
199 3 -9.35257
200 3 -9.35257
201 3 -9.35257
202 3 -9.35257
203 3 -9.35257
204 3 -9.35257
205 3 -9.35257
206 3 -9.35257
207 3 -9.35257
208 3 -9.35257
209 3 -9.35257
210 3 -9.35257
211 3 -9.35257
212 3 -9.35257
213 3 -9.35257
214 3 -9.35257
215 3 -9.35257
216 3 -9.35257
217 3 -9.35257
218 3 -9.35257
219 3 -9.35257
220 3 -9.35257
221 3 -9.35257
222 3 -9.35257
223 3 -9.35257
224 3 -9.35257
225 3 -9.35257
226 3 -9.35257
227 3 -9.35257
228 3 -9.35257
229 3 -9.35257
230 3 -9.35257
231 3 -9.35257
232 3 -9.35257
233 3 -9.35257
234 3 -9.35257
235 3 -9.35257
236 3 -9.35257
237 3 -9.35257
238 3 -9.35257
239 3 -9.35257
0 4 -9.35257
1 4 -9.35257
2 4 -9.35257
3 4 -9.35257
4 4 -9.35257
5 4 -9.35257
6 4 -9.35257
7 4 -9.35257
8 4 -9.35257
9 4 -9.35257
10 4 -9.35257
11 4 -9.35257
12 4 -9.35257
13 4 -9.35257
14 4 -9.35257
15 4 -9.35257
16 4 -9.35257
17 4 -9.35257
18 4 -9.35257
19 4 -9.35257
20 4 -9.35257
21 4 -9.35257
22 4 -9.35257
23 4 -9.35257
24 4 -9.35257
25 4 -9.35257
26 4 -9.35257
27 4 -9.35257
28 4 -9.35257
29 4 -9.35257
30 4 -9.35257
31 4 -9.35257
32 4 -9.35257
33 4 -9.35257
34 4 -9.35257
35 4 -9.35257
36 4 -9.35257
37 4 -9.35257
38 4 -9.35257
39 4 -9.35257
40 4 -9.35257
41 4 -9.35257
42 4 -9.35257
43 4 -9.35257
44 4 -9.35257
45 4 -9.35257
46 4 -9.35257
47 4 -9.35257
48 4 -9.35257
49 4 -9.35257
50 4 -9.35257
51 4 -9.35257
52 4 -9.35257
53 4 -9.35257
54 4 -9.35257
55 4 -9.35257
56 4 -9.35257
57 4 -9.35257
58 4 -9.35257
59 4 -9.35257
60 4 -9.35257
61 4 -9.35257
62 4 -9.35257
63 4 -9.35257
64 4 -9.35257
65 4 -9.35257
66 4 -9.35257
67 4 -9.35257
68 4 -9.35257
69 4 -9.35257
70 4 -9.35257
71 4 -9.35257
72 4 -9.35257
73 4 -9.35257
74 4 -9.35257
75 4 -9.35257
76 4 -9.35257
77 4 -9.35257
78 4 -9.35257
79 4 -9.35257
80 4 -9.35257
81 4 -9.35257
82 4 -9.35257
83 4 -9.35257
84 4 -9.35257
85 4 -9.35257
86 4 -9.35257
87 4 -9.35257
88 4 -9.35257
89 4 -9.35257
90 4 -9.35257
91 4 -9.35257
92 4 -9.35257
93 4 -9.35257
94 4 -9.35257
95 4 -9.35257
96 4 -9.35257
97 4 -9.35257
98 4 -9.35257
99 4 -9.35257
100 4 -9.35257
101 4 -9.35257
102 4 -9.35257
103 4 -9.35257
104 4 -9.35257
105 4 -9.35257
106 4 -9.35257
107 4 -9.35257
108 4 -9.35257
109 4 -9.35257
110 4 -9.35257
111 4 -9.35257
112 4 -9.35257
113 4 -9.35257
114 4 -9.35257
115 4 -9.35257
116 4 -9.35257
117 4 -9.35257
118 4 -9.35257
119 4 -9.35257
120 4 -9.35257
121 4 -9.35257
122 4 -9.35257
123 4 -9.35257
124 4 -9.35257
125 4 -9.35257
126 4 -9.35257
127 4 -9.35257
128 4 -9.35257
129 4 -9.35257
130 4 -9.35257
131 4 -9.35257
132 4 -9.35257
133 4 -9.35257
134 4 -9.35257
135 4 -9.35257
136 4 -9.35257
137 4 -9.35257
138 4 -9.35257
139 4 -9.35257
140 4 -9.35257
141 4 -9.35257
142 4 -9.35257
143 4 -9.35257
144 4 -9.35257
145 4 -9.35257
146 4 -9.35257
147 4 -9.35257
148 4 -9.35257
149 4 -9.35257
150 4 -9.35257
151 4 -9.35257
152 4 -9.35257
153 4 -9.35257
154 4 -9.35257
155 4 -9.35257
156 4 -9.35257
157 4 -9.35257
158 4 -9.35257
159 4 -9.35257
160 4 -9.35257
161 4 -9.35257
162 4 -9.35257
163 4 -9.35257
164 4 -9.35257
165 4 -9.35257
166 4 -9.35257
167 4 -9.35257
168 4 -9.35257
169 4 -9.35257
170 4 -9.35257
171 4 -9.35257
172 4 -9.35257
173 4 -9.35257
174 4 -9.35257
175 4 -9.35257
176 4 -9.35257
177 4 -9.35257
178 4 -9.35257
179 4 -9.35257
180 4 -9.35257
181 4 -9.35257
182 4 -9.35257
183 4 -9.35257
184 4 -9.35257
185 4 -9.35257
186 4 -9.35257
187 4 -9.35257
188 4 -9.35257
189 4 -9.35257
190 4 -9.35257
191 4 -9.35257
192 4 -9.35257
193 4 -9.35257
194 4 -9.35257
195 4 -9.35257
196 4 -9.35257
197 4 -9.35257
198 4 -9.35257
199 4 -9.35257
200 4 -9.35257
201 4 -9.35257
202 4 -9.35257
203 4 -9.35257
204 4 -9.35257
205 4 -9.35257
206 4 -9.35257
207 4 -9.35257
208 4 -9.35257
209 4 -9.35257
210 4 -9.35257
211 4 -9.35257
212 4 -9.35257
213 4 -9.35257
214 4 -9.35257
215 4 -9.35257
216 4 -9.35257
217 4 -9.35257
218 4 -9.35257
219 4 -9.35257
220 4 -9.35257
221 4 -9.35257
222 4 -9.35257
223 4 -9.35257
224 4 -9.35257
225 4 -9.35257
226 4 -9.35257
227 4 -9.35257
228 4 -9.35257
229 4 -9.35257
230 4 -9.35257
231 4 -9.35257
232 4 -9.35257
233 4 -9.35257
234 4 -9.35257
235 4 -9.35257
236 4 -9.35257
237 4 -9.35257
238 4 -9.35257
239 4 -9.35257
0 5 -9.35257
1 5 -9.35257
2 5 -9.35257
3 5 -9.35257
4 5 -9.35257
5 5 -9.35257
6 5 -9.35257
7 5 -9.35257
8 5 -9.35257
9 5 -9.35257
10 5 -9.35257
11 5 -9.35257
12 5 -9.35257
13 5 -9.35257
14 5 -9.35257
15 5 -9.35257
16 5 -9.35257
17 5 -9.35257
18 5 -9.35257
19 5 -9.35257
20 5 -9.35257
21 5 -9.35257
22 5 -9.35257
23 5 -9.35257
24 5 -9.35257
25 5 -9.35257
26 5 -9.35257
27 5 -9.35257
28 5 -9.35257
29 5 -9.35257
30 5 -9.35257
31 5 -9.35257
32 5 -9.35257
33 5 -9.35257
34 5 -9.35257
35 5 -9.35257
36 5 -9.35257
37 5 -9.35257
38 5 -9.35257
39 5 -9.35257
40 5 -9.35257
41 5 -9.35257
42 5 -9.35257
43 5 -9.35257
44 5 -9.35257
45 5 -9.35257
46 5 -9.35257
47 5 -9.35257
48 5 -9.35257
49 5 -9.35257
50 5 -9.35257
51 5 -9.35257
52 5 -9.35257
53 5 -9.35257
54 5 -9.35257
55 5 -9.35257
56 5 -9.35257
57 5 -9.35257
58 5 -9.35257
59 5 -9.35257
60 5 -9.35257
61 5 -9.35257
62 5 -9.35257
63 5 -9.35257
64 5 -9.35257
65 5 -9.35257
66 5 -9.35257
67 5 -9.35257
68 5 -9.35257
69 5 -9.35257
70 5 -9.35257
71 5 -9.35257
72 5 -9.35257
73 5 -9.35257
74 5 -9.35257
75 5 -9.35257
76 5 -9.35257
77 5 -9.35257
78 5 -9.35257
79 5 -9.35257
80 5 -9.35257
81 5 -9.35257
82 5 -9.35257
83 5 -9.35257
84 5 -9.35257
85 5 -9.35257
86 5 -9.35257
87 5 -9.35257
88 5 -9.35257
89 5 -9.35257
90 5 -9.35257
91 5 -9.35257
92 5 -9.35257
93 5 -9.35257
94 5 -9.35257
95 5 -9.35257
96 5 -9.35257
97 5 -9.35257
98 5 -9.35257
99 5 -9.35257
100 5 -9.35257
101 5 -9.35257
102 5 -9.35257
103 5 -9.35257
104 5 -9.35257
105 5 -9.35257
106 5 -9.35257
107 5 -9.35257
108 5 -9.35257
109 5 -9.35257
110 5 -9.35257
111 5 -9.35257
112 5 -9.35257
113 5 -9.35257
114 5 -9.35257
115 5 -9.35257
116 5 -9.35257
117 5 -9.35257
118 5 -9.35257
119 5 -9.35257
120 5 -9.35257
121 5 -9.35257
122 5 -9.35257
123 5 -9.35257
124 5 -9.35257
125 5 -9.35257
126 5 -9.35257
127 5 -9.35257
128 5 -9.35257
129 5 -9.35257
130 5 -9.35257
131 5 -9.35257
132 5 -9.35257
133 5 -9.35257
134 5 -9.35257
135 5 -9.35257
136 5 -9.35257
137 5 -9.35257
138 5 -9.35257
139 5 -9.35257
140 5 -9.35257
141 5 -9.35257
142 5 -9.35257
143 5 -9.35257
144 5 -9.35257
145 5 -9.35257
146 5 -9.35257
147 5 -9.35257
148 5 -9.35257
149 5 -9.35257
150 5 -9.35257
151 5 -9.35257
152 5 -9.35257
153 5 -9.35257
154 5 -9.35257
155 5 -9.35257
156 5 -9.35257
157 5 -9.35257
158 5 -9.35257
159 5 -9.35257
160 5 -9.35257
161 5 -9.35257
162 5 -9.35257
163 5 -9.35257
164 5 -9.35257
165 5 -9.35257
166 5 -9.35257
167 5 -9.35257
168 5 -9.35257
169 5 -9.35257
170 5 -9.35257
171 5 -9.35257
172 5 -9.35257
173 5 -9.35257
174 5 -9.35257
175 5 -9.35257
176 5 -9.35257
177 5 -9.35257
178 5 -9.35257
179 5 -9.35257
180 5 -9.35257
181 5 -9.35257
182 5 -9.35257
183 5 -9.35257
184 5 -9.35257
185 5 -9.35257
186 5 -9.35257
187 5 -9.35257
188 5 -9.35257
189 5 -9.35257
190 5 -9.35257
191 5 -9.35257
192 5 -9.35257
193 5 -9.35257
194 5 -9.35257
195 5 -9.35257
196 5 -9.35257
197 5 -9.35257
198 5 -9.35257
199 5 -9.35257
200 5 -9.35257
201 5 -9.35257
202 5 -9.35257
203 5 -9.35257
204 5 -9.35257
205 5 -9.35257
206 5 -9.35257
207 5 -9.35257
208 5 -9.35257
209 5 -9.35257
210 5 -9.35257
211 5 -9.35257
212 5 -9.35257
213 5 -9.35257
214 5 -9.35257
215 5 -9.35257
216 5 -9.35257
217 5 -9.35257
218 5 -9.35257
219 5 -9.35257
220 5 -9.35257
221 5 -9.35257
222 5 -9.35257
223 5 -9.35257
224 5 -9.35257
225 5 -9.35257
226 5 -9.35257
227 5 -9.35257
228 5 -9.35257
229 5 -9.35257
230 5 -9.35257
231 5 -9.35257
232 5 -9.35257
233 5 -9.35257
234 5 -9.35257
235 5 -9.35257
236 5 -9.35257
237 5 -9.35257
238 5 -9.35257
239 5 -9.35257
0 6 -9.35257
1 6 -9.35257
2 6 -9.35257
3 6 -9.35257
4 6 -9.35257
5 6 -9.35257
6 6 -9.35257
7 6 -9.35257
8 6 -9.35257
9 6 -9.35257
10 6 -9.35257
11 6 -9.35257
12 6 -9.35257
13 6 -9.35257
14 6 -9.35257
15 6 -9.35257
16 6 -9.35257
17 6 -9.35257
18 6 -9.35257
19 6 -9.35257
20 6 -9.35257
21 6 -9.35257
22 6 -9.35257
23 6 -9.35257
24 6 -9.35257
25 6 -9.35257
26 6 -9.35257
27 6 -9.35257
28 6 -9.35257
29 6 -9.35257
30 6 -9.35257
31 6 -9.35257
32 6 -9.35257
33 6 -9.35257
34 6 -9.35257
35 6 -9.35257
36 6 -9.35257
37 6 -9.35257
38 6 -9.35257
39 6 -9.35257
40 6 -9.35257
41 6 -9.35257
42 6 -9.35257
43 6 -9.35257
44 6 -9.35257
45 6 -9.35257
46 6 -9.35257
47 6 -9.35257
48 6 -9.35257
49 6 -9.35257
50 6 -9.35257
51 6 -9.35257
52 6 -9.35257
53 6 -9.35257
54 6 -9.35257
55 6 -9.35257
56 6 -9.35257
57 6 -9.35257
58 6 -9.35257
59 6 -9.35257
60 6 -9.35257
61 6 -9.35257
62 6 -9.35257
63 6 -9.35257
64 6 -9.35257
65 6 -9.35257
66 6 -9.35257
67 6 -9.35257
68 6 -9.35257
69 6 -9.35257
70 6 -9.35257
71 6 -9.35257
72 6 -9.35257
73 6 -9.35257
74 6 -9.35257
75 6 -9.35257
76 6 -9.35257
77 6 -9.35257
78 6 -9.35257
79 6 -9.35257
80 6 -9.35257
81 6 -9.35257
82 6 -9.35257
83 6 -9.35257
84 6 -9.35257
85 6 -9.35257
86 6 -9.35257
87 6 -9.35257
88 6 -9.35257
89 6 -9.35257
90 6 -9.35257
91 6 -9.35257
92 6 -9.35257
93 6 -9.35257
94 6 -9.35257
95 6 -9.35257
96 6 -9.35257
97 6 -9.35257
98 6 -9.35257
99 6 -9.35257
100 6 -9.35257
101 6 -9.35257
102 6 -9.35257
103 6 -9.35257
104 6 -9.35257
105 6 -9.35257
106 6 -9.35257
107 6 -9.35257
108 6 -9.35257
109 6 -9.35257
110 6 -9.35257
111 6 -9.35257
112 6 -9.35257
113 6 -9.35257
114 6 -9.35257
115 6 -9.35257
116 6 -9.35257
117 6 -9.35257
118 6 -9.35257
119 6 -9.35257
120 6 -9.35257
121 6 -9.35257
122 6 -9.35257
123 6 -9.35257
124 6 -9.35257
125 6 -9.35257
126 6 -9.35257
127 6 -9.35257
128 6 -9.35257
129 6 -9.35257
130 6 -9.35257
131 6 -9.35257
132 6 -9.35257
133 6 -9.35257
134 6 -9.35257
135 6 -9.35257
136 6 -9.35257
137 6 -9.35257
138 6 -9.35257
139 6 -9.35257
140 6 -9.35257
141 6 -9.35257
142 6 -9.35257
143 6 -9.35257
144 6 -9.35257
145 6 -9.35257
146 6 -9.35257
147 6 -9.35257
148 6 -9.35257
149 6 -9.35257
150 6 -9.35257
151 6 -9.35257
152 6 -9.35257
153 6 -9.35257
154 6 -9.35257
155 6 -9.35257
156 6 -9.35257
157 6 -9.35257
158 6 -9.35257
159 6 -9.35257
160 6 -9.35257
161 6 -9.35257
162 6 -9.35257
163 6 -9.35257
164 6 -9.35257
165 6 -9.35257
166 6 -9.35257
167 6 -9.35257
168 6 -9.35257
169 6 -9.35257
170 6 -9.35257
171 6 -9.35257
172 6 -9.35257
173 6 -9.35257
174 6 -9.35257
175 6 -9.35257
176 6 -9.35257
177 6 -9.35257
178 6 -9.35257
179 6 -9.35257
180 6 -9.35257
181 6 -9.35257
182 6 -9.35257
183 6 -9.35257
184 6 -9.35257
185 6 -9.35257
186 6 -9.35257
187 6 -9.35257
188 6 -9.35257
189 6 -9.35257
190 6 -9.35257
191 6 -9.35257
192 6 -9.35257
193 6 -9.35257
194 6 -9.35257
195 6 -9.35257
196 6 -9.35257
197 6 -9.35257
198 6 -9.35257
199 6 -9.35257
200 6 -9.35257
201 6 -9.35257
202 6 -9.35257
203 6 -9.35257
204 6 -9.35257
205 6 -9.35257
206 6 -9.35257
207 6 -9.35257
208 6 -9.35257
209 6 -9.35257
210 6 -9.35257
211 6 -9.35257
212 6 -9.35257
213 6 -9.35257
214 6 -9.35257
215 6 -9.35257
216 6 -9.35257
217 6 -9.35257
218 6 -9.35257
219 6 -9.35257
220 6 -9.35257
221 6 -9.35257
222 6 -9.35257
223 6 -9.35257
224 6 -9.35257
225 6 -9.35257
226 6 -9.35257
227 6 -9.35257
228 6 -9.35257
229 6 -9.35257
230 6 -9.35257
231 6 -9.35257
232 6 -9.35257
233 6 -9.35257
234 6 -9.35257
235 6 -9.35257
236 6 -9.35257
237 6 -9.35257
238 6 -9.35257
239 6 -9.35257
0 7 -9.35257
1 7 -9.35257
2 7 -9.35257
3 7 -9.35257
4 7 -9.35257
5 7 -9.35257
6 7 -9.35257
7 7 -9.35257
8 7 -9.35257
9 7 -9.35257
10 7 -9.35257
11 7 -9.35257
12 7 -9.35257
13 7 -9.35257
14 7 -9.35257
15 7 -9.35257
16 7 -9.35257
17 7 -9.35257
18 7 -9.35257
19 7 -9.35257
20 7 -9.35257
21 7 -9.35257
22 7 -9.35257
23 7 -9.35257
24 7 -9.35257
25 7 -9.35257
26 7 -9.35257
27 7 -9.35257
28 7 -9.35257
29 7 -9.35257
30 7 -9.35257
31 7 -9.35257
32 7 -9.35257
33 7 -9.35257
34 7 -9.35257
35 7 -9.35257
36 7 -9.35257
37 7 -9.35257
38 7 -9.35257
39 7 -9.35257
40 7 -9.35257
41 7 -9.35257
42 7 -9.35257
43 7 -9.35257
44 7 -9.35257
45 7 -9.35257
46 7 -9.35257
47 7 -9.35257
48 7 -9.35257
49 7 -9.35257
50 7 -9.35257
51 7 -9.35257
52 7 -9.35257
53 7 -9.35257
54 7 -9.35257
55 7 -9.35257
56 7 -9.35257
57 7 -9.35257
58 7 -9.35257
59 7 -9.35257
60 7 -9.35257
61 7 -9.35257
62 7 -9.35257
63 7 -9.35257
64 7 -9.35257
65 7 -9.35257
66 7 -9.35257
67 7 -9.35257
68 7 -9.35257
69 7 -9.35257
70 7 -9.35257
71 7 -9.35257
72 7 -9.35257
73 7 -9.35257
74 7 -9.35257
75 7 -9.35257
76 7 -9.35257
77 7 -9.35257
78 7 -9.35257
79 7 -9.35257
80 7 -9.35257
81 7 -9.35257
82 7 -9.35257
83 7 -9.35257
84 7 -9.35257
85 7 -9.35257
86 7 -9.35257
87 7 -9.35257
88 7 -9.35257
89 7 -9.35257
90 7 -9.35257
91 7 -9.35257
92 7 -9.35257
93 7 -9.35257
94 7 -9.35257
95 7 -9.35257
96 7 -9.35257
97 7 -9.35257
98 7 -9.35257
99 7 -9.35257
100 7 -9.35257
101 7 -9.35257
102 7 -9.35257
103 7 -9.35257
104 7 -9.35257
105 7 -9.35257
106 7 -9.35257
107 7 -9.35257
108 7 -9.35257
109 7 -9.35257
110 7 -9.35257
111 7 -9.35257
112 7 -9.35257
113 7 -9.35257
114 7 -9.35257
115 7 -9.35257
116 7 -9.35257
117 7 -9.35257
118 7 -9.35257
119 7 -9.35257
120 7 -9.35257
121 7 -9.35257
122 7 -9.35257
123 7 -9.35257
124 7 -9.35257
125 7 -9.35257
126 7 -9.35257
127 7 -9.35257
128 7 -9.35257
129 7 -9.35257
130 7 -9.35257
131 7 -9.35257
132 7 -9.35257
133 7 -9.35257
134 7 -9.35257
135 7 -9.35257
136 7 -9.35257
137 7 -9.35257
138 7 -9.35257
139 7 -9.35257
140 7 -9.35257
141 7 -9.35257
142 7 -9.35257
143 7 -9.35257
144 7 -9.35257
145 7 -9.35257
146 7 -9.35257
147 7 -9.35257
148 7 -9.35257
149 7 -9.35257
150 7 -9.35257
151 7 -9.35257
152 7 -9.35257
153 7 -9.35257
154 7 -9.35257
155 7 -9.35257
156 7 -9.35257
157 7 -9.35257
158 7 -9.35257
159 7 -9.35257
160 7 -9.35257
161 7 -9.35257
162 7 -9.35257
163 7 -9.35257
164 7 -9.35257
165 7 -9.35257
166 7 -9.35257
167 7 -9.35257
168 7 -9.35257
169 7 -9.35257
170 7 -9.35257
171 7 -9.35257
172 7 -9.35257
173 7 -9.35257
174 7 -9.35257
175 7 -9.35257
176 7 -9.35257
177 7 -9.35257
178 7 -9.35257
179 7 -9.35257
180 7 -9.35257
181 7 -9.35257
182 7 -9.35257
183 7 -9.35257
184 7 -9.35257
185 7 -9.35257
186 7 -9.35257
187 7 -9.35257
188 7 -9.35257
189 7 -9.35257
190 7 -9.35257
191 7 -9.35257
192 7 -9.35257
193 7 -9.35257
194 7 -9.35257
195 7 -9.35257
196 7 -9.35257
197 7 -9.35257
198 7 -9.35257
199 7 -9.35257
200 7 -9.35257
201 7 -9.35257
202 7 -9.35257
203 7 -9.35257
204 7 -9.35257
205 7 -9.35257
206 7 -9.35257
207 7 -9.35257
208 7 -9.35257
209 7 -9.35257
210 7 -9.35257
211 7 -9.35257
212 7 -9.35257
213 7 -9.35257
214 7 -9.35257
215 7 -9.35257
216 7 -9.35257
217 7 -9.35257
218 7 -9.35257
219 7 -9.35257
220 7 -9.35257
221 7 -9.35257
222 7 -9.35257
223 7 -9.35257
224 7 -9.35257
225 7 -9.35257
226 7 -9.35257
227 7 -9.35257
228 7 -9.35257
229 7 -9.35257
230 7 -9.35257
231 7 -9.35257
232 7 -9.35257
233 7 -9.35257
234 7 -9.35257
235 7 -9.35257
236 7 -9.35257
237 7 -9.35257
238 7 -9.35257
239 7 -9.35257
0 8 -9.35257
1 8 -9.35257
2 8 -9.35257
3 8 -9.35257
4 8 -9.35257
5 8 -9.35257
6 8 -9.35257
7 8 -9.35257
8 8 -9.35257
9 8 -9.35257
10 8 -9.35257
11 8 -9.35257
12 8 -9.35257
13 8 -9.35257
14 8 -9.35257
15 8 -9.35257
16 8 -9.35257
17 8 -9.35257
18 8 -9.35257
19 8 -9.35257
20 8 -9.35257
21 8 -9.35257
22 8 -9.35257
23 8 -9.35257
24 8 -9.35257
25 8 -9.35257
26 8 -9.35257
27 8 -9.35257
28 8 -9.35257
29 8 -9.35257
30 8 -9.35257
31 8 -9.35257
32 8 -9.35257
33 8 -9.35257
34 8 -9.35257
35 8 -9.35257
36 8 -9.35257
37 8 -9.35257
38 8 -9.35257
39 8 -9.35257
40 8 -9.35257
41 8 -9.35257
42 8 -9.35257
43 8 -9.35257
44 8 -9.35257
45 8 -9.35257
46 8 -9.35257
47 8 -9.35257
48 8 -9.35257
49 8 -9.35257
50 8 -9.35257
51 8 -9.35257
52 8 -9.35257
53 8 -9.35257
54 8 -9.35257
55 8 -9.35257
56 8 -9.35257
57 8 -9.35257
58 8 -9.35257
59 8 -9.35257
60 8 -9.35257
61 8 -9.35257
62 8 -9.35257
63 8 -9.35257
64 8 -9.35257
65 8 -9.35257
66 8 -9.35257
67 8 -9.35257
68 8 -9.35257
69 8 -9.35257
70 8 -9.35257
71 8 -9.35257
72 8 -9.35257
73 8 -9.35257
74 8 -9.35257
75 8 -9.35257
76 8 -9.35257
77 8 -9.35257
78 8 -9.35257
79 8 -9.35257
80 8 -9.35257
81 8 -9.35257
82 8 -9.35257
83 8 -9.35257
84 8 -9.35257
85 8 -9.35257
86 8 -9.35257
87 8 -9.35257
88 8 -9.35257
89 8 -9.35257
90 8 -9.35257
91 8 -9.35257
92 8 -9.35257
93 8 -9.35257
94 8 -9.35257
95 8 -9.35257
96 8 -9.35257
97 8 -9.35257
98 8 -9.35257
99 8 -9.35257
100 8 -9.35257
101 8 -9.35257
102 8 -9.35257
103 8 -9.35257
104 8 -9.35257
105 8 -9.35257
106 8 -9.35257
107 8 -9.35257
108 8 -9.35257
109 8 -9.35257
110 8 -9.35257
111 8 -9.35257
112 8 -9.35257
113 8 -9.35257
114 8 -9.35257
115 8 -9.35257
116 8 -9.35257
117 8 -9.35257
118 8 -9.35257
119 8 -9.35257
120 8 -9.35257
121 8 -9.35257
122 8 -9.35257
123 8 -9.35257
124 8 -9.35257
125 8 -9.35257
126 8 -9.35257
127 8 -9.35257
128 8 -9.35257
129 8 -9.35257
130 8 -9.35257
131 8 -9.35257
132 8 -9.35257
133 8 -9.35257
134 8 -9.35257
135 8 -9.35257
136 8 -9.35257
137 8 -9.35257
138 8 -9.35257
139 8 -9.35257
140 8 -9.35257
141 8 -9.35257
142 8 -9.35257
143 8 -9.35257
144 8 -9.35257
145 8 -9.35257
146 8 -9.35257
147 8 -9.35257
148 8 -9.35257
149 8 -9.35257
150 8 -9.35257
151 8 -9.35257
152 8 -9.35257
153 8 -9.35257
154 8 -9.35257
155 8 -9.35257
156 8 -9.35257
157 8 -9.35257
158 8 -9.35257
159 8 -9.35257
160 8 -9.35257
161 8 -9.35257
162 8 -9.35257
163 8 -9.35257
164 8 -9.35257
165 8 -9.35257
166 8 -9.35257
167 8 -9.35257
168 8 -9.35257
169 8 -9.35257
170 8 -9.35257
171 8 -9.35257
172 8 -9.35257
173 8 -9.35257
174 8 -9.35257
175 8 -9.35257
176 8 -9.35257
177 8 -9.35257
178 8 -9.35257
179 8 -9.35257
180 8 -9.35257
181 8 -9.35257
182 8 -9.35257
183 8 -9.35257
184 8 -9.35257
185 8 -9.35257
186 8 -9.35257
187 8 -9.35257
188 8 -9.35257
189 8 -9.35257
190 8 -9.35257
191 8 -9.35257
192 8 -9.35257
193 8 -9.35257
194 8 -9.35257
195 8 -9.35257
196 8 -9.35257
197 8 -9.35257
198 8 -9.35257
199 8 -9.35257
200 8 -9.35257
201 8 -9.35257
202 8 -9.35257
203 8 -9.35257
204 8 -9.35257
205 8 -9.35257
206 8 -9.35257
207 8 -9.35257
208 8 -9.35257
209 8 -9.35257
210 8 -9.35257
211 8 -9.35257
212 8 -9.35257
213 8 -9.35257
214 8 -9.35257
215 8 -9.35257
216 8 -9.35257
217 8 -9.35257
218 8 -9.35257
219 8 -9.35257
220 8 -9.35257
221 8 -9.35257
222 8 -9.35257
223 8 -9.35257
224 8 -9.35257
225 8 -9.35257
226 8 -9.35257
227 8 -9.35257
228 8 -9.35257
229 8 -9.35257
230 8 -9.35257
231 8 -9.35257
232 8 -9.35257
233 8 -9.35257
234 8 -9.35257
235 8 -9.35257
236 8 -9.35257
237 8 -9.35257
238 8 -9.35257
239 8 -9.35257
0 9 -9.35257
1 9 -9.35257
2 9 -9.35257
3 9 -9.35257
4 9 -9.35257
5 9 -9.35257
6 9 -9.35257
7 9 -9.35257
8 9 -9.35257
9 9 -9.35257
10 9 -9.35257
11 9 -9.35257
12 9 -9.35257
13 9 -9.35257
14 9 -9.35257
15 9 -9.35257
16 9 -9.35257
17 9 -9.35257
18 9 -9.35257
19 9 -9.35257
20 9 -9.35257
21 9 -9.35257
22 9 -9.35257
23 9 -9.35257
24 9 -9.35257
25 9 -9.35257
26 9 -9.35257
27 9 -9.35257
28 9 -9.35257
29 9 -9.35257
30 9 -9.35257
31 9 -9.35257
32 9 -9.35257
33 9 -9.35257
34 9 -9.35257
35 9 -9.35257
36 9 -9.35257
37 9 -9.35257
38 9 -9.35257
39 9 -9.35257
40 9 -9.35257
41 9 -9.35257
42 9 -9.35257
43 9 -9.35257
44 9 -9.35257
45 9 -9.35257
46 9 -9.35257
47 9 -9.35257
48 9 -9.35257
49 9 -9.35257
50 9 -9.35257
51 9 -9.35257
52 9 -9.35257
53 9 -9.35257
54 9 -9.35257
55 9 -9.35257
56 9 -9.35257
57 9 -9.35257
58 9 -9.35257
59 9 -9.35257
60 9 -9.35257
61 9 -9.35257
62 9 -9.35257
63 9 -9.35257
64 9 -9.35257
65 9 -9.35257
66 9 -9.35257
67 9 -9.35257
68 9 -9.35257
69 9 -9.35257
70 9 -9.35257
71 9 -9.35257
72 9 -9.35257
73 9 -9.35257
74 9 -9.35257
75 9 -9.35257
76 9 -9.35257
77 9 -9.35257
78 9 -9.35257
79 9 -9.35257
80 9 -9.35257
81 9 -9.35257
82 9 -9.35257
83 9 -9.35257
84 9 -9.35257
85 9 -9.35257
86 9 -9.35257
87 9 -9.35257
88 9 -9.35257
89 9 -9.35257
90 9 -9.35257
91 9 -9.35257
92 9 -9.35257
93 9 -9.35257
94 9 -9.35257
95 9 -9.35257
96 9 -9.35257
97 9 -9.35257
98 9 -9.35257
99 9 -9.35257
100 9 -9.35257
101 9 -9.35257
102 9 -9.35257
103 9 -9.35257
104 9 -9.35257
105 9 -9.35257
106 9 -9.35257
107 9 -9.35257
108 9 -9.35257
109 9 -9.35257
110 9 -9.35257
111 9 -9.35257
112 9 -9.35257
113 9 -9.35257
114 9 -9.35257
115 9 -9.35257
116 9 -9.35257
117 9 -9.35257
118 9 -9.35257
119 9 -9.35257
120 9 -9.35257
121 9 -9.35257
122 9 -9.35257
123 9 -9.35257
124 9 -9.35257
125 9 -9.35257
126 9 -9.35257
127 9 -9.35257
128 9 -9.35257
129 9 -9.35257
130 9 -9.35257
131 9 -9.35257
132 9 -9.35257
133 9 -9.35257
134 9 -9.35257
135 9 -9.35257
136 9 -9.35257
137 9 -9.35257
138 9 -9.35257
139 9 -9.35257
140 9 -9.35257
141 9 -9.35257
142 9 -9.35257
143 9 -9.35257
144 9 -9.35257
145 9 -9.35257
146 9 -9.35257
147 9 -9.35257
148 9 -9.35257
149 9 -9.35257
150 9 -9.35257
151 9 -9.35257
152 9 -9.35257
153 9 -9.35257
154 9 -9.35257
155 9 -9.35257
156 9 -9.35257
157 9 -9.35257
158 9 -9.35257
159 9 -9.35257
160 9 -9.35257
161 9 -9.35257
162 9 -9.35257
163 9 -9.35257
164 9 -9.35257
165 9 -9.35257
166 9 -9.35257
167 9 -9.35257
168 9 -9.35257
169 9 -9.35257
170 9 -9.35257
171 9 -9.35257
172 9 -9.35257
173 9 -9.35257
174 9 -9.35257
175 9 -9.35257
176 9 -9.35257
177 9 -9.35257
178 9 -9.35257
179 9 -9.35257
180 9 -9.35257
181 9 -9.35257
182 9 -9.35257
183 9 -9.35257
184 9 -9.35257
185 9 -9.35257
186 9 -9.35257
187 9 -9.35257
188 9 -9.35257
189 9 -9.35257
190 9 -9.35257
191 9 -9.35257
192 9 -9.35257
193 9 -9.35257
194 9 -9.35257
195 9 -9.35257
196 9 -9.35257
197 9 -9.35257
198 9 -9.35257
199 9 -9.35257
200 9 -9.35257
201 9 -9.35257
202 9 -9.35257
203 9 -9.35257
204 9 -9.35257
205 9 -9.35257
206 9 -9.35257
207 9 -9.35257
208 9 -9.35257
209 9 -9.35257
210 9 -9.35257
211 9 -9.35257
212 9 -9.35257
213 9 -9.35257
214 9 -9.35257
215 9 -9.35257
216 9 -9.35257
217 9 -9.35257
218 9 -9.35257
219 9 -9.35257
220 9 -9.35257
221 9 -9.35257
222 9 -9.35257
223 9 -9.35257
224 9 -9.35257
225 9 -9.35257
226 9 -9.35257
227 9 -9.35257
228 9 -9.35257
229 9 -9.35257
230 9 -9.35257
231 9 -9.35257
232 9 -9.35257
233 9 -9.35257
234 9 -9.35257
235 9 -9.35257
236 9 -9.35257
237 9 -9.35257
238 9 -9.35257
239 9 -9.35257
0 10 -9.35257
1 10 -9.35257
2 10 -9.35257
3 10 -9.35257
4 10 -9.35257
5 10 -9.35257
6 10 -9.35257
7 10 -9.35257
8 10 -9.35257
9 10 -9.35257
10 10 -9.35257
11 10 -9.35257
12 10 -9.35257
13 10 -9.35257
14 10 -9.35257
15 10 -9.35257
16 10 -9.35257
17 10 -9.35257
18 10 -9.35257
19 10 -9.35257
20 10 -9.35257
21 10 -9.35257
22 10 -9.35257
23 10 -9.35257
24 10 -9.35257
25 10 -9.35257
26 10 -9.35257
27 10 -9.35257
28 10 -9.35257
29 10 -9.35257
30 10 -9.35257
31 10 -9.35257
32 10 -9.35257
33 10 -9.35257
34 10 -9.35257
35 10 -9.35257
36 10 -9.35257
37 10 -9.35257
38 10 -9.35257
39 10 -9.35257
40 10 -9.35257
41 10 -9.35257
42 10 -9.35257
43 10 -9.35257
44 10 -9.35257
45 10 -9.35257
46 10 -9.35257
47 10 -9.35257
48 10 -9.35257
49 10 -9.35257
50 10 -9.35257
51 10 -9.35257
52 10 -9.35257
53 10 -9.35257
54 10 -9.35257
55 10 -9.35257
56 10 -9.35257
57 10 -9.35257
58 10 -9.35257
59 10 -9.35257
60 10 -9.35257
61 10 -9.35257
62 10 -9.35257
63 10 -9.35257
64 10 -9.35257
65 10 -9.35257
66 10 -9.35257
67 10 -9.35257
68 10 -9.35257
69 10 -9.35257
70 10 -9.35257
71 10 -9.35257
72 10 -9.35257
73 10 -9.35257
74 10 -9.35257
75 10 -9.35257
76 10 -9.35257
77 10 -9.35257
78 10 -9.35257
79 10 -9.35257
80 10 -9.35257
81 10 -9.35257
82 10 -9.35257
83 10 -9.35257
84 10 -9.35257
85 10 -9.35257
86 10 -9.35257
87 10 -9.35257
88 10 -9.35257
89 10 -9.35257
90 10 -9.35257
91 10 -9.35257
92 10 -9.35257
93 10 -9.35257
94 10 -9.35257
95 10 -9.35257
96 10 -9.35257
97 10 -9.35257
98 10 -9.35257
99 10 -9.35257
100 10 -9.35257
101 10 -9.35257
102 10 -9.35257
103 10 -9.35257
104 10 -9.35257
105 10 -9.35257
106 10 -9.35257
107 10 -9.35257
108 10 -9.35257
109 10 -9.35257
110 10 -9.35257
111 10 -9.35257
112 10 -9.35257
113 10 -9.35257
114 10 -9.35257
115 10 -9.35257
116 10 -9.35257
117 10 -9.35257
118 10 -9.35257
119 10 -9.35257
120 10 -9.35257
121 10 -9.35257
122 10 -9.35257
123 10 -9.35257
124 10 -9.35257
125 10 -9.35257
126 10 -9.35257
127 10 -9.35257
128 10 -9.35257
129 10 -9.35257
130 10 -9.35257
131 10 -9.35257
132 10 -9.35257
133 10 -9.35257
134 10 -9.35257
135 10 -9.35257
136 10 -9.35257
137 10 -9.35257
138 10 -9.35257
139 10 -9.35257
140 10 -9.35257
141 10 -9.35257
142 10 -9.35257
143 10 -9.35257
144 10 -9.35257
145 10 -9.35257
146 10 -9.35257
147 10 -9.35257
148 10 -9.35257
149 10 -9.35257
150 10 -9.35257
151 10 -9.35257
152 10 -9.35257
153 10 -9.35257
154 10 -9.35257
155 10 -9.35257
156 10 -9.35257
157 10 -9.35257
158 10 -9.35257
159 10 -9.35257
160 10 -9.35257
161 10 -9.35257
162 10 -9.35257
163 10 -9.35257
164 10 -9.35257
165 10 -9.35257
166 10 -9.35257
167 10 -9.35257
168 10 -9.35257
169 10 -9.35257
170 10 -9.35257
171 10 -9.35257
172 10 -9.35257
173 10 -9.35257
174 10 -9.35257
175 10 -9.35257
176 10 -9.35257
177 10 -9.35257
178 10 -9.35257
179 10 -9.35257
180 10 -9.35257
181 10 -9.35257
182 10 -9.35257
183 10 -9.35257
184 10 -9.35257
185 10 -9.35257
186 10 -9.35257
187 10 -9.35257
188 10 -9.35257
189 10 -9.35257
190 10 -9.35257
191 10 -9.35257
192 10 -9.35257
193 10 -9.35257
194 10 -9.35257
195 10 -9.35257
196 10 -9.35257
197 10 -9.35257
198 10 -9.35257
199 10 -9.35257
200 10 -9.35257
201 10 -9.35257
202 10 -9.35257
203 10 -9.35257
204 10 -9.35257
205 10 -9.35257
206 10 -9.35257
207 10 -9.35257
208 10 -9.35257
209 10 -9.35257
210 10 -9.35257
211 10 -9.35257
212 10 -9.35257
213 10 -9.35257
214 10 -9.35257
215 10 -9.35257
216 10 -9.35257
217 10 -9.35257
218 10 -9.35257
219 10 -9.35257
220 10 -9.35257
221 10 -9.35257
222 10 -9.35257
223 10 -9.35257
224 10 -9.35257
225 10 -9.35257
226 10 -9.35257
227 10 -9.35257
228 10 -9.35257
229 10 -9.35257
230 10 -9.35257
231 10 -9.35257
232 10 -9.35257
233 10 -9.35257
234 10 -9.35257
235 10 -9.35257
236 10 -9.35257
237 10 -9.35257
238 10 -9.35257
239 10 -9.35257
0 11 -9.35257
1 11 -9.35257
2 11 -9.35257
3 11 -9.35257
4 11 -9.35257
5 11 -9.35257
6 11 -9.35257
7 11 -9.35257
8 11 -9.35257
9 11 -9.35257
10 11 -9.35257
11 11 -9.35257
12 11 -9.35257
13 11 -9.35257
14 11 -9.35257
15 11 -9.35257
16 11 -9.35257
17 11 -9.35257
18 11 -9.35257
19 11 -9.35257
20 11 -9.35257
21 11 -9.35257
22 11 -9.35257
23 11 -9.35257
24 11 -9.35257
25 11 -9.35257
26 11 -9.35257
27 11 -9.35257
28 11 -9.35257
29 11 -9.35257
30 11 -9.35257
31 11 -9.35257
32 11 -9.35257
33 11 -9.35257
34 11 -9.35257
35 11 -9.35257
36 11 -9.35257
37 11 -9.35257
38 11 -9.35257
39 11 -9.35257
40 11 -9.35257
41 11 -9.35257
42 11 -9.35257
43 11 -9.35257
44 11 -9.35257
45 11 -9.35257
46 11 -9.35257
47 11 -9.35257
48 11 -9.35257
49 11 -9.35257
50 11 -9.35257
51 11 -9.35257
52 11 -9.35257
53 11 -9.35257
54 11 -9.35257
55 11 -9.35257
56 11 -9.35257
57 11 -9.35257
58 11 -9.35257
59 11 -9.35257
60 11 -9.35257
61 11 -9.35257
62 11 -9.35257
63 11 -9.35257
64 11 -9.35257
65 11 -9.35257
66 11 -9.35257
67 11 -9.35257
68 11 -9.35257
69 11 -9.35257
70 11 -9.35257
71 11 -9.35257
72 11 -9.35257
73 11 -9.35257
74 11 -9.35257
75 11 -9.35257
76 11 -9.35257
77 11 -9.35257
78 11 -9.35257
79 11 -9.35257
80 11 -9.35257
81 11 -9.35257
82 11 -9.35257
83 11 -9.35257
84 11 -9.35257
85 11 -9.35257
86 11 -9.35257
87 11 -9.35257
88 11 -9.35257
89 11 -9.35257
90 11 -9.35257
91 11 -9.35257
92 11 -9.35257
93 11 -9.35257
94 11 -9.35257
95 11 -9.35257
96 11 -9.35257
97 11 -9.35257
98 11 -9.35257
99 11 -9.35257
100 11 -9.35257
101 11 -9.35257
102 11 -9.35257
103 11 -9.35257
104 11 -9.35257
105 11 -9.35257
106 11 -9.35257
107 11 -9.35257
108 11 -9.35257
109 11 -9.35257
110 11 -9.35257
111 11 -9.35257
112 11 -9.35257
113 11 -9.35257
114 11 -9.35257
115 11 -9.35257
116 11 -9.35257
117 11 -9.35257
118 11 -9.35257
119 11 -9.35257
120 11 -9.35257
121 11 -9.35257
122 11 -9.35257
123 11 -9.35257
124 11 -9.35257
125 11 -9.35257
126 11 -9.35257
127 11 -9.35257
128 11 -9.35257
129 11 -9.35257
130 11 -9.35257
131 11 -9.35257
132 11 -9.35257
133 11 -9.35257
134 11 -9.35257
135 11 -9.35257
136 11 -9.35257
137 11 -9.35257
138 11 -9.35257
139 11 -9.35257
140 11 -9.35257
141 11 -9.35257
142 11 -9.35257
143 11 -9.35257
144 11 -9.35257
145 11 -9.35257
146 11 -9.35257
147 11 -9.35257
148 11 -9.35257
149 11 -9.35257
150 11 -9.35257
151 11 -9.35257
152 11 -9.35257
153 11 -9.35257
154 11 -9.35257
155 11 -9.35257
156 11 -9.35257
157 11 -9.35257
158 11 -9.35257
159 11 -9.35257
160 11 -9.35257
161 11 -9.35257
162 11 -9.35257
163 11 -9.35257
164 11 -9.35257
165 11 -9.35257
166 11 -9.35257
167 11 -9.35257
168 11 -9.35257
169 11 -9.35257
170 11 -9.35257
171 11 -9.35257
172 11 -9.35257
173 11 -9.35257
174 11 -9.35257
175 11 -9.35257
176 11 -9.35257
177 11 -9.35257
178 11 -9.35257
179 11 -9.35257
180 11 -9.35257
181 11 -9.35257
182 11 -9.35257
183 11 -9.35257
184 11 -9.35257
185 11 -9.35257
186 11 -9.35257
187 11 -9.35257
188 11 -9.35257
189 11 -9.35257
190 11 -9.35257
191 11 -9.35257
192 11 -9.35257
193 11 -9.35257
194 11 -9.35257
195 11 -9.35257
196 11 -9.35257
197 11 -9.35257
198 11 -9.35257
199 11 -9.35257
200 11 -9.35257
201 11 -9.35257
202 11 -9.35257
203 11 -9.35257
204 11 -9.35257
205 11 -9.35257
206 11 -9.35257
207 11 -9.35257
208 11 -9.35257
209 11 -9.35257
210 11 -9.35257
211 11 -9.35257
212 11 -9.35257
213 11 -9.35257
214 11 -9.35257
215 11 -9.35257
216 11 -9.35257
217 11 -9.35257
218 11 -9.35257
219 11 -9.35257
220 11 -9.35257
221 11 -9.35257
222 11 -9.35257
223 11 -9.35257
224 11 -9.35257
225 11 -9.35257
226 11 -9.35257
227 11 -9.35257
228 11 -9.35257
229 11 -9.35257
230 11 -9.35257
231 11 -9.35257
232 11 -9.35257
233 11 -9.35257
234 11 -9.35257
235 11 -9.35257
236 11 -9.35257
237 11 -9.35257
238 11 -9.35257
239 11 -9.35257
0 12 -9.35257
1 12 -9.35257
2 12 -9.35257
3 12 -9.35257
4 12 -9.35257
5 12 -9.35257
6 12 -9.35257
7 12 -9.35257
8 12 -9.35257
9 12 -9.35257
10 12 -9.35257
11 12 -9.35257
12 12 -9.35257
13 12 -9.35257
14 12 -9.35257
15 12 -9.35257
16 12 -9.35257
17 12 -9.35257
18 12 -9.35257
19 12 -9.35257
20 12 -9.35257
21 12 -9.35257
22 12 -9.35257
23 12 -9.35257
24 12 -9.35257
25 12 -9.35257
26 12 -9.35257
27 12 -9.35257
28 12 -9.35257
29 12 -9.35257
30 12 -9.35257
31 12 -9.35257
32 12 -9.35257
33 12 -9.35257
34 12 -9.35257
35 12 -9.35257
36 12 -9.35257
37 12 -9.35257
38 12 -9.35257
39 12 -9.35257
40 12 -9.35257
41 12 -9.35257
42 12 -9.35257
43 12 -9.35257
44 12 -9.35257
45 12 -9.35257
46 12 -9.35257
47 12 -9.35257
48 12 -9.35257
49 12 -9.35257
50 12 -9.35257
51 12 -9.35257
52 12 -9.35257
53 12 -9.35257
54 12 -9.35257
55 12 -9.35257
56 12 -9.35257
57 12 -9.35257
58 12 -9.35257
59 12 -9.35257
60 12 -9.35257
61 12 -9.35257
62 12 -9.35257
63 12 -9.35257
64 12 -9.35257
65 12 -9.35257
66 12 -9.35257
67 12 -9.35257
68 12 -9.35257
69 12 -9.35257
70 12 -9.35257
71 12 -9.35257
72 12 -9.35257
73 12 -9.35257
74 12 -9.35257
75 12 -9.35257
76 12 -9.35257
77 12 -9.35257
78 12 -9.35257
79 12 -9.35257
80 12 -9.35257
81 12 -9.35257
82 12 -9.35257
83 12 -9.35257
84 12 -9.35257
85 12 -9.35257
86 12 -9.35257
87 12 -9.35257
88 12 -9.35257
89 12 -9.35257
90 12 -9.35257
91 12 -9.35257
92 12 -9.35257
93 12 -9.35257
94 12 -9.35257
95 12 -9.35257
96 12 -9.35257
97 12 -9.35257
98 12 -9.35257
99 12 -9.35257
100 12 -9.35257
101 12 -9.35257
102 12 -9.35257
103 12 -9.35257
104 12 -9.35257
105 12 -9.35257
106 12 -9.35257
107 12 -9.35257
108 12 -9.35257
109 12 -9.35257
110 12 -9.35257
111 12 -9.35257
112 12 -9.35257
113 12 -9.35257
114 12 -9.35257
115 12 -9.35257
116 12 -9.35257
117 12 -9.35257
118 12 -9.35257
119 12 -9.35257
120 12 -9.35257
121 12 -9.35257
122 12 -9.35257
123 12 -9.35257
124 12 -9.35257
125 12 -9.35257
126 12 -9.35257
127 12 -9.35257
128 12 -9.35257
129 12 -9.35257
130 12 -9.35257
131 12 -9.35257
132 12 -9.35257
133 12 -9.35257
134 12 -9.35257
135 12 -9.35257
136 12 -9.35257
137 12 -9.35257
138 12 -9.35257
139 12 -9.35257
140 12 -9.35257
141 12 -9.35257
142 12 -9.35257
143 12 -9.35257
144 12 -9.35257
145 12 -9.35257
146 12 -9.35257
147 12 -9.35257
148 12 -9.35257
149 12 -9.35257
150 12 -9.35257
151 12 -9.35257
152 12 -9.35257
153 12 -9.35257
154 12 -9.35257
155 12 -9.35257
156 12 -9.35257
157 12 -9.35257
158 12 -9.35257
159 12 -9.35257
160 12 -9.35257
161 12 -9.35257
162 12 -9.35257
163 12 -9.35257
164 12 -9.35257
165 12 -9.35257
166 12 -9.35257
167 12 -9.35257
168 12 -9.35257
169 12 -9.35257
170 12 -9.35257
171 12 -9.35257
172 12 -9.35257
173 12 -9.35257
174 12 -9.35257
175 12 -9.35257
176 12 -9.35257
177 12 -9.35257
178 12 -9.35257
179 12 -9.35257
180 12 -9.35257
181 12 -9.35257
182 12 -9.35257
183 12 -9.35257
184 12 -9.35257
185 12 -9.35257
186 12 -9.35257
187 12 -9.35257
188 12 -9.35257
189 12 -9.35257
190 12 -9.35257
191 12 -9.35257
192 12 -9.35257
193 12 -9.35257
194 12 -9.35257
195 12 -9.35257
196 12 -9.35257
197 12 -9.35257
198 12 -9.35257
199 12 -9.35257
200 12 -9.35257
201 12 -9.35257
202 12 -9.35257
203 12 -9.35257
204 12 -9.35257
205 12 -9.35257
206 12 -9.35257
207 12 -9.35257
208 12 -9.35257
209 12 -9.35257
210 12 -9.35257
211 12 -9.35257
212 12 -9.35257
213 12 -9.35257
214 12 -9.35257
215 12 -9.35257
216 12 -9.35257
217 12 -9.35257
218 12 -9.35257
219 12 -9.35257
220 12 -9.35257
221 12 -9.35257
222 12 -9.35257
223 12 -9.35257
224 12 -9.35257
225 12 -9.35257
226 12 -9.35257
227 12 -9.35257
228 12 -9.35257
229 12 -9.35257
230 12 -9.35257
231 12 -9.35257
232 12 -9.35257
233 12 -9.35257
234 12 -9.35257
235 12 -9.35257
236 12 -9.35257
237 12 -9.35257
238 12 -9.35257
239 12 -9.35257
0 13 -9.35257
1 13 -9.35257
2 13 -9.35257
3 13 -9.35257
4 13 -9.35257
5 13 -9.35257
6 13 -9.35257
7 13 -9.35257
8 13 -9.35257
9 13 -9.35257
10 13 -9.35257
11 13 -9.35257
12 13 -9.35257
13 13 -9.35257
14 13 -9.35257
15 13 -9.35257
16 13 -9.35257
17 13 -9.35257
18 13 -9.35257
19 13 -9.35257
20 13 -9.35257
21 13 -9.35257
22 13 -9.35257
23 13 -9.35257
24 13 -9.35257
25 13 -9.35257
26 13 -9.35257
27 13 -9.35257
28 13 -9.35257
29 13 -9.35257
30 13 -9.35257
31 13 -9.35257
32 13 -9.35257
33 13 -9.35257
34 13 -9.35257
35 13 -9.35257
36 13 -9.35257
37 13 -9.35257
38 13 -9.35257
39 13 -9.35257
40 13 -9.35257
41 13 -9.35257
42 13 -9.35257
43 13 -9.35257
44 13 -9.35257
45 13 -9.35257
46 13 -9.35257
47 13 -9.35257
48 13 -9.35257
49 13 -9.35257
50 13 -9.35257
51 13 -9.35257
52 13 -9.35257
53 13 -9.35257
54 13 -9.35257
55 13 -9.35257
56 13 -9.35257
57 13 -9.35257
58 13 -9.35257
59 13 -9.35257
60 13 -9.35257
61 13 -9.35257
62 13 -9.35257
63 13 -9.35257
64 13 -9.35257
65 13 -9.35257
66 13 -9.35257
67 13 -9.35257
68 13 -9.35257
69 13 -9.35257
70 13 -9.35257
71 13 -9.35257
72 13 -9.35257
73 13 -9.35257
74 13 -9.35257
75 13 -9.35257
76 13 -9.35257
77 13 -9.35257
78 13 -9.35257
79 13 -9.35257
80 13 -9.35257
81 13 -9.35257
82 13 -9.35257
83 13 -9.35257
84 13 -9.35257
85 13 -9.35257
86 13 -9.35257
87 13 -9.35257
88 13 -9.35257
89 13 -9.35257
90 13 -9.35257
91 13 -9.35257
92 13 -9.35257
93 13 -9.35257
94 13 -9.35257
95 13 -9.35257
96 13 -9.35257
97 13 -9.35257
98 13 -9.35257
99 13 -9.35257
100 13 -9.35257
101 13 -9.35257
102 13 -9.35257
103 13 -9.35257
104 13 -9.35257
105 13 -9.35257
106 13 -9.35257
107 13 -9.35257
108 13 -9.35257
109 13 -9.35257
110 13 -9.35257
111 13 -9.35257
112 13 -9.35257
113 13 -9.35257
114 13 -9.35257
115 13 -9.35257
116 13 -9.35257
117 13 -9.35257
118 13 -9.35257
119 13 -9.35257
120 13 -9.35257
121 13 -9.35257
122 13 -9.35257
123 13 -9.35257
124 13 -9.35257
125 13 -9.35257
126 13 -9.35257
127 13 -9.35257
128 13 -9.35257
129 13 -9.35257
130 13 -9.35257
131 13 -9.35257
132 13 -9.35257
133 13 -9.35257
134 13 -9.35257
135 13 -9.35257
136 13 -9.35257
137 13 -9.35257
138 13 -9.35257
139 13 -9.35257
140 13 -9.35257
141 13 -9.35257
142 13 -9.35257
143 13 -9.35257
144 13 -9.35257
145 13 -9.35257
146 13 -9.35257
147 13 -9.35257
148 13 -9.35257
149 13 -9.35257
150 13 -9.35257
151 13 -9.35257
152 13 -9.35257
153 13 -9.35257
154 13 -9.35257
155 13 -9.35257
156 13 -9.35257
157 13 -9.35257
158 13 -9.35257
159 13 -9.35257
160 13 -9.35257
161 13 -9.35257
162 13 -9.35257
163 13 -9.35257
164 13 -9.35257
165 13 -9.35257
166 13 -9.35257
167 13 -9.35257
168 13 -9.35257
169 13 -9.35257
170 13 -9.35257
171 13 -9.35257
172 13 -9.35257
173 13 -9.35257
174 13 -9.35257
175 13 -9.35257
176 13 -9.35257
177 13 -9.35257
178 13 -9.35257
179 13 -9.35257
180 13 -9.35257
181 13 -9.35257
182 13 -9.35257
183 13 -9.35257
184 13 -9.35257
185 13 -9.35257
186 13 -9.35257
187 13 -9.35257
188 13 -9.35257
189 13 -9.35257
190 13 -9.35257
191 13 -9.35257
192 13 -9.35257
193 13 -9.35257
194 13 -9.35257
195 13 -9.35257
196 13 -9.35257
197 13 -9.35257
198 13 -9.35257
199 13 -9.35257
200 13 -9.35257
201 13 -9.35257
202 13 -9.35257
203 13 -9.35257
204 13 -9.35257
205 13 -9.35257
206 13 -9.35257
207 13 -9.35257
208 13 -9.35257
209 13 -9.35257
210 13 -9.35257
211 13 -9.35257
212 13 -9.35257
213 13 -9.35257
214 13 -9.35257
215 13 -9.35257
216 13 -9.35257
217 13 -9.35257
218 13 -9.35257
219 13 -9.35257
220 13 -9.35257
221 13 -9.35257
222 13 -9.35257
223 13 -9.35257
224 13 -9.35257
225 13 -9.35257
226 13 -9.35257
227 13 -9.35257
228 13 -9.35257
229 13 -9.35257
230 13 -9.35257
231 13 -9.35257
232 13 -9.35257
233 13 -9.35257
234 13 -9.35257
235 13 -9.35257
236 13 -9.35257
237 13 -9.35257
238 13 -9.35257
239 13 -9.35257
0 14 -9.35257
1 14 -9.35257
2 14 -9.35257
3 14 -9.35257
4 14 -9.35257
5 14 -9.35257
6 14 -9.35257
7 14 -9.35257
8 14 -9.35257
9 14 -9.35257
10 14 -9.35257
11 14 -9.35257
12 14 -9.35257
13 14 -9.35257
14 14 -9.35257
15 14 -9.35257
16 14 -9.35257
17 14 -9.35257
18 14 -9.35257
19 14 -9.35257
20 14 -9.35257
21 14 -9.35257
22 14 -9.35257
23 14 -9.35257
24 14 -9.35257
25 14 -9.35257
26 14 -9.35257
27 14 -9.35257
28 14 -9.35257
29 14 -9.35257
30 14 -9.35257
31 14 -9.35257
32 14 -9.35257
33 14 -9.35257
34 14 -9.35257
35 14 -9.35257
36 14 -9.35257
37 14 -9.35257
38 14 -9.35257
39 14 -9.35257
40 14 -9.35257
41 14 -9.35257
42 14 -9.35257
43 14 -9.35257
44 14 -9.35257
45 14 -9.35257
46 14 -9.35257
47 14 -9.35257
48 14 -9.35257
49 14 -9.35257
50 14 -9.35257
51 14 -9.35257
52 14 -9.35257
53 14 -9.35257
54 14 -9.35257
55 14 -9.35257
56 14 -9.35257
57 14 -9.35257
58 14 -9.35257
59 14 -9.35257
60 14 -9.35257
61 14 -9.35257
62 14 -9.35257
63 14 -9.35257
64 14 -9.35257
65 14 -9.35257
66 14 -9.35257
67 14 -9.35257
68 14 -9.35257
69 14 -9.35257
70 14 -9.35257
71 14 -9.35257
72 14 -9.35257
73 14 -9.35257
74 14 -9.35257
75 14 -9.35257
76 14 -9.35257
77 14 -9.35257
78 14 -9.35257
79 14 -9.35257
80 14 -9.35257
81 14 -9.35257
82 14 -9.35257
83 14 -9.35257
84 14 -9.35257
85 14 -9.35257
86 14 -9.35257
87 14 -9.35257
88 14 -9.35257
89 14 -9.35257
90 14 -9.35257
91 14 -9.35257
92 14 -9.35257
93 14 -9.35257
94 14 -9.35257
95 14 -9.35257
96 14 -9.35257
97 14 -9.35257
98 14 -9.35257
99 14 -9.35257
100 14 -9.35257
101 14 -9.35257
102 14 -9.35257
103 14 -9.35257
104 14 -9.35257
105 14 -9.35257
106 14 -9.35257
107 14 -9.35257
108 14 -9.35257
109 14 -9.35257
110 14 -9.35257
111 14 -9.35257
112 14 -9.35257
113 14 -9.35257
114 14 -9.35257
115 14 -9.35257
116 14 -9.35257
117 14 -9.35257
118 14 -9.35257
119 14 -9.35257
120 14 -9.35257
121 14 -9.35257
122 14 -9.35257
123 14 -9.35257
124 14 -9.35257
125 14 -9.35257
126 14 -9.35257
127 14 -9.35257
128 14 -9.35257
129 14 -9.35257
130 14 -9.35257
131 14 -9.35257
132 14 -9.35257
133 14 -9.35257
134 14 -9.35257
135 14 -9.35257
136 14 -9.35257
137 14 -9.35257
138 14 -9.35257
139 14 -9.35257
140 14 -9.35257
141 14 -9.35257
142 14 -9.35257
143 14 -9.35257
144 14 -9.35257
145 14 -9.35257
146 14 -9.35257
147 14 -9.35257
148 14 -9.35257
149 14 -9.35257
150 14 -9.35257
151 14 -9.35257
152 14 -9.35257
153 14 -9.35257
154 14 -9.35257
155 14 -9.35257
156 14 -9.35257
157 14 -9.35257
158 14 -9.35257
159 14 -9.35257
160 14 -9.35257
161 14 -9.35257
162 14 -9.35257
163 14 -9.35257
164 14 -9.35257
165 14 -9.35257
166 14 -9.35257
167 14 -9.35257
168 14 -9.35257
169 14 -9.35257
170 14 -9.35257
171 14 -9.35257
172 14 -9.35257
173 14 -9.35257
174 14 -9.35257
175 14 -9.35257
176 14 -9.35257
177 14 -9.35257
178 14 -9.35257
179 14 -9.35257
180 14 -9.35257
181 14 -9.35257
182 14 -9.35257
183 14 -9.35257
184 14 -9.35257
185 14 -9.35257
186 14 -9.35257
187 14 -9.35257
188 14 -9.35257
189 14 -9.35257
190 14 -9.35257
191 14 -9.35257
192 14 -9.35257
193 14 -9.35257
194 14 -9.35257
195 14 -9.35257
196 14 -9.35257
197 14 -9.35257
198 14 -9.35257
199 14 -9.35257
200 14 -9.35257
201 14 -9.35257
202 14 -9.35257
203 14 -9.35257
204 14 -9.35257
205 14 -9.35257
206 14 -9.35257
207 14 -9.35257
208 14 -9.35257
209 14 -9.35257
210 14 -9.35257
211 14 -9.35257
212 14 -9.35257
213 14 -9.35257
214 14 -9.35257
215 14 -9.35257
216 14 -9.35257
217 14 -9.35257
218 14 -9.35257
219 14 -9.35257
220 14 -9.35257
221 14 -9.35257
222 14 -9.35257
223 14 -9.35257
224 14 -9.35257
225 14 -9.35257
226 14 -9.35257
227 14 -9.35257
228 14 -9.35257
229 14 -9.35257
230 14 -9.35257
231 14 -9.35257
232 14 -9.35257
233 14 -9.35257
234 14 -9.35257
235 14 -9.35257
236 14 -9.35257
237 14 -9.35257
238 14 -9.35257
239 14 -9.35257
0 15 -9.35257
1 15 -9.35257
2 15 -9.35257
3 15 -9.35257
4 15 -9.35257
5 15 -9.35257
6 15 -9.35257
7 15 -9.35257
8 15 -9.35257
9 15 -9.35257
10 15 -9.35257
11 15 -9.35257
12 15 -9.35257
13 15 -9.35257
14 15 -9.35257
15 15 -9.35257
16 15 -9.35257
17 15 -9.35257
18 15 -9.35257
19 15 -9.35257
20 15 -9.35257
21 15 -9.35257
22 15 -9.35257
23 15 -9.35257
24 15 -9.35257
25 15 -9.35257
26 15 -9.35257
27 15 -9.35257
28 15 -9.35257
29 15 -9.35257
30 15 -9.35257
31 15 -9.35257
32 15 -9.35257
33 15 -9.35257
34 15 -9.35257
35 15 -9.35257
36 15 -9.35257
37 15 -9.35257
38 15 -9.35257
39 15 -9.35257
40 15 -9.35257
41 15 -9.35257
42 15 -9.35257
43 15 -9.35257
44 15 -9.35257
45 15 -9.35257
46 15 -9.35257
47 15 -9.35257
48 15 -9.35257
49 15 -9.35257
50 15 -9.35257
51 15 -9.35257
52 15 -9.35257
53 15 -9.35257
54 15 -9.35257
55 15 -9.35257
56 15 -9.35257
57 15 -9.35257
58 15 -9.35257
59 15 -9.35257
60 15 -9.35257
61 15 -9.35257
62 15 -9.35257
63 15 -9.35257
64 15 -9.35257
65 15 -9.35257
66 15 -9.35257
67 15 -9.35257
68 15 -9.35257
69 15 -9.35257
70 15 -9.35257
71 15 -9.35257
72 15 -9.35257
73 15 -9.35257
74 15 -9.35257
75 15 -9.35257
76 15 -9.35257
77 15 -9.35257
78 15 -9.35257
79 15 -9.35257
80 15 -9.35257
81 15 -9.35257
82 15 -9.35257
83 15 -9.35257
84 15 -9.35257
85 15 -9.35257
86 15 -9.35257
87 15 -9.35257
88 15 -9.35257
89 15 -9.35257
90 15 -9.35257
91 15 -9.35257
92 15 -9.35257
93 15 -9.35257
94 15 -9.35257
95 15 -9.35257
96 15 -9.35257
97 15 -9.35257
98 15 -9.35257
99 15 -9.35257
100 15 -9.35257
101 15 -9.35257
102 15 -9.35257
103 15 -9.35257
104 15 -9.35257
105 15 -9.35257
106 15 -9.35257
107 15 -9.35257
108 15 -9.35257
109 15 -9.35257
110 15 -9.35257
111 15 -9.35257
112 15 -9.35257
113 15 -9.35257
114 15 -9.35257
115 15 -9.35257
116 15 -9.35257
117 15 -9.35257
118 15 -9.35257
119 15 -9.35257
120 15 -9.35257
121 15 -9.35257
122 15 -9.35257
123 15 -9.35257
124 15 -9.35257
125 15 -9.35257
126 15 -9.35257
127 15 -9.35257
128 15 -9.35257
129 15 -9.35257
130 15 -9.35257
131 15 -9.35257
132 15 -9.35257
133 15 -9.35257
134 15 -9.35257
135 15 -9.35257
136 15 -9.35257
137 15 -9.35257
138 15 -9.35257
139 15 -9.35257
140 15 -9.35257
141 15 -9.35257
142 15 -9.35257
143 15 -9.35257
144 15 -9.35257
145 15 -9.35257
146 15 -9.35257
147 15 -9.35257
148 15 -9.35257
149 15 -9.35257
150 15 -9.35257
151 15 -9.35257
152 15 -9.35257
153 15 -9.35257
154 15 -9.35257
155 15 -9.35257
156 15 -9.35257
157 15 -9.35257
158 15 -9.35257
159 15 -9.35257
160 15 -9.35257
161 15 -9.35257
162 15 -9.35257
163 15 -9.35257
164 15 -9.35257
165 15 -9.35257
166 15 -9.35257
167 15 -9.35257
168 15 -9.35257
169 15 -9.35257
170 15 -9.35257
171 15 -9.35257
172 15 -9.35257
173 15 -9.35257
174 15 -9.35257
175 15 -9.35257
176 15 -9.35257
177 15 -9.35257
178 15 -9.35257
179 15 -9.35257
180 15 -9.35257
181 15 -9.35257
182 15 -9.35257
183 15 -9.35257
184 15 -9.35257
185 15 -9.35257
186 15 -9.35257
187 15 -9.35257
188 15 -9.35257
189 15 -9.35257
190 15 -9.35257
191 15 -9.35257
192 15 -9.35257
193 15 -9.35257
194 15 -9.35257
195 15 -9.35257
196 15 -9.35257
197 15 -9.35257
198 15 -9.35257
199 15 -9.35257
200 15 -9.35257
201 15 -9.35257
202 15 -9.35257
203 15 -9.35257
204 15 -9.35257
205 15 -9.35257
206 15 -9.35257
207 15 -9.35257
208 15 -9.35257
209 15 -9.35257
210 15 -9.35257
211 15 -9.35257
212 15 -9.35257
213 15 -9.35257
214 15 -9.35257
215 15 -9.35257
216 15 -9.35257
217 15 -9.35257
218 15 -9.35257
219 15 -9.35257
220 15 -9.35257
221 15 -9.35257
222 15 -9.35257
223 15 -9.35257
224 15 -9.35257
225 15 -9.35257
226 15 -9.35257
227 15 -9.35257
228 15 -9.35257
229 15 -9.35257
230 15 -9.35257
231 15 -9.35257
232 15 -9.35257
233 15 -9.35257
234 15 -9.35257
235 15 -9.35257
236 15 -9.35257
237 15 -9.35257
238 15 -9.35257
239 15 -9.35257
0 16 -9.35257
1 16 -9.35257
2 16 -9.35257
3 16 -9.35257
4 16 -9.35257
5 16 -9.35257
6 16 -9.35257
7 16 -9.35257
8 16 -9.35257
9 16 -9.35257
10 16 -9.35257
11 16 -9.35257
12 16 -9.35257
13 16 -9.35257
14 16 -9.35257
15 16 -9.35257
16 16 -9.35257
17 16 -9.35257
18 16 -9.35257
19 16 -9.35257
20 16 -9.35257
21 16 -9.35257
22 16 -9.35257
23 16 -9.35257
24 16 -9.35257
25 16 -9.35257
26 16 -9.35257
27 16 -9.35257
28 16 -9.35257
29 16 -9.35257
30 16 -9.35257
31 16 -9.35257
32 16 -9.35257
33 16 -9.35257
34 16 -9.35257
35 16 -9.35257
36 16 -9.35257
37 16 -9.35257
38 16 -9.35257
39 16 -9.35257
40 16 -9.35257
41 16 -9.35257
42 16 -9.35257
43 16 -9.35257
44 16 -9.35257
45 16 -9.35257
46 16 -9.35257
47 16 -9.35257
48 16 -9.35257
49 16 -9.35257
50 16 -9.35257
51 16 -9.35257
52 16 -9.35257
53 16 -9.35257
54 16 -9.35257
55 16 -9.35257
56 16 -9.35257
57 16 -9.35257
58 16 -9.35257
59 16 -9.35257
60 16 -9.35257
61 16 -9.35257
62 16 -9.35257
63 16 -9.35257
64 16 -9.35257
65 16 -9.35257
66 16 -9.35257
67 16 -9.35257
68 16 -9.35257
69 16 -9.35257
70 16 -9.35257
71 16 -9.35257
72 16 -9.35257
73 16 -9.35257
74 16 -9.35257
75 16 -9.35257
76 16 -9.35257
77 16 -9.35257
78 16 -9.35257
79 16 -9.35257
80 16 -9.35257
81 16 -9.35257
82 16 -9.35257
83 16 -9.35257
84 16 -9.35257
85 16 -9.35257
86 16 -9.35257
87 16 -9.35257
88 16 -9.35257
89 16 -9.35257
90 16 -9.35257
91 16 -9.35257
92 16 -9.35257
93 16 -9.35257
94 16 -9.35257
95 16 -9.35257
96 16 -9.35257
97 16 -9.35257
98 16 -9.35257
99 16 -9.35257
100 16 -9.35257
101 16 -9.35257
102 16 -9.35257
103 16 -9.35257
104 16 -9.35257
105 16 -9.35257
106 16 -9.35257
107 16 -9.35257
108 16 -9.35257
109 16 -9.35257
110 16 -9.35257
111 16 -9.35257
112 16 -9.35257
113 16 -9.35257
114 16 -9.35257
115 16 -9.35257
116 16 -9.35257
117 16 -9.35257
118 16 -9.35257
119 16 -9.35257
120 16 -9.35257
121 16 -9.35257
122 16 -9.35257
123 16 -9.35257
124 16 -9.35257
125 16 -9.35257
126 16 -9.35257
127 16 -9.35257
128 16 -9.35257
129 16 -9.35257
130 16 -9.35257
131 16 -9.35257
132 16 -9.35257
133 16 -9.35257
134 16 -9.35257
135 16 -9.35257
136 16 -9.35257
137 16 -9.35257
138 16 -9.35257
139 16 -9.35257
140 16 -9.35257
141 16 -9.35257
142 16 -9.35257
143 16 -9.35257
144 16 -9.35257
145 16 -9.35257
146 16 -9.35257
147 16 -9.35257
148 16 -9.35257
149 16 -9.35257
150 16 -9.35257
151 16 -9.35257
152 16 -9.35257
153 16 -9.35257
154 16 -9.35257
155 16 -9.35257
156 16 -9.35257
157 16 -9.35257
158 16 -9.35257
159 16 -9.35257
160 16 -9.35257
161 16 -9.35257
162 16 -9.35257
163 16 -9.35257
164 16 -9.35257
165 16 -9.35257
166 16 -9.35257
167 16 -9.35257
168 16 -9.35257
169 16 -9.35257
170 16 -9.35257
171 16 -9.35257
172 16 -9.35257
173 16 -9.35257
174 16 -9.35257
175 16 -9.35257
176 16 -9.35257
177 16 -9.35257
178 16 -9.35257
179 16 -9.35257
180 16 -9.35257
181 16 -9.35257
182 16 -9.35257
183 16 -9.35257
184 16 -9.35257
185 16 -9.35257
186 16 -9.35257
187 16 -9.35257
188 16 -9.35257
189 16 -9.35257
190 16 -9.35257
191 16 -9.35257
192 16 -9.35257
193 16 -9.35257
194 16 -9.35257
195 16 -9.35257
196 16 -9.35257
197 16 -9.35257
198 16 -9.35257
199 16 -9.35257
200 16 -9.35257
201 16 -9.35257
202 16 -9.35257
203 16 -9.35257
204 16 -9.35257
205 16 -9.35257
206 16 -9.35257
207 16 -9.35257
208 16 -9.35257
209 16 -9.35257
210 16 -9.35257
211 16 -9.35257
212 16 -9.35257
213 16 -9.35257
214 16 -9.35257
215 16 -9.35257
216 16 -9.35257
217 16 -9.35257
218 16 -9.35257
219 16 -9.35257
220 16 -9.35257
221 16 -9.35257
222 16 -9.35257
223 16 -9.35257
224 16 -9.35257
225 16 -9.35257
226 16 -9.35257
227 16 -9.35257
228 16 -9.35257
229 16 -9.35257
230 16 -9.35257
231 16 -9.35257
232 16 -9.35257
233 16 -9.35257
234 16 -9.35257
235 16 -9.35257
236 16 -9.35257
237 16 -9.35257
238 16 -9.35257
239 16 -9.35257
0 17 -9.35257
1 17 -9.35257
2 17 -9.35257
3 17 -9.35257
4 17 -9.35257
5 17 -9.35257
6 17 -9.35257
7 17 -9.35257
8 17 -9.35257
9 17 -9.35257
10 17 -9.35257
11 17 -9.35257
12 17 -9.35257
13 17 -9.35257
14 17 -9.35257
15 17 -9.35257
16 17 -9.35257
17 17 -9.35257
18 17 -9.35257
19 17 -9.35257
20 17 -9.35257
21 17 -9.35257
22 17 -9.35257
23 17 -9.35257
24 17 -9.35257
25 17 -9.35257
26 17 -9.35257
27 17 -9.35257
28 17 -9.35257
29 17 -9.35257
30 17 -9.35257
31 17 -9.35257
32 17 -9.35257
33 17 -9.35257
34 17 -9.35257
35 17 -9.35257
36 17 -9.35257
37 17 -9.35257
38 17 -9.35257
39 17 -9.35257
40 17 -9.35257
41 17 -9.35257
42 17 -9.35257
43 17 -9.35257
44 17 -9.35257
45 17 -9.35257
46 17 -9.35257
47 17 -9.35257
48 17 -9.35257
49 17 -9.35257
50 17 -9.35257
51 17 -9.35257
52 17 -9.35257
53 17 -9.35257
54 17 -9.35257
55 17 -9.35257
56 17 -9.35257
57 17 -9.35257
58 17 -9.35257
59 17 -9.35257
60 17 -9.35257
61 17 -9.35257
62 17 -9.35257
63 17 -9.35257
64 17 -9.35257
65 17 -9.35257
66 17 -9.35257
67 17 -9.35257
68 17 -9.35257
69 17 -9.35257
70 17 -9.35257
71 17 -9.35257
72 17 -9.35257
73 17 -9.35257
74 17 -9.35257
75 17 -9.35257
76 17 -9.35257
77 17 -9.35257
78 17 -9.35257
79 17 -9.35257
80 17 -9.35257
81 17 -9.35257
82 17 -9.35257
83 17 -9.35257
84 17 -9.35257
85 17 -9.35257
86 17 -9.35257
87 17 -9.35257
88 17 -9.35257
89 17 -9.35257
90 17 -9.35257
91 17 -9.35257
92 17 -9.35257
93 17 -9.35257
94 17 -9.35257
95 17 -9.35257
96 17 -9.35257
97 17 -9.35257
98 17 -9.35257
99 17 -9.35257
100 17 -9.35257
101 17 -9.35257
102 17 -9.35257
103 17 -9.35257
104 17 -9.35257
105 17 -9.35257
106 17 -9.35257
107 17 -9.35257
108 17 -9.35257
109 17 -9.35257
110 17 -9.35257
111 17 -9.35257
112 17 -9.35257
113 17 -9.35257
114 17 -9.35257
115 17 -9.35257
116 17 -9.35257
117 17 -9.35257
118 17 -9.35257
119 17 -9.35257
120 17 -9.35257
121 17 -9.35257
122 17 -9.35257
123 17 -9.35257
124 17 -9.35257
125 17 -9.35257
126 17 -9.35257
127 17 -9.35257
128 17 -9.35257
129 17 -9.35257
130 17 -9.35257
131 17 -9.35257
132 17 -9.35257
133 17 -9.35257
134 17 -9.35257
135 17 -9.35257
136 17 -9.35257
137 17 -9.35257
138 17 -9.35257
139 17 -9.35257
140 17 -9.35257
141 17 -9.35257
142 17 -9.35257
143 17 -9.35257
144 17 -9.35257
145 17 -9.35257
146 17 -9.35257
147 17 -9.35257
148 17 -9.35257
149 17 -9.35257
150 17 -9.35257
151 17 -9.35257
152 17 -9.35257
153 17 -9.35257
154 17 -9.35257
155 17 -9.35257
156 17 -9.35257
157 17 -9.35257
158 17 -9.35257
159 17 -9.35257
160 17 -9.35257
161 17 -9.35257
162 17 -9.35257
163 17 -9.35257
164 17 -9.35257
165 17 -9.35257
166 17 -9.35257
167 17 -9.35257
168 17 -9.35257
169 17 -9.35257
170 17 -9.35257
171 17 -9.35257
172 17 -9.35257
173 17 -9.35257
174 17 -9.35257
175 17 -9.35257
176 17 -9.35257
177 17 -9.35257
178 17 -9.35257
179 17 -9.35257
180 17 -9.35257
181 17 -9.35257
182 17 -9.35257
183 17 -9.35257
184 17 -9.35257
185 17 -9.35257
186 17 -9.35257
187 17 -9.35257
188 17 -9.35257
189 17 -9.35257
190 17 -9.35257
191 17 -9.35257
192 17 -9.35257
193 17 -9.35257
194 17 -9.35257
195 17 -9.35257
196 17 -9.35257
197 17 -9.35257
198 17 -9.35257
199 17 -9.35257
200 17 -9.35257
201 17 -9.35257
202 17 -9.35257
203 17 -9.35257
204 17 -9.35257
205 17 -9.35257
206 17 -9.35257
207 17 -9.35257
208 17 -9.35257
209 17 -9.35257
210 17 -9.35257
211 17 -9.35257
212 17 -9.35257
213 17 -9.35257
214 17 -9.35257
215 17 -9.35257
216 17 -9.35257
217 17 -9.35257
218 17 -9.35257
219 17 -9.35257
220 17 -9.35257
221 17 -9.35257
222 17 -9.35257
223 17 -9.35257
224 17 -9.35257
225 17 -9.35257
226 17 -9.35257
227 17 -9.35257
228 17 -9.35257
229 17 -9.35257
230 17 -9.35257
231 17 -9.35257
232 17 -9.35257
233 17 -9.35257
234 17 -9.35257
235 17 -9.35257
236 17 -9.35257
237 17 -9.35257
238 17 -9.35257
239 17 -9.35257
0 18 -9.35257
1 18 -9.35257
2 18 -9.35257
3 18 -9.35257
4 18 -9.35257
5 18 -9.35257
6 18 -9.35257
7 18 -9.35257
8 18 -9.35257
9 18 -9.35257
10 18 -9.35257
11 18 -9.35257
12 18 -9.35257
13 18 -9.35257
14 18 -9.35257
15 18 -9.35257
16 18 -9.35257
17 18 -9.35257
18 18 -9.35257
19 18 -9.35257
20 18 -9.35257
21 18 -9.35257
22 18 -9.35257
23 18 -9.35257
24 18 -9.35257
25 18 -9.35257
26 18 -9.35257
27 18 -9.35257
28 18 -9.35257
29 18 -9.35257
30 18 -9.35257
31 18 -9.35257
32 18 -9.35257
33 18 -9.35257
34 18 -9.35257
35 18 -9.35257
36 18 -9.35257
37 18 -9.35257
38 18 -9.35257
39 18 -9.35257
40 18 -9.35257
41 18 -9.35257
42 18 -9.35257
43 18 -9.35257
44 18 -9.35257
45 18 -9.35257
46 18 -9.35257
47 18 -9.35257
48 18 -9.35257
49 18 -9.35257
50 18 -9.35257
51 18 -9.35257
52 18 -9.35257
53 18 -9.35257
54 18 -9.35257
55 18 -9.35257
56 18 -9.35257
57 18 -9.35257
58 18 -9.35257
59 18 -9.35257
60 18 -9.35257
61 18 -9.35257
62 18 -9.35257
63 18 -9.35257
64 18 -9.35257
65 18 -9.35257
66 18 -9.35257
67 18 -9.35257
68 18 -9.35257
69 18 -9.35257
70 18 -9.35257
71 18 -9.35257
72 18 -9.35257
73 18 -9.35257
74 18 -9.35257
75 18 -9.35257
76 18 -9.35257
77 18 -9.35257
78 18 -9.35257
79 18 -9.35257
80 18 -9.35257
81 18 -9.35257
82 18 -9.35257
83 18 -9.35257
84 18 -9.35257
85 18 -9.35257
86 18 -9.35257
87 18 -9.35257
88 18 -9.35257
89 18 -9.35257
90 18 -9.35257
91 18 -9.35257
92 18 -9.35257
93 18 -9.35257
94 18 -9.35257
95 18 -9.35257
96 18 -9.35257
97 18 -9.35257
98 18 -9.35257
99 18 -9.35257
100 18 -9.35257
101 18 -9.35257
102 18 -9.35257
103 18 -9.35257
104 18 -9.35257
105 18 -9.35257
106 18 -9.35257
107 18 -9.35257
108 18 -9.35257
109 18 -9.35257
110 18 -9.35257
111 18 -9.35257
112 18 -9.35257
113 18 -9.35257
114 18 -9.35257
115 18 -9.35257
116 18 -9.35257
117 18 -9.35257
118 18 -9.35257
119 18 -9.35257
120 18 -9.35257
121 18 -9.35257
122 18 -9.35257
123 18 -9.35257
124 18 -9.35257
125 18 -9.35257
126 18 -9.35257
127 18 -9.35257
128 18 -9.35257
129 18 -9.35257
130 18 -9.35257
131 18 -9.35257
132 18 -9.35257
133 18 -9.35257
134 18 -9.35257
135 18 -9.35257
136 18 -9.35257
137 18 -9.35257
138 18 -9.35257
139 18 -9.35257
140 18 -9.35257
141 18 -9.35257
142 18 -9.35257
143 18 -9.35257
144 18 -9.35257
145 18 -9.35257
146 18 -9.35257
147 18 -9.35257
148 18 -9.35257
149 18 -9.35257
150 18 -9.35257
151 18 -9.35257
152 18 -9.35257
153 18 -9.35257
154 18 -9.35257
155 18 -9.35257
156 18 -9.35257
157 18 -9.35257
158 18 -9.35257
159 18 -9.35257
160 18 -9.35257
161 18 -9.35257
162 18 -9.35257
163 18 -9.35257
164 18 -9.35257
165 18 -9.35257
166 18 -9.35257
167 18 -9.35257
168 18 -9.35257
169 18 -9.35257
170 18 -9.35257
171 18 -9.35257
172 18 -9.35257
173 18 -9.35257
174 18 -9.35257
175 18 -9.35257
176 18 -9.35257
177 18 -9.35257
178 18 -9.35257
179 18 -9.35257
180 18 -9.35257
181 18 -9.35257
182 18 -9.35257
183 18 -9.35257
184 18 -9.35257
185 18 -9.35257
186 18 -9.35257
187 18 -9.35257
188 18 -9.35257
189 18 -9.35257
190 18 -9.35257
191 18 -9.35257
192 18 -9.35257
193 18 -9.35257
194 18 -9.35257
195 18 -9.35257
196 18 -9.35257
197 18 -9.35257
198 18 -9.35257
199 18 -9.35257
200 18 -9.35257
201 18 -9.35257
202 18 -9.35257
203 18 -9.35257
204 18 -9.35257
205 18 -9.35257
206 18 -9.35257
207 18 -9.35257
208 18 -9.35257
209 18 -9.35257
210 18 -9.35257
211 18 -9.35257
212 18 -9.35257
213 18 -9.35257
214 18 -9.35257
215 18 -9.35257
216 18 -9.35257
217 18 -9.35257
218 18 -9.35257
219 18 -9.35257
220 18 -9.35257
221 18 -9.35257
222 18 -9.35257
223 18 -9.35257
224 18 -9.35257
225 18 -9.35257
226 18 -9.35257
227 18 -9.35257
228 18 -9.35257
229 18 -9.35257
230 18 -9.35257
231 18 -9.35257
232 18 -9.35257
233 18 -9.35257
234 18 -9.35257
235 18 -9.35257
236 18 -9.35257
237 18 -9.35257
238 18 -9.35257
239 18 -9.35257
0 19 -9.35257
1 19 -9.35257
2 19 -9.35257
3 19 -9.35257
4 19 -9.35257
5 19 -9.35257
6 19 -9.35257
7 19 -9.35257
8 19 -9.35257
9 19 -9.35257
10 19 -9.35257
11 19 -9.35257
12 19 -9.35257
13 19 -9.35257
14 19 -9.35257
15 19 -9.35257
16 19 -9.35257
17 19 -9.35257
18 19 -9.35257
19 19 -9.35257
20 19 -9.35257
21 19 -9.35257
22 19 -9.35257
23 19 -9.35257
24 19 -9.35257
25 19 -9.35257
26 19 -9.35257
27 19 -9.35257
28 19 -9.35257
29 19 -9.35257
30 19 -9.35257
31 19 -9.35257
32 19 -9.35257
33 19 -9.35257
34 19 -9.35257
35 19 -9.35257
36 19 -9.35257
37 19 -9.35257
38 19 -9.35257
39 19 -9.35257
40 19 -9.35257
41 19 -9.35257
42 19 -9.35257
43 19 -9.35257
44 19 -9.35257
45 19 -9.35257
46 19 -9.35257
47 19 -9.35257
48 19 -9.35257
49 19 -9.35257
50 19 -9.35257
51 19 -9.35257
52 19 -9.35257
53 19 -9.35257
54 19 -9.35257
55 19 -9.35257
56 19 -9.35257
57 19 -9.35257
58 19 -9.35257
59 19 -9.35257
60 19 -9.35257
61 19 -9.35257
62 19 -9.35257
63 19 -9.35257
64 19 -9.35257
65 19 -9.35257
66 19 -9.35257
67 19 -9.35257
68 19 -9.35257
69 19 -9.35257
70 19 -9.35257
71 19 -9.35257
72 19 -9.35257
73 19 -9.35257
74 19 -9.35257
75 19 -9.35257
76 19 -9.35257
77 19 -9.35257
78 19 -9.35257
79 19 -9.35257
80 19 -9.35257
81 19 -9.35257
82 19 -9.35257
83 19 -9.35257
84 19 -9.35257
85 19 -9.35257
86 19 -9.35257
87 19 -9.35257
88 19 -9.35257
89 19 -9.35257
90 19 -9.35257
91 19 -9.35257
92 19 -9.35257
93 19 -9.35257
94 19 -9.35257
95 19 -9.35257
96 19 -9.35257
97 19 -9.35257
98 19 -9.35257
99 19 -9.35257
100 19 -9.35257
101 19 -9.35257
102 19 -9.35257
103 19 -9.35257
104 19 -9.35257
105 19 -9.35257
106 19 -9.35257
107 19 -9.35257
108 19 -9.35257
109 19 -9.35257
110 19 -9.35257
111 19 -9.35257
112 19 -9.35257
113 19 -9.35257
114 19 -9.35257
115 19 -9.35257
116 19 -9.35257
117 19 -9.35257
118 19 -9.35257
119 19 -9.35257
120 19 -9.35257
121 19 -9.35257
122 19 -9.35257
123 19 -9.35257
124 19 -9.35257
125 19 -9.35257
126 19 -9.35257
127 19 -9.35257
128 19 -9.35257
129 19 -9.35257
130 19 -9.35257
131 19 -9.35257
132 19 -9.35257
133 19 -9.35257
134 19 -9.35257
135 19 -9.35257
136 19 -9.35257
137 19 -9.35257
138 19 -9.35257
139 19 -9.35257
140 19 -9.35257
141 19 -9.35257
142 19 -9.35257
143 19 -9.35257
144 19 -9.35257
145 19 -9.35257
146 19 -9.35257
147 19 -9.35257
148 19 -9.35257
149 19 -9.35257
150 19 -9.35257
151 19 -9.35257
152 19 -9.35257
153 19 -9.35257
154 19 -9.35257
155 19 -9.35257
156 19 -9.35257
157 19 -9.35257
158 19 -9.35257
159 19 -9.35257
160 19 -9.35257
161 19 -9.35257
162 19 -9.35257
163 19 -9.35257
164 19 -9.35257
165 19 -9.35257
166 19 -9.35257
167 19 -9.35257
168 19 -9.35257
169 19 -9.35257
170 19 -9.35257
171 19 -9.35257
172 19 -9.35257
173 19 -9.35257
174 19 -9.35257
175 19 -9.35257
176 19 -9.35257
177 19 -9.35257
178 19 -9.35257
179 19 -9.35257
180 19 -9.35257
181 19 -9.35257
182 19 -9.35257
183 19 -9.35257
184 19 -9.35257
185 19 -9.35257
186 19 -9.35257
187 19 -9.35257
188 19 -9.35257
189 19 -9.35257
190 19 -9.35257
191 19 -9.35257
192 19 -9.35257
193 19 -9.35257
194 19 -9.35257
195 19 -9.35257
196 19 -9.35257
197 19 -9.35257
198 19 -9.35257
199 19 -9.35257
200 19 -9.35257
201 19 -9.35257
202 19 -9.35257
203 19 -9.35257
204 19 -9.35257
205 19 -9.35257
206 19 -9.35257
207 19 -9.35257
208 19 -9.35257
209 19 -9.35257
210 19 -9.35257
211 19 -9.35257
212 19 -9.35257
213 19 -9.35257
214 19 -9.35257
215 19 -9.35257
216 19 -9.35257
217 19 -9.35257
218 19 -9.35257
219 19 -9.35257
220 19 -9.35257
221 19 -9.35257
222 19 -9.35257
223 19 -9.35257
224 19 -9.35257
225 19 -9.35257
226 19 -9.35257
227 19 -9.35257
228 19 -9.35257
229 19 -9.35257
230 19 -9.35257
231 19 -9.35257
232 19 -9.35257
233 19 -9.35257
234 19 -9.35257
235 19 -9.35257
236 19 -9.35257
237 19 -9.35257
238 19 -9.35257
239 19 -9.35257
0 20 -9.35257
1 20 -9.35257
2 20 -9.35257
3 20 -9.35257
4 20 -9.35257
5 20 -9.35257
6 20 -9.35257
7 20 -9.35257
8 20 -9.35257
9 20 -9.35257
10 20 -9.35257
11 20 -9.35257
12 20 -9.35257
13 20 -9.35257
14 20 -9.35257
15 20 -9.35257
16 20 -9.35257
17 20 -9.35257
18 20 -9.35257
19 20 -9.35257
20 20 -9.35257
21 20 -9.35257
22 20 -9.35257
23 20 -9.35257
24 20 -9.35257
25 20 -9.35257
26 20 -9.35257
27 20 -9.35257
28 20 -9.35257
29 20 -9.35257
30 20 -9.35257
31 20 -9.35257
32 20 -9.35257
33 20 -9.35257
34 20 -9.35257
35 20 -9.35257
36 20 -9.35257
37 20 -9.35257
38 20 -9.35257
39 20 -9.35257
40 20 -9.35257
41 20 -9.35257
42 20 -9.35257
43 20 -9.35257
44 20 -9.35257
45 20 -9.35257
46 20 -9.35257
47 20 -9.35257
48 20 -9.35257
49 20 -9.35257
50 20 -9.35257
51 20 -9.35257
52 20 -9.35257
53 20 -9.35257
54 20 -9.35257
55 20 -9.35257
56 20 -9.35257
57 20 -9.35257
58 20 -9.35257
59 20 -9.35257
60 20 -9.35257
61 20 -9.35257
62 20 -9.35257
63 20 -9.35257
64 20 -9.35257
65 20 -9.35257
66 20 -9.35257
67 20 -9.35257
68 20 -9.35257
69 20 -9.35257
70 20 -9.35257
71 20 -9.35257
72 20 -9.35257
73 20 -9.35257
74 20 -9.35257
75 20 -9.35257
76 20 -9.35257
77 20 -9.35257
78 20 -9.35257
79 20 -9.35257
80 20 -9.35257
81 20 -9.35257
82 20 -9.35257
83 20 -9.35257
84 20 -9.35257
85 20 -9.35257
86 20 -9.35257
87 20 -9.35257
88 20 -9.35257
89 20 -9.35257
90 20 -9.35257
91 20 -9.35257
92 20 -9.35257
93 20 -9.35257
94 20 -9.35257
95 20 -9.35257
96 20 -9.35257
97 20 -9.35257
98 20 -9.35257
99 20 -9.35257
100 20 -9.35257
101 20 -9.35257
102 20 -9.35257
103 20 -9.35257
104 20 -9.35257
105 20 -9.35257
106 20 -9.35257
107 20 -9.35257
108 20 -9.35257
109 20 -9.35257
110 20 -9.35257
111 20 -9.35257
112 20 -9.35257
113 20 -9.35257
114 20 -9.35257
115 20 -9.35257
116 20 -9.35257
117 20 -9.35257
118 20 -9.35257
119 20 -9.35257
120 20 -9.35257
121 20 -9.35257
122 20 -9.35257
123 20 -9.35257
124 20 -9.35257
125 20 -9.35257
126 20 -9.35257
127 20 -9.35257
128 20 -9.35257
129 20 -9.35257
130 20 -9.35257
131 20 -9.35257
132 20 -9.35257
133 20 -9.35257
134 20 -9.35257
135 20 -9.35257
136 20 -9.35257
137 20 -9.35257
138 20 -9.35257
139 20 -9.35257
140 20 -9.35257
141 20 -9.35257
142 20 -9.35257
143 20 -9.35257
144 20 -9.35257
145 20 -9.35257
146 20 -9.35257
147 20 -9.35257
148 20 -9.35257
149 20 -9.35257
150 20 -9.35257
151 20 -9.35257
152 20 -9.35257
153 20 -9.35257
154 20 -9.35257
155 20 -9.35257
156 20 -9.35257
157 20 -9.35257
158 20 -9.35257
159 20 -9.35257
160 20 -9.35257
161 20 -9.35257
162 20 -9.35257
163 20 -9.35257
164 20 -9.35257
165 20 -9.35257
166 20 -9.35257
167 20 -9.35257
168 20 -9.35257
169 20 -9.35257
170 20 -9.35257
171 20 -9.35257
172 20 -9.35257
173 20 -9.35257
174 20 -9.35257
175 20 -9.35257
176 20 -9.35257
177 20 -9.35257
178 20 -9.35257
179 20 -9.35257
180 20 -9.35257
181 20 -9.35257
182 20 -9.35257
183 20 -9.35257
184 20 -9.35257
185 20 -9.35257
186 20 -9.35257
187 20 -9.35257
188 20 -9.35257
189 20 -9.35257
190 20 -9.35257
191 20 -9.35257
192 20 -9.35257
193 20 -9.35257
194 20 -9.35257
195 20 -9.35257
196 20 -9.35257
197 20 -9.35257
198 20 -9.35257
199 20 -9.35257
200 20 -9.35257
201 20 -9.35257
202 20 -9.35257
203 20 -9.35257
204 20 -9.35257
205 20 -9.35257
206 20 -9.35257
207 20 -9.35257
208 20 -9.35257
209 20 -9.35257
210 20 -9.35257
211 20 -9.35257
212 20 -9.35257
213 20 -9.35257
214 20 -9.35257
215 20 -9.35257
216 20 -9.35257
217 20 -9.35257
218 20 -9.35257
219 20 -9.35257
220 20 -9.35257
221 20 -9.35257
222 20 -9.35257
223 20 -9.35257
224 20 -9.35257
225 20 -9.35257
226 20 -9.35257
227 20 -9.35257
228 20 -9.35257
229 20 -9.35257
230 20 -9.35257
231 20 -9.35257
232 20 -9.35257
233 20 -9.35257
234 20 -9.35257
235 20 -9.35257
236 20 -9.35257
237 20 -9.35257
238 20 -9.35257
239 20 -9.35257
0 21 -9.35257
1 21 -9.35257
2 21 -9.35257
3 21 -9.35257
4 21 -9.35257
5 21 -9.35257
6 21 -9.35257
7 21 -9.35257
8 21 -9.35257
9 21 -9.35257
10 21 -9.35257
11 21 -9.35257
12 21 -9.35257
13 21 -9.35257
14 21 -9.35257
15 21 -9.35257
16 21 -9.35257
17 21 -9.35257
18 21 -9.35257
19 21 -9.35257
20 21 -9.35257
21 21 -9.35257
22 21 -9.35257
23 21 -9.35257
24 21 -9.35257
25 21 -9.35257
26 21 -9.35257
27 21 -9.35257
28 21 -9.35257
29 21 -9.35257
30 21 -9.35257
31 21 -9.35257
32 21 -9.35257
33 21 -9.35257
34 21 -9.35257
35 21 -9.35257
36 21 -9.35257
37 21 -9.35257
38 21 -9.35257
39 21 -9.35257
40 21 -9.35257
41 21 -9.35257
42 21 -9.35257
43 21 -9.35257
44 21 -9.35257
45 21 -9.35257
46 21 -9.35257
47 21 -9.35257
48 21 -9.35257
49 21 -9.35257
50 21 -9.35257
51 21 -9.35257
52 21 -9.35257
53 21 -9.35257
54 21 -9.35257
55 21 -9.35257
56 21 -9.35257
57 21 -9.35257
58 21 -9.35257
59 21 -9.35257
60 21 -9.35257
61 21 -9.35257
62 21 -9.35257
63 21 -9.35257
64 21 -9.35257
65 21 -9.35257
66 21 -9.35257
67 21 -9.35257
68 21 -9.35257
69 21 -9.35257
70 21 -9.35257
71 21 -9.35257
72 21 -9.35257
73 21 -9.35257
74 21 -9.35257
75 21 -9.35257
76 21 -9.35257
77 21 -9.35257
78 21 -9.35257
79 21 -9.35257
80 21 -9.35257
81 21 -9.35257
82 21 -9.35257
83 21 -9.35257
84 21 -9.35257
85 21 -9.35257
86 21 -9.35257
87 21 -9.35257
88 21 -9.35257
89 21 -9.35257
90 21 -9.35257
91 21 -9.35257
92 21 -9.35257
93 21 -9.35257
94 21 -9.35257
95 21 -9.35257
96 21 -9.35257
97 21 -9.35257
98 21 -9.35257
99 21 -9.35257
100 21 -9.35257
101 21 -9.35257
102 21 -9.35257
103 21 -9.35257
104 21 -9.35257
105 21 -9.35257
106 21 -9.35257
107 21 -9.35257
108 21 -9.35257
109 21 -9.35257
110 21 -9.35257
111 21 -9.35257
112 21 -9.35257
113 21 -9.35257
114 21 -9.35257
115 21 -9.35257
116 21 -9.35257
117 21 -9.35257
118 21 -9.35257
119 21 -9.35257
120 21 -9.35257
121 21 -9.35257
122 21 -9.35257
123 21 -9.35257
124 21 -9.35257
125 21 -9.35257
126 21 -9.35257
127 21 -9.35257
128 21 -9.35257
129 21 -9.35257
130 21 -9.35257
131 21 -9.35257
132 21 -9.35257
133 21 -9.35257
134 21 -9.35257
135 21 -9.35257
136 21 -9.35257
137 21 -9.35257
138 21 -9.35257
139 21 -9.35257
140 21 -9.35257
141 21 -9.35257
142 21 -9.35257
143 21 -9.35257
144 21 -9.35257
145 21 -9.35257
146 21 -9.35257
147 21 -9.35257
148 21 -9.35257
149 21 -9.35257
150 21 -9.35257
151 21 -9.35257
152 21 -9.35257
153 21 -9.35257
154 21 -9.35257
155 21 -9.35257
156 21 -9.35257
157 21 -9.35257
158 21 -9.35257
159 21 -9.35257
160 21 -9.35257
161 21 -9.35257
162 21 -9.35257
163 21 -9.35257
164 21 -9.35257
165 21 -9.35257
166 21 -9.35257
167 21 -9.35257
168 21 -9.35257
169 21 -9.35257
170 21 -9.35257
171 21 -9.35257
172 21 -9.35257
173 21 -9.35257
174 21 -9.35257
175 21 -9.35257
176 21 -9.35257
177 21 -9.35257
178 21 -9.35257
179 21 -9.35257
180 21 -9.35257
181 21 -9.35257
182 21 -9.35257
183 21 -9.35257
184 21 -9.35257
185 21 -9.35257
186 21 -9.35257
187 21 -9.35257
188 21 -9.35257
189 21 -9.35257
190 21 -9.35257
191 21 -9.35257
192 21 -9.35257
193 21 -9.35257
194 21 -9.35257
195 21 -9.35257
196 21 -9.35257
197 21 -9.35257
198 21 -9.35257
199 21 -9.35257
200 21 -9.35257
201 21 -9.35257
202 21 -9.35257
203 21 -9.35257
204 21 -9.35257
205 21 -9.35257
206 21 -9.35257
207 21 -9.35257
208 21 -9.35257
209 21 -9.35257
210 21 -9.35257
211 21 -9.35257
212 21 -9.35257
213 21 -9.35257
214 21 -9.35257
215 21 -9.35257
216 21 -9.35257
217 21 -9.35257
218 21 -9.35257
219 21 -9.35257
220 21 -9.35257
221 21 -9.35257
222 21 -9.35257
223 21 -9.35257
224 21 -9.35257
225 21 -9.35257
226 21 -9.35257
227 21 -9.35257
228 21 -9.35257
229 21 -9.35257
230 21 -9.35257
231 21 -9.35257
232 21 -9.35257
233 21 -9.35257
234 21 -9.35257
235 21 -9.35257
236 21 -9.35257
237 21 -9.35257
238 21 -9.35257
239 21 -9.35257
0 22 -9.35257
1 22 -9.35257
2 22 -9.35257
3 22 -9.35257
4 22 -9.35257
5 22 -9.35257
6 22 -9.35257
7 22 -9.35257
8 22 -9.35257
9 22 -9.35257
10 22 -9.35257
11 22 -9.35257
12 22 -9.35257
13 22 -9.35257
14 22 -9.35257
15 22 -9.35257
16 22 -9.35257
17 22 -9.35257
18 22 -9.35257
19 22 -9.35257
20 22 -9.35257
21 22 -9.35257
22 22 -9.35257
23 22 -9.35257
24 22 -9.35257
25 22 -9.35257
26 22 -9.35257
27 22 -9.35257
28 22 -9.35257
29 22 -9.35257
30 22 -9.35257
31 22 -9.35257
32 22 -9.35257
33 22 -9.35257
34 22 -9.35257
35 22 -9.35257
36 22 -9.35257
37 22 -9.35257
38 22 -9.35257
39 22 -9.35257
40 22 -9.35257
41 22 -9.35257
42 22 -9.35257
43 22 -9.35257
44 22 -9.35257
45 22 -9.35257
46 22 -9.35257
47 22 -9.35257
48 22 -9.35257
49 22 -9.35257
50 22 -9.35257
51 22 -9.35257
52 22 -9.35257
53 22 -9.35257
54 22 -9.35257
55 22 -9.35257
56 22 -9.35257
57 22 -9.35257
58 22 -9.35257
59 22 -9.35257
60 22 -9.35257
61 22 -9.35257
62 22 -9.35257
63 22 -9.35257
64 22 -9.35257
65 22 -9.35257
66 22 -9.35257
67 22 -9.35257
68 22 -9.35257
69 22 -9.35257
70 22 -9.35257
71 22 -9.35257
72 22 -9.35257
73 22 -9.35257
74 22 -9.35257
75 22 -9.35257
76 22 -9.35257
77 22 -9.35257
78 22 -9.35257
79 22 -9.35257
80 22 -9.35257
81 22 -9.35257
82 22 -9.35257
83 22 -9.35257
84 22 -9.35257
85 22 -9.35257
86 22 -9.35257
87 22 -9.35257
88 22 -9.35257
89 22 -9.35257
90 22 -9.35257
91 22 -9.35257
92 22 -9.35257
93 22 -9.35257
94 22 -9.35257
95 22 -9.35257
96 22 -9.35257
97 22 -9.35257
98 22 -9.35257
99 22 -9.35257
100 22 -9.35257
101 22 -9.35257
102 22 -9.35257
103 22 -9.35257
104 22 -9.35257
105 22 -9.35257
106 22 -9.35257
107 22 -9.35257
108 22 -9.35257
109 22 -9.35257
110 22 -9.35257
111 22 -9.35257
112 22 -9.35257
113 22 -9.35257
114 22 -9.35257
115 22 -9.35257
116 22 -9.35257
117 22 -9.35257
118 22 -9.35257
119 22 -9.35257
120 22 -9.35257
121 22 -9.35257
122 22 -9.35257
123 22 -9.35257
124 22 -9.35257
125 22 -9.35257
126 22 -9.35257
127 22 -9.35257
128 22 -9.35257
129 22 -9.35257
130 22 -9.35257
131 22 -9.35257
132 22 -9.35257
133 22 -9.35257
134 22 -9.35257
135 22 -9.35257
136 22 -9.35257
137 22 -9.35257
138 22 -9.35257
139 22 -9.35257
140 22 -9.35257
141 22 -9.35257
142 22 -9.35257
143 22 -9.35257
144 22 -9.35257
145 22 -9.35257
146 22 -9.35257
147 22 -9.35257
148 22 -9.35257
149 22 -9.35257
150 22 -9.35257
151 22 -9.35257
152 22 -9.35257
153 22 -9.35257
154 22 -9.35257
155 22 -9.35257
156 22 -9.35257
157 22 -9.35257
158 22 -9.35257
159 22 -9.35257
160 22 -9.35257
161 22 -9.35257
162 22 -9.35257
163 22 -9.35257
164 22 -9.35257
165 22 -9.35257
166 22 -9.35257
167 22 -9.35257
168 22 -9.35257
169 22 -9.35257
170 22 -9.35257
171 22 -9.35257
172 22 -9.35257
173 22 -9.35257
174 22 -9.35257
175 22 -9.35257
176 22 -9.35257
177 22 -9.35257
178 22 -9.35257
179 22 -9.35257
180 22 -9.35257
181 22 -9.35257
182 22 -9.35257
183 22 -9.35257
184 22 -9.35257
185 22 -9.35257
186 22 -9.35257
187 22 -9.35257
188 22 -9.35257
189 22 -9.35257
190 22 -9.35257
191 22 -9.35257
192 22 -9.35257
193 22 -9.35257
194 22 -9.35257
195 22 -9.35257
196 22 -9.35257
197 22 -9.35257
198 22 -9.35257
199 22 -9.35257
200 22 -9.35257
201 22 -9.35257
202 22 -9.35257
203 22 -9.35257
204 22 -9.35257
205 22 -9.35257
206 22 -9.35257
207 22 -9.35257
208 22 -9.35257
209 22 -9.35257
210 22 -9.35257
211 22 -9.35257
212 22 -9.35257
213 22 -9.35257
214 22 -9.35257
215 22 -9.35257
216 22 -9.35257
217 22 -9.35257
218 22 -9.35257
219 22 -9.35257
220 22 -9.35257
221 22 -9.35257
222 22 -9.35257
223 22 -9.35257
224 22 -9.35257
225 22 -9.35257
226 22 -9.35257
227 22 -9.35257
228 22 -9.35257
229 22 -9.35257
230 22 -9.35257
231 22 -9.35257
232 22 -9.35257
233 22 -9.35257
234 22 -9.35257
235 22 -9.35257
236 22 -9.35257
237 22 -9.35257
238 22 -9.35257
239 22 -9.35257
0 23 -9.35257
1 23 -9.35257
2 23 -9.35257
3 23 -9.35257
4 23 -9.35257
5 23 -9.35257
6 23 -9.35257
7 23 -9.35257
8 23 -9.35257
9 23 -9.35257
10 23 -9.35257
11 23 -9.35257
12 23 -9.35257
13 23 -9.35257
14 23 -9.35257
15 23 -9.35257
16 23 -9.35257
17 23 -9.35257
18 23 -9.35257
19 23 -9.35257
20 23 -9.35257
21 23 -9.35257
22 23 -9.35257
23 23 -9.35257
24 23 -9.35257
25 23 -9.35257
26 23 -9.35257
27 23 -9.35257
28 23 -9.35257
29 23 -9.35257
30 23 -9.35257
31 23 -9.35257
32 23 -9.35257
33 23 -9.35257
34 23 -9.35257
35 23 -9.35257
36 23 -9.35257
37 23 -9.35257
38 23 -9.35257
39 23 -9.35257
40 23 -9.35257
41 23 -9.35257
42 23 -9.35257
43 23 -9.35257
44 23 -9.35257
45 23 -9.35257
46 23 -9.35257
47 23 -9.35257
48 23 -9.35257
49 23 -9.35257
50 23 -9.35257
51 23 -9.35257
52 23 -9.35257
53 23 -9.35257
54 23 -9.35257
55 23 -9.35257
56 23 -9.35257
57 23 -9.35257
58 23 -9.35257
59 23 -9.35257
60 23 -9.35257
61 23 -9.35257
62 23 -9.35257
63 23 -9.35257
64 23 -9.35257
65 23 -9.35257
66 23 -9.35257
67 23 -9.35257
68 23 -9.35257
69 23 -9.35257
70 23 -9.35257
71 23 -9.35257
72 23 -9.35257
73 23 -9.35257
74 23 -9.35257
75 23 -9.35257
76 23 -9.35257
77 23 -9.35257
78 23 -9.35257
79 23 -9.35257
80 23 -9.35257
81 23 -9.35257
82 23 -9.35257
83 23 -9.35257
84 23 -9.35257
85 23 -9.35257
86 23 -9.35257
87 23 -9.35257
88 23 -9.35257
89 23 -9.35257
90 23 -9.35257
91 23 -9.35257
92 23 -9.35257
93 23 -9.35257
94 23 -9.35257
95 23 -9.35257
96 23 -9.35257
97 23 -9.35257
98 23 -9.35257
99 23 -9.35257
100 23 -9.35257
101 23 -9.35257
102 23 -9.35257
103 23 -9.35257
104 23 -9.35257
105 23 -9.35257
106 23 -9.35257
107 23 -9.35257
108 23 -9.35257
109 23 -9.35257
110 23 -9.35257
111 23 -9.35257
112 23 -9.35257
113 23 -9.35257
114 23 -9.35257
115 23 -9.35257
116 23 -9.35257
117 23 -9.35257
118 23 -9.35257
119 23 -9.35257
120 23 -9.35257
121 23 -9.35257
122 23 -9.35257
123 23 -9.35257
124 23 -9.35257
125 23 -9.35257
126 23 -9.35257
127 23 -9.35257
128 23 -9.35257
129 23 -9.35257
130 23 -9.35257
131 23 -9.35257
132 23 -9.35257
133 23 -9.35257
134 23 -9.35257
135 23 -9.35257
136 23 -9.35257
137 23 -9.35257
138 23 -9.35257
139 23 -9.35257
140 23 -9.35257
141 23 -9.35257
142 23 -9.35257
143 23 -9.35257
144 23 -9.35257
145 23 -9.35257
146 23 -9.35257
147 23 -9.35257
148 23 -9.35257
149 23 -9.35257
150 23 -9.35257
151 23 -9.35257
152 23 -9.35257
153 23 -9.35257
154 23 -9.35257
155 23 -9.35257
156 23 -9.35257
157 23 -9.35257
158 23 -9.35257
159 23 -9.35257
160 23 -9.35257
161 23 -9.35257
162 23 -9.35257
163 23 -9.35257
164 23 -9.35257
165 23 -9.35257
166 23 -9.35257
167 23 -9.35257
168 23 -9.35257
169 23 -9.35257
170 23 -9.35257
171 23 -9.35257
172 23 -9.35257
173 23 -9.35257
174 23 -9.35257
175 23 -9.35257
176 23 -9.35257
177 23 -9.35257
178 23 -9.35257
179 23 -9.35257
180 23 -9.35257
181 23 -9.35257
182 23 -9.35257
183 23 -9.35257
184 23 -9.35257
185 23 -9.35257
186 23 -9.35257
187 23 -9.35257
188 23 -9.35257
189 23 -9.35257
190 23 -9.35257
191 23 -9.35257
192 23 -9.35257
193 23 -9.35257
194 23 -9.35257
195 23 -9.35257
196 23 -9.35257
197 23 -9.35257
198 23 -9.35257
199 23 -9.35257
200 23 -9.35257
201 23 -9.35257
202 23 -9.35257
203 23 -9.35257
204 23 -9.35257
205 23 -9.35257
206 23 -9.35257
207 23 -9.35257
208 23 -9.35257
209 23 -9.35257
210 23 -9.35257
211 23 -9.35257
212 23 -9.35257
213 23 -9.35257
214 23 -9.35257
215 23 -9.35257
216 23 -9.35257
217 23 -9.35257
218 23 -9.35257
219 23 -9.35257
220 23 -9.35257
221 23 -9.35257
222 23 -9.35257
223 23 -9.35257
224 23 -9.35257
225 23 -9.35257
226 23 -9.35257
227 23 -9.35257
228 23 -9.35257
229 23 -9.35257
230 23 -9.35257
231 23 -9.35257
232 23 -9.35257
233 23 -9.35257
234 23 -9.35257
235 23 -9.35257
236 23 -9.35257
237 23 -9.35257
238 23 -9.35257
239 23 -9.35257
0 24 -9.35257
1 24 -9.35257
2 24 -9.35257
3 24 -9.35257
4 24 -9.35257
5 24 -9.35257
6 24 -9.35257
7 24 -9.35257
8 24 -9.35257
9 24 -9.35257
10 24 -9.35257
11 24 -9.35257
12 24 -9.35257
13 24 -9.35257
14 24 -9.35257
15 24 -9.35257
16 24 -9.35257
17 24 -9.35257
18 24 -9.35257
19 24 -9.35257
20 24 -9.35257
21 24 -9.35257
22 24 -9.35257
23 24 -9.35257
24 24 -9.35257
25 24 -9.35257
26 24 -9.35257
27 24 -9.35257
28 24 -9.35257
29 24 -9.35257
30 24 -9.35257
31 24 -9.35257
32 24 -9.35257
33 24 -9.35257
34 24 -9.35257
35 24 -9.35257
36 24 -9.35257
37 24 -9.35257
38 24 -9.35257
39 24 -9.35257
40 24 -9.35257
41 24 -9.35257
42 24 -9.35257
43 24 -9.35257
44 24 -9.35257
45 24 -9.35257
46 24 -9.35257
47 24 -9.35257
48 24 -9.35257
49 24 -9.35257
50 24 -9.35257
51 24 -9.35257
52 24 -9.35257
53 24 -9.35257
54 24 -9.35257
55 24 -9.35257
56 24 -9.35257
57 24 -9.35257
58 24 -9.35257
59 24 -9.35257
60 24 -9.35257
61 24 -9.35257
62 24 -9.35257
63 24 -9.35257
64 24 -9.35257
65 24 -9.35257
66 24 -9.35257
67 24 -9.35257
68 24 -9.35257
69 24 -9.35257
70 24 -9.35257
71 24 -9.35257
72 24 -9.35257
73 24 -9.35257
74 24 -9.35257
75 24 -9.35257
76 24 -9.35257
77 24 -9.35257
78 24 -9.35257
79 24 -9.35257
80 24 -9.35257
81 24 -9.35257
82 24 -9.35257
83 24 -9.35257
84 24 -9.35257
85 24 -9.35257
86 24 -9.35257
87 24 -9.35257
88 24 -9.35257
89 24 -9.35257
90 24 -9.35257
91 24 -9.35257
92 24 -9.35257
93 24 -9.35257
94 24 -9.35257
95 24 -9.35257
96 24 -9.35257
97 24 -9.35257
98 24 -9.35257
99 24 -9.35257
100 24 -9.35257
101 24 -9.35257
102 24 -9.35257
103 24 -9.35257
104 24 -9.35257
105 24 -9.35257
106 24 -9.35257
107 24 -9.35257
108 24 -9.35257
109 24 -9.35257
110 24 -9.35257
111 24 -9.35257
112 24 -9.35257
113 24 -9.35257
114 24 -9.35257
115 24 -9.35257
116 24 -9.35257
117 24 -9.35257
118 24 -9.35257
119 24 -9.35257
120 24 -9.35257
121 24 -9.35257
122 24 -9.35257
123 24 -9.35257
124 24 -9.35257
125 24 -9.35257
126 24 -9.35257
127 24 -9.35257
128 24 -9.35257
129 24 -9.35257
130 24 -9.35257
131 24 -9.35257
132 24 -9.35257
133 24 -9.35257
134 24 -9.35257
135 24 -9.35257
136 24 -9.35257
137 24 -9.35257
138 24 -9.35257
139 24 -9.35257
140 24 -9.35257
141 24 -9.35257
142 24 -9.35257
143 24 -9.35257
144 24 -9.35257
145 24 -9.35257
146 24 -9.35257
147 24 -9.35257
148 24 -9.35257
149 24 -9.35257
150 24 -9.35257
151 24 -9.35257
152 24 -9.35257
153 24 -9.35257
154 24 -9.35257
155 24 -9.35257
156 24 -9.35257
157 24 -9.35257
158 24 -9.35257
159 24 -9.35257
160 24 -9.35257
161 24 -9.35257
162 24 -9.35257
163 24 -9.35257
164 24 -9.35257
165 24 -9.35257
166 24 -9.35257
167 24 -9.35257
168 24 -9.35257
169 24 -9.35257
170 24 -9.35257
171 24 -9.35257
172 24 -9.35257
173 24 -9.35257
174 24 -9.35257
175 24 -9.35257
176 24 -9.35257
177 24 -9.35257
178 24 -9.35257
179 24 -9.35257
180 24 -9.35257
181 24 -9.35257
182 24 -9.35257
183 24 -9.35257
184 24 -9.35257
185 24 -9.35257
186 24 -9.35257
187 24 -9.35257
188 24 -9.35257
189 24 -9.35257
190 24 -9.35257
191 24 -9.35257
192 24 -9.35257
193 24 -9.35257
194 24 -9.35257
195 24 -9.35257
196 24 -9.35257
197 24 -9.35257
198 24 -9.35257
199 24 -9.35257
200 24 -9.35257
201 24 -9.35257
202 24 -9.35257
203 24 -9.35257
204 24 -9.35257
205 24 -9.35257
206 24 -9.35257
207 24 -9.35257
208 24 -9.35257
209 24 -9.35257
210 24 -9.35257
211 24 -9.35257
212 24 -9.35257
213 24 -9.35257
214 24 -9.35257
215 24 -9.35257
216 24 -9.35257
217 24 -9.35257
218 24 -9.35257
219 24 -9.35257
220 24 -9.35257
221 24 -9.35257
222 24 -9.35257
223 24 -9.35257
224 24 -9.35257
225 24 -9.35257
226 24 -9.35257
227 24 -9.35257
228 24 -9.35257
229 24 -9.35257
230 24 -9.35257
231 24 -9.35257
232 24 -9.35257
233 24 -9.35257
234 24 -9.35257
235 24 -9.35257
236 24 -9.35257
237 24 -9.35257
238 24 -9.35257
239 24 -9.35257
0 25 -9.35257
1 25 -9.35257
2 25 -9.35257
3 25 -9.35257
4 25 -9.35257
5 25 -9.35257
6 25 -9.35257
7 25 -9.35257
8 25 -9.35257
9 25 -9.35257
10 25 -9.35257
11 25 -9.35257
12 25 -9.35257
13 25 -9.35257
14 25 -9.35257
15 25 -9.35257
16 25 -9.35257
17 25 -9.35257
18 25 -9.35257
19 25 -9.35257
20 25 -9.35257
21 25 -9.35257
22 25 -9.35257
23 25 -9.35257
24 25 -9.35257
25 25 -9.35257
26 25 -9.35257
27 25 -9.35257
28 25 -9.35257
29 25 -9.35257
30 25 -9.35257
31 25 -9.35257
32 25 -9.35257
33 25 -9.35257
34 25 -9.35257
35 25 -9.35257
36 25 -9.35257
37 25 -9.35257
38 25 -9.35257
39 25 -9.35257
40 25 -9.35257
41 25 -9.35257
42 25 -9.35257
43 25 -9.35257
44 25 -9.35257
45 25 -9.35257
46 25 -9.35257
47 25 -9.35257
48 25 -9.35257
49 25 -9.35257
50 25 -9.35257
51 25 -9.35257
52 25 -9.35257
53 25 -9.35257
54 25 -6.69209
55 25 -9.35257
56 25 -9.35257
57 25 -9.35257
58 25 -9.35257
59 25 -9.35257
60 25 -9.35257
61 25 -9.35257
62 25 -9.35257
63 25 -9.35257
64 25 -9.35257
65 25 -9.35257
66 25 -9.35257
67 25 -9.35257
68 25 -9.35257
69 25 -9.35257
70 25 -9.35257
71 25 -9.35257
72 25 -9.35257
73 25 -9.35257
74 25 -9.35257
75 25 -9.35257
76 25 -9.35257
77 25 -9.35257
78 25 -9.35257
79 25 -9.35257
80 25 -9.35257
81 25 -9.35257
82 25 -9.35257
83 25 -9.35257
84 25 -9.35257
85 25 -9.35257
86 25 -9.35257
87 25 -9.35257
88 25 -9.35257
89 25 -9.35257
90 25 -9.35257
91 25 -9.35257
92 25 -9.35257
93 25 -9.35257
94 25 -9.35257
95 25 -9.35257
96 25 -9.35257
97 25 -9.35257
98 25 -9.35257
99 25 -9.35257
100 25 -9.35257
101 25 -9.35257
102 25 -9.35257
103 25 -9.35257
104 25 -9.35257
105 25 -9.35257
106 25 -9.35257
107 25 -9.35257
108 25 -9.35257
109 25 -9.35257
110 25 -9.35257
111 25 -9.35257
112 25 -9.35257
113 25 -9.35257
114 25 -9.35257
115 25 -9.35257
116 25 -9.35257
117 25 -9.35257
118 25 -9.35257
119 25 -9.35257
120 25 -9.35257
121 25 -9.35257
122 25 -9.35257
123 25 -9.35257
124 25 -9.35257
125 25 -9.35257
126 25 -9.35257
127 25 -9.35257
128 25 -9.35257
129 25 -9.35257
130 25 -9.35257
131 25 -9.35257
132 25 -9.35257
133 25 -9.35257
134 25 -9.35257
135 25 -9.35257
136 25 -9.35257
137 25 -9.35257
138 25 -9.35257
139 25 -9.35257
140 25 -9.35257
141 25 -9.35257
142 25 -9.35257
143 25 -9.35257
144 25 -9.35257
145 25 -9.35257
146 25 -9.35257
147 25 -9.35257
148 25 -9.35257
149 25 -9.35257
150 25 -9.35257
151 25 -9.35257
152 25 -9.35257
153 25 -9.35257
154 25 -9.35257
155 25 -9.35257
156 25 -9.35257
157 25 -9.35257
158 25 -9.35257
159 25 -9.35257
160 25 -9.35257
161 25 -9.35257
162 25 -9.35257
163 25 -9.35257
164 25 -9.35257
165 25 -9.35257
166 25 -9.35257
167 25 -9.35257
168 25 -9.35257
169 25 -9.35257
170 25 -9.35257
171 25 -9.35257
172 25 -9.35257
173 25 -9.35257
174 25 -9.35257
175 25 -9.35257
176 25 -9.35257
177 25 -9.35257
178 25 -9.35257
179 25 -9.35257
180 25 -9.35257
181 25 -9.35257
182 25 -9.35257
183 25 -9.35257
184 25 -6.98352
185 25 -9.35257
186 25 -9.35257
187 25 -9.35257
188 25 -9.35257
189 25 -9.35257
190 25 -9.35257
191 25 -9.35257
192 25 -9.35257
193 25 -9.35257
194 25 -9.35257
195 25 -9.35257
196 25 -9.35257
197 25 -9.35257
198 25 -9.35257
199 25 -9.35257
200 25 -9.35257
201 25 -9.35257
202 25 -9.35257
203 25 -9.35257
204 25 -9.35257
205 25 -9.35257
206 25 -9.35257
207 25 -9.35257
208 25 -9.35257
209 25 -9.35257
210 25 -9.35257
211 25 -9.35257
212 25 -9.35257
213 25 -9.35257
214 25 -9.35257
215 25 -9.35257
216 25 -9.35257
217 25 -9.35257
218 25 -9.35257
219 25 -9.35257
220 25 -9.35257
221 25 -9.35257
222 25 -9.35257
223 25 -9.35257
224 25 -9.35257
225 25 -9.35257
226 25 -9.35257
227 25 -9.35257
228 25 -9.35257
229 25 -9.35257
230 25 -9.35257
231 25 -9.35257
232 25 -9.35257
233 25 -9.35257
234 25 -9.35257
235 25 -9.35257
236 25 -9.35257
237 25 -9.35257
238 25 -9.35257
239 25 -9.35257
0 26 -9.35257
1 26 -9.35257
2 26 -9.35257
3 26 -9.35257
4 26 -9.35257
5 26 -9.35257
6 26 -9.35257
7 26 -9.35257
8 26 -9.35257
9 26 -9.35257
10 26 -9.35257
11 26 -9.35257
12 26 -9.35257
13 26 -9.35257
14 26 -9.35257
15 26 -9.35257
16 26 -9.35257
17 26 -9.35257
18 26 -9.35257
19 26 -9.35257
20 26 -9.35257
21 26 -9.35257
22 26 -9.35257
23 26 -9.35257
24 26 -9.35257
25 26 -9.35257
26 26 -9.35257
27 26 -9.35257
28 26 -9.35257
29 26 -9.35257
30 26 -9.35257
31 26 -9.35257
32 26 -9.35257
33 26 -9.35257
34 26 -9.35257
35 26 -9.35257
36 26 -9.35257
37 26 -9.35257
38 26 -9.35257
39 26 -9.35257
40 26 -9.35257
41 26 -9.35257
42 26 -9.35257
43 26 -9.35257
44 26 -9.35257
45 26 -9.35257
46 26 -9.35257
47 26 -9.35257
48 26 -9.35257
49 26 -9.35257
50 26 -9.35257
51 26 -9.35257
52 26 -9.35257
53 26 -9.35257
54 26 -6.70286
55 26 -6.69843
56 26 -9.35257
57 26 -9.35257
58 26 -9.35257
59 26 -9.35257
60 26 -9.35257
61 26 -9.35257
62 26 -9.35257
63 26 -9.35257
64 26 -9.35257
65 26 -9.35257
66 26 -9.35257
67 26 -9.35257
68 26 -9.35257
69 26 -9.35257
70 26 -9.35257
71 26 -9.35257
72 26 -9.35257
73 26 -9.35257
74 26 -9.35257
75 26 -9.35257
76 26 -9.35257
77 26 -9.35257
78 26 -9.35257
79 26 -9.35257
80 26 -9.35257
81 26 -9.35257
82 26 -9.35257
83 26 -9.35257
84 26 -9.35257
85 26 -9.35257
86 26 -9.35257
87 26 -9.35257
88 26 -9.35257
89 26 -9.35257
90 26 -9.35257
91 26 -9.35257
92 26 -9.35257
93 26 -9.35257
94 26 -9.35257
95 26 -9.35257
96 26 -9.35257
97 26 -9.35257
98 26 -9.35257
99 26 -9.35257
100 26 -9.35257
101 26 -9.35257
102 26 -9.35257
103 26 -9.35257
104 26 -9.35257
105 26 -9.35257
106 26 -9.35257
107 26 -9.35257
108 26 -9.35257
109 26 -9.35257
110 26 -9.35257
111 26 -9.35257
112 26 -9.35257
113 26 -9.35257
114 26 -9.35257
115 26 -9.35257
116 26 -9.35257
117 26 -9.35257
118 26 -9.35257
119 26 -9.35257
120 26 -9.35257
121 26 -9.35257
122 26 -9.35257
123 26 -9.35257
124 26 -9.35257
125 26 -9.35257
126 26 -9.35257
127 26 -9.35257
128 26 -9.35257
129 26 -9.35257
130 26 -9.35257
131 26 -9.35257
132 26 -9.35257
133 26 -9.35257
134 26 -9.35257
135 26 -9.35257
136 26 -9.35257
137 26 -9.35257
138 26 -9.35257
139 26 -9.35257
140 26 -9.35257
141 26 -9.35257
142 26 -9.35257
143 26 -9.35257
144 26 -9.35257
145 26 -9.35257
146 26 -9.35257
147 26 -9.35257
148 26 -9.35257
149 26 -9.35257
150 26 -9.35257
151 26 -9.35257
152 26 -9.35257
153 26 -9.35257
154 26 -9.35257
155 26 -9.35257
156 26 -9.35257
157 26 -9.35257
158 26 -9.35257
159 26 -9.35257
160 26 -9.35257
161 26 -9.35257
162 26 -9.35257
163 26 -9.35257
164 26 -9.35257
165 26 -9.35257
166 26 -9.35257
167 26 -9.35257
168 26 -9.35257
169 26 -9.35257
170 26 -9.35257
171 26 -9.35257
172 26 -9.35257
173 26 -9.35257
174 26 -9.35257
175 26 -9.35257
176 26 -9.35257
177 26 -9.35257
178 26 -9.35257
179 26 -9.35257
180 26 -9.35257
181 26 -9.35257
182 26 -7.63829
183 26 -7.319
184 26 -7.17408
185 26 -9.35257
186 26 -9.35257
187 26 -9.35257
188 26 -9.35257
189 26 -9.35257
190 26 -9.35257
191 26 -9.35257
192 26 -9.35257
193 26 -9.35257
194 26 -9.35257
195 26 -9.35257
196 26 -9.35257
197 26 -9.35257
198 26 -9.35257
199 26 -9.35257
200 26 -9.35257
201 26 -9.35257
202 26 -9.35257
203 26 -9.35257
204 26 -9.35257
205 26 -9.35257
206 26 -9.35257
207 26 -9.35257
208 26 -9.35257
209 26 -9.35257
210 26 -9.35257
211 26 -9.35257
212 26 -9.35257
213 26 -9.35257
214 26 -9.35257
215 26 -9.35257
216 26 -9.35257
217 26 -9.35257
218 26 -9.35257
219 26 -9.35257
220 26 -9.35257
221 26 -9.35257
222 26 -9.35257
223 26 -9.35257
224 26 -9.35257
225 26 -9.35257
226 26 -9.35257
227 26 -9.35257
228 26 -9.35257
229 26 -9.35257
230 26 -9.35257
231 26 -9.35257
232 26 -9.35257
233 26 -9.35257
234 26 -9.35257
235 26 -9.35257
236 26 -9.35257
237 26 -9.35257
238 26 -9.35257
239 26 -9.35257
0 27 -9.35257
1 27 -9.35257
2 27 -9.35257
3 27 -9.35257
4 27 -9.35257
5 27 -9.35257
6 27 -9.35257
7 27 -9.35257
8 27 -9.35257
9 27 -9.35257
10 27 -9.35257
11 27 -9.35257
12 27 -9.35257
13 27 -9.35257
14 27 -9.35257
15 27 -9.35257
16 27 -9.35257
17 27 -9.35257
18 27 -9.35257
19 27 -9.35257
20 27 -9.35257
21 27 -9.35257
22 27 -9.35257
23 27 -9.35257
24 27 -9.35257
25 27 -9.35257
26 27 -9.35257
27 27 -9.35257
28 27 -9.35257
29 27 -9.35257
30 27 -9.35257
31 27 -9.35257
32 27 -9.35257
33 27 -9.35257
34 27 -9.35257
35 27 -9.35257
36 27 -9.35257
37 27 -9.35257
38 27 -9.35257
39 27 -9.35257
40 27 -9.35257
41 27 -9.35257
42 27 -9.35257
43 27 -9.35257
44 27 -9.35257
45 27 -9.35257
46 27 -9.35257
47 27 -9.35257
48 27 -9.35257
49 27 -9.35257
50 27 -9.35257
51 27 -9.35257
52 27 -9.35257
53 27 -9.35257
54 27 -9.35257
55 27 -6.51588
56 27 -6.71136
57 27 -6.75194
58 27 -9.35257
59 27 -9.35257
60 27 -9.35257
61 27 -9.35257
62 27 -9.35257
63 27 -9.35257
64 27 -9.35257
65 27 -9.35257
66 27 -9.35257
67 27 -9.35257
68 27 -9.35257
69 27 -9.35257
70 27 -9.35257
71 27 -9.35257
72 27 -9.35257
73 27 -9.35257
74 27 -9.35257
75 27 -9.35257
76 27 -9.35257
77 27 -9.35257
78 27 -9.35257
79 27 -9.35257
80 27 -9.35257
81 27 -9.35257
82 27 -9.35257
83 27 -9.35257
84 27 -9.35257
85 27 -9.35257
86 27 -9.35257
87 27 -9.35257
88 27 -9.35257
89 27 -9.35257
90 27 -9.35257
91 27 -9.35257
92 27 -9.35257
93 27 -9.35257
94 27 -9.35257
95 27 -9.35257
96 27 -9.35257
97 27 -9.35257
98 27 -9.35257
99 27 -9.35257
100 27 -9.35257
101 27 -9.35257
102 27 -9.35257
103 27 -9.35257
104 27 -9.35257
105 27 -9.35257
106 27 -9.35257
107 27 -9.35257
108 27 -9.35257
109 27 -9.35257
110 27 -9.35257
111 27 -9.35257
112 27 -9.35257
113 27 -9.35257
114 27 -9.35257
115 27 -9.35257
116 27 -9.35257
117 27 -9.35257
118 27 -9.35257
119 27 -9.35257
120 27 -9.35257
121 27 -9.35257
122 27 -9.35257
123 27 -9.35257
124 27 -9.35257
125 27 -9.35257
126 27 -9.35257
127 27 -9.35257
128 27 -9.35257
129 27 -9.35257
130 27 -9.35257
131 27 -9.35257
132 27 -9.35257
133 27 -9.35257
134 27 -9.35257
135 27 -9.35257
136 27 -9.35257
137 27 -9.35257
138 27 -9.35257
139 27 -9.35257
140 27 -9.35257
141 27 -9.35257
142 27 -9.35257
143 27 -9.35257
144 27 -9.35257
145 27 -9.35257
146 27 -9.35257
147 27 -9.35257
148 27 -9.35257
149 27 -9.35257
150 27 -9.35257
151 27 -9.35257
152 27 -9.35257
153 27 -9.35257
154 27 -9.35257
155 27 -9.35257
156 27 -9.35257
157 27 -9.35257
158 27 -9.35257
159 27 -9.35257
160 27 -9.35257
161 27 -9.35257
162 27 -9.35257
163 27 -9.35257
164 27 -9.35257
165 27 -9.35257
166 27 -9.35257
167 27 -9.35257
168 27 -9.35257
169 27 -9.35257
170 27 -9.35257
171 27 -9.35257
172 27 -9.35257
173 27 -9.35257
174 27 -9.35257
175 27 -9.35257
176 27 -9.35257
177 27 -9.35257
178 27 -9.35257
179 27 -9.35257
180 27 -8.00666
181 27 -7.79343
182 27 -7.44114
183 27 -7.16519
184 27 -7.28736
185 27 -9.35257
186 27 -9.35257
187 27 -9.35257
188 27 -9.35257
189 27 -9.35257
190 27 -9.35257
191 27 -9.35257
192 27 -9.35257
193 27 -9.35257
194 27 -9.35257
195 27 -9.35257
196 27 -9.35257
197 27 -9.35257
198 27 -9.35257
199 27 -9.35257
200 27 -9.35257
201 27 -9.35257
202 27 -9.35257
203 27 -9.35257
204 27 -9.35257
205 27 -9.35257
206 27 -9.35257
207 27 -9.35257
208 27 -9.35257
209 27 -9.35257
210 27 -9.35257
211 27 -9.35257
212 27 -9.35257
213 27 -9.35257
214 27 -9.35257
215 27 -9.35257
216 27 -9.35257
217 27 -9.35257
218 27 -9.35257
219 27 -9.35257
220 27 -9.35257
221 27 -9.35257
222 27 -9.35257
223 27 -9.35257
224 27 -9.35257
225 27 -9.35257
226 27 -9.35257
227 27 -9.35257
228 27 -9.35257
229 27 -9.35257
230 27 -9.35257
231 27 -9.35257
232 27 -9.35257
233 27 -9.35257
234 27 -9.35257
235 27 -9.35257
236 27 -9.35257
237 27 -9.35257
238 27 -9.35257
239 27 -9.35257
0 28 -9.35257
1 28 -9.35257
2 28 -9.35257
3 28 -9.35257
4 28 -9.35257
5 28 -9.35257
6 28 -9.35257
7 28 -9.35257
8 28 -9.35257
9 28 -9.35257
10 28 -9.35257
11 28 -9.35257
12 28 -9.35257
13 28 -9.35257
14 28 -9.35257
15 28 -9.35257
16 28 -9.35257
17 28 -9.35257
18 28 -9.35257
19 28 -9.35257
20 28 -9.35257
21 28 -9.35257
22 28 -9.35257
23 28 -9.35257
24 28 -9.35257
25 28 -9.35257
26 28 -9.35257
27 28 -9.35257
28 28 -9.35257
29 28 -9.35257
30 28 -9.35257
31 28 -9.35257
32 28 -9.35257
33 28 -9.35257
34 28 -9.35257
35 28 -9.35257
36 28 -9.35257
37 28 -9.35257
38 28 -9.35257
39 28 -9.35257
40 28 -9.35257
41 28 -9.35257
42 28 -9.35257
43 28 -9.35257
44 28 -9.35257
45 28 -9.35257
46 28 -9.35257
47 28 -9.35257
48 28 -9.35257
49 28 -9.35257
50 28 -9.35257
51 28 -9.35257
52 28 -9.35257
53 28 -9.35257
54 28 -9.35257
55 28 -6.72636
56 28 -6.48909
57 28 -6.56293
58 28 -6.75997
59 28 -6.79554
60 28 -9.35257
61 28 -9.35257
62 28 -9.35257
63 28 -9.35257
64 28 -9.35257
65 28 -9.35257
66 28 -9.35257
67 28 -9.35257
68 28 -9.35257
69 28 -9.35257
70 28 -9.35257
71 28 -9.35257
72 28 -9.35257
73 28 -9.35257
74 28 -9.35257
75 28 -9.35257
76 28 -9.35257
77 28 -9.35257
78 28 -9.35257
79 28 -9.35257
80 28 -9.35257
81 28 -9.35257
82 28 -9.35257
83 28 -9.35257
84 28 -9.35257
85 28 -9.35257
86 28 -9.35257
87 28 -9.35257
88 28 -9.35257
89 28 -9.35257
90 28 -9.35257
91 28 -9.35257
92 28 -9.35257
93 28 -9.35257
94 28 -9.35257
95 28 -9.35257
96 28 -9.35257
97 28 -9.35257
98 28 -9.35257
99 28 -9.35257
100 28 -9.35257
101 28 -9.35257
102 28 -9.35257
103 28 -9.35257
104 28 -9.35257
105 28 -9.35257
106 28 -9.35257
107 28 -9.35257
108 28 -9.35257
109 28 -9.35257
110 28 -9.35257
111 28 -9.35257
112 28 -9.35257
113 28 -9.35257
114 28 -9.35257
115 28 -9.35257
116 28 -9.35257
117 28 -9.35257
118 28 -9.35257
119 28 -9.35257
120 28 -9.35257
121 28 -9.35257
122 28 -9.35257
123 28 -9.35257
124 28 -9.35257
125 28 -9.35257
126 28 -9.35257
127 28 -9.35257
128 28 -9.35257
129 28 -9.35257
130 28 -9.35257
131 28 -9.35257
132 28 -9.35257
133 28 -9.35257
134 28 -9.35257
135 28 -9.35257
136 28 -9.35257
137 28 -9.35257
138 28 -9.35257
139 28 -9.35257
140 28 -9.35257
141 28 -9.35257
142 28 -9.35257
143 28 -9.35257
144 28 -9.35257
145 28 -9.35257
146 28 -9.35257
147 28 -9.35257
148 28 -9.35257
149 28 -9.35257
150 28 -9.35257
151 28 -9.35257
152 28 -9.35257
153 28 -9.35257
154 28 -9.35257
155 28 -9.35257
156 28 -9.35257
157 28 -9.35257
158 28 -9.35257
159 28 -9.35257
160 28 -9.35257
161 28 -9.35257
162 28 -9.35257
163 28 -9.35257
164 28 -9.35257
165 28 -9.35257
166 28 -9.35257
167 28 -9.35257
168 28 -9.35257
169 28 -9.35257
170 28 -9.35257
171 28 -9.35257
172 28 -9.35257
173 28 -9.35257
174 28 -9.35257
175 28 -9.35257
176 28 -9.35257
177 28 -9.35257
178 28 -8.17943
179 28 -8.00979
180 28 -7.75884
181 28 -7.54191
182 28 -7.29866
183 28 -7.19349
184 28 -7.34682
185 28 -9.35257
186 28 -9.35257
187 28 -9.35257
188 28 -9.35257
189 28 -9.35257
190 28 -9.35257
191 28 -9.35257
192 28 -9.35257
193 28 -9.35257
194 28 -9.35257
195 28 -9.35257
196 28 -9.35257
197 28 -9.35257
198 28 -9.35257
199 28 -9.35257
200 28 -9.35257
201 28 -9.35257
202 28 -9.35257
203 28 -9.35257
204 28 -9.35257
205 28 -9.35257
206 28 -9.35257
207 28 -9.35257
208 28 -9.35257
209 28 -9.35257
210 28 -9.35257
211 28 -9.35257
212 28 -9.35257
213 28 -9.35257
214 28 -9.35257
215 28 -9.35257
216 28 -9.35257
217 28 -9.35257
218 28 -9.35257
219 28 -9.35257
220 28 -9.35257
221 28 -9.35257
222 28 -9.35257
223 28 -9.35257
224 28 -9.35257
225 28 -9.35257
226 28 -9.35257
227 28 -9.35257
228 28 -9.35257
229 28 -9.35257
230 28 -9.35257
231 28 -9.35257
232 28 -9.35257
233 28 -9.35257
234 28 -9.35257
235 28 -9.35257
236 28 -9.35257
237 28 -9.35257
238 28 -9.35257
239 28 -9.35257
0 29 -9.35257
1 29 -9.35257
2 29 -9.35257
3 29 -9.35257
4 29 -9.35257
5 29 -9.35257
6 29 -9.35257
7 29 -9.35257
8 29 -9.35257
9 29 -9.35257
10 29 -9.35257
11 29 -9.35257
12 29 -9.35257
13 29 -9.35257
14 29 -9.35257
15 29 -9.35257
16 29 -9.35257
17 29 -9.35257
18 29 -9.35257
19 29 -9.35257
20 29 -9.35257
21 29 -9.35257
22 29 -9.35257
23 29 -9.35257
24 29 -9.35257
25 29 -9.35257
26 29 -9.35257
27 29 -9.35257
28 29 -9.35257
29 29 -9.35257
30 29 -9.35257
31 29 -9.35257
32 29 -9.35257
33 29 -9.35257
34 29 -9.35257
35 29 -9.35257
36 29 -9.35257
37 29 -9.35257
38 29 -9.35257
39 29 -9.35257
40 29 -9.35257
41 29 -9.35257
42 29 -9.35257
43 29 -9.35257
44 29 -9.35257
45 29 -9.35257
46 29 -9.35257
47 29 -9.35257
48 29 -9.35257
49 29 -9.35257
50 29 -9.35257
51 29 -9.35257
52 29 -9.35257
53 29 -9.35257
54 29 -9.35257
55 29 -6.84952
56 29 -6.57122
57 29 -6.36275
58 29 -6.54335
59 29 -6.59936
60 29 -6.77306
61 29 -6.80187
62 29 -9.35257
63 29 -9.35257
64 29 -9.35257
65 29 -9.35257
66 29 -9.35257
67 29 -9.35257
68 29 -9.35257
69 29 -9.35257
70 29 -9.35257
71 29 -9.35257
72 29 -9.35257
73 29 -9.35257
74 29 -9.35257
75 29 -9.35257
76 29 -9.35257
77 29 -9.35257
78 29 -9.35257
79 29 -9.35257
80 29 -9.35257
81 29 -9.35257
82 29 -9.35257
83 29 -9.35257
84 29 -9.35257
85 29 -9.35257
86 29 -9.35257
87 29 -9.35257
88 29 -9.35257
89 29 -9.35257
90 29 -9.35257
91 29 -9.35257
92 29 -9.35257
93 29 -9.35257
94 29 -9.35257
95 29 -9.35257
96 29 -9.35257
97 29 -9.35257
98 29 -9.35257
99 29 -9.35257
100 29 -9.35257
101 29 -9.35257
102 29 -9.35257
103 29 -9.35257
104 29 -9.35257
105 29 -9.35257
106 29 -9.35257
107 29 -9.35257
108 29 -9.35257
109 29 -9.35257
110 29 -9.35257
111 29 -9.35257
112 29 -9.35257
113 29 -9.35257
114 29 -9.35257
115 29 -9.35257
116 29 -9.35257
117 29 -9.35257
118 29 -9.35257
119 29 -9.35257
120 29 -9.35257
121 29 -9.35257
122 29 -9.35257
123 29 -9.35257
124 29 -9.35257
125 29 -9.35257
126 29 -9.35257
127 29 -9.35257
128 29 -9.35257
129 29 -9.35257
130 29 -9.35257
131 29 -9.35257
132 29 -9.35257
133 29 -9.35257
134 29 -9.35257
135 29 -9.35257
136 29 -9.35257
137 29 -9.35257
138 29 -9.35257
139 29 -9.35257
140 29 -9.35257
141 29 -9.35257
142 29 -9.35257
143 29 -9.35257
144 29 -9.35257
145 29 -9.35257
146 29 -9.35257
147 29 -9.35257
148 29 -9.35257
149 29 -9.35257
150 29 -9.35257
151 29 -9.35257
152 29 -9.35257
153 29 -9.35257
154 29 -9.35257
155 29 -9.35257
156 29 -9.35257
157 29 -9.35257
158 29 -9.35257
159 29 -9.35257
160 29 -9.35257
161 29 -9.35257
162 29 -9.35257
163 29 -9.35257
164 29 -9.35257
165 29 -9.35257
166 29 -9.35257
167 29 -9.35257
168 29 -9.35257
169 29 -9.35257
170 29 -9.35257
171 29 -9.35257
172 29 -9.35257
173 29 -9.35257
174 29 -9.35257
175 29 -9.35257
176 29 -8.26754
177 29 -8.11696
178 29 -7.90862
179 29 -7.72975
180 29 -7.55005
181 29 -7.38696
182 29 -7.27261
183 29 -7.3944
184 29 -9.35257
185 29 -9.35257
186 29 -9.35257
187 29 -9.35257
188 29 -9.35257
189 29 -9.35257
190 29 -9.35257
191 29 -9.35257
192 29 -9.35257
193 29 -9.35257
194 29 -9.35257
195 29 -9.35257
196 29 -9.35257
197 29 -9.35257
198 29 -9.35257
199 29 -9.35257
200 29 -9.35257
201 29 -9.35257
202 29 -9.35257
203 29 -9.35257
204 29 -9.35257
205 29 -9.35257
206 29 -9.35257
207 29 -9.35257
208 29 -9.35257
209 29 -9.35257
210 29 -9.35257
211 29 -9.35257
212 29 -9.35257
213 29 -9.35257
214 29 -9.35257
215 29 -9.35257
216 29 -9.35257
217 29 -9.35257
218 29 -9.35257
219 29 -9.35257
220 29 -9.35257
221 29 -9.35257
222 29 -9.35257
223 29 -9.35257
224 29 -9.35257
225 29 -9.35257
226 29 -9.35257
227 29 -9.35257
228 29 -9.35257
229 29 -9.35257
230 29 -9.35257
231 29 -9.35257
232 29 -9.35257
233 29 -9.35257
234 29 -9.35257
235 29 -9.35257
236 29 -9.35257
237 29 -9.35257
238 29 -9.35257
239 29 -9.35257
0 30 -9.35257
1 30 -9.35257
2 30 -9.35257
3 30 -9.35257
4 30 -9.35257
5 30 -9.35257
6 30 -9.35257
7 30 -9.35257
8 30 -9.35257
9 30 -9.35257
10 30 -9.35257
11 30 -9.35257
12 30 -9.35257
13 30 -9.35257
14 30 -9.35257
15 30 -9.35257
16 30 -9.35257
17 30 -9.35257
18 30 -9.35257
19 30 -9.35257
20 30 -9.35257
21 30 -9.35257
22 30 -9.35257
23 30 -9.35257
24 30 -9.35257
25 30 -9.35257
26 30 -9.35257
27 30 -9.35257
28 30 -9.35257
29 30 -9.35257
30 30 -9.35257
31 30 -9.35257
32 30 -9.35257
33 30 -9.35257
34 30 -9.35257
35 30 -9.35257
36 30 -9.35257
37 30 -9.35257
38 30 -9.35257
39 30 -9.35257
40 30 -9.35257
41 30 -9.35257
42 30 -9.35257
43 30 -9.35257
44 30 -9.35257
45 30 -9.35257
46 30 -9.35257
47 30 -9.35257
48 30 -9.35257
49 30 -9.35257
50 30 -9.35257
51 30 -9.35257
52 30 -9.35257
53 30 -9.35257
54 30 -9.35257
55 30 -6.9246
56 30 -6.5835
57 30 -6.18522
58 30 -6.27995
59 30 -6.38654
60 30 -6.54908
61 30 -6.6022
62 30 -6.77447
63 30 -6.80308
64 30 -9.35257
65 30 -9.35257
66 30 -9.35257
67 30 -9.35257
68 30 -9.35257
69 30 -9.35257
70 30 -9.35257
71 30 -9.35257
72 30 -9.35257
73 30 -9.35257
74 30 -9.35257
75 30 -9.35257
76 30 -9.35257
77 30 -9.35257
78 30 -9.35257
79 30 -9.35257
80 30 -9.35257
81 30 -9.35257
82 30 -9.35257
83 30 -9.35257
84 30 -9.35257
85 30 -9.35257
86 30 -9.35257
87 30 -9.35257
88 30 -9.35257
89 30 -9.35257
90 30 -9.35257
91 30 -9.35257
92 30 -9.35257
93 30 -9.35257
94 30 -9.35257
95 30 -9.35257
96 30 -9.35257
97 30 -9.35257
98 30 -9.35257
99 30 -9.35257
100 30 -9.35257
101 30 -9.35257
102 30 -9.35257
103 30 -9.35257
104 30 -9.35257
105 30 -9.35257
106 30 -9.35257
107 30 -9.35257
108 30 -9.35257
109 30 -9.35257
110 30 -9.35257
111 30 -9.35257
112 30 -9.35257
113 30 -9.35257
114 30 -9.35257
115 30 -9.35257
116 30 -9.35257
117 30 -9.35257
118 30 -9.35257
119 30 -9.35257
120 30 -9.35257
121 30 -9.35257
122 30 -9.35257
123 30 -9.35257
124 30 -9.35257
125 30 -9.35257
126 30 -9.35257
127 30 -9.35257
128 30 -9.35257
129 30 -9.35257
130 30 -9.35257
131 30 -9.35257
132 30 -9.35257
133 30 -9.35257
134 30 -9.35257
135 30 -9.35257
136 30 -9.35257
137 30 -9.35257
138 30 -9.35257
139 30 -9.35257
140 30 -9.35257
141 30 -9.35257
142 30 -9.35257
143 30 -9.35257
144 30 -9.35257
145 30 -9.35257
146 30 -9.35257
147 30 -9.35257
148 30 -9.35257
149 30 -9.35257
150 30 -9.35257
151 30 -9.35257
152 30 -9.35257
153 30 -9.35257
154 30 -9.35257
155 30 -9.35257
156 30 -9.35257
157 30 -9.35257
158 30 -9.35257
159 30 -9.35257
160 30 -9.35257
161 30 -9.35257
162 30 -9.35257
163 30 -9.35257
164 30 -9.35257
165 30 -9.35257
166 30 -9.35257
167 30 -9.35257
168 30 -9.35257
169 30 -9.35257
170 30 -9.35257
171 30 -9.35257
172 30 -9.35257
173 30 -9.35257
174 30 -8.31378
175 30 -8.17548
176 30 -7.98957
177 30 -7.82759
178 30 -7.65987
179 30 -7.49254
180 30 -7.32465
181 30 -7.18327
182 30 -7.26706
183 30 -7.44862
184 30 -9.35257
185 30 -9.35257
186 30 -9.35257
187 30 -9.35257
188 30 -9.35257
189 30 -9.35257
190 30 -9.35257
191 30 -9.35257
192 30 -9.35257
193 30 -9.35257
194 30 -9.35257
195 30 -9.35257
196 30 -9.35257
197 30 -9.35257
198 30 -9.35257
199 30 -9.35257
200 30 -9.35257
201 30 -9.35257
202 30 -9.35257
203 30 -9.35257
204 30 -9.35257
205 30 -9.35257
206 30 -9.35257
207 30 -9.35257
208 30 -9.35257
209 30 -9.35257
210 30 -9.35257
211 30 -9.35257
212 30 -9.35257
213 30 -9.35257
214 30 -9.35257
215 30 -9.35257
216 30 -9.35257
217 30 -9.35257
218 30 -9.35257
219 30 -9.35257
220 30 -9.35257
221 30 -9.35257
222 30 -9.35257
223 30 -9.35257
224 30 -9.35257
225 30 -9.35257
226 30 -9.35257
227 30 -9.35257
228 30 -9.35257
229 30 -9.35257
230 30 -9.35257
231 30 -9.35257
232 30 -9.35257
233 30 -9.35257
234 30 -9.35257
235 30 -9.35257
236 30 -9.35257
237 30 -9.35257
238 30 -9.35257
239 30 -9.35257
0 31 -9.35257
1 31 -9.35257
2 31 -9.35257
3 31 -9.35257
4 31 -9.35257
5 31 -9.35257
6 31 -9.35257
7 31 -9.35257
8 31 -9.35257
9 31 -9.35257
10 31 -9.35257
11 31 -9.35257
12 31 -9.35257
13 31 -9.35257
14 31 -9.35257
15 31 -9.35257
16 31 -9.35257
17 31 -9.35257
18 31 -9.35257
19 31 -9.35257
20 31 -9.35257
21 31 -9.35257
22 31 -9.35257
23 31 -9.35257
24 31 -9.35257
25 31 -9.35257
26 31 -9.35257
27 31 -9.35257
28 31 -9.35257
29 31 -9.35257
30 31 -9.35257
31 31 -9.35257
32 31 -9.35257
33 31 -9.35257
34 31 -9.35257
35 31 -9.35257
36 31 -9.35257
37 31 -9.35257
38 31 -9.35257
39 31 -9.35257
40 31 -9.35257
41 31 -9.35257
42 31 -9.35257
43 31 -9.35257
44 31 -9.35257
45 31 -9.35257
46 31 -9.35257
47 31 -9.35257
48 31 -9.35257
49 31 -9.35257
50 31 -9.35257
51 31 -9.35257
52 31 -9.35257
53 31 -9.35257
54 31 -9.35257
55 31 -9.35257
56 31 -6.65299
57 31 -6.31364
58 31 -6.00469
59 31 -6.11801
60 31 -6.25593
61 31 -6.38098
62 31 -6.54946
63 31 -6.60179
64 31 -6.77645
65 31 -6.80601
66 31 -9.35257
67 31 -9.35257
68 31 -9.35257
69 31 -9.35257
70 31 -9.35257
71 31 -9.35257
72 31 -9.35257
73 31 -9.35257
74 31 -9.35257
75 31 -9.35257
76 31 -9.35257
77 31 -9.35257
78 31 -9.35257
79 31 -9.35257
80 31 -9.35257
81 31 -9.35257
82 31 -9.35257
83 31 -9.35257
84 31 -9.35257
85 31 -9.35257
86 31 -9.35257
87 31 -9.35257
88 31 -9.35257
89 31 -9.35257
90 31 -9.35257
91 31 -9.35257
92 31 -9.35257
93 31 -9.35257
94 31 -9.35257
95 31 -9.35257
96 31 -9.35257
97 31 -9.35257
98 31 -9.35257
99 31 -9.35257
100 31 -9.35257
101 31 -9.35257
102 31 -9.35257
103 31 -9.35257
104 31 -9.35257
105 31 -9.35257
106 31 -9.35257
107 31 -9.35257
108 31 -9.35257
109 31 -9.35257
110 31 -9.35257
111 31 -9.35257
112 31 -9.35257
113 31 -9.35257
114 31 -9.35257
115 31 -9.35257
116 31 -9.35257
117 31 -9.35257
118 31 -9.35257
119 31 -9.35257
120 31 -9.35257
121 31 -9.35257
122 31 -9.35257
123 31 -9.35257
124 31 -9.35257
125 31 -9.35257
126 31 -9.35257
127 31 -9.35257
128 31 -9.35257
129 31 -9.35257
130 31 -9.35257
131 31 -9.35257
132 31 -9.35257
133 31 -9.35257
134 31 -9.35257
135 31 -9.35257
136 31 -9.35257
137 31 -9.35257
138 31 -9.35257
139 31 -9.35257
140 31 -9.35257
141 31 -9.35257
142 31 -9.35257
143 31 -9.35257
144 31 -9.35257
145 31 -9.35257
146 31 -9.35257
147 31 -9.35257
148 31 -9.35257
149 31 -9.35257
150 31 -9.35257
151 31 -9.35257
152 31 -9.35257
153 31 -9.35257
154 31 -9.35257
155 31 -9.35257
156 31 -9.35257
157 31 -9.35257
158 31 -9.35257
159 31 -9.35257
160 31 -9.35257
161 31 -9.35257
162 31 -9.35257
163 31 -9.35257
164 31 -9.35257
165 31 -9.35257
166 31 -9.35257
167 31 -9.35257
168 31 -9.35257
169 31 -9.35257
170 31 -9.35257
171 31 -9.35257
172 31 -8.33014
173 31 -8.19924
174 31 -8.02958
175 31 -7.88096
176 31 -7.72776
177 31 -7.57266
178 31 -7.41565
179 31 -7.25569
180 31 -7.07257
181 31 -7.1055
182 31 -7.36412
183 31 -7.49887
184 31 -9.35257
185 31 -9.35257
186 31 -9.35257
187 31 -9.35257
188 31 -9.35257
189 31 -9.35257
190 31 -9.35257
191 31 -9.35257
192 31 -9.35257
193 31 -9.35257
194 31 -9.35257
195 31 -9.35257
196 31 -9.35257
197 31 -9.35257
198 31 -9.35257
199 31 -9.35257
200 31 -9.35257
201 31 -9.35257
202 31 -9.35257
203 31 -9.35257
204 31 -9.35257
205 31 -9.35257
206 31 -9.35257
207 31 -9.35257
208 31 -9.35257
209 31 -9.35257
210 31 -9.35257
211 31 -9.35257
212 31 -9.35257
213 31 -9.35257
214 31 -9.35257
215 31 -9.35257
216 31 -9.35257
217 31 -9.35257
218 31 -9.35257
219 31 -9.35257
220 31 -9.35257
221 31 -9.35257
222 31 -9.35257
223 31 -9.35257
224 31 -9.35257
225 31 -9.35257
226 31 -9.35257
227 31 -9.35257
228 31 -9.35257
229 31 -9.35257
230 31 -9.35257
231 31 -9.35257
232 31 -9.35257
233 31 -9.35257
234 31 -9.35257
235 31 -9.35257
236 31 -9.35257
237 31 -9.35257
238 31 -9.35257
239 31 -9.35257
0 32 -9.35257
1 32 -9.35257
2 32 -9.35257
3 32 -9.35257
4 32 -9.35257
5 32 -9.35257
6 32 -9.35257
7 32 -9.35257
8 32 -9.35257
9 32 -9.35257
10 32 -9.35257
11 32 -9.35257
12 32 -9.35257
13 32 -9.35257
14 32 -9.35257
15 32 -9.35257
16 32 -9.35257
17 32 -9.35257
18 32 -9.35257
19 32 -9.35257
20 32 -9.35257
21 32 -9.35257
22 32 -9.35257
23 32 -9.35257
24 32 -9.35257
25 32 -9.35257
26 32 -9.35257
27 32 -9.35257
28 32 -9.35257
29 32 -9.35257
30 32 -9.35257
31 32 -9.35257
32 32 -9.35257
33 32 -9.35257
34 32 -9.35257
35 32 -9.35257
36 32 -9.35257
37 32 -9.35257
38 32 -9.35257
39 32 -9.35257
40 32 -9.35257
41 32 -9.35257
42 32 -9.35257
43 32 -9.35257
44 32 -9.35257
45 32 -9.35257
46 32 -9.35257
47 32 -9.35257
48 32 -9.35257
49 32 -9.35257
50 32 -9.35257
51 32 -9.35257
52 32 -9.35257
53 32 -9.35257
54 32 -9.35257
55 32 -9.35257
56 32 -6.73585
57 32 -6.41165
58 32 -6.10616
59 32 -5.82602
60 32 -5.97586
61 32 -6.1164
62 32 -6.25884
63 32 -6.38281
64 32 -6.55135
65 32 -6.60567
66 32 -6.7782
67 32 -6.8074
68 32 -9.35257
69 32 -9.35257
70 32 -9.35257
71 32 -9.35257
72 32 -9.35257
73 32 -9.35257
74 32 -9.35257
75 32 -9.35257
76 32 -9.35257
77 32 -9.35257
78 32 -9.35257
79 32 -9.35257
80 32 -9.35257
81 32 -9.35257
82 32 -9.35257
83 32 -9.35257
84 32 -9.35257
85 32 -9.35257
86 32 -9.35257
87 32 -9.35257
88 32 -9.35257
89 32 -9.35257
90 32 -9.35257
91 32 -9.35257
92 32 -9.35257
93 32 -9.35257
94 32 -9.35257
95 32 -9.35257
96 32 -9.35257
97 32 -9.35257
98 32 -9.35257
99 32 -9.35257
100 32 -9.35257
101 32 -9.35257
102 32 -9.35257
103 32 -9.35257
104 32 -9.35257
105 32 -9.35257
106 32 -9.35257
107 32 -9.35257
108 32 -9.35257
109 32 -9.35257
110 32 -9.35257
111 32 -9.35257
112 32 -9.35257
113 32 -9.35257
114 32 -9.35257
115 32 -9.35257
116 32 -9.35257
117 32 -9.35257
118 32 -9.35257
119 32 -9.35257
120 32 -9.35257
121 32 -9.35257
122 32 -9.35257
123 32 -9.35257
124 32 -9.35257
125 32 -9.35257
126 32 -9.35257
127 32 -9.35257
128 32 -9.35257
129 32 -9.35257
130 32 -9.35257
131 32 -9.35257
132 32 -9.35257
133 32 -9.35257
134 32 -9.35257
135 32 -9.35257
136 32 -9.35257
137 32 -9.35257
138 32 -9.35257
139 32 -9.35257
140 32 -9.35257
141 32 -9.35257
142 32 -9.35257
143 32 -9.35257
144 32 -9.35257
145 32 -9.35257
146 32 -9.35257
147 32 -9.35257
148 32 -9.35257
149 32 -9.35257
150 32 -9.35257
151 32 -9.35257
152 32 -9.35257
153 32 -9.35257
154 32 -9.35257
155 32 -9.35257
156 32 -9.35257
157 32 -9.35257
158 32 -9.35257
159 32 -9.35257
160 32 -9.35257
161 32 -9.35257
162 32 -9.35257
163 32 -9.35257
164 32 -9.35257
165 32 -9.35257
166 32 -9.35257
167 32 -9.35257
168 32 -9.35257
169 32 -9.35257
170 32 -8.32296
171 32 -8.20153
172 32 -8.04411
173 32 -7.90426
174 32 -7.76146
175 32 -7.61781
176 32 -7.47092
177 32 -7.3229
178 32 -7.1784
179 32 -7.04921
180 32 -6.95604
181 32 -7.23487
182 32 -7.39743
183 32 -7.55208
184 32 -9.35257
185 32 -9.35257
186 32 -9.35257
187 32 -9.35257
188 32 -9.35257
189 32 -9.35257
190 32 -9.35257
191 32 -9.35257
192 32 -9.35257
193 32 -9.35257
194 32 -9.35257
195 32 -9.35257
196 32 -9.35257
197 32 -9.35257
198 32 -9.35257
199 32 -9.35257
200 32 -9.35257
201 32 -9.35257
202 32 -9.35257
203 32 -9.35257
204 32 -9.35257
205 32 -9.35257
206 32 -9.35257
207 32 -9.35257
208 32 -9.35257
209 32 -9.35257
210 32 -9.35257
211 32 -9.35257
212 32 -9.35257
213 32 -9.35257
214 32 -9.35257
215 32 -9.35257
216 32 -9.35257
217 32 -9.35257
218 32 -9.35257
219 32 -9.35257
220 32 -9.35257
221 32 -9.35257
222 32 -9.35257
223 32 -9.35257
224 32 -9.35257
225 32 -9.35257
226 32 -9.35257
227 32 -9.35257
228 32 -9.35257
229 32 -9.35257
230 32 -9.35257
231 32 -9.35257
232 32 -9.35257
233 32 -9.35257
234 32 -9.35257
235 32 -9.35257
236 32 -9.35257
237 32 -9.35257
238 32 -9.35257
239 32 -9.35257
0 33 -9.35257
1 33 -9.35257
2 33 -9.35257
3 33 -9.35257
4 33 -9.35257
5 33 -9.35257
6 33 -9.35257
7 33 -9.35257
8 33 -9.35257
9 33 -9.35257
10 33 -9.35257
11 33 -9.35257
12 33 -9.35257
13 33 -9.35257
14 33 -9.35257
15 33 -9.35257
16 33 -9.35257
17 33 -9.35257
18 33 -9.35257
19 33 -9.35257
20 33 -9.35257
21 33 -9.35257
22 33 -9.35257
23 33 -9.35257
24 33 -9.35257
25 33 -9.35257
26 33 -9.35257
27 33 -9.35257
28 33 -9.35257
29 33 -9.35257
30 33 -9.35257
31 33 -9.35257
32 33 -9.35257
33 33 -9.35257
34 33 -9.35257
35 33 -9.35257
36 33 -9.35257
37 33 -9.35257
38 33 -9.35257
39 33 -9.35257
40 33 -9.35257
41 33 -9.35257
42 33 -9.35257
43 33 -9.35257
44 33 -9.35257
45 33 -9.35257
46 33 -9.35257
47 33 -9.35257
48 33 -9.35257
49 33 -9.35257
50 33 -9.35257
51 33 -9.35257
52 33 -9.35257
53 33 -9.35257
54 33 -9.35257
55 33 -9.35257
56 33 -6.81757
57 33 -6.49221
58 33 -6.18228
59 33 -5.90206
60 33 -5.70519
61 33 -5.85304
62 33 -5.98992
63 33 -6.12357
64 33 -6.26304
65 33 -6.3874
66 33 -6.55435
67 33 -6.60722
68 33 -6.77656
69 33 -6.80394
70 33 -9.35257
71 33 -9.35257
72 33 -9.35257
73 33 -9.35257
74 33 -9.35257
75 33 -9.35257
76 33 -9.35257
77 33 -9.35257
78 33 -9.35257
79 33 -9.35257
80 33 -9.35257
81 33 -9.35257
82 33 -9.35257
83 33 -9.35257
84 33 -9.35257
85 33 -9.35257
86 33 -9.35257
87 33 -9.35257
88 33 -9.35257
89 33 -9.35257
90 33 -9.35257
91 33 -9.35257
92 33 -9.35257
93 33 -9.35257
94 33 -9.35257
95 33 -9.35257
96 33 -9.35257
97 33 -9.35257
98 33 -9.35257
99 33 -9.35257
100 33 -9.35257
101 33 -9.35257
102 33 -9.35257
103 33 -9.35257
104 33 -9.35257
105 33 -9.35257
106 33 -9.35257
107 33 -9.35257
108 33 -9.35257
109 33 -9.35257
110 33 -9.35257
111 33 -9.35257
112 33 -9.35257
113 33 -9.35257
114 33 -9.35257
115 33 -9.35257
116 33 -9.35257
117 33 -9.35257
118 33 -9.35257
119 33 -9.35257
120 33 -9.35257
121 33 -9.35257
122 33 -9.35257
123 33 -9.35257
124 33 -9.35257
125 33 -9.35257
126 33 -9.35257
127 33 -9.35257
128 33 -9.35257
129 33 -9.35257
130 33 -9.35257
131 33 -9.35257
132 33 -9.35257
133 33 -9.35257
134 33 -9.35257
135 33 -9.35257
136 33 -9.35257
137 33 -9.35257
138 33 -9.35257
139 33 -9.35257
140 33 -9.35257
141 33 -9.35257
142 33 -9.35257
143 33 -9.35257
144 33 -9.35257
145 33 -9.35257
146 33 -9.35257
147 33 -9.35257
148 33 -9.35257
149 33 -9.35257
150 33 -9.35257
151 33 -9.35257
152 33 -9.35257
153 33 -9.35257
154 33 -9.35257
155 33 -9.35257
156 33 -9.35257
157 33 -9.35257
158 33 -9.35257
159 33 -9.35257
160 33 -9.35257
161 33 -9.35257
162 33 -9.35257
163 33 -9.35257
164 33 -9.35257
165 33 -9.35257
166 33 -9.35257
167 33 -9.35257
168 33 -9.35257
169 33 -8.1696
170 33 -8.03365
171 33 -7.90569
172 33 -7.77269
173 33 -7.63675
174 33 -7.4981
175 33 -7.35771
176 33 -7.21521
177 33 -7.07039
178 33 -6.92567
179 33 -6.80653
180 33 -6.9008
181 33 -7.27675
182 33 -7.43863
183 33 -9.35257
184 33 -9.35257
185 33 -9.35257
186 33 -9.35257
187 33 -9.35257
188 33 -9.35257
189 33 -9.35257
190 33 -9.35257
191 33 -9.35257
192 33 -9.35257
193 33 -9.35257
194 33 -9.35257
195 33 -9.35257
196 33 -9.35257
197 33 -9.35257
198 33 -9.35257
199 33 -9.35257
200 33 -9.35257
201 33 -9.35257
202 33 -9.35257
203 33 -9.35257
204 33 -9.35257
205 33 -9.35257
206 33 -9.35257
207 33 -9.35257
208 33 -9.35257
209 33 -9.35257
210 33 -9.35257
211 33 -9.35257
212 33 -9.35257
213 33 -9.35257
214 33 -9.35257
215 33 -9.35257
216 33 -9.35257
217 33 -9.35257
218 33 -9.35257
219 33 -9.35257
220 33 -9.35257
221 33 -9.35257
222 33 -9.35257
223 33 -9.35257
224 33 -9.35257
225 33 -9.35257
226 33 -9.35257
227 33 -9.35257
228 33 -9.35257
229 33 -9.35257
230 33 -9.35257
231 33 -9.35257
232 33 -9.35257
233 33 -9.35257
234 33 -9.35257
235 33 -9.35257
236 33 -9.35257
237 33 -9.35257
238 33 -9.35257
239 33 -9.35257
0 34 -9.35257
1 34 -9.35257
2 34 -9.35257
3 34 -9.35257
4 34 -9.35257
5 34 -9.35257
6 34 -9.35257
7 34 -9.35257
8 34 -9.35257
9 34 -9.35257
10 34 -9.35257
11 34 -9.35257
12 34 -9.35257
13 34 -9.35257
14 34 -9.35257
15 34 -9.35257
16 34 -9.35257
17 34 -9.35257
18 34 -9.35257
19 34 -9.35257
20 34 -9.35257
21 34 -9.35257
22 34 -9.35257
23 34 -9.35257
24 34 -9.35257
25 34 -9.35257
26 34 -9.35257
27 34 -9.35257
28 34 -9.35257
29 34 -9.35257
30 34 -9.35257
31 34 -9.35257
32 34 -9.35257
33 34 -9.35257
34 34 -9.35257
35 34 -9.35257
36 34 -9.35257
37 34 -9.35257
38 34 -9.35257
39 34 -9.35257
40 34 -9.35257
41 34 -9.35257
42 34 -9.35257
43 34 -9.35257
44 34 -9.35257
45 34 -9.35257
46 34 -9.35257
47 34 -9.35257
48 34 -9.35257
49 34 -9.35257
50 34 -9.35257
51 34 -9.35257
52 34 -9.35257
53 34 -9.35257
54 34 -9.35257
55 34 -9.35257
56 34 -6.89727
57 34 -6.5575
58 34 -6.22993
59 34 -5.89683
60 34 -5.50561
61 34 -5.60088
62 34 -5.72661
63 34 -5.85976
64 34 -5.99444
65 34 -6.12664
66 34 -6.26594
67 34 -6.38796
68 34 -6.55316
69 34 -6.60445
70 34 -6.77178
71 34 -6.79989
72 34 -9.35257
73 34 -9.35257
74 34 -9.35257
75 34 -9.35257
76 34 -9.35257
77 34 -9.35257
78 34 -9.35257
79 34 -9.35257
80 34 -9.35257
81 34 -9.35257
82 34 -9.35257
83 34 -9.35257
84 34 -9.35257
85 34 -9.35257
86 34 -9.35257
87 34 -9.35257
88 34 -9.35257
89 34 -9.35257
90 34 -9.35257
91 34 -9.35257
92 34 -9.35257
93 34 -9.35257
94 34 -9.35257
95 34 -9.35257
96 34 -9.35257
97 34 -9.35257
98 34 -9.35257
99 34 -9.35257
100 34 -9.35257
101 34 -9.35257
102 34 -9.35257
103 34 -9.35257
104 34 -9.35257
105 34 -9.35257
106 34 -9.35257
107 34 -9.35257
108 34 -9.35257
109 34 -9.35257
110 34 -9.35257
111 34 -9.35257
112 34 -9.35257
113 34 -9.35257
114 34 -9.35257
115 34 -9.35257
116 34 -9.35257
117 34 -9.35257
118 34 -9.35257
119 34 -9.35257
120 34 -9.35257
121 34 -9.35257
122 34 -9.35257
123 34 -9.35257
124 34 -9.35257
125 34 -9.35257
126 34 -9.35257
127 34 -9.35257
128 34 -9.35257
129 34 -9.35257
130 34 -9.35257
131 34 -9.35257
132 34 -9.35257
133 34 -9.35257
134 34 -9.35257
135 34 -9.35257
136 34 -9.35257
137 34 -9.35257
138 34 -9.35257
139 34 -9.35257
140 34 -9.35257
141 34 -9.35257
142 34 -9.35257
143 34 -9.35257
144 34 -9.35257
145 34 -9.35257
146 34 -9.35257
147 34 -9.35257
148 34 -9.35257
149 34 -9.35257
150 34 -9.35257
151 34 -9.35257
152 34 -9.35257
153 34 -9.35257
154 34 -9.35257
155 34 -9.35257
156 34 -9.35257
157 34 -9.35257
158 34 -9.35257
159 34 -9.35257
160 34 -9.35257
161 34 -9.35257
162 34 -9.35257
163 34 -9.35257
164 34 -9.35257
165 34 -9.35257
166 34 -9.35257
167 34 -8.16431
168 34 -8.04355
169 34 -7.89053
170 34 -7.76232
171 34 -7.63435
172 34 -7.50421
173 34 -7.37195
174 34 -7.23742
175 34 -7.10069
176 34 -6.96276
177 34 -6.81778
178 34 -6.64735
179 34 -6.69473
180 34 -6.99795
181 34 -7.32808
182 34 -7.4817
183 34 -9.35257
184 34 -9.35257
185 34 -9.35257
186 34 -9.35257
187 34 -9.35257
188 34 -9.35257
189 34 -9.35257
190 34 -9.35257
191 34 -9.35257
192 34 -9.35257
193 34 -9.35257
194 34 -9.35257
195 34 -9.35257
196 34 -9.35257
197 34 -9.35257
198 34 -9.35257
199 34 -9.35257
200 34 -9.35257
201 34 -9.35257
202 34 -9.35257
203 34 -9.35257
204 34 -9.35257
205 34 -9.35257
206 34 -9.35257
207 34 -9.35257
208 34 -9.35257
209 34 -9.35257
210 34 -9.35257
211 34 -9.35257
212 34 -9.35257
213 34 -9.35257
214 34 -9.35257
215 34 -9.35257
216 34 -9.35257
217 34 -9.35257
218 34 -9.35257
219 34 -9.35257
220 34 -9.35257
221 34 -9.35257
222 34 -9.35257
223 34 -9.35257
224 34 -9.35257
225 34 -9.35257
226 34 -9.35257
227 34 -9.35257
228 34 -9.35257
229 34 -9.35257
230 34 -9.35257
231 34 -9.35257
232 34 -9.35257
233 34 -9.35257
234 34 -9.35257
235 34 -9.35257
236 34 -9.35257
237 34 -9.35257
238 34 -9.35257
239 34 -9.35257
0 35 -9.35257
1 35 -9.35257
2 35 -9.35257
3 35 -9.35257
4 35 -9.35257
5 35 -9.35257
6 35 -9.35257
7 35 -9.35257
8 35 -9.35257
9 35 -9.35257
10 35 -9.35257
11 35 -9.35257
12 35 -9.35257
13 35 -9.35257
14 35 -9.35257
15 35 -9.35257
16 35 -9.35257
17 35 -9.35257
18 35 -9.35257
19 35 -9.35257
20 35 -9.35257
21 35 -9.35257
22 35 -9.35257
23 35 -9.35257
24 35 -9.35257
25 35 -9.35257
26 35 -9.35257
27 35 -9.35257
28 35 -9.35257
29 35 -9.35257
30 35 -9.35257
31 35 -9.35257
32 35 -9.35257
33 35 -9.35257
34 35 -9.35257
35 35 -9.35257
36 35 -9.35257
37 35 -9.35257
38 35 -9.35257
39 35 -9.35257
40 35 -9.35257
41 35 -9.35257
42 35 -9.35257
43 35 -9.35257
44 35 -9.35257
45 35 -9.35257
46 35 -9.35257
47 35 -9.35257
48 35 -9.35257
49 35 -9.35257
50 35 -9.35257
51 35 -9.35257
52 35 -9.35257
53 35 -9.35257
54 35 -9.35257
55 35 -9.35257
56 35 -9.35257
57 35 -6.61267
58 35 -6.28309
59 35 -5.95098
60 35 -5.61458
61 35 -5.31828
62 35 -5.45714
63 35 -5.59443
64 35 -5.72842
65 35 -5.86022
66 35 -5.9949
67 35 -6.12628
68 35 -6.26393
69 35 -6.38483
70 35 -6.54964
71 35 -6.60106
72 35 -6.76673
73 35 -6.79397
74 35 -9.35257
75 35 -9.35257
76 35 -9.35257
77 35 -9.35257
78 35 -9.35257
79 35 -9.35257
80 35 -9.35257
81 35 -9.35257
82 35 -9.35257
83 35 -9.35257
84 35 -9.35257
85 35 -9.35257
86 35 -9.35257
87 35 -9.35257
88 35 -9.35257
89 35 -9.35257
90 35 -9.35257
91 35 -9.35257
92 35 -9.35257
93 35 -9.35257
94 35 -9.35257
95 35 -9.35257
96 35 -9.35257
97 35 -9.35257
98 35 -9.35257
99 35 -9.35257
100 35 -9.35257
101 35 -9.35257
102 35 -9.35257
103 35 -9.35257
104 35 -9.35257
105 35 -9.35257
106 35 -9.35257
107 35 -9.35257
108 35 -9.35257
109 35 -9.35257
110 35 -9.35257
111 35 -9.35257
112 35 -9.35257
113 35 -9.35257
114 35 -9.35257
115 35 -9.35257
116 35 -9.35257
117 35 -9.35257
118 35 -9.35257
119 35 -9.35257
120 35 -9.35257
121 35 -9.35257
122 35 -9.35257
123 35 -9.35257
124 35 -9.35257
125 35 -9.35257
126 35 -9.35257
127 35 -9.35257
128 35 -9.35257
129 35 -9.35257
130 35 -9.35257
131 35 -9.35257
132 35 -9.35257
133 35 -9.35257
134 35 -9.35257
135 35 -9.35257
136 35 -9.35257
137 35 -9.35257
138 35 -9.35257
139 35 -9.35257
140 35 -9.35257
141 35 -9.35257
142 35 -9.35257
143 35 -9.35257
144 35 -9.35257
145 35 -9.35257
146 35 -9.35257
147 35 -9.35257
148 35 -9.35257
149 35 -9.35257
150 35 -9.35257
151 35 -9.35257
152 35 -9.35257
153 35 -9.35257
154 35 -9.35257
155 35 -9.35257
156 35 -9.35257
157 35 -9.35257
158 35 -9.35257
159 35 -9.35257
160 35 -9.35257
161 35 -9.35257
162 35 -9.35257
163 35 -9.35257
164 35 -9.35257
165 35 -8.13739
166 35 -8.02162
167 35 -7.87834
168 35 -7.75026
169 35 -7.62026
170 35 -7.49151
171 35 -7.365
172 35 -7.23768
173 35 -7.10924
174 35 -6.97968
175 35 -6.84897
176 35 -6.71815
177 35 -6.59042
178 35 -6.49552
179 35 -6.76205
180 35 -7.06871
181 35 -7.3634
182 35 -7.52059
183 35 -9.35257
184 35 -9.35257
185 35 -9.35257
186 35 -9.35257
187 35 -9.35257
188 35 -9.35257
189 35 -9.35257
190 35 -9.35257
191 35 -9.35257
192 35 -9.35257
193 35 -9.35257
194 35 -9.35257
195 35 -9.35257
196 35 -9.35257
197 35 -9.35257
198 35 -9.35257
199 35 -9.35257
200 35 -9.35257
201 35 -9.35257
202 35 -9.35257
203 35 -9.35257
204 35 -9.35257
205 35 -9.35257
206 35 -9.35257
207 35 -9.35257
208 35 -9.35257
209 35 -9.35257
210 35 -9.35257
211 35 -9.35257
212 35 -9.35257
213 35 -9.35257
214 35 -9.35257
215 35 -9.35257
216 35 -9.35257
217 35 -9.35257
218 35 -9.35257
219 35 -9.35257
220 35 -9.35257
221 35 -9.35257
222 35 -9.35257
223 35 -9.35257
224 35 -9.35257
225 35 -9.35257
226 35 -9.35257
227 35 -9.35257
228 35 -9.35257
229 35 -9.35257
230 35 -9.35257
231 35 -9.35257
232 35 -9.35257
233 35 -9.35257
234 35 -9.35257
235 35 -9.35257
236 35 -9.35257
237 35 -9.35257
238 35 -9.35257
239 35 -9.35257
0 36 -9.35257
1 36 -9.35257
2 36 -9.35257
3 36 -9.35257
4 36 -9.35257
5 36 -9.35257
6 36 -9.35257
7 36 -9.35257
8 36 -9.35257
9 36 -9.35257
10 36 -9.35257
11 36 -9.35257
12 36 -9.35257
13 36 -9.35257
14 36 -9.35257
15 36 -9.35257
16 36 -9.35257
17 36 -9.35257
18 36 -9.35257
19 36 -9.35257
20 36 -9.35257
21 36 -9.35257
22 36 -9.35257
23 36 -9.35257
24 36 -9.35257
25 36 -9.35257
26 36 -9.35257
27 36 -9.35257
28 36 -9.35257
29 36 -9.35257
30 36 -9.35257
31 36 -9.35257
32 36 -9.35257
33 36 -9.35257
34 36 -9.35257
35 36 -9.35257
36 36 -9.35257
37 36 -9.35257
38 36 -9.35257
39 36 -9.35257
40 36 -9.35257
41 36 -9.35257
42 36 -9.35257
43 36 -9.35257
44 36 -9.35257
45 36 -9.35257
46 36 -9.35257
47 36 -9.35257
48 36 -9.35257
49 36 -9.35257
50 36 -9.35257
51 36 -9.35257
52 36 -9.35257
53 36 -9.35257
54 36 -9.35257
55 36 -9.35257
56 36 -9.35257
57 36 -6.67003
58 36 -6.33895
59 36 -6.00941
60 36 -5.68677
61 36 -5.39541
62 36 -5.19042
63 36 -5.33248
64 36 -5.46459
65 36 -5.59565
66 36 -5.72715
67 36 -5.8592
68 36 -5.99145
69 36 -6.12268
70 36 -6.26042
71 36 -6.38102
72 36 -6.54426
73 36 -6.59447
74 36 -6.75863
75 36 -6.78544
76 36 -9.35257
77 36 -9.35257
78 36 -9.35257
79 36 -9.35257
80 36 -9.35257
81 36 -9.35257
82 36 -9.35257
83 36 -9.35257
84 36 -9.35257
85 36 -9.35257
86 36 -9.35257
87 36 -9.35257
88 36 -9.35257
89 36 -9.35257
90 36 -9.35257
91 36 -9.35257
92 36 -9.35257
93 36 -9.35257
94 36 -9.35257
95 36 -9.35257
96 36 -9.35257
97 36 -9.35257
98 36 -9.35257
99 36 -9.35257
100 36 -9.35257
101 36 -9.35257
102 36 -9.35257
103 36 -9.35257
104 36 -9.35257
105 36 -9.35257
106 36 -9.35257
107 36 -9.35257
108 36 -9.35257
109 36 -9.35257
110 36 -9.35257
111 36 -9.35257
112 36 -9.35257
113 36 -9.35257
114 36 -9.35257
115 36 -9.35257
116 36 -9.35257
117 36 -9.35257
118 36 -9.35257
119 36 -9.35257
120 36 -9.35257
121 36 -9.35257
122 36 -9.35257
123 36 -9.35257
124 36 -9.35257
125 36 -9.35257
126 36 -9.35257
127 36 -9.35257
128 36 -9.35257
129 36 -9.35257
130 36 -9.35257
131 36 -9.35257
132 36 -9.35257
133 36 -9.35257
134 36 -9.35257
135 36 -9.35257
136 36 -9.35257
137 36 -9.35257
138 36 -9.35257
139 36 -9.35257
140 36 -9.35257
141 36 -9.35257
142 36 -9.35257
143 36 -9.35257
144 36 -9.35257
145 36 -9.35257
146 36 -9.35257
147 36 -9.35257
148 36 -9.35257
149 36 -9.35257
150 36 -9.35257
151 36 -9.35257
152 36 -9.35257
153 36 -9.35257
154 36 -9.35257
155 36 -9.35257
156 36 -9.35257
157 36 -9.35257
158 36 -9.35257
159 36 -9.35257
160 36 -9.35257
161 36 -9.35257
162 36 -9.35257
163 36 -8.10663
164 36 -7.99008
165 36 -7.84885
166 36 -7.72588
167 36 -7.60061
168 36 -7.47504
169 36 -7.34872
170 36 -7.22255
171 36 -7.09646
172 36 -6.97228
173 36 -6.84765
174 36 -6.72308
175 36 -6.5992
176 36 -6.47457
177 36 -6.33025
178 36 -6.41642
179 36 -6.7901
180 36 -7.15177
181 36 -7.35476
182 36 -7.5452
183 36 -9.35257
184 36 -9.35257
185 36 -9.35257
186 36 -9.35257
187 36 -9.35257
188 36 -9.35257
189 36 -9.35257
190 36 -9.35257
191 36 -9.35257
192 36 -9.35257
193 36 -9.35257
194 36 -9.35257
195 36 -9.35257
196 36 -9.35257
197 36 -9.35257
198 36 -9.35257
199 36 -9.35257
200 36 -9.35257
201 36 -9.35257
202 36 -9.35257
203 36 -9.35257
204 36 -9.35257
205 36 -9.35257
206 36 -9.35257
207 36 -9.35257
208 36 -9.35257
209 36 -9.35257
210 36 -9.35257
211 36 -9.35257
212 36 -9.35257
213 36 -9.35257
214 36 -9.35257
215 36 -9.35257
216 36 -9.35257
217 36 -9.35257
218 36 -9.35257
219 36 -9.35257
220 36 -9.35257
221 36 -9.35257
222 36 -9.35257
223 36 -9.35257
224 36 -9.35257
225 36 -9.35257
226 36 -9.35257
227 36 -9.35257
228 36 -9.35257
229 36 -9.35257
230 36 -9.35257
231 36 -9.35257
232 36 -9.35257
233 36 -9.35257
234 36 -9.35257
235 36 -9.35257
236 36 -9.35257
237 36 -9.35257
238 36 -9.35257
239 36 -9.35257
0 37 -9.35257
1 37 -9.35257
2 37 -9.35257
3 37 -9.35257
4 37 -9.35257
5 37 -9.35257
6 37 -9.35257
7 37 -9.35257
8 37 -9.35257
9 37 -9.35257
10 37 -9.35257
11 37 -9.35257
12 37 -9.35257
13 37 -9.35257
14 37 -9.35257
15 37 -9.35257
16 37 -9.35257
17 37 -9.35257
18 37 -9.35257
19 37 -9.35257
20 37 -9.35257
21 37 -9.35257
22 37 -9.35257
23 37 -9.35257
24 37 -9.35257
25 37 -9.35257
26 37 -9.35257
27 37 -9.35257
28 37 -9.35257
29 37 -9.35257
30 37 -9.35257
31 37 -9.35257
32 37 -9.35257
33 37 -9.35257
34 37 -9.35257
35 37 -9.35257
36 37 -9.35257
37 37 -9.35257
38 37 -9.35257
39 37 -9.35257
40 37 -9.35257
41 37 -9.35257
42 37 -9.35257
43 37 -9.35257
44 37 -9.35257
45 37 -9.35257
46 37 -9.35257
47 37 -9.35257
48 37 -9.35257
49 37 -9.35257
50 37 -9.35257
51 37 -9.35257
52 37 -9.35257
53 37 -9.35257
54 37 -9.35257
55 37 -9.35257
56 37 -9.35257
57 37 -6.73108
58 37 -6.39534
59 37 -6.06093
60 37 -5.72768
61 37 -5.38716
62 37 -4.99053
63 37 -5.08047
64 37 -5.20189
65 37 -5.33063
66 37 -5.46053
67 37 -5.59192
68 37 -5.72336
69 37 -5.85528
70 37 -5.98832
71 37 -6.11844
72 37 -6.25433
73 37 -6.37333
74 37 -6.53475
75 37 -6.58378
76 37 -6.7497
77 37 -6.77778
78 37 -9.35257
79 37 -9.35257
80 37 -9.35257
81 37 -9.35257
82 37 -9.35257
83 37 -9.35257
84 37 -9.35257
85 37 -9.35257
86 37 -9.35257
87 37 -9.35257
88 37 -9.35257
89 37 -9.35257
90 37 -9.35257
91 37 -9.35257
92 37 -9.35257
93 37 -9.35257
94 37 -9.35257
95 37 -9.35257
96 37 -9.35257
97 37 -9.35257
98 37 -9.35257
99 37 -9.35257
100 37 -9.35257
101 37 -9.35257
102 37 -9.35257
103 37 -9.35257
104 37 -9.35257
105 37 -9.35257
106 37 -9.35257
107 37 -9.35257
108 37 -9.35257
109 37 -9.35257
110 37 -9.35257
111 37 -9.35257
112 37 -9.35257
113 37 -9.35257
114 37 -9.35257
115 37 -9.35257
116 37 -9.35257
117 37 -9.35257
118 37 -9.35257
119 37 -9.35257
120 37 -9.35257
121 37 -9.35257
122 37 -9.35257
123 37 -9.35257
124 37 -9.35257
125 37 -9.35257
126 37 -9.35257
127 37 -9.35257
128 37 -9.35257
129 37 -9.35257
130 37 -9.35257
131 37 -9.35257
132 37 -9.35257
133 37 -9.35257
134 37 -9.35257
135 37 -9.35257
136 37 -9.35257
137 37 -9.35257
138 37 -9.35257
139 37 -9.35257
140 37 -9.35257
141 37 -9.35257
142 37 -9.35257
143 37 -9.35257
144 37 -9.35257
145 37 -9.35257
146 37 -9.35257
147 37 -9.35257
148 37 -9.35257
149 37 -9.35257
150 37 -9.35257
151 37 -9.35257
152 37 -9.35257
153 37 -9.35257
154 37 -9.35257
155 37 -9.35257
156 37 -9.35257
157 37 -9.35257
158 37 -9.35257
159 37 -9.35257
160 37 -9.35257
161 37 -8.0667
162 37 -7.95349
163 37 -7.81724
164 37 -7.69359
165 37 -7.56938
166 37 -7.44612
167 37 -7.32347
168 37 -7.20039
169 37 -7.07689
170 37 -6.95333
171 37 -6.82994
172 37 -6.70715
173 37 -6.58584
174 37 -6.46578
175 37 -6.35095
176 37 -6.25145
177 37 -6.18595
178 37 -6.4845
179 37 -6.83102
180 37 -7.18656
181 37 -7.35902
182 37 -9.35257
183 37 -9.35257
184 37 -9.35257
185 37 -9.35257
186 37 -9.35257
187 37 -9.35257
188 37 -9.35257
189 37 -9.35257
190 37 -9.35257
191 37 -9.35257
192 37 -9.35257
193 37 -9.35257
194 37 -9.35257
195 37 -9.35257
196 37 -9.35257
197 37 -9.35257
198 37 -9.35257
199 37 -9.35257
200 37 -9.35257
201 37 -9.35257
202 37 -9.35257
203 37 -9.35257
204 37 -9.35257
205 37 -9.35257
206 37 -9.35257
207 37 -9.35257
208 37 -9.35257
209 37 -9.35257
210 37 -9.35257
211 37 -9.35257
212 37 -9.35257
213 37 -9.35257
214 37 -9.35257
215 37 -9.35257
216 37 -9.35257
217 37 -9.35257
218 37 -9.35257
219 37 -9.35257
220 37 -9.35257
221 37 -9.35257
222 37 -9.35257
223 37 -9.35257
224 37 -9.35257
225 37 -9.35257
226 37 -9.35257
227 37 -9.35257
228 37 -9.35257
229 37 -9.35257
230 37 -9.35257
231 37 -9.35257
232 37 -9.35257
233 37 -9.35257
234 37 -9.35257
235 37 -9.35257
236 37 -9.35257
237 37 -9.35257
238 37 -9.35257
239 37 -9.35257
0 38 -9.35257
1 38 -9.35257
2 38 -9.35257
3 38 -9.35257
4 38 -9.35257
5 38 -9.35257
6 38 -9.35257
7 38 -9.35257
8 38 -9.35257
9 38 -9.35257
10 38 -9.35257
11 38 -9.35257
12 38 -9.35257
13 38 -9.35257
14 38 -9.35257
15 38 -9.35257
16 38 -9.35257
17 38 -9.35257
18 38 -9.35257
19 38 -9.35257
20 38 -9.35257
21 38 -9.35257
22 38 -9.35257
23 38 -9.35257
24 38 -9.35257
25 38 -9.35257
26 38 -9.35257
27 38 -9.35257
28 38 -9.35257
29 38 -9.35257
30 38 -9.35257
31 38 -9.35257
32 38 -9.35257
33 38 -9.35257
34 38 -9.35257
35 38 -9.35257
36 38 -9.35257
37 38 -9.35257
38 38 -9.35257
39 38 -9.35257
40 38 -9.35257
41 38 -9.35257
42 38 -9.35257
43 38 -9.35257
44 38 -9.35257
45 38 -9.35257
46 38 -9.35257
47 38 -9.35257
48 38 -9.35257
49 38 -9.35257
50 38 -9.35257
51 38 -9.35257
52 38 -9.35257
53 38 -9.35257
54 38 -9.35257
55 38 -9.35257
56 38 -9.35257
57 38 -6.80047
58 38 -6.45041
59 38 -6.11146
60 38 -5.77587
61 38 -5.43833
62 38 -5.09765
63 38 -4.79707
64 38 -4.93187
65 38 -5.06467
66 38 -5.19397
67 38 -5.32459
68 38 -5.45602
69 38 -5.58754
70 38 -5.71921
71 38 -5.85008
72 38 -5.98139
73 38 -6.10976
74 38 -6.24384
75 38 -6.36185
76 38 -6.52649
77 38 -6.57707
78 38 -6.74062
79 38 -6.76765
80 38 -9.35257
81 38 -9.35257
82 38 -9.35257
83 38 -9.35257
84 38 -9.35257
85 38 -9.35257
86 38 -9.35257
87 38 -9.35257
88 38 -9.35257
89 38 -9.35257
90 38 -9.35257
91 38 -9.35257
92 38 -9.35257
93 38 -9.35257
94 38 -9.35257
95 38 -9.35257
96 38 -9.35257
97 38 -9.35257
98 38 -9.35257
99 38 -9.35257
100 38 -9.35257
101 38 -9.35257
102 38 -9.35257
103 38 -9.35257
104 38 -9.35257
105 38 -9.35257
106 38 -9.35257
107 38 -9.35257
108 38 -9.35257
109 38 -9.35257
110 38 -9.35257
111 38 -9.35257
112 38 -9.35257
113 38 -9.35257
114 38 -9.35257
115 38 -9.35257
116 38 -9.35257
117 38 -9.35257
118 38 -9.35257
119 38 -9.35257
120 38 -9.35257
121 38 -9.35257
122 38 -9.35257
123 38 -9.35257
124 38 -9.35257
125 38 -9.35257
126 38 -9.35257
127 38 -9.35257
128 38 -9.35257
129 38 -9.35257
130 38 -9.35257
131 38 -9.35257
132 38 -9.35257
133 38 -9.35257
134 38 -9.35257
135 38 -9.35257
136 38 -9.35257
137 38 -9.35257
138 38 -9.35257
139 38 -9.35257
140 38 -9.35257
141 38 -9.35257
142 38 -9.35257
143 38 -9.35257
144 38 -9.35257
145 38 -9.35257
146 38 -9.35257
147 38 -9.35257
148 38 -9.35257
149 38 -9.35257
150 38 -9.35257
151 38 -9.35257
152 38 -9.35257
153 38 -9.35257
154 38 -9.35257
155 38 -9.35257
156 38 -9.35257
157 38 -9.35257
158 38 -9.35257
159 38 -8.01875
160 38 -7.90711
161 38 -7.77556
162 38 -7.65609
163 38 -7.53451
164 38 -7.41221
165 38 -7.2903
166 38 -7.16759
167 38 -7.04677
168 38 -6.92615
169 38 -6.80512
170 38 -6.68395
171 38 -6.56279
172 38 -6.4415
173 38 -6.32277
174 38 -6.20422
175 38 -6.08737
176 38 -5.99523
177 38 -6.11279
178 38 -6.50463
179 38 -6.86421
180 38 -7.21115
181 38 -7.37987
182 38 -9.35257
183 38 -9.35257
184 38 -9.35257
185 38 -9.35257
186 38 -9.35257
187 38 -9.35257
188 38 -9.35257
189 38 -9.35257
190 38 -9.35257
191 38 -9.35257
192 38 -9.35257
193 38 -9.35257
194 38 -9.35257
195 38 -9.35257
196 38 -9.35257
197 38 -9.35257
198 38 -9.35257
199 38 -9.35257
200 38 -9.35257
201 38 -9.35257
202 38 -9.35257
203 38 -9.35257
204 38 -9.35257
205 38 -9.35257
206 38 -9.35257
207 38 -9.35257
208 38 -9.35257
209 38 -9.35257
210 38 -9.35257
211 38 -9.35257
212 38 -9.35257
213 38 -9.35257
214 38 -9.35257
215 38 -9.35257
216 38 -9.35257
217 38 -9.35257
218 38 -9.35257
219 38 -9.35257
220 38 -9.35257
221 38 -9.35257
222 38 -9.35257
223 38 -9.35257
224 38 -9.35257
225 38 -9.35257
226 38 -9.35257
227 38 -9.35257
228 38 -9.35257
229 38 -9.35257
230 38 -9.35257
231 38 -9.35257
232 38 -9.35257
233 38 -9.35257
234 38 -9.35257
235 38 -9.35257
236 38 -9.35257
237 38 -9.35257
238 38 -9.35257
239 38 -9.35257
0 39 -9.35257
1 39 -9.35257
2 39 -9.35257
3 39 -9.35257
4 39 -9.35257
5 39 -9.35257
6 39 -9.35257
7 39 -9.35257
8 39 -9.35257
9 39 -9.35257
10 39 -9.35257
11 39 -9.35257
12 39 -9.35257
13 39 -9.35257
14 39 -9.35257
15 39 -9.35257
16 39 -9.35257
17 39 -9.35257
18 39 -9.35257
19 39 -9.35257
20 39 -9.35257
21 39 -9.35257
22 39 -9.35257
23 39 -9.35257
24 39 -9.35257
25 39 -9.35257
26 39 -9.35257
27 39 -9.35257
28 39 -9.35257
29 39 -9.35257
30 39 -9.35257
31 39 -9.35257
32 39 -9.35257
33 39 -9.35257
34 39 -9.35257
35 39 -9.35257
36 39 -9.35257
37 39 -9.35257
38 39 -9.35257
39 39 -9.35257
40 39 -9.35257
41 39 -9.35257
42 39 -9.35257
43 39 -9.35257
44 39 -9.35257
45 39 -9.35257
46 39 -9.35257
47 39 -9.35257
48 39 -9.35257
49 39 -9.35257
50 39 -9.35257
51 39 -9.35257
52 39 -9.35257
53 39 -9.35257
54 39 -9.35257
55 39 -9.35257
56 39 -9.35257
57 39 -9.35257
58 39 -6.49435
59 39 -6.16069
60 39 -5.826
61 39 -5.49262
62 39 -5.16665
63 39 -4.87241
64 39 -4.66409
65 39 -4.80229
66 39 -4.93072
67 39 -5.05893
68 39 -5.18977
69 39 -5.32051
70 39 -5.45091
71 39 -5.58136
72 39 -5.71137
73 39 -5.84055
74 39 -5.97014
75 39 -6.0991
76 39 -6.23502
77 39 -6.3549
78 39 -6.51711
79 39 -6.56573
80 39 -6.72623
81 39 -6.75112
82 39 -9.35257
83 39 -9.35257
84 39 -9.35257
85 39 -9.35257
86 39 -9.35257
87 39 -9.35257
88 39 -9.35257
89 39 -9.35257
90 39 -9.35257
91 39 -9.35257
92 39 -9.35257
93 39 -9.35257
94 39 -9.35257
95 39 -9.35257
96 39 -9.35257
97 39 -9.35257
98 39 -9.35257
99 39 -9.35257
100 39 -9.35257
101 39 -9.35257
102 39 -9.35257
103 39 -9.35257
104 39 -9.35257
105 39 -9.35257
106 39 -9.35257
107 39 -9.35257
108 39 -9.35257
109 39 -9.35257
110 39 -9.35257
111 39 -9.35257
112 39 -9.35257
113 39 -9.35257
114 39 -9.35257
115 39 -9.35257
116 39 -9.35257
117 39 -9.35257
118 39 -9.35257
119 39 -9.35257
120 39 -9.35257
121 39 -9.35257
122 39 -9.35257
123 39 -9.35257
124 39 -9.35257
125 39 -9.35257
126 39 -9.35257
127 39 -9.35257
128 39 -9.35257
129 39 -9.35257
130 39 -9.35257
131 39 -9.35257
132 39 -9.35257
133 39 -9.35257
134 39 -9.35257
135 39 -9.35257
136 39 -9.35257
137 39 -9.35257
138 39 -9.35257
139 39 -9.35257
140 39 -9.35257
141 39 -9.35257
142 39 -9.35257
143 39 -9.35257
144 39 -9.35257
145 39 -9.35257
146 39 -9.35257
147 39 -9.35257
148 39 -9.35257
149 39 -9.35257
150 39 -9.35257
151 39 -9.35257
152 39 -9.35257
153 39 -9.35257
154 39 -9.35257
155 39 -9.35257
156 39 -9.35257
157 39 -7.96777
158 39 -7.85802
159 39 -7.72917
160 39 -7.6112
161 39 -7.49095
162 39 -7.37224
163 39 -7.25249
164 39 -7.13194
165 39 -7.01203
166 39 -6.89154
167 39 -6.77064
168 39 -6.65216
169 39 -6.53332
170 39 -6.4144
171 39 -6.29562
172 39 -6.17722
173 39 -6.05951
174 39 -5.94173
175 39 -5.79891
176 39 -5.87211
177 39 -6.20178
178 39 -6.5589
179 39 -6.91089
180 39 -7.22783
181 39 -7.3984
182 39 -9.35257
183 39 -9.35257
184 39 -9.35257
185 39 -9.35257
186 39 -9.35257
187 39 -9.35257
188 39 -9.35257
189 39 -9.35257
190 39 -9.35257
191 39 -9.35257
192 39 -9.35257
193 39 -9.35257
194 39 -9.35257
195 39 -9.35257
196 39 -9.35257
197 39 -9.35257
198 39 -9.35257
199 39 -9.35257
200 39 -9.35257
201 39 -9.35257
202 39 -9.35257
203 39 -9.35257
204 39 -9.35257
205 39 -9.35257
206 39 -9.35257
207 39 -9.35257
208 39 -9.35257
209 39 -9.35257
210 39 -9.35257
211 39 -9.35257
212 39 -9.35257
213 39 -9.35257
214 39 -9.35257
215 39 -9.35257
216 39 -9.35257
217 39 -9.35257
218 39 -9.35257
219 39 -9.35257
220 39 -9.35257
221 39 -9.35257
222 39 -9.35257
223 39 -9.35257
224 39 -9.35257
225 39 -9.35257
226 39 -9.35257
227 39 -9.35257
228 39 -9.35257
229 39 -9.35257
230 39 -9.35257
231 39 -9.35257
232 39 -9.35257
233 39 -9.35257
234 39 -9.35257
235 39 -9.35257
236 39 -9.35257
237 39 -9.35257
238 39 -9.35257
239 39 -9.35257
0 40 -9.35257
1 40 -9.35257
2 40 -9.35257
3 40 -9.35257
4 40 -9.35257
5 40 -9.35257
6 40 -9.35257
7 40 -9.35257
8 40 -9.35257
9 40 -9.35257
10 40 -9.35257
11 40 -9.35257
12 40 -9.35257
13 40 -9.35257
14 40 -9.35257
15 40 -9.35257
16 40 -9.35257
17 40 -9.35257
18 40 -9.35257
19 40 -9.35257
20 40 -9.35257
21 40 -9.35257
22 40 -9.35257
23 40 -9.35257
24 40 -9.35257
25 40 -9.35257
26 40 -9.35257
27 40 -9.35257
28 40 -9.35257
29 40 -9.35257
30 40 -9.35257
31 40 -9.35257
32 40 -9.35257
33 40 -9.35257
34 40 -9.35257
35 40 -9.35257
36 40 -9.35257
37 40 -9.35257
38 40 -9.35257
39 40 -9.35257
40 40 -9.35257
41 40 -9.35257
42 40 -9.35257
43 40 -9.35257
44 40 -9.35257
45 40 -9.35257
46 40 -9.35257
47 40 -9.35257
48 40 -9.35257
49 40 -9.35257
50 40 -9.35257
51 40 -9.35257
52 40 -9.35257
53 40 -9.35257
54 40 -9.35257
55 40 -9.35257
56 40 -9.35257
57 40 -9.35257
58 40 -6.54499
59 40 -6.21096
60 40 -5.875
61 40 -5.54005
62 40 -5.20479
63 40 -4.86309
64 40 -4.46295
65 40 -4.54968
66 40 -4.66777
67 40 -4.79327
68 40 -4.9237
69 40 -5.0538
70 40 -5.18342
71 40 -5.31306
72 40 -5.44227
73 40 -5.57114
74 40 -5.70063
75 40 -5.83055
76 40 -5.96113
77 40 -6.09041
78 40 -6.22534
79 40 -6.3428
80 40 -6.50212
81 40 -6.54857
82 40 -6.70543
83 40 -6.72718
84 40 -9.35257
85 40 -9.35257
86 40 -9.35257
87 40 -9.35257
88 40 -9.35257
89 40 -9.35257
90 40 -9.35257
91 40 -9.35257
92 40 -9.35257
93 40 -9.35257
94 40 -9.35257
95 40 -9.35257
96 40 -9.35257
97 40 -9.35257
98 40 -9.35257
99 40 -9.35257
100 40 -9.35257
101 40 -9.35257
102 40 -9.35257
103 40 -9.35257
104 40 -9.35257
105 40 -9.35257
106 40 -9.35257
107 40 -9.35257
108 40 -9.35257
109 40 -9.35257
110 40 -9.35257
111 40 -9.35257
112 40 -9.35257
113 40 -9.35257
114 40 -9.35257
115 40 -9.35257
116 40 -9.35257
117 40 -9.35257
118 40 -9.35257
119 40 -9.35257
120 40 -9.35257
121 40 -9.35257
122 40 -9.35257
123 40 -9.35257
124 40 -9.35257
125 40 -9.35257
126 40 -9.35257
127 40 -9.35257
128 40 -9.35257
129 40 -9.35257
130 40 -9.35257
131 40 -9.35257
132 40 -9.35257
133 40 -9.35257
134 40 -9.35257
135 40 -9.35257
136 40 -9.35257
137 40 -9.35257
138 40 -9.35257
139 40 -9.35257
140 40 -9.35257
141 40 -9.35257
142 40 -9.35257
143 40 -9.35257
144 40 -9.35257
145 40 -9.35257
146 40 -9.35257
147 40 -9.35257
148 40 -9.35257
149 40 -9.35257
150 40 -9.35257
151 40 -9.35257
152 40 -9.35257
153 40 -9.35257
154 40 -9.35257
155 40 -7.91194
156 40 -7.80284
157 40 -7.67716
158 40 -7.56161
159 40 -7.44483
160 40 -7.32735
161 40 -7.2087
162 40 -7.08926
163 40 -6.97112
164 40 -6.85239
165 40 -6.73434
166 40 -6.61589
167 40 -6.49707
168 40 -6.37853
169 40 -6.26161
170 40 -6.14471
171 40 -6.02807
172 40 -5.91241
173 40 -5.80135
174 40 -5.7043
175 40 -5.6374
176 40 -5.92927
177 40 -6.26331
178 40 -6.61885
179 40 -6.9926
180 40 -7.20805
181 40 -7.41068
182 40 -9.35257
183 40 -9.35257
184 40 -9.35257
185 40 -9.35257
186 40 -9.35257
187 40 -9.35257
188 40 -9.35257
189 40 -9.35257
190 40 -9.35257
191 40 -9.35257
192 40 -9.35257
193 40 -9.35257
194 40 -9.35257
195 40 -9.35257
196 40 -9.35257
197 40 -9.35257
198 40 -9.35257
199 40 -9.35257
200 40 -9.35257
201 40 -9.35257
202 40 -9.35257
203 40 -9.35257
204 40 -9.35257
205 40 -9.35257
206 40 -9.35257
207 40 -9.35257
208 40 -9.35257
209 40 -9.35257
210 40 -9.35257
211 40 -9.35257
212 40 -9.35257
213 40 -9.35257
214 40 -9.35257
215 40 -9.35257
216 40 -9.35257
217 40 -9.35257
218 40 -9.35257
219 40 -9.35257
220 40 -9.35257
221 40 -9.35257
222 40 -9.35257
223 40 -9.35257
224 40 -9.35257
225 40 -9.35257
226 40 -9.35257
227 40 -9.35257
228 40 -9.35257
229 40 -9.35257
230 40 -9.35257
231 40 -9.35257
232 40 -9.35257
233 40 -9.35257
234 40 -9.35257
235 40 -9.35257
236 40 -9.35257
237 40 -9.35257
238 40 -9.35257
239 40 -9.35257
0 41 -9.35257
1 41 -9.35257
2 41 -9.35257
3 41 -9.35257
4 41 -9.35257
5 41 -9.35257
6 41 -9.35257
7 41 -9.35257
8 41 -9.35257
9 41 -9.35257
10 41 -9.35257
11 41 -9.35257
12 41 -9.35257
13 41 -9.35257
14 41 -9.35257
15 41 -9.35257
16 41 -9.35257
17 41 -9.35257
18 41 -9.35257
19 41 -9.35257
20 41 -9.35257
21 41 -9.35257
22 41 -9.35257
23 41 -9.35257
24 41 -9.35257
25 41 -9.35257
26 41 -9.35257
27 41 -9.35257
28 41 -9.35257
29 41 -9.35257
30 41 -9.35257
31 41 -9.35257
32 41 -9.35257
33 41 -9.35257
34 41 -9.35257
35 41 -9.35257
36 41 -9.35257
37 41 -9.35257
38 41 -9.35257
39 41 -9.35257
40 41 -9.35257
41 41 -9.35257
42 41 -9.35257
43 41 -9.35257
44 41 -9.35257
45 41 -9.35257
46 41 -9.35257
47 41 -9.35257
48 41 -9.35257
49 41 -9.35257
50 41 -9.35257
51 41 -9.35257
52 41 -9.35257
53 41 -9.35257
54 41 -9.35257
55 41 -9.35257
56 41 -9.35257
57 41 -9.35257
58 41 -6.60333
59 41 -6.26439
60 41 -5.9256
61 41 -5.58848
62 41 -5.25144
63 41 -4.9122
64 41 -4.56963
65 41 -4.2658
66 41 -4.39741
67 41 -4.52855
68 41 -4.65797
69 41 -4.78765
70 41 -4.91668
71 41 -5.04526
72 41 -5.1737
73 41 -5.30229
74 41 -5.43185
75 41 -5.56143
76 41 -5.69002
77 41 -5.82047
78 41 -5.95103
79 41 -6.07822
80 41 -6.21061
81 41 -6.32609
82 41 -6.48349
83 41 -6.53187
84 41 -6.70538
85 41 -9.35257
86 41 -9.35257
87 41 -9.35257
88 41 -9.35257
89 41 -9.35257
90 41 -9.35257
91 41 -9.35257
92 41 -9.35257
93 41 -9.35257
94 41 -9.35257
95 41 -9.35257
96 41 -9.35257
97 41 -9.35257
98 41 -9.35257
99 41 -9.35257
100 41 -9.35257
101 41 -9.35257
102 41 -9.35257
103 41 -9.35257
104 41 -9.35257
105 41 -9.35257
106 41 -9.35257
107 41 -9.35257
108 41 -9.35257
109 41 -9.35257
110 41 -9.35257
111 41 -9.35257
112 41 -9.35257
113 41 -9.35257
114 41 -9.35257
115 41 -9.35257
116 41 -9.35257
117 41 -9.35257
118 41 -9.35257
119 41 -9.35257
120 41 -9.35257
121 41 -9.35257
122 41 -9.35257
123 41 -9.35257
124 41 -9.35257
125 41 -9.35257
126 41 -9.35257
127 41 -9.35257
128 41 -9.35257
129 41 -9.35257
130 41 -9.35257
131 41 -9.35257
132 41 -9.35257
133 41 -9.35257
134 41 -9.35257
135 41 -9.35257
136 41 -9.35257
137 41 -9.35257
138 41 -9.35257
139 41 -9.35257
140 41 -9.35257
141 41 -9.35257
142 41 -9.35257
143 41 -9.35257
144 41 -9.35257
145 41 -9.35257
146 41 -9.35257
147 41 -9.35257
148 41 -9.35257
149 41 -9.35257
150 41 -9.35257
151 41 -9.35257
152 41 -9.35257
153 41 -7.85294
154 41 -7.7459
155 41 -7.62232
156 41 -7.50757
157 41 -7.39169
158 41 -7.27683
159 41 -7.1612
160 41 -7.04467
161 41 -6.92724
162 41 -6.80904
163 41 -6.69034
164 41 -6.57365
165 41 -6.45736
166 41 -6.34045
167 41 -6.22305
168 41 -6.10498
169 41 -5.98971
170 41 -5.87459
171 41 -5.75938
172 41 -5.64377
173 41 -5.52903
174 41 -5.43748
175 41 -5.55419
176 41 -5.94459
177 41 -6.30365
178 41 -6.66146
179 41 -7.02415
180 41 -7.20141
181 41 -9.35257
182 41 -9.35257
183 41 -9.35257
184 41 -9.35257
185 41 -9.35257
186 41 -9.35257
187 41 -9.35257
188 41 -9.35257
189 41 -9.35257
190 41 -9.35257
191 41 -9.35257
192 41 -9.35257
193 41 -9.35257
194 41 -9.35257
195 41 -9.35257
196 41 -9.35257
197 41 -9.35257
198 41 -9.35257
199 41 -9.35257
200 41 -9.35257
201 41 -9.35257
202 41 -9.35257
203 41 -9.35257
204 41 -9.35257
205 41 -9.35257
206 41 -9.35257
207 41 -9.35257
208 41 -9.35257
209 41 -9.35257
210 41 -9.35257
211 41 -9.35257
212 41 -9.35257
213 41 -9.35257
214 41 -9.35257
215 41 -9.35257
216 41 -9.35257
217 41 -9.35257
218 41 -9.35257
219 41 -9.35257
220 41 -9.35257
221 41 -9.35257
222 41 -9.35257
223 41 -9.35257
224 41 -9.35257
225 41 -9.35257
226 41 -9.35257
227 41 -9.35257
228 41 -9.35257
229 41 -9.35257
230 41 -9.35257
231 41 -9.35257
232 41 -9.35257
233 41 -9.35257
234 41 -9.35257
235 41 -9.35257
236 41 -9.35257
237 41 -9.35257
238 41 -9.35257
239 41 -9.35257
0 42 -9.35257
1 42 -9.35257
2 42 -9.35257
3 42 -9.35257
4 42 -9.35257
5 42 -9.35257
6 42 -9.35257
7 42 -9.35257
8 42 -9.35257
9 42 -9.35257
10 42 -9.35257
11 42 -9.35257
12 42 -9.35257
13 42 -9.35257
14 42 -9.35257
15 42 -9.35257
16 42 -9.35257
17 42 -9.35257
18 42 -9.35257
19 42 -9.35257
20 42 -9.35257
21 42 -9.35257
22 42 -9.35257
23 42 -9.35257
24 42 -9.35257
25 42 -9.35257
26 42 -9.35257
27 42 -9.35257
28 42 -9.35257
29 42 -9.35257
30 42 -9.35257
31 42 -9.35257
32 42 -9.35257
33 42 -9.35257
34 42 -9.35257
35 42 -9.35257
36 42 -9.35257
37 42 -9.35257
38 42 -9.35257
39 42 -9.35257
40 42 -9.35257
41 42 -9.35257
42 42 -9.35257
43 42 -9.35257
44 42 -9.35257
45 42 -9.35257
46 42 -9.35257
47 42 -9.35257
48 42 -9.35257
49 42 -9.35257
50 42 -9.35257
51 42 -9.35257
52 42 -9.35257
53 42 -9.35257
54 42 -9.35257
55 42 -9.35257
56 42 -9.35257
57 42 -9.35257
58 42 -6.67224
59 42 -6.31839
60 42 -5.97644
61 42 -5.63701
62 42 -5.30029
63 42 -4.9648
64 42 -4.63759
65 42 -4.34116
66 42 -4.12998
67 42 -4.26674
68 42 -4.39353
69 42 -4.52215
70 42 -4.65046
71 42 -4.77839
72 42 -4.90617
73 42 -5.03485
74 42 -5.16429
75 42 -5.29329
76 42 -5.42189
77 42 -5.55049
78 42 -5.68009
79 42 -5.80852
80 42 -5.93677
81 42 -6.0629
82 42 -6.19445
83 42 -6.30575
84 42 -6.4423
85 42 -6.58876
86 42 -6.61179
87 42 -9.35257
88 42 -9.35257
89 42 -9.35257
90 42 -9.35257
91 42 -9.35257
92 42 -9.35257
93 42 -9.35257
94 42 -9.35257
95 42 -9.35257
96 42 -9.35257
97 42 -9.35257
98 42 -9.35257
99 42 -9.35257
100 42 -9.35257
101 42 -9.35257
102 42 -9.35257
103 42 -9.35257
104 42 -9.35257
105 42 -9.35257
106 42 -9.35257
107 42 -9.35257
108 42 -9.35257
109 42 -9.35257
110 42 -9.35257
111 42 -9.35257
112 42 -9.35257
113 42 -9.35257
114 42 -9.35257
115 42 -9.35257
116 42 -9.35257
117 42 -9.35257
118 42 -9.35257
119 42 -9.35257
120 42 -9.35257
121 42 -9.35257
122 42 -9.35257
123 42 -9.35257
124 42 -9.35257
125 42 -9.35257
126 42 -9.35257
127 42 -9.35257
128 42 -9.35257
129 42 -9.35257
130 42 -9.35257
131 42 -9.35257
132 42 -9.35257
133 42 -9.35257
134 42 -9.35257
135 42 -9.35257
136 42 -9.35257
137 42 -9.35257
138 42 -9.35257
139 42 -9.35257
140 42 -9.35257
141 42 -9.35257
142 42 -9.35257
143 42 -9.35257
144 42 -9.35257
145 42 -9.35257
146 42 -9.35257
147 42 -9.35257
148 42 -9.35257
149 42 -9.35257
150 42 -9.35257
151 42 -9.35257
152 42 -7.67743
153 42 -7.56212
154 42 -7.45108
155 42 -7.33811
156 42 -7.22405
157 42 -7.10906
158 42 -6.99359
159 42 -6.87832
160 42 -6.76274
161 42 -6.64637
162 42 -6.52915
163 42 -6.41086
164 42 -6.29602
165 42 -6.18098
166 42 -6.06552
167 42 -5.94969
168 42 -5.8336
169 42 -5.71767
170 42 -5.60456
171 42 -5.49126
172 42 -5.3752
173 42 -5.23353
174 42 -5.30557
175 42 -5.635
176 42 -5.99158
177 42 -6.34716
178 42 -6.70003
179 42 -7.04748
180 42 -7.2178
181 42 -9.35257
182 42 -9.35257
183 42 -9.35257
184 42 -9.35257
185 42 -9.35257
186 42 -9.35257
187 42 -9.35257
188 42 -9.35257
189 42 -9.35257
190 42 -9.35257
191 42 -9.35257
192 42 -9.35257
193 42 -9.35257
194 42 -9.35257
195 42 -9.35257
196 42 -9.35257
197 42 -9.35257
198 42 -9.35257
199 42 -9.35257
200 42 -9.35257
201 42 -9.35257
202 42 -9.35257
203 42 -9.35257
204 42 -9.35257
205 42 -9.35257
206 42 -9.35257
207 42 -9.35257
208 42 -9.35257
209 42 -9.35257
210 42 -9.35257
211 42 -9.35257
212 42 -9.35257
213 42 -9.35257
214 42 -9.35257
215 42 -9.35257
216 42 -9.35257
217 42 -9.35257
218 42 -9.35257
219 42 -9.35257
220 42 -9.35257
221 42 -9.35257
222 42 -9.35257
223 42 -9.35257
224 42 -9.35257
225 42 -9.35257
226 42 -9.35257
227 42 -9.35257
228 42 -9.35257
229 42 -9.35257
230 42 -9.35257
231 42 -9.35257
232 42 -9.35257
233 42 -9.35257
234 42 -9.35257
235 42 -9.35257
236 42 -9.35257
237 42 -9.35257
238 42 -9.35257
239 42 -9.35257
0 43 -9.35257
1 43 -9.35257
2 43 -9.35257
3 43 -9.35257
4 43 -9.35257
5 43 -9.35257
6 43 -9.35257
7 43 -9.35257
8 43 -9.35257
9 43 -9.35257
10 43 -9.35257
11 43 -9.35257
12 43 -9.35257
13 43 -9.35257
14 43 -9.35257
15 43 -9.35257
16 43 -9.35257
17 43 -9.35257
18 43 -9.35257
19 43 -9.35257
20 43 -9.35257
21 43 -9.35257
22 43 -9.35257
23 43 -9.35257
24 43 -9.35257
25 43 -9.35257
26 43 -9.35257
27 43 -9.35257
28 43 -9.35257
29 43 -9.35257
30 43 -9.35257
31 43 -9.35257
32 43 -9.35257
33 43 -9.35257
34 43 -9.35257
35 43 -9.35257
36 43 -9.35257
37 43 -9.35257
38 43 -9.35257
39 43 -9.35257
40 43 -9.35257
41 43 -9.35257
42 43 -9.35257
43 43 -9.35257
44 43 -9.35257
45 43 -9.35257
46 43 -9.35257
47 43 -9.35257
48 43 -9.35257
49 43 -9.35257
50 43 -9.35257
51 43 -9.35257
52 43 -9.35257
53 43 -9.35257
54 43 -9.35257
55 43 -9.35257
56 43 -9.35257
57 43 -9.35257
58 43 -9.35257
59 43 -6.36136
60 43 -6.02476
61 43 -5.68615
62 43 -5.3479
63 43 -5.0112
64 43 -4.67476
65 43 -4.33127
66 43 -3.9297
67 43 -4.015
68 43 -4.13186
69 43 -4.25705
70 43 -4.38462
71 43 -4.51194
72 43 -4.63965
73 43 -4.76803
74 43 -4.89716
75 43 -5.02577
76 43 -5.15382
77 43 -5.281
78 43 -5.41037
79 43 -5.53901
80 43 -5.66747
81 43 -5.79621
82 43 -5.92575
83 43 -6.05435
84 43 -6.19585
85 43 -6.36094
86 43 -6.40676
87 43 -6.56526
88 43 -6.59237
89 43 -9.35257
90 43 -9.35257
91 43 -9.35257
92 43 -9.35257
93 43 -9.35257
94 43 -9.35257
95 43 -9.35257
96 43 -9.35257
97 43 -9.35257
98 43 -9.35257
99 43 -9.35257
100 43 -9.35257
101 43 -9.35257
102 43 -9.35257
103 43 -9.35257
104 43 -9.35257
105 43 -9.35257
106 43 -9.35257
107 43 -9.35257
108 43 -9.35257
109 43 -9.35257
110 43 -9.35257
111 43 -9.35257
112 43 -9.35257
113 43 -9.35257
114 43 -9.35257
115 43 -9.35257
116 43 -9.35257
117 43 -9.35257
118 43 -9.35257
119 43 -9.35257
120 43 -9.35257
121 43 -9.35257
122 43 -9.35257
123 43 -9.35257
124 43 -9.35257
125 43 -9.35257
126 43 -9.35257
127 43 -9.35257
128 43 -9.35257
129 43 -9.35257
130 43 -9.35257
131 43 -9.35257
132 43 -9.35257
133 43 -9.35257
134 43 -9.35257
135 43 -9.35257
136 43 -9.35257
137 43 -9.35257
138 43 -9.35257
139 43 -9.35257
140 43 -9.35257
141 43 -9.35257
142 43 -9.35257
143 43 -9.35257
144 43 -9.35257
145 43 -9.35257
146 43 -9.35257
147 43 -9.35257
148 43 -9.35257
149 43 -9.35257
150 43 -7.62776
151 43 -7.51816
152 43 -7.39198
153 43 -7.27931
154 43 -7.1674
155 43 -7.05499
156 43 -6.94147
157 43 -6.82691
158 43 -6.71108
159 43 -6.59666
160 43 -6.48159
161 43 -6.36636
162 43 -6.25034
163 43 -6.13378
164 43 -6.01842
165 43 -5.90488
166 43 -5.7908
167 43 -5.67643
168 43 -5.56192
169 43 -5.44763
170 43 -5.33456
171 43 -5.22667
172 43 -5.13206
173 43 -5.06575
174 43 -5.35585
175 43 -5.68919
176 43 -6.03959
177 43 -6.39388
178 43 -6.74404
179 43 -7.0616
180 43 -7.23394
181 43 -9.35257
182 43 -9.35257
183 43 -9.35257
184 43 -9.35257
185 43 -9.35257
186 43 -9.35257
187 43 -9.35257
188 43 -9.35257
189 43 -9.35257
190 43 -9.35257
191 43 -9.35257
192 43 -9.35257
193 43 -9.35257
194 43 -9.35257
195 43 -9.35257
196 43 -9.35257
197 43 -9.35257
198 43 -9.35257
199 43 -9.35257
200 43 -9.35257
201 43 -9.35257
202 43 -9.35257
203 43 -9.35257
204 43 -9.35257
205 43 -9.35257
206 43 -9.35257
207 43 -9.35257
208 43 -9.35257
209 43 -9.35257
210 43 -9.35257
211 43 -9.35257
212 43 -9.35257
213 43 -9.35257
214 43 -9.35257
215 43 -9.35257
216 43 -9.35257
217 43 -9.35257
218 43 -9.35257
219 43 -9.35257
220 43 -9.35257
221 43 -9.35257
222 43 -9.35257
223 43 -9.35257
224 43 -9.35257
225 43 -9.35257
226 43 -9.35257
227 43 -9.35257
228 43 -9.35257
229 43 -9.35257
230 43 -9.35257
231 43 -9.35257
232 43 -9.35257
233 43 -9.35257
234 43 -9.35257
235 43 -9.35257
236 43 -9.35257
237 43 -9.35257
238 43 -9.35257
239 43 -9.35257
0 44 -9.35257
1 44 -9.35257
2 44 -9.35257
3 44 -9.35257
4 44 -9.35257
5 44 -9.35257
6 44 -9.35257
7 44 -9.35257
8 44 -9.35257
9 44 -9.35257
10 44 -9.35257
11 44 -9.35257
12 44 -9.35257
13 44 -9.35257
14 44 -9.35257
15 44 -9.35257
16 44 -9.35257
17 44 -9.35257
18 44 -9.35257
19 44 -9.35257
20 44 -9.35257
21 44 -9.35257
22 44 -9.35257
23 44 -9.35257
24 44 -9.35257
25 44 -9.35257
26 44 -9.35257
27 44 -9.35257
28 44 -9.35257
29 44 -9.35257
30 44 -9.35257
31 44 -9.35257
32 44 -9.35257
33 44 -9.35257
34 44 -9.35257
35 44 -9.35257
36 44 -9.35257
37 44 -9.35257
38 44 -9.35257
39 44 -9.35257
40 44 -9.35257
41 44 -9.35257
42 44 -9.35257
43 44 -9.35257
44 44 -9.35257
45 44 -9.35257
46 44 -9.35257
47 44 -9.35257
48 44 -9.35257
49 44 -9.35257
50 44 -9.35257
51 44 -9.35257
52 44 -9.35257
53 44 -9.35257
54 44 -9.35257
55 44 -9.35257
56 44 -9.35257
57 44 -9.35257
58 44 -9.35257
59 44 -6.41529
60 44 -6.0751
61 44 -5.73493
62 44 -5.39538
63 44 -5.05733
64 44 -4.71915
65 44 -4.37948
66 44 -4.03601
67 44 -3.73169
68 44 -3.86196
69 44 -3.99103
70 44 -4.11912
71 44 -4.24623
72 44 -4.37346
73 44 -4.50171
74 44 -4.63056
75 44 -4.75887
76 44 -4.88664
77 44 -5.01398
78 44 -5.14141
79 44 -5.26972
80 44 -5.39905
81 44 -5.52878
82 44 -5.65873
83 44 -5.79014
84 44 -5.92579
85 44 -6.06335
86 44 -6.1811
87 44 -6.34141
88 44 -6.39045
89 44 -6.55066
90 44 -6.57793
91 44 -9.35257
92 44 -9.35257
93 44 -9.35257
94 44 -9.35257
95 44 -9.35257
96 44 -9.35257
97 44 -9.35257
98 44 -9.35257
99 44 -9.35257
100 44 -9.35257
101 44 -9.35257
102 44 -9.35257
103 44 -9.35257
104 44 -9.35257
105 44 -9.35257
106 44 -9.35257
107 44 -9.35257
108 44 -9.35257
109 44 -9.35257
110 44 -9.35257
111 44 -9.35257
112 44 -9.35257
113 44 -9.35257
114 44 -9.35257
115 44 -9.35257
116 44 -9.35257
117 44 -9.35257
118 44 -9.35257
119 44 -9.35257
120 44 -9.35257
121 44 -9.35257
122 44 -9.35257
123 44 -9.35257
124 44 -9.35257
125 44 -9.35257
126 44 -9.35257
127 44 -9.35257
128 44 -9.35257
129 44 -9.35257
130 44 -9.35257
131 44 -9.35257
132 44 -9.35257
133 44 -9.35257
134 44 -9.35257
135 44 -9.35257
136 44 -9.35257
137 44 -9.35257
138 44 -9.35257
139 44 -9.35257
140 44 -9.35257
141 44 -9.35257
142 44 -9.35257
143 44 -9.35257
144 44 -9.35257
145 44 -9.35257
146 44 -9.35257
147 44 -9.35257
148 44 -7.57157
149 44 -7.46339
150 44 -7.34016
151 44 -7.22614
152 44 -7.11115
153 44 -6.99668
154 44 -6.885
155 44 -6.77282
156 44 -6.65979
157 44 -6.54586
158 44 -6.43103
159 44 -6.31551
160 44 -6.20136
161 44 -6.087
162 44 -5.97209
163 44 -5.85699
164 44 -5.74307
165 44 -5.62931
166 44 -5.51638
167 44 -5.40329
168 44 -5.29002
169 44 -5.17637
170 44 -5.0614
171 44 -4.94977
172 44 -4.86064
173 44 -4.97769
174 44 -5.36673
175 44 -5.72663
176 44 -6.08404
177 44 -6.44561
178 44 -6.82098
179 44 -7.03845
180 44 -7.24443
181 44 -9.35257
182 44 -9.35257
183 44 -9.35257
184 44 -9.35257
185 44 -9.35257
186 44 -9.35257
187 44 -9.35257
188 44 -9.35257
189 44 -9.35257
190 44 -9.35257
191 44 -9.35257
192 44 -9.35257
193 44 -9.35257
194 44 -9.35257
195 44 -9.35257
196 44 -9.35257
197 44 -9.35257
198 44 -9.35257
199 44 -9.35257
200 44 -9.35257
201 44 -9.35257
202 44 -9.35257
203 44 -9.35257
204 44 -9.35257
205 44 -9.35257
206 44 -9.35257
207 44 -9.35257
208 44 -9.35257
209 44 -9.35257
210 44 -9.35257
211 44 -9.35257
212 44 -9.35257
213 44 -9.35257
214 44 -9.35257
215 44 -9.35257
216 44 -9.35257
217 44 -9.35257
218 44 -9.35257
219 44 -9.35257
220 44 -9.35257
221 44 -9.35257
222 44 -9.35257
223 44 -9.35257
224 44 -9.35257
225 44 -9.35257
226 44 -9.35257
227 44 -9.35257
228 44 -9.35257
229 44 -9.35257
230 44 -9.35257
231 44 -9.35257
232 44 -9.35257
233 44 -9.35257
234 44 -9.35257
235 44 -9.35257
236 44 -9.35257
237 44 -9.35257
238 44 -9.35257
239 44 -9.35257
0 45 -9.35257
1 45 -9.35257
2 45 -9.35257
3 45 -9.35257
4 45 -9.35257
5 45 -9.35257
6 45 -9.35257
7 45 -9.35257
8 45 -9.35257
9 45 -9.35257
10 45 -9.35257
11 45 -9.35257
12 45 -9.35257
13 45 -9.35257
14 45 -9.35257
15 45 -9.35257
16 45 -9.35257
17 45 -9.35257
18 45 -9.35257
19 45 -9.35257
20 45 -9.35257
21 45 -9.35257
22 45 -9.35257
23 45 -9.35257
24 45 -9.35257
25 45 -9.35257
26 45 -9.35257
27 45 -9.35257
28 45 -9.35257
29 45 -9.35257
30 45 -9.35257
31 45 -9.35257
32 45 -9.35257
33 45 -9.35257
34 45 -9.35257
35 45 -9.35257
36 45 -9.35257
37 45 -9.35257
38 45 -9.35257
39 45 -9.35257
40 45 -9.35257
41 45 -9.35257
42 45 -9.35257
43 45 -9.35257
44 45 -9.35257
45 45 -9.35257
46 45 -9.35257
47 45 -9.35257
48 45 -9.35257
49 45 -9.35257
50 45 -9.35257
51 45 -9.35257
52 45 -9.35257
53 45 -9.35257
54 45 -9.35257
55 45 -9.35257
56 45 -9.35257
57 45 -9.35257
58 45 -9.35257
59 45 -6.48174
60 45 -6.12557
61 45 -5.78308
62 45 -5.44342
63 45 -5.10483
64 45 -4.7671
65 45 -4.4315
66 45 -4.10317
67 45 -3.80536
68 45 -3.59326
69 45 -3.72767
70 45 -3.8548
71 45 -3.98173
72 45 -4.10871
73 45 -4.23671
74 45 -4.36457
75 45 -4.49252
76 45 -4.61997
77 45 -4.74688
78 45 -4.87311
79 45 -5.0018
80 45 -5.13145
81 45 -5.26114
82 45 -5.39109
83 45 -5.52167
84 45 -5.6539
85 45 -5.78558
86 45 -5.91293
87 45 -6.04678
88 45 -6.16578
89 45 -6.32724
90 45 -6.37617
91 45 -6.53587
92 45 -6.56268
93 45 -9.35257
94 45 -9.35257
95 45 -9.35257
96 45 -9.35257
97 45 -9.35257
98 45 -9.35257
99 45 -9.35257
100 45 -9.35257
101 45 -9.35257
102 45 -9.35257
103 45 -9.35257
104 45 -9.35257
105 45 -9.35257
106 45 -9.35257
107 45 -9.35257
108 45 -9.35257
109 45 -9.35257
110 45 -9.35257
111 45 -9.35257
112 45 -9.35257
113 45 -9.35257
114 45 -9.35257
115 45 -9.35257
116 45 -9.35257
117 45 -9.35257
118 45 -9.35257
119 45 -9.35257
120 45 -9.35257
121 45 -9.35257
122 45 -9.35257
123 45 -9.35257
124 45 -9.35257
125 45 -9.35257
126 45 -9.35257
127 45 -9.35257
128 45 -9.35257
129 45 -9.35257
130 45 -9.35257
131 45 -9.35257
132 45 -9.35257
133 45 -9.35257
134 45 -9.35257
135 45 -9.35257
136 45 -9.35257
137 45 -9.35257
138 45 -9.35257
139 45 -9.35257
140 45 -9.35257
141 45 -9.35257
142 45 -9.35257
143 45 -9.35257
144 45 -9.35257
145 45 -9.35257
146 45 -7.5137
147 45 -7.40413
148 45 -7.28272
149 45 -7.17052
150 45 -7.05699
151 45 -6.94337
152 45 -6.8298
153 45 -6.71622
154 45 -6.60309
155 45 -6.49151
156 45 -6.37902
157 45 -6.26572
158 45 -6.15167
159 45 -6.03704
160 45 -5.92226
161 45 -5.80817
162 45 -5.69432
163 45 -5.58038
164 45 -5.4674
165 45 -5.35368
166 45 -5.24195
167 45 -5.13018
168 45 -5.01835
169 45 -4.90628
170 45 -4.79068
171 45 -4.6502
172 45 -4.72497
173 45 -5.05361
174 45 -5.4095
175 45 -5.76735
176 45 -6.12464
177 45 -6.48408
178 45 -6.84843
179 45 -7.02835
180 45 -9.35257
181 45 -9.35257
182 45 -9.35257
183 45 -9.35257
184 45 -9.35257
185 45 -9.35257
186 45 -9.35257
187 45 -9.35257
188 45 -9.35257
189 45 -9.35257
190 45 -9.35257
191 45 -9.35257
192 45 -9.35257
193 45 -9.35257
194 45 -9.35257
195 45 -9.35257
196 45 -9.35257
197 45 -9.35257
198 45 -9.35257
199 45 -9.35257
200 45 -9.35257
201 45 -9.35257
202 45 -9.35257
203 45 -9.35257
204 45 -9.35257
205 45 -9.35257
206 45 -9.35257
207 45 -9.35257
208 45 -9.35257
209 45 -9.35257
210 45 -9.35257
211 45 -9.35257
212 45 -9.35257
213 45 -9.35257
214 45 -9.35257
215 45 -9.35257
216 45 -9.35257
217 45 -9.35257
218 45 -9.35257
219 45 -9.35257
220 45 -9.35257
221 45 -9.35257
222 45 -9.35257
223 45 -9.35257
224 45 -9.35257
225 45 -9.35257
226 45 -9.35257
227 45 -9.35257
228 45 -9.35257
229 45 -9.35257
230 45 -9.35257
231 45 -9.35257
232 45 -9.35257
233 45 -9.35257
234 45 -9.35257
235 45 -9.35257
236 45 -9.35257
237 45 -9.35257
238 45 -9.35257
239 45 -9.35257
0 46 -9.35257
1 46 -9.35257
2 46 -9.35257
3 46 -9.35257
4 46 -9.35257
5 46 -9.35257
6 46 -9.35257
7 46 -9.35257
8 46 -9.35257
9 46 -9.35257
10 46 -9.35257
11 46 -9.35257
12 46 -9.35257
13 46 -9.35257
14 46 -9.35257
15 46 -9.35257
16 46 -9.35257
17 46 -9.35257
18 46 -9.35257
19 46 -9.35257
20 46 -9.35257
21 46 -9.35257
22 46 -9.35257
23 46 -9.35257
24 46 -9.35257
25 46 -9.35257
26 46 -9.35257
27 46 -9.35257
28 46 -9.35257
29 46 -9.35257
30 46 -9.35257
31 46 -9.35257
32 46 -9.35257
33 46 -9.35257
34 46 -9.35257
35 46 -9.35257
36 46 -9.35257
37 46 -9.35257
38 46 -9.35257
39 46 -9.35257
40 46 -9.35257
41 46 -9.35257
42 46 -9.35257
43 46 -9.35257
44 46 -9.35257
45 46 -9.35257
46 46 -9.35257
47 46 -9.35257
48 46 -9.35257
49 46 -9.35257
50 46 -9.35257
51 46 -9.35257
52 46 -9.35257
53 46 -9.35257
54 46 -9.35257
55 46 -9.35257
56 46 -9.35257
57 46 -9.35257
58 46 -9.35257
59 46 -9.35257
60 46 -6.16443
61 46 -5.82839
62 46 -5.49041
63 46 -5.15164
64 46 -4.81374
65 46 -4.47641
66 46 -4.13982
67 46 -3.7954
68 46 -3.39296
69 46 -3.47631
70 46 -3.59181
71 46 -3.71728
72 46 -3.84411
73 46 -3.97191
74 46 -4.09926
75 46 -4.22674
76 46 -4.35383
77 46 -4.48053
78 46 -4.60696
79 46 -4.73414
80 46 -4.86379
81 46 -4.99332
82 46 -5.12281
83 46 -5.25239
84 46 -5.38254
85 46 -5.51221
86 46 -5.64063
87 46 -5.7698
88 46 -5.89872
89 46 -6.0334
90 46 -6.15178
91 46 -6.31249
92 46 -6.35995
93 46 -6.51668
94 46 -6.5444
95 46 -9.35257
96 46 -9.35257
97 46 -9.35257
98 46 -9.35257
99 46 -9.35257
100 46 -9.35257
101 46 -9.35257
102 46 -9.35257
103 46 -9.35257
104 46 -9.35257
105 46 -9.35257
106 46 -9.35257
107 46 -9.35257
108 46 -9.35257
109 46 -9.35257
110 46 -9.35257
111 46 -9.35257
112 46 -9.35257
113 46 -9.35257
114 46 -9.35257
115 46 -9.35257
116 46 -9.35257
117 46 -9.35257
118 46 -9.35257
119 46 -9.35257
120 46 -9.35257
121 46 -9.35257
122 46 -9.35257
123 46 -9.35257
124 46 -9.35257
125 46 -9.35257
126 46 -9.35257
127 46 -9.35257
128 46 -9.35257
129 46 -9.35257
130 46 -9.35257
131 46 -9.35257
132 46 -9.35257
133 46 -9.35257
134 46 -9.35257
135 46 -9.35257
136 46 -9.35257
137 46 -9.35257
138 46 -9.35257
139 46 -9.35257
140 46 -9.35257
141 46 -9.35257
142 46 -9.35257
143 46 -9.35257
144 46 -7.45624
145 46 -7.34796
146 46 -7.22594
147 46 -7.11344
148 46 -7.00011
149 46 -6.88643
150 46 -6.77424
151 46 -6.66132
152 46 -6.5485
153 46 -6.43609
154 46 -6.3235
155 46 -6.21095
156 46 -6.0989
157 46 -5.98617
158 46 -5.87273
159 46 -5.75856
160 46 -5.64339
161 46 -5.53005
162 46 -5.41666
163 46 -5.30431
164 46 -5.19248
165 46 -5.08011
166 46 -4.96758
167 46 -4.85712
168 46 -4.74691
169 46 -4.63988
170 46 -4.54579
171 46 -4.4797
172 46 -4.7722
173 46 -5.10421
174 46 -5.45335
175 46 -5.80897
176 46 -6.16502
177 46 -6.51927
178 46 -6.86816
179 46 -7.04093
180 46 -9.35257
181 46 -9.35257
182 46 -9.35257
183 46 -9.35257
184 46 -9.35257
185 46 -9.35257
186 46 -9.35257
187 46 -9.35257
188 46 -9.35257
189 46 -9.35257
190 46 -9.35257
191 46 -9.35257
192 46 -9.35257
193 46 -9.35257
194 46 -9.35257
195 46 -9.35257
196 46 -9.35257
197 46 -9.35257
198 46 -9.35257
199 46 -9.35257
200 46 -9.35257
201 46 -9.35257
202 46 -9.35257
203 46 -9.35257
204 46 -9.35257
205 46 -9.35257
206 46 -9.35257
207 46 -9.35257
208 46 -9.35257
209 46 -9.35257
210 46 -9.35257
211 46 -9.35257
212 46 -9.35257
213 46 -9.35257
214 46 -9.35257
215 46 -9.35257
216 46 -9.35257
217 46 -9.35257
218 46 -9.35257
219 46 -9.35257
220 46 -9.35257
221 46 -9.35257
222 46 -9.35257
223 46 -9.35257
224 46 -9.35257
225 46 -9.35257
226 46 -9.35257
227 46 -9.35257
228 46 -9.35257
229 46 -9.35257
230 46 -9.35257
231 46 -9.35257
232 46 -9.35257
233 46 -9.35257
234 46 -9.35257
235 46 -9.35257
236 46 -9.35257
237 46 -9.35257
238 46 -9.35257
239 46 -9.35257
0 47 -9.35257
1 47 -9.35257
2 47 -9.35257
3 47 -9.35257
4 47 -9.35257
5 47 -9.35257
6 47 -9.35257
7 47 -9.35257
8 47 -9.35257
9 47 -9.35257
10 47 -9.35257
11 47 -9.35257
12 47 -9.35257
13 47 -9.35257
14 47 -9.35257
15 47 -9.35257
16 47 -9.35257
17 47 -9.35257
18 47 -9.35257
19 47 -9.35257
20 47 -9.35257
21 47 -9.35257
22 47 -9.35257
23 47 -9.35257
24 47 -9.35257
25 47 -9.35257
26 47 -9.35257
27 47 -9.35257
28 47 -9.35257
29 47 -9.35257
30 47 -9.35257
31 47 -9.35257
32 47 -9.35257
33 47 -9.35257
34 47 -9.35257
35 47 -9.35257
36 47 -9.35257
37 47 -9.35257
38 47 -9.35257
39 47 -9.35257
40 47 -9.35257
41 47 -9.35257
42 47 -9.35257
43 47 -9.35257
44 47 -9.35257
45 47 -9.35257
46 47 -9.35257
47 47 -9.35257
48 47 -9.35257
49 47 -9.35257
50 47 -9.35257
51 47 -9.35257
52 47 -9.35257
53 47 -9.35257
54 47 -9.35257
55 47 -9.35257
56 47 -9.35257
57 47 -9.35257
58 47 -9.35257
59 47 -9.35257
60 47 -6.21164
61 47 -5.8758
62 47 -5.5382
63 47 -5.19963
64 47 -4.86105
65 47 -4.52266
66 47 -4.18432
67 47 -3.84344
68 47 -3.49843
69 47 -3.193
70 47 -3.32155
71 47 -3.45144
72 47 -3.57979
73 47 -3.70758
74 47 -3.83468
75 47 -3.96136
76 47 -4.08816
77 47 -4.21445
78 47 -4.34014
79 47 -4.46664
80 47 -4.59633
81 47 -4.72555
82 47 -4.85452
83 47 -4.98329
84 47 -5.11188
85 47 -5.2401
86 47 -5.36889
87 47 -5.49775
88 47 -5.62607
89 47 -5.75705
90 47 -5.88506
91 47 -6.01867
92 47 -6.13492
93 47 -6.29479
94 47 -6.3432
95 47 -6.5009
96 47 -6.52802
97 47 -9.35257
98 47 -9.35257
99 47 -9.35257
100 47 -9.35257
101 47 -9.35257
102 47 -9.35257
103 47 -9.35257
104 47 -9.35257
105 47 -9.35257
106 47 -9.35257
107 47 -9.35257
108 47 -9.35257
109 47 -9.35257
110 47 -9.35257
111 47 -9.35257
112 47 -9.35257
113 47 -9.35257
114 47 -9.35257
115 47 -9.35257
116 47 -9.35257
117 47 -9.35257
118 47 -9.35257
119 47 -9.35257
120 47 -9.35257
121 47 -9.35257
122 47 -9.35257
123 47 -9.35257
124 47 -9.35257
125 47 -9.35257
126 47 -9.35257
127 47 -9.35257
128 47 -9.35257
129 47 -9.35257
130 47 -9.35257
131 47 -9.35257
132 47 -9.35257
133 47 -9.35257
134 47 -9.35257
135 47 -9.35257
136 47 -9.35257
137 47 -9.35257
138 47 -9.35257
139 47 -9.35257
140 47 -9.35257
141 47 -9.35257
142 47 -7.39423
143 47 -7.28624
144 47 -7.16659
145 47 -7.05505
146 47 -6.942
147 47 -6.83011
148 47 -6.71769
149 47 -6.60487
150 47 -6.49221
151 47 -6.38011
152 47 -6.26772
153 47 -6.15613
154 47 -6.04389
155 47 -5.9308
156 47 -5.81945
157 47 -5.70732
158 47 -5.59453
159 47 -5.48106
160 47 -5.36707
161 47 -5.25274
162 47 -5.14016
163 47 -5.02908
164 47 -4.91793
165 47 -4.80654
166 47 -4.69504
167 47 -4.58364
168 47 -4.4723
169 47 -4.36131
170 47 -4.27276
171 47 -4.38943
172 47 -4.78025
173 47 -5.13855
174 47 -5.49323
175 47 -5.8505
176 47 -6.20771
177 47 -6.55983
178 47 -6.87932
179 47 -7.05364
180 47 -9.35257
181 47 -9.35257
182 47 -9.35257
183 47 -9.35257
184 47 -9.35257
185 47 -9.35257
186 47 -9.35257
187 47 -9.35257
188 47 -9.35257
189 47 -9.35257
190 47 -9.35257
191 47 -9.35257
192 47 -9.35257
193 47 -9.35257
194 47 -9.35257
195 47 -9.35257
196 47 -9.35257
197 47 -9.35257
198 47 -9.35257
199 47 -9.35257
200 47 -9.35257
201 47 -9.35257
202 47 -9.35257
203 47 -9.35257
204 47 -9.35257
205 47 -9.35257
206 47 -9.35257
207 47 -9.35257
208 47 -9.35257
209 47 -9.35257
210 47 -9.35257
211 47 -9.35257
212 47 -9.35257
213 47 -9.35257
214 47 -9.35257
215 47 -9.35257
216 47 -9.35257
217 47 -9.35257
218 47 -9.35257
219 47 -9.35257
220 47 -9.35257
221 47 -9.35257
222 47 -9.35257
223 47 -9.35257
224 47 -9.35257
225 47 -9.35257
226 47 -9.35257
227 47 -9.35257
228 47 -9.35257
229 47 -9.35257
230 47 -9.35257
231 47 -9.35257
232 47 -9.35257
233 47 -9.35257
234 47 -9.35257
235 47 -9.35257
236 47 -9.35257
237 47 -9.35257
238 47 -9.35257
239 47 -9.35257
0 48 -9.35257
1 48 -9.35257
2 48 -9.35257
3 48 -9.35257
4 48 -9.35257
5 48 -9.35257
6 48 -9.35257
7 48 -9.35257
8 48 -9.35257
9 48 -9.35257
10 48 -9.35257
11 48 -9.35257
12 48 -9.35257
13 48 -9.35257
14 48 -9.35257
15 48 -9.35257
16 48 -9.35257
17 48 -9.35257
18 48 -9.35257
19 48 -9.35257
20 48 -9.35257
21 48 -9.35257
22 48 -9.35257
23 48 -9.35257
24 48 -9.35257
25 48 -9.35257
26 48 -9.35257
27 48 -9.35257
28 48 -9.35257
29 48 -9.35257
30 48 -9.35257
31 48 -9.35257
32 48 -9.35257
33 48 -9.35257
34 48 -9.35257
35 48 -9.35257
36 48 -9.35257
37 48 -9.35257
38 48 -9.35257
39 48 -9.35257
40 48 -9.35257
41 48 -9.35257
42 48 -9.35257
43 48 -9.35257
44 48 -9.35257
45 48 -9.35257
46 48 -9.35257
47 48 -9.35257
48 48 -9.35257
49 48 -9.35257
50 48 -9.35257
51 48 -9.35257
52 48 -9.35257
53 48 -9.35257
54 48 -9.35257
55 48 -9.35257
56 48 -9.35257
57 48 -9.35257
58 48 -9.35257
59 48 -9.35257
60 48 -6.26745
61 48 -5.92701
62 48 -5.58695
63 48 -5.24765
64 48 -4.90833
65 48 -4.57009
66 48 -4.23152
67 48 -3.89563
68 48 -3.56641
69 48 -3.26803
70 48 -3.0546
71 48 -3.1896
72 48 -3.31722
73 48 -3.44399
74 48 -3.57052
75 48 -3.6967
76 48 -3.82301
77 48 -3.94905
78 48 -4.07486
79 48 -4.20179
80 48 -4.32935
81 48 -4.45808
82 48 -4.58644
83 48 -4.71458
84 48 -4.8424
85 48 -4.96978
86 48 -5.0983
87 48 -5.22624
88 48 -5.35343
89 48 -5.48366
90 48 -5.61281
91 48 -5.74222
92 48 -5.86868
93 48 -6.00209
94 48 -6.11895
95 48 -6.27882
96 48 -6.32638
97 48 -6.48305
98 48 -6.51048
99 48 -9.35257
100 48 -9.35257
101 48 -9.35257
102 48 -9.35257
103 48 -9.35257
104 48 -9.35257
105 48 -9.35257
106 48 -9.35257
107 48 -9.35257
108 48 -9.35257
109 48 -9.35257
110 48 -9.35257
111 48 -9.35257
112 48 -9.35257
113 48 -9.35257
114 48 -9.35257
115 48 -9.35257
116 48 -9.35257
117 48 -9.35257
118 48 -9.35257
119 48 -9.35257
120 48 -9.35257
121 48 -9.35257
122 48 -9.35257
123 48 -9.35257
124 48 -9.35257
125 48 -9.35257
126 48 -9.35257
127 48 -9.35257
128 48 -9.35257
129 48 -9.35257
130 48 -9.35257
131 48 -9.35257
132 48 -9.35257
133 48 -9.35257
134 48 -9.35257
135 48 -9.35257
136 48 -9.35257
137 48 -9.35257
138 48 -9.35257
139 48 -9.35257
140 48 -7.33203
141 48 -7.22502
142 48 -7.10678
143 48 -6.9953
144 48 -6.88289
145 48 -6.77045
146 48 -6.65841
147 48 -6.5473
148 48 -6.43569
149 48 -6.32345
150 48 -6.21039
151 48 -6.09923
152 48 -5.98786
153 48 -5.87666
154 48 -5.76497
155 48 -5.6528
156 48 -5.54062
157 48 -5.42898
158 48 -5.31684
159 48 -5.20411
160 48 -5.09108
161 48 -4.97772
162 48 -4.86462
163 48 -4.75391
164 48 -4.64362
165 48 -4.5331
166 48 -4.4224
167 48 -4.31102
168 48 -4.1983
169 48 -4.06032
170 48 -4.13428
171 48 -4.46419
172 48 -4.82082
173 48 -5.17703
174 48 -5.53274
175 48 -5.89209
176 48 -6.25618
177 48 -6.63335
178 48 -6.85318
179 48 -7.06212
180 48 -9.35257
181 48 -9.35257
182 48 -9.35257
183 48 -9.35257
184 48 -9.35257
185 48 -9.35257
186 48 -9.35257
187 48 -9.35257
188 48 -9.35257
189 48 -9.35257
190 48 -9.35257
191 48 -9.35257
192 48 -9.35257
193 48 -9.35257
194 48 -9.35257
195 48 -9.35257
196 48 -9.35257
197 48 -9.35257
198 48 -9.35257
199 48 -9.35257
200 48 -9.35257
201 48 -9.35257
202 48 -9.35257
203 48 -9.35257
204 48 -9.35257
205 48 -9.35257
206 48 -9.35257
207 48 -9.35257
208 48 -9.35257
209 48 -9.35257
210 48 -9.35257
211 48 -9.35257
212 48 -9.35257
213 48 -9.35257
214 48 -9.35257
215 48 -9.35257
216 48 -9.35257
217 48 -9.35257
218 48 -9.35257
219 48 -9.35257
220 48 -9.35257
221 48 -9.35257
222 48 -9.35257
223 48 -9.35257
224 48 -9.35257
225 48 -9.35257
226 48 -9.35257
227 48 -9.35257
228 48 -9.35257
229 48 -9.35257
230 48 -9.35257
231 48 -9.35257
232 48 -9.35257
233 48 -9.35257
234 48 -9.35257
235 48 -9.35257
236 48 -9.35257
237 48 -9.35257
238 48 -9.35257
239 48 -9.35257
0 49 -9.35257
1 49 -9.35257
2 49 -9.35257
3 49 -9.35257
4 49 -9.35257
5 49 -9.35257
6 49 -9.35257
7 49 -9.35257
8 49 -9.35257
9 49 -9.35257
10 49 -9.35257
11 49 -9.35257
12 49 -9.35257
13 49 -9.35257
14 49 -9.35257
15 49 -9.35257
16 49 -9.35257
17 49 -9.35257
18 49 -9.35257
19 49 -9.35257
20 49 -9.35257
21 49 -9.35257
22 49 -9.35257
23 49 -9.35257
24 49 -9.35257
25 49 -9.35257
26 49 -9.35257
27 49 -9.35257
28 49 -9.35257
29 49 -9.35257
30 49 -9.35257
31 49 -9.35257
32 49 -9.35257
33 49 -9.35257
34 49 -9.35257
35 49 -9.35257
36 49 -9.35257
37 49 -9.35257
38 49 -9.35257
39 49 -9.35257
40 49 -9.35257
41 49 -9.35257
42 49 -9.35257
43 49 -9.35257
44 49 -9.35257
45 49 -9.35257
46 49 -9.35257
47 49 -9.35257
48 49 -9.35257
49 49 -9.35257
50 49 -9.35257
51 49 -9.35257
52 49 -9.35257
53 49 -9.35257
54 49 -9.35257
55 49 -9.35257
56 49 -9.35257
57 49 -9.35257
58 49 -9.35257
59 49 -9.35257
60 49 -6.33519
61 49 -5.97907
62 49 -5.63514
63 49 -5.29566
64 49 -4.95661
65 49 -4.61787
66 49 -4.27934
67 49 -3.94116
68 49 -3.60356
69 49 -3.25828
70 49 -2.85512
71 49 -2.9378
72 49 -3.05556
73 49 -3.18067
74 49 -3.30679
75 49 -3.43266
76 49 -3.55822
77 49 -3.68387
78 49 -3.80969
79 49 -3.93631
80 49 -4.06288
81 49 -4.19099
82 49 -4.31879
83 49 -4.44627
84 49 -4.57336
85 49 -4.70029
86 49 -4.82828
87 49 -4.95573
88 49 -5.08348
89 49 -5.21143
90 49 -5.3403
91 49 -5.46876
92 49 -5.59663
93 49 -5.72599
94 49 -5.85242
95 49 -5.9852
96 49 -6.10123
97 49 -6.25974
98 49 -6.30597
99 49 -6.46172
100 49 -6.489
101 49 -9.35257
102 49 -9.35257
103 49 -9.35257
104 49 -9.35257
105 49 -9.35257
106 49 -9.35257
107 49 -9.35257
108 49 -9.35257
109 49 -9.35257
110 49 -9.35257
111 49 -9.35257
112 49 -9.35257
113 49 -9.35257
114 49 -9.35257
115 49 -9.35257
116 49 -9.35257
117 49 -9.35257
118 49 -9.35257
119 49 -9.35257
120 49 -9.35257
121 49 -9.35257
122 49 -9.35257
123 49 -9.35257
124 49 -9.35257
125 49 -9.35257
126 49 -9.35257
127 49 -9.35257
128 49 -9.35257
129 49 -9.35257
130 49 -9.35257
131 49 -9.35257
132 49 -9.35257
133 49 -9.35257
134 49 -9.35257
135 49 -9.35257
136 49 -9.35257
137 49 -9.35257
138 49 -7.26462
139 49 -7.15864
140 49 -7.04353
141 49 -6.9338
142 49 -6.82266
143 49 -6.71096
144 49 -6.59908
145 49 -6.48618
146 49 -6.37526
147 49 -6.26502
148 49 -6.1543
149 49 -6.04286
150 49 -5.93084
151 49 -5.81948
152 49 -5.70877
153 49 -5.59768
154 49 -5.48655
155 49 -5.37481
156 49 -5.26215
157 49 -5.15115
158 49 -5.03975
159 49 -4.92776
160 49 -4.81526
161 49 -4.70228
162 49 -4.58897
163 49 -4.47908
164 49 -4.36941
165 49 -4.25965
166 49 -4.15029
167 49 -4.04383
168 49 -3.95032
169 49 -3.88595
170 49 -4.17933
171 49 -4.51257
172 49 -4.86213
173 49 -5.2169
174 49 -5.57317
175 49 -5.93083
176 49 -6.29244
177 49 -6.6581
178 49 -6.83982
179 49 -9.35257
180 49 -9.35257
181 49 -9.35257
182 49 -9.35257
183 49 -9.35257
184 49 -9.35257
185 49 -9.35257
186 49 -9.35257
187 49 -9.35257
188 49 -9.35257
189 49 -9.35257
190 49 -9.35257
191 49 -9.35257
192 49 -9.35257
193 49 -9.35257
194 49 -9.35257
195 49 -9.35257
196 49 -9.35257
197 49 -9.35257
198 49 -9.35257
199 49 -9.35257
200 49 -9.35257
201 49 -9.35257
202 49 -9.35257
203 49 -9.35257
204 49 -9.35257
205 49 -9.35257
206 49 -9.35257
207 49 -9.35257
208 49 -9.35257
209 49 -9.35257
210 49 -9.35257
211 49 -9.35257
212 49 -9.35257
213 49 -9.35257
214 49 -9.35257
215 49 -9.35257
216 49 -9.35257
217 49 -9.35257
218 49 -9.35257
219 49 -9.35257
220 49 -9.35257
221 49 -9.35257
222 49 -9.35257
223 49 -9.35257
224 49 -9.35257
225 49 -9.35257
226 49 -9.35257
227 49 -9.35257
228 49 -9.35257
229 49 -9.35257
230 49 -9.35257
231 49 -9.35257
232 49 -9.35257
233 49 -9.35257
234 49 -9.35257
235 49 -9.35257
236 49 -9.35257
237 49 -9.35257
238 49 -9.35257
239 49 -9.35257
0 50 -9.35257
1 50 -9.35257
2 50 -9.35257
3 50 -9.35257
4 50 -9.35257
5 50 -9.35257
6 50 -9.35257
7 50 -9.35257
8 50 -9.35257
9 50 -9.35257
10 50 -9.35257
11 50 -9.35257
12 50 -9.35257
13 50 -9.35257
14 50 -9.35257
15 50 -9.35257
16 50 -9.35257
17 50 -9.35257
18 50 -9.35257
19 50 -9.35257
20 50 -9.35257
21 50 -9.35257
22 50 -9.35257
23 50 -9.35257
24 50 -9.35257
25 50 -9.35257
26 50 -9.35257
27 50 -9.35257
28 50 -9.35257
29 50 -9.35257
30 50 -9.35257
31 50 -9.35257
32 50 -9.35257
33 50 -9.35257
34 50 -9.35257
35 50 -9.35257
36 50 -9.35257
37 50 -9.35257
38 50 -9.35257
39 50 -9.35257
40 50 -9.35257
41 50 -9.35257
42 50 -9.35257
43 50 -9.35257
44 50 -9.35257
45 50 -9.35257
46 50 -9.35257
47 50 -9.35257
48 50 -9.35257
49 50 -9.35257
50 50 -9.35257
51 50 -9.35257
52 50 -9.35257
53 50 -9.35257
54 50 -9.35257
55 50 -9.35257
56 50 -9.35257
57 50 -9.35257
58 50 -9.35257
59 50 -9.35257
60 50 -9.35257
61 50 -6.01896
62 50 -5.68217
63 50 -5.34325
64 50 -5.00456
65 50 -4.66561
66 50 -4.32681
67 50 -3.98753
68 50 -3.64838
69 50 -3.30659
70 50 -2.96207
71 50 -2.65679
72 50 -2.78654
73 50 -2.9164
74 50 -3.04331
75 50 -3.16903
76 50 -3.29413
77 50 -3.41872
78 50 -3.54487
79 50 -3.67109
80 50 -3.79644
81 50 -3.92419
82 50 -4.05152
83 50 -4.17836
84 50 -4.30456
85 50 -4.43164
86 50 -4.55889
87 50 -4.68605
88 50 -4.81339
89 50 -4.93976
90 50 -5.06826
91 50 -5.19588
92 50 -5.32427
93 50 -5.45283
94 50 -5.58038
95 50 -5.70831
96 50 -5.83381
97 50 -5.96502
98 50 -6.07911
99 50 -6.23868
100 50 -6.28595
101 50 -6.44133
102 50 -6.46761
103 50 -9.35257
104 50 -9.35257
105 50 -9.35257
106 50 -9.35257
107 50 -9.35257
108 50 -9.35257
109 50 -9.35257
110 50 -9.35257
111 50 -9.35257
112 50 -9.35257
113 50 -9.35257
114 50 -9.35257
115 50 -9.35257
116 50 -9.35257
117 50 -9.35257
118 50 -9.35257
119 50 -9.35257
120 50 -9.35257
121 50 -9.35257
122 50 -9.35257
123 50 -9.35257
124 50 -9.35257
125 50 -9.35257
126 50 -9.35257
127 50 -9.35257
128 50 -9.35257
129 50 -9.35257
130 50 -9.35257
131 50 -9.35257
132 50 -9.35257
133 50 -9.35257
134 50 -9.35257
135 50 -9.35257
136 50 -9.35257
137 50 -7.08892
138 50 -6.97793
139 50 -6.86938
140 50 -6.7588
141 50 -6.64953
142 50 -6.53909
143 50 -6.42777
144 50 -6.31627
145 50 -6.20394
146 50 -6.09296
147 50 -5.98354
148 50 -5.87347
149 50 -5.76272
150 50 -5.65142
151 50 -5.53985
152 50 -5.4299
153 50 -5.31952
154 50 -5.20856
155 50 -5.0976
156 50 -4.98591
157 50 -4.8737
158 50 -4.76326
159 50 -4.65193
160 50 -4.53992
161 50 -4.42716
162 50 -4.31547
163 50 -4.20497
164 50 -4.09527
165 50 -3.98582
166 50 -3.87529
167 50 -3.76462
168 50 -3.67729
169 50 -3.79344
170 50 -4.18505
171 50 -4.54461
172 50 -4.89983
173 50 -5.25579
174 50 -5.61221
175 50 -5.96837
176 50 -6.32465
177 50 -6.67529
178 50 -6.84958
179 50 -9.35257
180 50 -9.35257
181 50 -9.35257
182 50 -9.35257
183 50 -9.35257
184 50 -9.35257
185 50 -9.35257
186 50 -9.35257
187 50 -9.35257
188 50 -9.35257
189 50 -9.35257
190 50 -9.35257
191 50 -9.35257
192 50 -9.35257
193 50 -9.35257
194 50 -9.35257
195 50 -9.35257
196 50 -9.35257
197 50 -9.35257
198 50 -9.35257
199 50 -9.35257
200 50 -9.35257
201 50 -9.35257
202 50 -9.35257
203 50 -9.35257
204 50 -9.35257
205 50 -9.35257
206 50 -9.35257
207 50 -9.35257
208 50 -9.35257
209 50 -9.35257
210 50 -9.35257
211 50 -9.35257
212 50 -9.35257
213 50 -9.35257
214 50 -9.35257
215 50 -9.35257
216 50 -9.35257
217 50 -9.35257
218 50 -9.35257
219 50 -9.35257
220 50 -9.35257
221 50 -9.35257
222 50 -9.35257
223 50 -9.35257
224 50 -9.35257
225 50 -9.35257
226 50 -9.35257
227 50 -9.35257
228 50 -9.35257
229 50 -9.35257
230 50 -9.35257
231 50 -9.35257
232 50 -9.35257
233 50 -9.35257
234 50 -9.35257
235 50 -9.35257
236 50 -9.35257
237 50 -9.35257
238 50 -9.35257
239 50 -9.35257
0 51 -9.35257
1 51 -9.35257
2 51 -9.35257
3 51 -9.35257
4 51 -9.35257
5 51 -9.35257
6 51 -9.35257
7 51 -9.35257
8 51 -9.35257
9 51 -9.35257
10 51 -9.35257
11 51 -9.35257
12 51 -9.35257
13 51 -9.35257
14 51 -9.35257
15 51 -9.35257
16 51 -9.35257
17 51 -9.35257
18 51 -9.35257
19 51 -9.35257
20 51 -9.35257
21 51 -9.35257
22 51 -9.35257
23 51 -9.35257
24 51 -9.35257
25 51 -9.35257
26 51 -9.35257
27 51 -9.35257
28 51 -9.35257
29 51 -9.35257
30 51 -9.35257
31 51 -9.35257
32 51 -9.35257
33 51 -9.35257
34 51 -9.35257
35 51 -9.35257
36 51 -9.35257
37 51 -9.35257
38 51 -9.35257
39 51 -9.35257
40 51 -9.35257
41 51 -9.35257
42 51 -9.35257
43 51 -9.35257
44 51 -9.35257
45 51 -9.35257
46 51 -9.35257
47 51 -9.35257
48 51 -9.35257
49 51 -9.35257
50 51 -9.35257
51 51 -9.35257
52 51 -9.35257
53 51 -9.35257
54 51 -9.35257
55 51 -9.35257
56 51 -9.35257
57 51 -9.35257
58 51 -9.35257
59 51 -9.35257
60 51 -9.35257
61 51 -6.06713
62 51 -5.73131
63 51 -5.39205
64 51 -5.05278
65 51 -4.71336
66 51 -4.37477
67 51 -4.03585
68 51 -3.69709
69 51 -3.35969
70 51 -3.03031
71 51 -2.73235
72 51 -2.51898
73 51 -2.65509
74 51 -2.7811
75 51 -2.906
76 51 -3.03076
77 51 -3.15524
78 51 -3.28112
79 51 -3.40684
80 51 -3.53222
81 51 -3.65789
82 51 -3.78472
83 51 -3.91117
84 51 -4.03721
85 51 -4.16405
86 51 -4.29054
87 51 -4.41738
88 51 -4.54427
89 51 -4.67064
90 51 -4.7971
91 51 -4.92466
92 51 -5.05288
93 51 -5.18073
94 51 -5.30795
95 51 -5.43481
96 51 -5.56076
97 51 -5.68741
98 51 -5.81067
99 51 -5.94357
100 51 -6.05964
101 51 -6.21802
102 51 -6.26376
103 51 -6.41666
104 51 -6.44166
105 51 -9.35257
106 51 -9.35257
107 51 -9.35257
108 51 -9.35257
109 51 -9.35257
110 51 -9.35257
111 51 -9.35257
112 51 -9.35257
113 51 -9.35257
114 51 -9.35257
115 51 -9.35257
116 51 -9.35257
117 51 -9.35257
118 51 -9.35257
119 51 -9.35257
120 51 -9.35257
121 51 -9.35257
122 51 -9.35257
123 51 -9.35257
124 51 -9.35257
125 51 -9.35257
126 51 -9.35257
127 51 -9.35257
128 51 -9.35257
129 51 -9.35257
130 51 -9.35257
131 51 -9.35257
132 51 -9.35257
133 51 -9.35257
134 51 -9.35257
135 51 -7.02648
136 51 -6.92071
137 51 -6.80467
138 51 -6.69578
139 51 -6.5866
140 51 -6.47659
141 51 -6.36628
142 51 -6.25626
143 51 -6.14554
144 51 -6.03415
145 51 -5.92252
146 51 -5.81154
147 51 -5.7027
148 51 -5.59334
149 51 -5.48328
150 51 -5.37322
151 51 -5.26259
152 51 -5.15148
153 51 -5.04194
154 51 -4.93153
155 51 -4.82112
156 51 -4.71017
157 51 -4.59885
158 51 -4.4875
159 51 -4.37663
160 51 -4.26519
161 51 -4.15315
162 51 -4.04217
163 51 -3.93084
164 51 -3.82166
165 51 -3.71291
166 51 -3.60045
167 51 -3.46301
168 51 -3.537
169 51 -3.86711
170 51 -4.22451
171 51 -4.58133
172 51 -4.93766
173 51 -5.29457
174 51 -5.65185
175 51 -6.00886
176 51 -6.36284
177 51 -6.68406
178 51 -6.8604
179 51 -9.35257
180 51 -9.35257
181 51 -9.35257
182 51 -9.35257
183 51 -9.35257
184 51 -9.35257
185 51 -9.35257
186 51 -9.35257
187 51 -9.35257
188 51 -9.35257
189 51 -9.35257
190 51 -9.35257
191 51 -9.35257
192 51 -9.35257
193 51 -9.35257
194 51 -9.35257
195 51 -9.35257
196 51 -9.35257
197 51 -9.35257
198 51 -9.35257
199 51 -9.35257
200 51 -9.35257
201 51 -9.35257
202 51 -9.35257
203 51 -9.35257
204 51 -9.35257
205 51 -9.35257
206 51 -9.35257
207 51 -9.35257
208 51 -9.35257
209 51 -9.35257
210 51 -9.35257
211 51 -9.35257
212 51 -9.35257
213 51 -9.35257
214 51 -9.35257
215 51 -9.35257
216 51 -9.35257
217 51 -9.35257
218 51 -9.35257
219 51 -9.35257
220 51 -9.35257
221 51 -9.35257
222 51 -9.35257
223 51 -9.35257
224 51 -9.35257
225 51 -9.35257
226 51 -9.35257
227 51 -9.35257
228 51 -9.35257
229 51 -9.35257
230 51 -9.35257
231 51 -9.35257
232 51 -9.35257
233 51 -9.35257
234 51 -9.35257
235 51 -9.35257
236 51 -9.35257
237 51 -9.35257
238 51 -9.35257
239 51 -9.35257
0 52 -9.35257
1 52 -9.35257
2 52 -9.35257
3 52 -9.35257
4 52 -9.35257
5 52 -9.35257
6 52 -9.35257
7 52 -9.35257
8 52 -9.35257
9 52 -9.35257
10 52 -9.35257
11 52 -9.35257
12 52 -9.35257
13 52 -9.35257
14 52 -9.35257
15 52 -9.35257
16 52 -9.35257
17 52 -9.35257
18 52 -9.35257
19 52 -9.35257
20 52 -9.35257
21 52 -9.35257
22 52 -9.35257
23 52 -9.35257
24 52 -9.35257
25 52 -9.35257
26 52 -9.35257
27 52 -9.35257
28 52 -9.35257
29 52 -9.35257
30 52 -9.35257
31 52 -9.35257
32 52 -9.35257
33 52 -9.35257
34 52 -9.35257
35 52 -9.35257
36 52 -9.35257
37 52 -9.35257
38 52 -9.35257
39 52 -9.35257
40 52 -9.35257
41 52 -9.35257
42 52 -9.35257
43 52 -9.35257
44 52 -9.35257
45 52 -9.35257
46 52 -9.35257
47 52 -9.35257
48 52 -9.35257
49 52 -9.35257
50 52 -9.35257
51 52 -9.35257
52 52 -9.35257
53 52 -9.35257
54 52 -9.35257
55 52 -9.35257
56 52 -9.35257
57 52 -9.35257
58 52 -9.35257
59 52 -9.35257
60 52 -9.35257
61 52 -6.12448
62 52 -5.7839
63 52 -5.44289
64 52 -5.1024
65 52 -4.76233
66 52 -4.42307
67 52 -4.084
68 52 -3.74462
69 52 -3.40657
70 52 -3.06802
71 52 -2.7233
72 52 -2.31971
73 52 -2.40409
74 52 -2.51999
75 52 -2.64334
76 52 -2.76776
77 52 -2.89229
78 52 -3.01762
79 52 -3.14291
80 52 -3.26778
81 52 -3.3919
82 52 -3.51839
83 52 -3.64439
84 52 -3.77029
85 52 -3.89681
86 52 -4.02303
87 52 -4.14942
88 52 -4.27573
89 52 -4.40144
90 52 -4.52638
91 52 -4.6539
92 52 -4.78192
93 52 -4.90927
94 52 -5.03607
95 52 -5.16228
96 52 -5.28774
97 52 -5.41326
98 52 -5.53825
99 52 -5.66535
100 52 -5.79103
101 52 -5.92236
102 52 -6.03664
103 52 -6.19291
104 52 -6.23673
105 52 -6.38664
106 52 -6.41298
107 52 -9.35257
108 52 -9.35257
109 52 -9.35257
110 52 -9.35257
111 52 -9.35257
112 52 -9.35257
113 52 -9.35257
114 52 -9.35257
115 52 -9.35257
116 52 -9.35257
117 52 -9.35257
118 52 -9.35257
119 52 -9.35257
120 52 -9.35257
121 52 -9.35257
122 52 -9.35257
123 52 -9.35257
124 52 -9.35257
125 52 -9.35257
126 52 -9.35257
127 52 -9.35257
128 52 -9.35257
129 52 -9.35257
130 52 -9.35257
131 52 -9.35257
132 52 -9.35257
133 52 -6.96252
134 52 -6.85575
135 52 -6.74084
136 52 -6.63187
137 52 -6.52284
138 52 -6.41392
139 52 -6.30466
140 52 -6.19467
141 52 -6.08363
142 52 -5.97411
143 52 -5.864
144 52 -5.75321
145 52 -5.64198
146 52 -5.53231
147 52 -5.42224
148 52 -5.31377
149 52 -5.20463
150 52 -5.09546
151 52 -4.98564
152 52 -4.87537
153 52 -4.76506
154 52 -4.65527
155 52 -4.54504
156 52 -4.43481
157 52 -4.32403
158 52 -4.21217
159 52 -4.10189
160 52 -3.99105
161 52 -3.87961
162 52 -3.76921
163 52 -3.65859
164 52 -3.54854
165 52 -3.44372
166 52 -3.35155
167 52 -3.287
168 52 -3.58087
169 52 -3.91436
170 52 -4.26489
171 52 -4.61967
172 52 -4.97579
173 52 -5.33299
174 52 -5.69174
175 52 -6.05513
176 52 -6.43378
177 52 -6.65594
178 52 -6.86741
179 52 -9.35257
180 52 -9.35257
181 52 -9.35257
182 52 -9.35257
183 52 -9.35257
184 52 -9.35257
185 52 -9.35257
186 52 -9.35257
187 52 -9.35257
188 52 -9.35257
189 52 -9.35257
190 52 -9.35257
191 52 -9.35257
192 52 -9.35257
193 52 -9.35257
194 52 -9.35257
195 52 -9.35257
196 52 -9.35257
197 52 -9.35257
198 52 -9.35257
199 52 -9.35257
200 52 -9.35257
201 52 -9.35257
202 52 -9.35257
203 52 -9.35257
204 52 -9.35257
205 52 -9.35257
206 52 -9.35257
207 52 -9.35257
208 52 -9.35257
209 52 -9.35257
210 52 -9.35257
211 52 -9.35257
212 52 -9.35257
213 52 -9.35257
214 52 -9.35257
215 52 -9.35257
216 52 -9.35257
217 52 -9.35257
218 52 -9.35257
219 52 -9.35257
220 52 -9.35257
221 52 -9.35257
222 52 -9.35257
223 52 -9.35257
224 52 -9.35257
225 52 -9.35257
226 52 -9.35257
227 52 -9.35257
228 52 -9.35257
229 52 -9.35257
230 52 -9.35257
231 52 -9.35257
232 52 -9.35257
233 52 -9.35257
234 52 -9.35257
235 52 -9.35257
236 52 -9.35257
237 52 -9.35257
238 52 -9.35257
239 52 -9.35257
0 53 -9.35257
1 53 -9.35257
2 53 -9.35257
3 53 -9.35257
4 53 -9.35257
5 53 -9.35257
6 53 -9.35257
7 53 -9.35257
8 53 -9.35257
9 53 -9.35257
10 53 -9.35257
11 53 -9.35257
12 53 -9.35257
13 53 -9.35257
14 53 -9.35257
15 53 -9.35257
16 53 -9.35257
17 53 -9.35257
18 53 -9.35257
19 53 -9.35257
20 53 -9.35257
21 53 -9.35257
22 53 -9.35257
23 53 -9.35257
24 53 -9.35257
25 53 -9.35257
26 53 -9.35257
27 53 -9.35257
28 53 -9.35257
29 53 -9.35257
30 53 -9.35257
31 53 -9.35257
32 53 -9.35257
33 53 -9.35257
34 53 -9.35257
35 53 -9.35257
36 53 -9.35257
37 53 -9.35257
38 53 -9.35257
39 53 -9.35257
40 53 -9.35257
41 53 -9.35257
42 53 -9.35257
43 53 -9.35257
44 53 -9.35257
45 53 -9.35257
46 53 -9.35257
47 53 -9.35257
48 53 -9.35257
49 53 -9.35257
50 53 -9.35257
51 53 -9.35257
52 53 -9.35257
53 53 -9.35257
54 53 -9.35257
55 53 -9.35257
56 53 -9.35257
57 53 -9.35257
58 53 -9.35257
59 53 -9.35257
60 53 -9.35257
61 53 -6.19373
62 53 -5.8371
63 53 -5.49321
64 53 -5.15175
65 53 -4.81175
66 53 -4.47134
67 53 -4.13245
68 53 -3.79345
69 53 -3.45465
70 53 -3.11524
71 53 -2.77312
72 53 -2.42799
73 53 -2.12165
74 53 -2.25142
75 53 -2.37967
76 53 -2.50466
77 53 -2.62979
78 53 -2.75492
79 53 -2.87949
80 53 -3.00408
81 53 -3.12825
82 53 -3.25255
83 53 -3.37777
84 53 -3.5039
85 53 -3.63013
86 53 -3.75649
87 53 -3.88239
88 53 -4.00777
89 53 -4.13309
90 53 -4.2577
91 53 -4.38395
92 53 -4.51163
93 53 -4.63855
94 53 -4.76485
95 53 -4.8905
96 53 -5.01548
97 53 -5.13965
98 53 -5.2649
99 53 -5.39003
100 53 -5.51683
101 53 -5.64376
102 53 -5.76758
103 53 -5.89683
104 53 -6.00875
105 53 -6.16468
106 53 -6.20957
107 53 -6.36032
108 53 -6.38647
109 53 -9.35257
110 53 -9.35257
111 53 -9.35257
112 53 -9.35257
113 53 -9.35257
114 53 -9.35257
115 53 -9.35257
116 53 -9.35257
117 53 -9.35257
118 53 -9.35257
119 53 -9.35257
120 53 -9.35257
121 53 -9.35257
122 53 -9.35257
123 53 -9.35257
124 53 -9.35257
125 53 -9.35257
126 53 -9.35257
127 53 -9.35257
128 53 -9.35257
129 53 -9.35257
130 53 -9.35257
131 53 -6.89528
132 53 -6.7902
133 53 -6.67763
134 53 -6.56878
135 53 -6.45889
136 53 -6.34897
137 53 -6.24076
138 53 -6.13227
139 53 -6.02329
140 53 -5.91366
141 53 -5.80331
142 53 -5.69241
143 53 -5.58298
144 53 -5.47273
145 53 -5.36235
146 53 -5.25346
147 53 -5.14418
148 53 -5.03504
149 53 -4.92695
150 53 -4.81834
151 53 -4.70914
152 53 -4.59931
153 53 -4.48856
154 53 -4.37946
155 53 -4.26989
156 53 -4.16032
157 53 -4.05013
158 53 -3.93916
159 53 -3.82754
160 53 -3.71737
161 53 -3.60639
162 53 -3.49631
163 53 -3.38563
164 53 -3.27408
165 53 -3.16298
166 53 -3.07596
167 53 -3.19315
168 53 -3.58511
169 53 -3.94513
170 53 -4.301
171 53 -4.65665
172 53 -5.01355
173 53 -5.37099
174 53 -5.72888
175 53 -6.08922
176 53 -6.45595
177 53 -6.63939
178 53 -9.35257
179 53 -9.35257
180 53 -9.35257
181 53 -9.35257
182 53 -9.35257
183 53 -9.35257
184 53 -9.35257
185 53 -9.35257
186 53 -9.35257
187 53 -9.35257
188 53 -9.35257
189 53 -9.35257
190 53 -9.35257
191 53 -9.35257
192 53 -9.35257
193 53 -9.35257
194 53 -9.35257
195 53 -9.35257
196 53 -9.35257
197 53 -9.35257
198 53 -9.35257
199 53 -9.35257
200 53 -9.35257
201 53 -9.35257
202 53 -9.35257
203 53 -9.35257
204 53 -9.35257
205 53 -9.35257
206 53 -9.35257
207 53 -9.35257
208 53 -9.35257
209 53 -9.35257
210 53 -9.35257
211 53 -9.35257
212 53 -9.35257
213 53 -9.35257
214 53 -9.35257
215 53 -9.35257
216 53 -9.35257
217 53 -9.35257
218 53 -9.35257
219 53 -9.35257
220 53 -9.35257
221 53 -9.35257
222 53 -9.35257
223 53 -9.35257
224 53 -9.35257
225 53 -9.35257
226 53 -9.35257
227 53 -9.35257
228 53 -9.35257
229 53 -9.35257
230 53 -9.35257
231 53 -9.35257
232 53 -9.35257
233 53 -9.35257
234 53 -9.35257
235 53 -9.35257
236 53 -9.35257
237 53 -9.35257
238 53 -9.35257
239 53 -9.35257
0 54 -9.35257
1 54 -9.35257
2 54 -9.35257
3 54 -9.35257
4 54 -9.35257
5 54 -9.35257
6 54 -9.35257
7 54 -9.35257
8 54 -9.35257
9 54 -9.35257
10 54 -9.35257
11 54 -9.35257
12 54 -9.35257
13 54 -9.35257
14 54 -9.35257
15 54 -9.35257
16 54 -9.35257
17 54 -9.35257
18 54 -9.35257
19 54 -9.35257
20 54 -9.35257
21 54 -9.35257
22 54 -9.35257
23 54 -9.35257
24 54 -9.35257
25 54 -9.35257
26 54 -9.35257
27 54 -9.35257
28 54 -9.35257
29 54 -9.35257
30 54 -9.35257
31 54 -9.35257
32 54 -9.35257
33 54 -9.35257
34 54 -9.35257
35 54 -9.35257
36 54 -9.35257
37 54 -9.35257
38 54 -9.35257
39 54 -9.35257
40 54 -9.35257
41 54 -9.35257
42 54 -9.35257
43 54 -9.35257
44 54 -9.35257
45 54 -9.35257
46 54 -9.35257
47 54 -9.35257
48 54 -9.35257
49 54 -9.35257
50 54 -9.35257
51 54 -9.35257
52 54 -9.35257
53 54 -9.35257
54 54 -9.35257
55 54 -9.35257
56 54 -9.35257
57 54 -9.35257
58 54 -9.35257
59 54 -9.35257
60 54 -9.35257
61 54 -9.35257
62 54 -5.87771
63 54 -5.54111
64 54 -5.20171
65 54 -4.86157
66 54 -4.52139
67 54 -4.18155
68 54 -3.84277
69 54 -3.5035
70 54 -3.16516
71 54 -2.82738
72 54 -2.49749
73 54 -2.19862
74 54 -1.98446
75 54 -2.11928
76 54 -2.24386
77 54 -2.36845
78 54 -2.49287
79 54 -2.61683
80 54 -2.74087
81 54 -2.86445
82 54 -2.98734
83 54 -3.11262
84 54 -3.23862
85 54 -3.36444
86 54 -3.49049
87 54 -3.61587
88 54 -3.74071
89 54 -3.86546
90 54 -3.9899
91 54 -4.11527
92 54 -4.24212
93 54 -4.3685
94 54 -4.49428
95 54 -4.61946
96 54 -4.74403
97 54 -4.86809
98 54 -4.99279
99 54 -5.11768
100 54 -5.24249
101 54 -5.36833
102 54 -5.49311
103 54 -5.61812
104 54 -5.74022
105 54 -5.86988
106 54 -5.98273
107 54 -6.13761
108 54 -6.18022
109 54 -6.33089
110 54 -6.35601
111 54 -9.35257
112 54 -9.35257
113 54 -9.35257
114 54 -9.35257
115 54 -9.35257
116 54 -9.35257
117 54 -9.35257
118 54 -9.35257
119 54 -9.35257
120 54 -9.35257
121 54 -9.35257
122 54 -9.35257
123 54 -9.35257
124 54 -9.35257
125 54 -9.35257
126 54 -9.35257
127 54 -9.35257
128 54 -9.35257
129 54 -6.82753
130 54 -6.72144
131 54 -6.60948
132 54 -6.50285
133 54 -6.39513
134 54 -6.28694
135 54 -6.17791
136 54 -6.06832
137 54 -5.95894
138 54 -5.85113
139 54 -5.74257
140 54 -5.63336
141 54 -5.52354
142 54 -5.41323
143 54 -5.30278
144 54 -5.19271
145 54 -5.08357
146 54 -4.97486
147 54 -4.86603
148 54 -4.75693
149 54 -4.64964
150 54 -4.54167
151 54 -4.43313
152 54 -4.32401
153 54 -4.2143
154 54 -4.10411
155 54 -3.99569
156 54 -3.88643
157 54 -3.77704
158 54 -3.66678
159 54 -3.5558
160 54 -3.44448
161 54 -3.33381
162 54 -3.22401
163 54 -3.11356
164 54 -2.99933
165 54 -2.86036
166 54 -2.93417
167 54 -3.26542
168 54 -3.62322
169 54 -3.98093
170 54 -4.33768
171 54 -4.69431
172 54 -5.05164
173 54 -5.40888
174 54 -5.76526
175 54 -6.11946
176 54 -6.47093
177 54 -6.64678
178 54 -9.35257
179 54 -9.35257
180 54 -9.35257
181 54 -9.35257
182 54 -9.35257
183 54 -9.35257
184 54 -9.35257
185 54 -9.35257
186 54 -9.35257
187 54 -9.35257
188 54 -9.35257
189 54 -9.35257
190 54 -9.35257
191 54 -9.35257
192 54 -9.35257
193 54 -9.35257
194 54 -9.35257
195 54 -9.35257
196 54 -9.35257
197 54 -9.35257
198 54 -9.35257
199 54 -9.35257
200 54 -9.35257
201 54 -9.35257
202 54 -9.35257
203 54 -9.35257
204 54 -9.35257
205 54 -9.35257
206 54 -9.35257
207 54 -9.35257
208 54 -9.35257
209 54 -9.35257
210 54 -9.35257
211 54 -9.35257
212 54 -9.35257
213 54 -9.35257
214 54 -9.35257
215 54 -9.35257
216 54 -9.35257
217 54 -9.35257
218 54 -9.35257
219 54 -9.35257
220 54 -9.35257
221 54 -9.35257
222 54 -9.35257
223 54 -9.35257
224 54 -9.35257
225 54 -9.35257
226 54 -9.35257
227 54 -9.35257
228 54 -9.35257
229 54 -9.35257
230 54 -9.35257
231 54 -9.35257
232 54 -9.35257
233 54 -9.35257
234 54 -9.35257
235 54 -9.35257
236 54 -9.35257
237 54 -9.35257
238 54 -9.35257
239 54 -9.35257
0 55 -9.35257
1 55 -9.35257
2 55 -9.35257
3 55 -9.35257
4 55 -9.35257
5 55 -9.35257
6 55 -9.35257
7 55 -9.35257
8 55 -9.35257
9 55 -9.35257
10 55 -9.35257
11 55 -9.35257
12 55 -9.35257
13 55 -9.35257
14 55 -9.35257
15 55 -9.35257
16 55 -9.35257
17 55 -9.35257
18 55 -9.35257
19 55 -9.35257
20 55 -9.35257
21 55 -9.35257
22 55 -9.35257
23 55 -9.35257
24 55 -9.35257
25 55 -9.35257
26 55 -9.35257
27 55 -9.35257
28 55 -9.35257
29 55 -9.35257
30 55 -9.35257
31 55 -9.35257
32 55 -9.35257
33 55 -9.35257
34 55 -9.35257
35 55 -9.35257
36 55 -9.35257
37 55 -9.35257
38 55 -9.35257
39 55 -9.35257
40 55 -9.35257
41 55 -9.35257
42 55 -9.35257
43 55 -9.35257
44 55 -9.35257
45 55 -9.35257
46 55 -9.35257
47 55 -9.35257
48 55 -9.35257
49 55 -9.35257
50 55 -9.35257
51 55 -9.35257
52 55 -9.35257
53 55 -9.35257
54 55 -9.35257
55 55 -9.35257
56 55 -9.35257
57 55 -9.35257
58 55 -9.35257
59 55 -9.35257
60 55 -9.35257
61 55 -9.35257
62 55 -5.9283
63 55 -5.59179
64 55 -5.25239
65 55 -4.91162
66 55 -4.57165
67 55 -4.2313
68 55 -3.89257
69 55 -3.5535
70 55 -3.21452
71 55 -2.87585
72 55 -2.53677
73 55 -2.1909
74 55 -1.78628
75 55 -1.86919
76 55 -1.98424
77 55 -2.10735
78 55 -2.23129
79 55 -2.35493
80 55 -2.47813
81 55 -2.60142
82 55 -2.72437
83 55 -2.84796
84 55 -2.97373
85 55 -3.09971
86 55 -3.22515
87 55 -3.3501
88 55 -3.47449
89 55 -3.59834
90 55 -3.72237
91 55 -3.84662
92 55 -3.97314
93 55 -4.09905
94 55 -4.22436
95 55 -4.34904
96 55 -4.47316
97 55 -4.597
98 55 -4.7213
99 55 -4.84542
100 55 -4.96866
101 55 -5.09397
102 55 -5.21845
103 55 -5.34251
104 55 -5.46655
105 55 -5.5919
106 55 -5.71404
107 55 -5.8415
108 55 -5.95225
109 55 -6.10567
110 55 -6.14921
111 55 -6.30936
112 55 -6.43671
113 55 -9.35257
114 55 -9.35257
115 55 -9.35257
116 55 -9.35257
117 55 -9.35257
118 55 -9.35257
119 55 -9.35257
120 55 -9.35257
121 55 -9.35257
122 55 -9.35257
123 55 -9.35257
124 55 -9.35257
125 55 -9.35257
126 55 -9.35257
127 55 -6.76191
128 55 -6.65455
129 55 -6.54389
130 55 -6.43617
131 55 -6.32841
132 55 -6.22028
133 55 -6.11347
134 55 -6.0058
135 55 -5.89736
136 55 -5.78825
137 55 -5.67938
138 55 -5.5706
139 55 -5.46235
140 55 -5.35353
141 55 -5.2441
142 55 -5.13405
143 55 -5.0231
144 55 -4.91409
145 55 -4.80589
146 55 -4.69732
147 55 -4.58907
148 55 -4.48103
149 55 -4.37299
150 55 -4.26557
151 55 -4.1577
152 55 -4.04931
153 55 -3.94051
154 55 -3.83134
155 55 -3.72219
156 55 -3.61346
157 55 -3.50464
158 55 -3.39499
159 55 -3.28423
160 55 -3.17172
161 55 -3.06172
162 55 -2.95221
163 55 -2.8451
164 55 -2.75027
165 55 -2.68311
166 55 -2.97711
167 55 -3.31115
168 55 -3.66197
169 55 -4.01769
170 55 -4.37447
171 55 -4.73182
172 55 -5.08982
173 55 -5.44762
174 55 -5.80435
175 55 -6.15545
176 55 -6.47723
177 55 -6.65522
178 55 -9.35257
179 55 -9.35257
180 55 -9.35257
181 55 -9.35257
182 55 -9.35257
183 55 -9.35257
184 55 -9.35257
185 55 -9.35257
186 55 -9.35257
187 55 -9.35257
188 55 -9.35257
189 55 -9.35257
190 55 -9.35257
191 55 -9.35257
192 55 -9.35257
193 55 -9.35257
194 55 -9.35257
195 55 -9.35257
196 55 -9.35257
197 55 -9.35257
198 55 -9.35257
199 55 -9.35257
200 55 -9.35257
201 55 -9.35257
202 55 -9.35257
203 55 -9.35257
204 55 -9.35257
205 55 -9.35257
206 55 -9.35257
207 55 -9.35257
208 55 -9.35257
209 55 -9.35257
210 55 -9.35257
211 55 -9.35257
212 55 -9.35257
213 55 -9.35257
214 55 -9.35257
215 55 -9.35257
216 55 -9.35257
217 55 -9.35257
218 55 -9.35257
219 55 -9.35257
220 55 -9.35257
221 55 -9.35257
222 55 -9.35257
223 55 -9.35257
224 55 -9.35257
225 55 -9.35257
226 55 -9.35257
227 55 -9.35257
228 55 -9.35257
229 55 -9.35257
230 55 -9.35257
231 55 -9.35257
232 55 -9.35257
233 55 -9.35257
234 55 -9.35257
235 55 -9.35257
236 55 -9.35257
237 55 -9.35257
238 55 -9.35257
239 55 -9.35257
0 56 -9.35257
1 56 -9.35257
2 56 -9.35257
3 56 -9.35257
4 56 -9.35257
5 56 -9.35257
6 56 -9.35257
7 56 -9.35257
8 56 -9.35257
9 56 -9.35257
10 56 -9.35257
11 56 -9.35257
12 56 -9.35257
13 56 -9.35257
14 56 -9.35257
15 56 -9.35257
16 56 -9.35257
17 56 -9.35257
18 56 -9.35257
19 56 -9.35257
20 56 -9.35257
21 56 -9.35257
22 56 -9.35257
23 56 -9.35257
24 56 -9.35257
25 56 -9.35257
26 56 -9.35257
27 56 -9.35257
28 56 -9.35257
29 56 -9.35257
30 56 -9.35257
31 56 -9.35257
32 56 -9.35257
33 56 -9.35257
34 56 -9.35257
35 56 -9.35257
36 56 -9.35257
37 56 -9.35257
38 56 -9.35257
39 56 -9.35257
40 56 -9.35257
41 56 -9.35257
42 56 -9.35257
43 56 -9.35257
44 56 -9.35257
45 56 -9.35257
46 56 -9.35257
47 56 -9.35257
48 56 -9.35257
49 56 -9.35257
50 56 -9.35257
51 56 -9.35257
52 56 -9.35257
53 56 -9.35257
54 56 -9.35257
55 56 -9.35257
56 56 -9.35257
57 56 -9.35257
58 56 -9.35257
59 56 -9.35257
60 56 -9.35257
61 56 -9.35257
62 56 -5.98716
63 56 -5.64553
64 56 -5.30446
65 56 -4.96345
66 56 -4.62297
67 56 -4.28274
68 56 -3.94269
69 56 -3.60343
70 56 -3.26374
71 56 -2.92471
72 56 -2.58428
73 56 -2.24194
74 56 -1.89608
75 56 -1.58935
76 56 -1.7178
77 56 -1.84542
78 56 -1.9701
79 56 -2.09347
80 56 -2.21613
81 56 -2.33875
82 56 -2.46083
83 56 -2.58395
84 56 -2.70998
85 56 -2.83553
86 56 -2.96052
87 56 -3.08498
88 56 -3.2088
89 56 -3.33186
90 56 -3.45577
91 56 -3.58033
92 56 -3.70479
93 56 -3.83025
94 56 -3.95507
95 56 -4.07924
96 56 -4.20256
97 56 -4.32666
98 56 -4.45073
99 56 -4.5741
100 56 -4.69735
101 56 -4.8205
102 56 -4.9444
103 56 -5.06825
104 56 -5.19272
105 56 -5.31711
106 56 -5.44011
107 56 -5.56283
108 56 -5.68168
109 56 -5.80428
110 56 -5.90707
111 56 -6.03406
112 56 -6.16423
113 56 -6.29205
114 56 -9.35257
115 56 -9.35257
116 56 -9.35257
117 56 -9.35257
118 56 -9.35257
119 56 -9.35257
120 56 -9.35257
121 56 -9.35257
122 56 -9.35257
123 56 -9.35257
124 56 -9.35257
125 56 -6.69488
126 56 -6.58782
127 56 -6.47576
128 56 -6.36861
129 56 -6.26185
130 56 -6.15477
131 56 -6.04771
132 56 -5.94031
133 56 -5.83268
134 56 -5.72542
135 56 -5.61748
136 56 -5.50889
137 56 -5.39974
138 56 -5.2904
139 56 -5.18272
140 56 -5.07431
141 56 -4.96528
142 56 -4.85578
143 56 -4.74582
144 56 -4.63604
145 56 -4.52843
146 56 -4.42044
147 56 -4.3127
148 56 -4.20497
149 56 -4.09649
150 56 -3.98976
151 56 -3.88265
152 56 -3.77501
153 56 -3.66709
154 56 -3.55854
155 56 -3.44917
156 56 -3.34152
157 56 -3.23309
158 56 -3.1243
159 56 -3.0144
160 56 -2.90283
161 56 -2.79067
162 56 -2.67802
163 56 -2.56455
164 56 -2.4748
165 56 -2.58814
166 56 -2.98033
167 56 -3.34042
168 56 -3.69671
169 56 -4.05373
170 56 -4.41103
171 56 -4.76956
172 56 -5.12855
173 56 -5.48776
174 56 -5.84997
175 56 -6.22328
176 56 -6.4466
177 56 -6.66067
178 56 -9.35257
179 56 -9.35257
180 56 -9.35257
181 56 -9.35257
182 56 -9.35257
183 56 -9.35257
184 56 -9.35257
185 56 -9.35257
186 56 -9.35257
187 56 -9.35257
188 56 -9.35257
189 56 -9.35257
190 56 -9.35257
191 56 -9.35257
192 56 -9.35257
193 56 -9.35257
194 56 -9.35257
195 56 -9.35257
196 56 -9.35257
197 56 -9.35257
198 56 -9.35257
199 56 -9.35257
200 56 -9.35257
201 56 -9.35257
202 56 -9.35257
203 56 -9.35257
204 56 -9.35257
205 56 -9.35257
206 56 -9.35257
207 56 -9.35257
208 56 -9.35257
209 56 -9.35257
210 56 -9.35257
211 56 -9.35257
212 56 -9.35257
213 56 -9.35257
214 56 -9.35257
215 56 -9.35257
216 56 -9.35257
217 56 -9.35257
218 56 -9.35257
219 56 -9.35257
220 56 -9.35257
221 56 -9.35257
222 56 -9.35257
223 56 -9.35257
224 56 -9.35257
225 56 -9.35257
226 56 -9.35257
227 56 -9.35257
228 56 -9.35257
229 56 -9.35257
230 56 -9.35257
231 56 -9.35257
232 56 -9.35257
233 56 -9.35257
234 56 -9.35257
235 56 -9.35257
236 56 -9.35257
237 56 -9.35257
238 56 -9.35257
239 56 -9.35257
0 57 -9.35257
1 57 -9.35257
2 57 -9.35257
3 57 -9.35257
4 57 -9.35257
5 57 -9.35257
6 57 -9.35257
7 57 -9.35257
8 57 -9.35257
9 57 -9.35257
10 57 -9.35257
11 57 -9.35257
12 57 -9.35257
13 57 -9.35257
14 57 -9.35257
15 57 -9.35257
16 57 -9.35257
17 57 -9.35257
18 57 -9.35257
19 57 -9.35257
20 57 -9.35257
21 57 -9.35257
22 57 -9.35257
23 57 -9.35257
24 57 -9.35257
25 57 -9.35257
26 57 -9.35257
27 57 -9.35257
28 57 -9.35257
29 57 -9.35257
30 57 -9.35257
31 57 -9.35257
32 57 -9.35257
33 57 -9.35257
34 57 -9.35257
35 57 -9.35257
36 57 -9.35257
37 57 -9.35257
38 57 -9.35257
39 57 -9.35257
40 57 -9.35257
41 57 -9.35257
42 57 -9.35257
43 57 -9.35257
44 57 -9.35257
45 57 -9.35257
46 57 -9.35257
47 57 -9.35257
48 57 -9.35257
49 57 -9.35257
50 57 -9.35257
51 57 -9.35257
52 57 -9.35257
53 57 -9.35257
54 57 -9.35257
55 57 -9.35257
56 57 -9.35257
57 57 -9.35257
58 57 -9.35257
59 57 -9.35257
60 57 -9.35257
61 57 -9.35257
62 57 -6.05815
63 57 -5.702
64 57 -5.35699
65 57 -5.01546
66 57 -4.67419
67 57 -4.33402
68 57 -3.99344
69 57 -3.65378
70 57 -3.31438
71 57 -2.97497
72 57 -2.63579
73 57 -2.29774
74 57 -1.96675
75 57 -1.66672
76 57 -1.45217
77 57 -1.58652
78 57 -1.71022
79 57 -1.8328
80 57 -1.95495
81 57 -2.07681
82 57 -2.19861
83 57 -2.32102
84 57 -2.44677
85 57 -2.5719
86 57 -2.69648
87 57 -2.82049
88 57 -2.94395
89 57 -3.06689
90 57 -3.19048
91 57 -3.31414
92 57 -3.43702
93 57 -3.56208
94 57 -3.6865
95 57 -3.8103
96 57 -3.93358
97 57 -4.05747
98 57 -4.18092
99 57 -4.30366
100 57 -4.42618
101 57 -4.54776
102 57 -4.67173
103 57 -4.79574
104 57 -4.92009
105 57 -5.04378
106 57 -5.16644
107 57 -5.28811
108 57 -5.40809
109 57 -5.52732
110 57 -5.64306
111 57 -5.76711
112 57 -5.89364
113 57 -6.02004
114 57 -6.15851
115 57 -6.28071
116 57 -9.35257
117 57 -9.35257
118 57 -9.35257
119 57 -9.35257
120 57 -9.35257
121 57 -9.35257
122 57 -9.35257
123 57 -6.62406
124 57 -6.51939
125 57 -6.41043
126 57 -6.30266
127 57 -6.19402
128 57 -6.08617
129 57 -5.98031
130 57 -5.87427
131 57 -5.7677
132 57 -5.66046
133 57 -5.55224
134 57 -5.44559
135 57 -5.33811
136 57 -5.22995
137 57 -5.12111
138 57 -5.01237
139 57 -4.90367
140 57 -4.79556
141 57 -4.68694
142 57 -4.57797
143 57 -4.46834
144 57 -4.35825
145 57 -4.25137
146 57 -4.14425
147 57 -4.03725
148 57 -3.92969
149 57 -3.82222
150 57 -3.71435
151 57 -3.60813
152 57 -3.50135
153 57 -3.39413
154 57 -3.28643
155 57 -3.17829
156 57 -3.0702
157 57 -2.96269
158 57 -2.85457
159 57 -2.7461
160 57 -2.63592
161 57 -2.52401
162 57 -2.40462
163 57 -2.26124
164 57 -2.3299
165 57 -2.65876
166 57 -3.016
167 57 -3.3735
168 57 -3.73127
169 57 -4.08947
170 57 -4.44795
171 57 -4.80738
172 57 -5.16707
173 57 -5.52648
174 57 -5.88502
175 57 -6.24087
176 57 -6.42575
177 57 -9.35257
178 57 -9.35257
179 57 -9.35257
180 57 -9.35257
181 57 -9.35257
182 57 -9.35257
183 57 -9.35257
184 57 -9.35257
185 57 -9.35257
186 57 -9.35257
187 57 -9.35257
188 57 -9.35257
189 57 -9.35257
190 57 -9.35257
191 57 -9.35257
192 57 -9.35257
193 57 -9.35257
194 57 -9.35257
195 57 -9.35257
196 57 -9.35257
197 57 -9.35257
198 57 -9.35257
199 57 -9.35257
200 57 -9.35257
201 57 -9.35257
202 57 -9.35257
203 57 -9.35257
204 57 -9.35257
205 57 -9.35257
206 57 -9.35257
207 57 -9.35257
208 57 -9.35257
209 57 -9.35257
210 57 -9.35257
211 57 -9.35257
212 57 -9.35257
213 57 -9.35257
214 57 -9.35257
215 57 -9.35257
216 57 -9.35257
217 57 -9.35257
218 57 -9.35257
219 57 -9.35257
220 57 -9.35257
221 57 -9.35257
222 57 -9.35257
223 57 -9.35257
224 57 -9.35257
225 57 -9.35257
226 57 -9.35257
227 57 -9.35257
228 57 -9.35257
229 57 -9.35257
230 57 -9.35257
231 57 -9.35257
232 57 -9.35257
233 57 -9.35257
234 57 -9.35257
235 57 -9.35257
236 57 -9.35257
237 57 -9.35257
238 57 -9.35257
239 57 -9.35257
0 58 -9.35257
1 58 -9.35257
2 58 -9.35257
3 58 -9.35257
4 58 -9.35257
5 58 -9.35257
6 58 -9.35257
7 58 -9.35257
8 58 -9.35257
9 58 -9.35257
10 58 -9.35257
11 58 -9.35257
12 58 -9.35257
13 58 -9.35257
14 58 -9.35257
15 58 -9.35257
16 58 -9.35257
17 58 -9.35257
18 58 -9.35257
19 58 -9.35257
20 58 -9.35257
21 58 -9.35257
22 58 -9.35257
23 58 -9.35257
24 58 -9.35257
25 58 -9.35257
26 58 -9.35257
27 58 -9.35257
28 58 -9.35257
29 58 -9.35257
30 58 -9.35257
31 58 -9.35257
32 58 -9.35257
33 58 -9.35257
34 58 -9.35257
35 58 -9.35257
36 58 -9.35257
37 58 -9.35257
38 58 -9.35257
39 58 -9.35257
40 58 -9.35257
41 58 -9.35257
42 58 -9.35257
43 58 -9.35257
44 58 -9.35257
45 58 -9.35257
46 58 -9.35257
47 58 -9.35257
48 58 -9.35257
49 58 -9.35257
50 58 -9.35257
51 58 -9.35257
52 58 -9.35257
53 58 -9.35257
54 58 -9.35257
55 58 -9.35257
56 58 -9.35257
57 58 -9.35257
58 58 -9.35257
59 58 -9.35257
60 58 -9.35257
61 58 -9.35257
62 58 -9.35257
63 58 -5.74787
64 58 -5.40817
65 58 -5.06721
66 58 -4.72636
67 58 -4.3857
68 58 -4.04535
69 58 -3.70512
70 58 -3.36504
71 58 -3.02516
72 58 -2.68615
73 58 -2.34668
74 58 -2.00769
75 58 -1.66072
76 58 -1.25628
77 58 -1.33827
78 58 -1.45167
79 58 -1.57254
80 58 -1.69429
81 58 -1.81579
82 58 -1.93714
83 58 -2.06055
84 58 -2.18419
85 58 -2.3089
86 58 -2.43303
87 58 -2.5566
88 58 -2.67962
89 58 -2.80247
90 58 -2.92588
91 58 -3.04881
92 58 -3.17165
93 58 -3.29461
94 58 -3.41854
95 58 -3.54195
96 58 -3.66511
97 58 -3.78879
98 58 -3.91182
99 58 -4.03425
100 58 -4.15597
101 58 -4.27758
102 58 -4.40022
103 58 -4.524
104 58 -4.64816
105 58 -4.77147
106 58 -4.89383
107 58 -5.01506
108 58 -5.1353
109 58 -5.25459
110 58 -5.3734
111 58 -5.49767
112 58 -5.62324
113 58 -5.74955
114 58 -5.87711
115 58 -6.00305
116 58 -6.13543
117 58 -6.2559
118 58 -9.35257
119 58 -9.35257
120 58 -9.35257
121 58 -6.54578
122 58 -6.44309
123 58 -6.33834
124 58 -6.23379
125 58 -6.12786
126 58 -6.02073
127 58 -5.91231
128 58 -5.80421
129 58 -5.69974
130 58 -5.59431
131 58 -5.48835
132 58 -5.3816
133 58 -5.27416
134 58 -5.16658
135 58 -5.05943
136 58 -4.9517
137 58 -4.84332
138 58 -4.73431
139 58 -4.6249
140 58 -4.51732
141 58 -4.40929
142 58 -4.30066
143 58 -4.1912
144 58 -4.08262
145 58 -3.97459
146 58 -3.86872
147 58 -3.76221
148 58 -3.65511
149 58 -3.54822
150 58 -3.44114
151 58 -3.33416
152 58 -3.22811
153 58 -3.12166
154 58 -3.01476
155 58 -2.90736
156 58 -2.79921
157 58 -2.69289
158 58 -2.58616
159 58 -2.47949
160 58 -2.37227
161 58 -2.26484
162 58 -2.15663
163 58 -2.08051
164 58 -2.36931
165 58 -2.70154
166 58 -3.05221
167 58 -3.40804
168 58 -3.76629
169 58 -4.12529
170 58 -4.48479
171 58 -4.84529
172 58 -5.20618
173 58 -5.56697
174 58 -5.92312
175 58 -6.24763
176 58 -6.42724
177 58 -9.35257
178 58 -9.35257
179 58 -9.35257
180 58 -9.35257
181 58 -9.35257
182 58 -9.35257
183 58 -9.35257
184 58 -9.35257
185 58 -9.35257
186 58 -9.35257
187 58 -9.35257
188 58 -9.35257
189 58 -9.35257
190 58 -9.35257
191 58 -9.35257
192 58 -9.35257
193 58 -9.35257
194 58 -9.35257
195 58 -9.35257
196 58 -9.35257
197 58 -9.35257
198 58 -9.35257
199 58 -9.35257
200 58 -9.35257
201 58 -9.35257
202 58 -9.35257
203 58 -9.35257
204 58 -9.35257
205 58 -9.35257
206 58 -9.35257
207 58 -9.35257
208 58 -9.35257
209 58 -9.35257
210 58 -9.35257
211 58 -9.35257
212 58 -9.35257
213 58 -9.35257
214 58 -9.35257
215 58 -9.35257
216 58 -9.35257
217 58 -9.35257
218 58 -9.35257
219 58 -9.35257
220 58 -9.35257
221 58 -9.35257
222 58 -9.35257
223 58 -9.35257
224 58 -9.35257
225 58 -9.35257
226 58 -9.35257
227 58 -9.35257
228 58 -9.35257
229 58 -9.35257
230 58 -9.35257
231 58 -9.35257
232 58 -9.35257
233 58 -9.35257
234 58 -9.35257
235 58 -9.35257
236 58 -9.35257
237 58 -9.35257
238 58 -9.35257
239 58 -9.35257
0 59 -9.35257
1 59 -9.35257
2 59 -9.35257
3 59 -9.35257
4 59 -9.35257
5 59 -9.35257
6 59 -9.35257
7 59 -9.35257
8 59 -9.35257
9 59 -9.35257
10 59 -9.35257
11 59 -9.35257
12 59 -9.35257
13 59 -9.35257
14 59 -9.35257
15 59 -9.35257
16 59 -9.35257
17 59 -9.35257
18 59 -9.35257
19 59 -9.35257
20 59 -9.35257
21 59 -9.35257
22 59 -9.35257
23 59 -9.35257
24 59 -9.35257
25 59 -9.35257
26 59 -9.35257
27 59 -9.35257
28 59 -9.35257
29 59 -9.35257
30 59 -9.35257
31 59 -9.35257
32 59 -9.35257
33 59 -9.35257
34 59 -9.35257
35 59 -9.35257
36 59 -9.35257
37 59 -9.35257
38 59 -9.35257
39 59 -9.35257
40 59 -9.35257
41 59 -9.35257
42 59 -9.35257
43 59 -9.35257
44 59 -9.35257
45 59 -9.35257
46 59 -9.35257
47 59 -9.35257
48 59 -9.35257
49 59 -9.35257
50 59 -9.35257
51 59 -9.35257
52 59 -9.35257
53 59 -9.35257
54 59 -9.35257
55 59 -9.35257
56 59 -9.35257
57 59 -9.35257
58 59 -9.35257
59 59 -9.35257
60 59 -9.35257
61 59 -9.35257
62 59 -9.35257
63 59 -5.80464
64 59 -5.46263
65 59 -5.12012
66 59 -4.77835
67 59 -4.43722
68 59 -4.09712
69 59 -3.7565
70 59 -3.41673
71 59 -3.07657
72 59 -2.73699
73 59 -2.3972
74 59 -2.05663
75 59 -1.71343
76 59 -1.36627
77 59 -1.05883
78 59 -1.18573
79 59 -1.31142
80 59 -1.43395
81 59 -1.55492
82 59 -1.67673
83 59 -1.79987
84 59 -1.92209
85 59 -2.04647
86 59 -2.17021
87 59 -2.29327
88 59 -2.41554
89 59 -2.53864
90 59 -2.66185
91 59 -2.78434
92 59 -2.90621
93 59 -3.02766
94 59 -3.15118
95 59 -3.27384
96 59 -3.39731
97 59 -3.52077
98 59 -3.64352
99 59 -3.76556
100 59 -3.88682
101 59 -4.00757
102 59 -4.12904
103 59 -4.25307
104 59 -4.37707
105 59 -4.50019
106 59 -4.62233
107 59 -4.74307
108 59 -4.86348
109 59 -4.98313
110 59 -5.10392
111 59 -5.22697
112 59 -5.35211
113 59 -5.47787
114 59 -5.60453
115 59 -5.7301
116 59 -5.85498
117 59 -5.97971
118 59 -6.10949
119 59 -6.23518
120 59 -6.36071
121 59 -6.26139
122 59 -6.15937
123 59 -6.05524
124 59 -5.95166
125 59 -5.8465
126 59 -5.74009
127 59 -5.63258
128 59 -5.52597
129 59 -5.42012
130 59 -5.31524
131 59 -5.20966
132 59 -5.1033
133 59 -4.99611
134 59 -4.88788
135 59 -4.78119
136 59 -4.67395
137 59 -4.56603
138 59 -4.45746
139 59 -4.34828
140 59 -4.23954
141 59 -4.13225
142 59 -4.02418
143 59 -3.91551
144 59 -3.80798
145 59 -3.70055
146 59 -3.59386
147 59 -3.48776
148 59 -3.38127
149 59 -3.2744
150 59 -3.16783
151 59 -3.06051
152 59 -2.95512
153 59 -2.84948
154 59 -2.74345
155 59 -2.63704
156 59 -2.53027
157 59 -2.42337
158 59 -2.31845
159 59 -2.21328
160 59 -2.11038
161 59 -2.00642
162 59 -1.88153
163 59 -1.9786
164 59 -2.36618
165 59 -2.7262
166 59 -3.08361
167 59 -3.44186
168 59 -3.80125
169 59 -4.16093
170 59 -4.52153
171 59 -4.88313
172 59 -5.24576
173 59 -5.61296
174 59 -5.99319
175 59 -6.21746
176 59 -6.43137
177 59 -9.35257
178 59 -9.35257
179 59 -9.35257
180 59 -9.35257
181 59 -9.35257
182 59 -9.35257
183 59 -9.35257
184 59 -9.35257
185 59 -9.35257
186 59 -9.35257
187 59 -9.35257
188 59 -9.35257
189 59 -9.35257
190 59 -9.35257
191 59 -9.35257
192 59 -9.35257
193 59 -9.35257
194 59 -9.35257
195 59 -9.35257
196 59 -9.35257
197 59 -9.35257
198 59 -9.35257
199 59 -9.35257
200 59 -9.35257
201 59 -9.35257
202 59 -9.35257
203 59 -9.35257
204 59 -9.35257
205 59 -9.35257
206 59 -9.35257
207 59 -9.35257
208 59 -9.35257
209 59 -9.35257
210 59 -9.35257
211 59 -9.35257
212 59 -9.35257
213 59 -9.35257
214 59 -9.35257
215 59 -9.35257
216 59 -9.35257
217 59 -9.35257
218 59 -9.35257
219 59 -9.35257
220 59 -9.35257
221 59 -9.35257
222 59 -9.35257
223 59 -9.35257
224 59 -9.35257
225 59 -9.35257
226 59 -9.35257
227 59 -9.35257
228 59 -9.35257
229 59 -9.35257
230 59 -9.35257
231 59 -9.35257
232 59 -9.35257
233 59 -9.35257
234 59 -9.35257
235 59 -9.35257
236 59 -9.35257
237 59 -9.35257
238 59 -9.35257
239 59 -9.35257
0 60 -9.35257
1 60 -9.35257
2 60 -9.35257
3 60 -9.35257
4 60 -9.35257
5 60 -9.35257
6 60 -9.35257
7 60 -9.35257
8 60 -9.35257
9 60 -9.35257
10 60 -9.35257
11 60 -9.35257
12 60 -9.35257
13 60 -9.35257
14 60 -9.35257
15 60 -9.35257
16 60 -9.35257
17 60 -9.35257
18 60 -9.35257
19 60 -9.35257
20 60 -9.35257
21 60 -9.35257
22 60 -9.35257
23 60 -9.35257
24 60 -9.35257
25 60 -9.35257
26 60 -9.35257
27 60 -9.35257
28 60 -9.35257
29 60 -9.35257
30 60 -9.35257
31 60 -9.35257
32 60 -9.35257
33 60 -9.35257
34 60 -9.35257
35 60 -9.35257
36 60 -9.35257
37 60 -9.35257
38 60 -9.35257
39 60 -9.35257
40 60 -9.35257
41 60 -9.35257
42 60 -9.35257
43 60 -9.35257
44 60 -9.35257
45 60 -9.35257
46 60 -9.35257
47 60 -9.35257
48 60 -9.35257
49 60 -9.35257
50 60 -9.35257
51 60 -9.35257
52 60 -9.35257
53 60 -9.35257
54 60 -9.35257
55 60 -9.35257
56 60 -9.35257
57 60 -9.35257
58 60 -9.35257
59 60 -9.35257
60 60 -9.35257
61 60 -9.35257
62 60 -9.35257
63 60 -5.87461
64 60 -5.51759
65 60 -5.17244
66 60 -4.83095
67 60 -4.48978
68 60 -4.14942
69 60 -3.8091
70 60 -3.46881
71 60 -3.12863
72 60 -2.78823
73 60 -2.4485
74 60 -2.10837
75 60 -1.77009
76 60 -1.43798
77 60 -1.13725
78 60 -0.921016
79 60 -1.05352
80 60 -1.17519
81 60 -1.29583
82 60 -1.41807
83 60 -1.5402
84 60 -1.66243
85 60 -1.78476
86 60 -1.90807
87 60 -2.0308
88 60 -2.15297
89 60 -2.27592
90 60 -2.39852
91 60 -2.52057
92 60 -2.64196
93 60 -2.76331
94 60 -2.88468
95 60 -3.00734
96 60 -3.13066
97 60 -3.25364
98 60 -3.37601
99 60 -3.49764
100 60 -3.61843
101 60 -3.7387
102 60 -3.8592
103 60 -3.98327
104 60 -4.10691
105 60 -4.22989
106 60 -4.35228
107 60 -4.47446
108 60 -4.5955
109 60 -4.71588
110 60 -4.83707
111 60 -4.95874
112 60 -5.08344
113 60 -5.2083
114 60 -5.33334
115 60 -5.45791
116 60 -5.58198
117 60 -5.7066
118 60 -5.83137
119 60 -5.95494
120 60 -6.0783
121 60 -5.97992
122 60 -5.87864
123 60 -5.77537
124 60 -5.67098
125 60 -5.56626
126 60 -5.46042
127 60 -5.35356
128 60 -5.2479
129 60 -5.14137
130 60 -5.03686
131 60 -4.93174
132 60 -4.82582
133 60 -4.71909
134 60 -4.61158
135 60 -4.5035
136 60 -4.39688
137 60 -4.2894
138 60 -4.18123
139 60 -4.07251
140 60 -3.96412
141 60 -3.85584
142 60 -3.74817
143 60 -3.6401
144 60 -3.53328
145 60 -3.42655
146 60 -3.31915
147 60 -3.21356
148 60 -3.10766
149 60 -3.00124
150 60 -2.89528
151 60 -2.78893
152 60 -2.68239
153 60 -2.5777
154 60 -2.47253
155 60 -2.36707
156 60 -2.26144
157 60 -2.15589
158 60 -2.05099
159 60 -1.94811
160 60 -1.85141
161 60 -1.76898
162 60 -1.71646
163 60 -2.03068
164 60 -2.39117
165 60 -2.75348
166 60 -3.11418
167 60 -3.47508
168 60 -3.83593
169 60 -4.19643
170 60 -4.55782
171 60 -4.91996
172 60 -5.28234
173 60 -5.64647
174 60 -6.01424
175 60 -6.19818
176 60 -9.35257
177 60 -9.35257
178 60 -9.35257
179 60 -9.35257
180 60 -9.35257
181 60 -9.35257
182 60 -9.35257
183 60 -9.35257
184 60 -9.35257
185 60 -9.35257
186 60 -9.35257
187 60 -9.35257
188 60 -9.35257
189 60 -9.35257
190 60 -9.35257
191 60 -9.35257
192 60 -9.35257
193 60 -9.35257
194 60 -9.35257
195 60 -9.35257
196 60 -9.35257
197 60 -9.35257
198 60 -9.35257
199 60 -9.35257
200 60 -9.35257
201 60 -9.35257
202 60 -9.35257
203 60 -9.35257
204 60 -9.35257
205 60 -9.35257
206 60 -9.35257
207 60 -9.35257
208 60 -9.35257
209 60 -9.35257
210 60 -9.35257
211 60 -9.35257
212 60 -9.35257
213 60 -9.35257
214 60 -9.35257
215 60 -9.35257
216 60 -9.35257
217 60 -9.35257
218 60 -9.35257
219 60 -9.35257
220 60 -9.35257
221 60 -9.35257
222 60 -9.35257
223 60 -9.35257
224 60 -9.35257
225 60 -9.35257
226 60 -9.35257
227 60 -9.35257
228 60 -9.35257
229 60 -9.35257
230 60 -9.35257
231 60 -9.35257
232 60 -9.35257
233 60 -9.35257
234 60 -9.35257
235 60 -9.35257
236 60 -9.35257
237 60 -9.35257
238 60 -9.35257
239 60 -9.35257
0 61 -9.35257
1 61 -9.35257
2 61 -9.35257
3 61 -9.35257
4 61 -9.35257
5 61 -9.35257
6 61 -9.35257
7 61 -9.35257
8 61 -9.35257
9 61 -9.35257
10 61 -9.35257
11 61 -9.35257
12 61 -9.35257
13 61 -9.35257
14 61 -9.35257
15 61 -9.35257
16 61 -9.35257
17 61 -9.35257
18 61 -9.35257
19 61 -9.35257
20 61 -9.35257
21 61 -9.35257
22 61 -9.35257
23 61 -9.35257
24 61 -9.35257
25 61 -9.35257
26 61 -9.35257
27 61 -9.35257
28 61 -9.35257
29 61 -9.35257
30 61 -9.35257
31 61 -9.35257
32 61 -9.35257
33 61 -9.35257
34 61 -9.35257
35 61 -9.35257
36 61 -9.35257
37 61 -9.35257
38 61 -9.35257
39 61 -9.35257
40 61 -9.35257
41 61 -9.35257
42 61 -9.35257
43 61 -9.35257
44 61 -9.35257
45 61 -9.35257
46 61 -9.35257
47 61 -9.35257
48 61 -9.35257
49 61 -9.35257
50 61 -9.35257
51 61 -9.35257
52 61 -9.35257
53 61 -9.35257
54 61 -9.35257
55 61 -9.35257
56 61 -9.35257
57 61 -9.35257
58 61 -9.35257
59 61 -9.35257
60 61 -9.35257
61 61 -9.35257
62 61 -9.35257
63 61 -9.35257
64 61 -5.56069
65 61 -5.22314
66 61 -4.88324
67 61 -4.54275
68 61 -4.20186
69 61 -3.86165
70 61 -3.52094
71 61 -3.18094
72 61 -2.8402
73 61 -2.50019
74 61 -2.16037
75 61 -1.82057
76 61 -1.48039
77 61 -1.13242
78 61 -0.726188
79 61 -0.806454
80 61 -0.917555
81 61 -1.03743
82 61 -1.1596
83 61 -1.2812
84 61 -1.40277
85 61 -1.52354
86 61 -1.64658
87 61 -1.76888
88 61 -1.89086
89 61 -2.01356
90 61 -2.1358
91 61 -2.25746
92 61 -2.37859
93 61 -2.49895
94 61 -2.61857
95 61 -2.7413
96 61 -2.86454
97 61 -2.9872
98 61 -3.10922
99 61 -3.23062
100 61 -3.35169
101 61 -3.47347
102 61 -3.59453
103 61 -3.71701
104 61 -3.84046
105 61 -3.96329
106 61 -4.0855
107 61 -4.20718
108 61 -4.32818
109 61 -4.44898
110 61 -4.5705
111 61 -4.69207
112 61 -4.81459
113 61 -4.93874
114 61 -5.06268
115 61 -5.18621
116 61 -5.30956
117 61 -5.43335
118 61 -5.55653
119 61 -5.67887
120 61 -5.80072
121 61 -5.70134
122 61 -5.59992
123 61 -5.49663
124 61 -5.39147
125 61 -5.28715
126 61 -5.18176
127 61 -5.07582
128 61 -4.97107
129 61 -4.86534
130 61 -4.75894
131 61 -4.65451
132 61 -4.54903
133 61 -4.44273
134 61 -4.33571
135 61 -4.22816
136 61 -4.12052
137 61 -4.01334
138 61 -3.90553
139 61 -3.79735
140 61 -3.68861
141 61 -3.5797
142 61 -3.47256
143 61 -3.36515
144 61 -3.25942
145 61 -3.15325
146 61 -3.0466
147 61 -2.93966
148 61 -2.83456
149 61 -2.7289
150 61 -2.62297
151 61 -2.5174
152 61 -2.41167
153 61 -2.30624
154 61 -2.20175
155 61 -2.09712
156 61 -1.9924
157 61 -1.88763
158 61 -1.78242
159 61 -1.67924
160 61 -1.57834
161 61 -1.50257
162 61 -1.62998
163 61 -2.03842
164 61 -2.41523
165 61 -2.7827
166 61 -3.14647
167 61 -3.50924
168 61 -3.87129
169 61 -4.23298
170 61 -4.59507
171 61 -4.95687
172 61 -5.31806
173 61 -5.67667
174 61 -6.02906
175 61 -6.20467
176 61 -9.35257
177 61 -9.35257
178 61 -9.35257
179 61 -9.35257
180 61 -9.35257
181 61 -9.35257
182 61 -9.35257
183 61 -9.35257
184 61 -9.35257
185 61 -9.35257
186 61 -9.35257
187 61 -9.35257
188 61 -9.35257
189 61 -9.35257
190 61 -9.35257
191 61 -9.35257
192 61 -9.35257
193 61 -9.35257
194 61 -9.35257
195 61 -9.35257
196 61 -9.35257
197 61 -9.35257
198 61 -9.35257
199 61 -9.35257
200 61 -9.35257
201 61 -9.35257
202 61 -9.35257
203 61 -9.35257
204 61 -9.35257
205 61 -9.35257
206 61 -9.35257
207 61 -9.35257
208 61 -9.35257
209 61 -9.35257
210 61 -9.35257
211 61 -9.35257
212 61 -9.35257
213 61 -9.35257
214 61 -9.35257
215 61 -9.35257
216 61 -9.35257
217 61 -9.35257
218 61 -9.35257
219 61 -9.35257
220 61 -9.35257
221 61 -9.35257
222 61 -9.35257
223 61 -9.35257
224 61 -9.35257
225 61 -9.35257
226 61 -9.35257
227 61 -9.35257
228 61 -9.35257
229 61 -9.35257
230 61 -9.35257
231 61 -9.35257
232 61 -9.35257
233 61 -9.35257
234 61 -9.35257
235 61 -9.35257
236 61 -9.35257
237 61 -9.35257
238 61 -9.35257
239 61 -9.35257
0 62 -9.35257
1 62 -9.35257
2 62 -9.35257
3 62 -9.35257
4 62 -9.35257
5 62 -9.35257
6 62 -9.35257
7 62 -9.35257
8 62 -9.35257
9 62 -9.35257
10 62 -9.35257
11 62 -9.35257
12 62 -9.35257
13 62 -9.35257
14 62 -9.35257
15 62 -9.35257
16 62 -9.35257
17 62 -9.35257
18 62 -9.35257
19 62 -9.35257
20 62 -9.35257
21 62 -9.35257
22 62 -9.35257
23 62 -9.35257
24 62 -9.35257
25 62 -9.35257
26 62 -9.35257
27 62 -9.35257
28 62 -9.35257
29 62 -9.35257
30 62 -9.35257
31 62 -9.35257
32 62 -9.35257
33 62 -9.35257
34 62 -9.35257
35 62 -9.35257
36 62 -9.35257
37 62 -9.35257
38 62 -9.35257
39 62 -9.35257
40 62 -9.35257
41 62 -9.35257
42 62 -9.35257
43 62 -9.35257
44 62 -9.35257
45 62 -9.35257
46 62 -9.35257
47 62 -9.35257
48 62 -9.35257
49 62 -9.35257
50 62 -9.35257
51 62 -9.35257
52 62 -9.35257
53 62 -9.35257
54 62 -9.35257
55 62 -9.35257
56 62 -9.35257
57 62 -9.35257
58 62 -9.35257
59 62 -9.35257
60 62 -9.35257
61 62 -9.35257
62 62 -9.35257
63 62 -9.35257
64 62 -5.61253
65 62 -5.27619
66 62 -4.93627
67 62 -4.59614
68 62 -4.25505
69 62 -3.9147
70 62 -3.57443
71 62 -3.23398
72 62 -2.89352
73 62 -2.55294
74 62 -2.21236
75 62 -1.87159
76 62 -1.53061
77 62 -1.18602
78 62 -0.838241
79 62 -0.528631
80 62 -0.653714
81 62 -0.779106
82 62 -0.901696
83 62 -1.02309
84 62 -1.1439
85 62 -1.26477
86 62 -1.38582
87 62 -1.50736
88 62 -1.62916
89 62 -1.75172
90 62 -1.87366
91 62 -1.99509
92 62 -2.11597
93 62 -2.2363
94 62 -2.35708
95 62 -2.47896
96 62 -2.60212
97 62 -2.72447
98 62 -2.84617
99 62 -2.96721
100 62 -3.08848
101 62 -3.20912
102 62 -3.33038
103 62 -3.45129
104 62 -3.5747
105 62 -3.69731
106 62 -3.81929
107 62 -3.9406
108 62 -4.06111
109 62 -4.18245
110 62 -4.30405
111 62 -4.42521
112 62 -4.54582
113 62 -4.66942
114 62 -4.79245
115 62 -4.91475
116 62 -5.0378
117 62 -5.16076
118 62 -5.28274
119 62 -5.40447
120 62 -5.52499
121 62 -5.42467
122 62 -5.32292
123 62 -5.21965
124 62 -5.1149
125 62 -5.00896
126 62 -4.90373
127 62 -4.79935
128 62 -4.69523
129 62 -4.58999
130 62 -4.48395
131 62 -4.37831
132 62 -4.27306
133 62 -4.16707
134 62 -4.06036
135 62 -3.95293
136 62 -3.84455
137 62 -3.73793
138 62 -3.63056
139 62 -3.52263
140 62 -3.41407
141 62 -3.30562
142 62 -3.19709
143 62 -3.09086
144 62 -2.98588
145 62 -2.88026
146 62 -2.77422
147 62 -2.66792
148 62 -2.56203
149 62 -2.45683
150 62 -2.35126
151 62 -2.24605
152 62 -2.14062
153 62 -2.03476
154 62 -1.93111
155 62 -1.82725
156 62 -1.7234
157 62 -1.6198
158 62 -1.51617
159 62 -1.4095
160 62 -1.28185
161 62 -1.36453
162 62 -1.70761
163 62 -2.07835
164 62 -2.44862
165 62 -2.81563
166 62 -3.18032
167 62 -3.5441
168 62 -3.90703
169 62 -4.26968
170 62 -4.63258
171 62 -4.99522
172 62 -5.35689
173 62 -5.7131
174 62 -6.03623
175 62 -6.21348
176 62 -9.35257
177 62 -9.35257
178 62 -9.35257
179 62 -9.35257
180 62 -9.35257
181 62 -9.35257
182 62 -9.35257
183 62 -9.35257
184 62 -9.35257
185 62 -9.35257
186 62 -9.35257
187 62 -9.35257
188 62 -9.35257
189 62 -9.35257
190 62 -9.35257
191 62 -9.35257
192 62 -9.35257
193 62 -9.35257
194 62 -9.35257
195 62 -9.35257
196 62 -9.35257
197 62 -9.35257
198 62 -9.35257
199 62 -9.35257
200 62 -9.35257
201 62 -9.35257
202 62 -9.35257
203 62 -9.35257
204 62 -9.35257
205 62 -9.35257
206 62 -9.35257
207 62 -9.35257
208 62 -9.35257
209 62 -9.35257
210 62 -9.35257
211 62 -9.35257
212 62 -9.35257
213 62 -9.35257
214 62 -9.35257
215 62 -9.35257
216 62 -9.35257
217 62 -9.35257
218 62 -9.35257
219 62 -9.35257
220 62 -9.35257
221 62 -9.35257
222 62 -9.35257
223 62 -9.35257
224 62 -9.35257
225 62 -9.35257
226 62 -9.35257
227 62 -9.35257
228 62 -9.35257
229 62 -9.35257
230 62 -9.35257
231 62 -9.35257
232 62 -9.35257
233 62 -9.35257
234 62 -9.35257
235 62 -9.35257
236 62 -9.35257
237 62 -9.35257
238 62 -9.35257
239 62 -9.35257
0 63 -9.35257
1 63 -9.35257
2 63 -9.35257
3 63 -9.35257
4 63 -9.35257
5 63 -9.35257
6 63 -9.35257
7 63 -9.35257
8 63 -9.35257
9 63 -9.35257
10 63 -9.35257
11 63 -9.35257
12 63 -9.35257
13 63 -9.35257
14 63 -9.35257
15 63 -9.35257
16 63 -9.35257
17 63 -9.35257
18 63 -9.35257
19 63 -9.35257
20 63 -9.35257
21 63 -9.35257
22 63 -9.35257
23 63 -9.35257
24 63 -9.35257
25 63 -9.35257
26 63 -9.35257
27 63 -9.35257
28 63 -9.35257
29 63 -9.35257
30 63 -9.35257
31 63 -9.35257
32 63 -9.35257
33 63 -9.35257
34 63 -9.35257
35 63 -9.35257
36 63 -9.35257
37 63 -9.35257
38 63 -9.35257
39 63 -9.35257
40 63 -9.35257
41 63 -9.35257
42 63 -9.35257
43 63 -9.35257
44 63 -9.35257
45 63 -9.35257
46 63 -9.35257
47 63 -9.35257
48 63 -9.35257
49 63 -9.35257
50 63 -9.35257
51 63 -9.35257
52 63 -9.35257
53 63 -9.35257
54 63 -9.35257
55 63 -9.35257
56 63 -9.35257
57 63 -9.35257
58 63 -9.35257
59 63 -9.35257
60 63 -9.35257
61 63 -9.35257
62 63 -9.35257
63 63 -9.35257
64 63 -5.67419
65 63 -5.33283
66 63 -4.99156
67 63 -4.65048
68 63 -4.30955
69 63 -3.96847
70 63 -3.62812
71 63 -3.28721
72 63 -2.94694
73 63 -2.60588
74 63 -2.26534
75 63 -1.92493
76 63 -1.58442
77 63 -1.24493
78 63 -0.91212
79 63 -0.610035
80 63 -0.391947
81 63 -0.523587
82 63 -0.645073
83 63 -0.765553
84 63 -0.885828
85 63 -1.0058
86 63 -1.12614
87 63 -1.24793
88 63 -1.37116
89 63 -1.4936
90 63 -1.6153
91 63 -1.73644
92 63 -1.857
93 63 -1.97711
94 63 -2.09696
95 63 -2.21803
96 63 -2.34051
97 63 -2.46247
98 63 -2.5838
99 63 -2.70476
100 63 -2.82592
101 63 -2.94652
102 63 -3.06769
103 63 -3.18844
104 63 -3.30972
105 63 -3.43203
106 63 -3.55374
107 63 -3.67489
108 63 -3.79552
109 63 -3.91694
110 63 -4.03811
111 63 -4.15889
112 63 -4.27937
113 63 -4.40069
114 63 -4.52299
115 63 -4.64482
116 63 -4.76726
117 63 -4.88914
118 63 -5.01038
119 63 -5.13127
120 63 -5.25055
121 63 -5.14941
122 63 -5.04747
123 63 -4.94413
124 63 -4.83954
125 63 -4.73396
126 63 -4.62809
127 63 -4.52455
128 63 -4.42037
129 63 -4.31531
130 63 -4.20938
131 63 -4.10245
132 63 -3.9977
133 63 -3.89202
134 63 -3.7856
135 63 -3.67851
136 63 -3.57079
137 63 -3.46324
138 63 -3.35615
139 63 -3.24854
140 63 -3.14036
141 63 -3.03163
142 63 -2.92271
143 63 -2.81781
144 63 -2.71296
145 63 -2.6077
146 63 -2.50211
147 63 -2.39612
148 63 -2.28956
149 63 -2.18498
150 63 -2.07998
151 63 -1.97477
152 63 -1.86987
153 63 -1.76494
154 63 -1.66051
155 63 -1.55724
156 63 -1.45416
157 63 -1.35199
158 63 -1.25297
159 63 -1.16648
160 63 -1.10836
161 63 -1.41301
162 63 -1.75791
163 63 -2.11966
164 63 -2.48561
165 63 -2.85124
166 63 -3.21597
167 63 -3.58016
168 63 -3.94338
169 63 -4.307
170 63 -4.67072
171 63 -5.03487
172 63 -5.40289
173 63 -5.78329
174 63 -6.00684
175 63 -6.22059
176 63 -9.35257
177 63 -9.35257
178 63 -9.35257
179 63 -9.35257
180 63 -9.35257
181 63 -9.35257
182 63 -9.35257
183 63 -9.35257
184 63 -9.35257
185 63 -9.35257
186 63 -9.35257
187 63 -9.35257
188 63 -9.35257
189 63 -9.35257
190 63 -9.35257
191 63 -9.35257
192 63 -9.35257
193 63 -9.35257
194 63 -9.35257
195 63 -9.35257
196 63 -9.35257
197 63 -9.35257
198 63 -9.35257
199 63 -9.35257
200 63 -9.35257
201 63 -9.35257
202 63 -9.35257
203 63 -9.35257
204 63 -9.35257
205 63 -9.35257
206 63 -9.35257
207 63 -9.35257
208 63 -9.35257
209 63 -9.35257
210 63 -9.35257
211 63 -9.35257
212 63 -9.35257
213 63 -9.35257
214 63 -9.35257
215 63 -9.35257
216 63 -9.35257
217 63 -9.35257
218 63 -9.35257
219 63 -9.35257
220 63 -9.35257
221 63 -9.35257
222 63 -9.35257
223 63 -9.35257
224 63 -9.35257
225 63 -9.35257
226 63 -9.35257
227 63 -9.35257
228 63 -9.35257
229 63 -9.35257
230 63 -9.35257
231 63 -9.35257
232 63 -9.35257
233 63 -9.35257
234 63 -9.35257
235 63 -9.35257
236 63 -9.35257
237 63 -9.35257
238 63 -9.35257
239 63 -9.35257
0 64 -9.35257
1 64 -9.35257
2 64 -9.35257
3 64 -9.35257
4 64 -9.35257
5 64 -9.35257
6 64 -9.35257
7 64 -9.35257
8 64 -9.35257
9 64 -9.35257
10 64 -9.35257
11 64 -9.35257
12 64 -9.35257
13 64 -9.35257
14 64 -9.35257
15 64 -9.35257
16 64 -9.35257
17 64 -9.35257
18 64 -9.35257
19 64 -9.35257
20 64 -9.35257
21 64 -9.35257
22 64 -9.35257
23 64 -9.35257
24 64 -9.35257
25 64 -9.35257
26 64 -9.35257
27 64 -9.35257
28 64 -9.35257
29 64 -9.35257
30 64 -9.35257
31 64 -9.35257
32 64 -9.35257
33 64 -9.35257
34 64 -9.35257
35 64 -9.35257
36 64 -9.35257
37 64 -9.35257
38 64 -9.35257
39 64 -9.35257
40 64 -9.35257
41 64 -9.35257
42 64 -9.35257
43 64 -9.35257
44 64 -9.35257
45 64 -9.35257
46 64 -9.35257
47 64 -9.35257
48 64 -9.35257
49 64 -9.35257
50 64 -9.35257
51 64 -9.35257
52 64 -9.35257
53 64 -9.35257
54 64 -9.35257
55 64 -9.35257
56 64 -9.35257
57 64 -9.35257
58 64 -9.35257
59 64 -9.35257
60 64 -9.35257
61 64 -9.35257
62 64 -9.35257
63 64 -9.35257
64 64 -5.74741
65 64 -5.39037
66 64 -5.04665
67 64 -4.70484
68 64 -4.36421
69 64 -4.02293
70 64 -3.68236
71 64 -3.34185
72 64 -3.00115
73 64 -2.66039
74 64 -2.31943
75 64 -1.97839
76 64 -1.63738
77 64 -1.29714
78 64 -0.956002
79 64 -0.608145
80 64 -0.201427
81 64 -0.281414
82 64 -0.392565
83 64 -0.511412
84 64 -0.631162
85 64 -0.750538
86 64 -0.86963
87 64 -0.991504
88 64 -1.11418
89 64 -1.23621
90 64 -1.3576
91 64 -1.47836
92 64 -1.59854
93 64 -1.71818
94 64 -1.83761
95 64 -1.95718
96 64 -2.07949
97 64 -2.20109
98 64 -2.32206
99 64 -2.44323
100 64 -2.56397
101 64 -2.68447
102 64 -2.80548
103 64 -2.92581
104 64 -3.0453
105 64 -3.16733
106 64 -3.28883
107 64 -3.4097
108 64 -3.53043
109 64 -3.65175
110 64 -3.77256
111 64 -3.89292
112 64 -4.01285
113 64 -4.13253
114 64 -4.25401
115 64 -4.37542
116 64 -4.49729
117 64 -4.61842
118 64 -4.7395
119 64 -4.85972
120 64 -4.97891
121 64 -4.87579
122 64 -4.77329
123 64 -4.66972
124 64 -4.56504
125 64 -4.45944
126 64 -4.35345
127 64 -4.25039
128 64 -4.14638
129 64 -4.04151
130 64 -3.9358
131 64 -3.8293
132 64 -3.72327
133 64 -3.6177
134 64 -3.51151
135 64 -3.40472
136 64 -3.29722
137 64 -3.18885
138 64 -3.08211
139 64 -2.9749
140 64 -2.86707
141 64 -2.75863
142 64 -2.65061
143 64 -2.54458
144 64 -2.44032
145 64 -2.33546
146 64 -2.23039
147 64 -2.12488
148 64 -2.01909
149 64 -1.91356
150 64 -1.80891
151 64 -1.70412
152 64 -1.59916
153 64 -1.49462
154 64 -1.38965
155 64 -1.28704
156 64 -1.18435
157 64 -1.08087
158 64 -0.977106
159 64 -0.897414
160 64 -1.01965
161 64 -1.4224
162 64 -1.7917
163 64 -2.15766
164 64 -2.52325
165 64 -2.88808
166 64 -3.25306
167 64 -3.61752
168 64 -3.98126
169 64 -4.34514
170 64 -4.70875
171 64 -5.07225
172 64 -5.43703
173 64 -5.80507
174 64 -5.98858
175 64 -9.35257
176 64 -9.35257
177 64 -9.35257
178 64 -9.35257
179 64 -9.35257
180 64 -9.35257
181 64 -9.35257
182 64 -9.35257
183 64 -9.35257
184 64 -9.35257
185 64 -9.35257
186 64 -9.35257
187 64 -9.35257
188 64 -9.35257
189 64 -9.35257
190 64 -9.35257
191 64 -9.35257
192 64 -9.35257
193 64 -9.35257
194 64 -9.35257
195 64 -9.35257
196 64 -9.35257
197 64 -9.35257
198 64 -9.35257
199 64 -9.35257
200 64 -9.35257
201 64 -9.35257
202 64 -9.35257
203 64 -9.35257
204 64 -9.35257
205 64 -9.35257
206 64 -9.35257
207 64 -9.35257
208 64 -9.35257
209 64 -9.35257
210 64 -9.35257
211 64 -9.35257
212 64 -9.35257
213 64 -9.35257
214 64 -9.35257
215 64 -9.35257
216 64 -9.35257
217 64 -9.35257
218 64 -9.35257
219 64 -9.35257
220 64 -9.35257
221 64 -9.35257
222 64 -9.35257
223 64 -9.35257
224 64 -9.35257
225 64 -9.35257
226 64 -9.35257
227 64 -9.35257
228 64 -9.35257
229 64 -9.35257
230 64 -9.35257
231 64 -9.35257
232 64 -9.35257
233 64 -9.35257
234 64 -9.35257
235 64 -9.35257
236 64 -9.35257
237 64 -9.35257
238 64 -9.35257
239 64 -9.35257
0 65 -9.35257
1 65 -9.35257
2 65 -9.35257
3 65 -9.35257
4 65 -9.35257
5 65 -9.35257
6 65 -9.35257
7 65 -9.35257
8 65 -9.35257
9 65 -9.35257
10 65 -9.35257
11 65 -9.35257
12 65 -9.35257
13 65 -9.35257
14 65 -9.35257
15 65 -9.35257
16 65 -9.35257
17 65 -9.35257
18 65 -9.35257
19 65 -9.35257
20 65 -9.35257
21 65 -9.35257
22 65 -9.35257
23 65 -9.35257
24 65 -9.35257
25 65 -9.35257
26 65 -9.35257
27 65 -9.35257
28 65 -9.35257
29 65 -9.35257
30 65 -9.35257
31 65 -9.35257
32 65 -9.35257
33 65 -9.35257
34 65 -9.35257
35 65 -9.35257
36 65 -9.35257
37 65 -9.35257
38 65 -9.35257
39 65 -9.35257
40 65 -9.35257
41 65 -9.35257
42 65 -9.35257
43 65 -9.35257
44 65 -9.35257
45 65 -9.35257
46 65 -9.35257
47 65 -9.35257
48 65 -9.35257
49 65 -9.35257
50 65 -9.35257
51 65 -9.35257
52 65 -9.35257
53 65 -9.35257
54 65 -9.35257
55 65 -9.35257
56 65 -9.35257
57 65 -9.35257
58 65 -9.35257
59 65 -9.35257
60 65 -9.35257
61 65 -9.35257
62 65 -9.35257
63 65 -9.35257
64 65 -9.35257
65 65 -5.43785
66 65 -5.09983
67 65 -4.76007
68 65 -4.41952
69 65 -4.07874
70 65 -3.73778
71 65 -3.39669
72 65 -3.05559
73 65 -2.71509
74 65 -2.37377
75 65 -2.03305
76 65 -1.69167
77 65 -1.35079
78 65 -1.0094
79 65 -0.665116
80 65 -0.317149
81 65 -0.00823511
82 65 -0.132572
83 65 -0.256369
84 65 -0.37708
85 65 -0.49642
86 65 -0.614944
87 65 -0.7355
88 65 -0.857849
89 65 -0.979528
90 65 -1.10053
91 65 -1.22092
92 65 -1.34063
93 65 -1.45955
94 65 -1.57924
95 65 -1.69899
96 65 -1.81919
97 65 -1.94043
98 65 -2.06124
99 65 -2.18221
100 65 -2.30226
101 65 -2.42311
102 65 -2.54396
103 65 -2.66409
104 65 -2.78365
105 65 -2.90336
106 65 -3.02454
107 65 -3.14483
108 65 -3.26593
109 65 -3.38706
110 65 -3.50753
111 65 -3.62739
112 65 -3.74662
113 65 -3.86484
114 65 -3.98514
115 65 -4.10667
116 65 -4.2281
117 65 -4.34886
118 65 -4.46954
119 65 -4.58921
120 65 -4.70785
121 65 -4.60338
122 65 -4.50017
123 65 -4.39643
124 65 -4.29165
125 65 -4.18661
126 65 -4.08122
127 65 -3.97706
128 65 -3.87312
129 65 -3.76842
130 65 -3.6629
131 65 -3.5565
132 65 -3.44911
133 65 -3.34389
134 65 -3.238
135 65 -3.13164
136 65 -3.02454
137 65 -2.91677
138 65 -2.80854
139 65 -2.70186
140 65 -2.5944
141 65 -2.48637
142 65 -2.37899
143 65 -2.27354
144 65 -2.16829
145 65 -2.06379
146 65 -1.95898
147 65 -1.8538
148 65 -1.74821
149 65 -1.64202
150 65 -1.53783
151 65 -1.4335
152 65 -1.32884
153 65 -1.22458
154 65 -1.12047
155 65 -1.01691
156 65 -0.915326
157 65 -0.810029
158 65 -0.67971
159 65 -0.758635
160 65 -1.09832
161 65 -1.46523
162 65 -1.83126
163 65 -2.19656
164 65 -2.56167
165 65 -2.92637
166 65 -3.29121
167 65 -3.65561
168 65 -4.01955
169 65 -4.38355
170 65 -4.74689
171 65 -5.10905
172 65 -5.46825
173 65 -5.82076
174 65 -5.99603
175 65 -9.35257
176 65 -9.35257
177 65 -9.35257
178 65 -9.35257
179 65 -9.35257
180 65 -9.35257
181 65 -9.35257
182 65 -9.35257
183 65 -9.35257
184 65 -9.35257
185 65 -9.35257
186 65 -9.35257
187 65 -9.35257
188 65 -9.35257
189 65 -9.35257
190 65 -9.35257
191 65 -9.35257
192 65 -9.35257
193 65 -9.35257
194 65 -9.35257
195 65 -9.35257
196 65 -9.35257
197 65 -9.35257
198 65 -9.35257
199 65 -9.35257
200 65 -9.35257
201 65 -9.35257
202 65 -9.35257
203 65 -9.35257
204 65 -9.35257
205 65 -9.35257
206 65 -9.35257
207 65 -9.35257
208 65 -9.35257
209 65 -9.35257
210 65 -9.35257
211 65 -9.35257
212 65 -9.35257
213 65 -9.35257
214 65 -9.35257
215 65 -9.35257
216 65 -9.35257
217 65 -9.35257
218 65 -9.35257
219 65 -9.35257
220 65 -9.35257
221 65 -9.35257
222 65 -9.35257
223 65 -9.35257
224 65 -9.35257
225 65 -9.35257
226 65 -9.35257
227 65 -9.35257
228 65 -9.35257
229 65 -9.35257
230 65 -9.35257
231 65 -9.35257
232 65 -9.35257
233 65 -9.35257
234 65 -9.35257
235 65 -9.35257
236 65 -9.35257
237 65 -9.35257
238 65 -9.35257
239 65 -9.35257
0 66 -9.35257
1 66 -9.35257
2 66 -9.35257
3 66 -9.35257
4 66 -9.35257
5 66 -9.35257
6 66 -9.35257
7 66 -9.35257
8 66 -9.35257
9 66 -9.35257
10 66 -9.35257
11 66 -9.35257
12 66 -9.35257
13 66 -9.35257
14 66 -9.35257
15 66 -9.35257
16 66 -9.35257
17 66 -9.35257
18 66 -9.35257
19 66 -9.35257
20 66 -9.35257
21 66 -9.35257
22 66 -9.35257
23 66 -9.35257
24 66 -9.35257
25 66 -9.35257
26 66 -9.35257
27 66 -9.35257
28 66 -9.35257
29 66 -9.35257
30 66 -9.35257
31 66 -9.35257
32 66 -9.35257
33 66 -9.35257
34 66 -9.35257
35 66 -9.35257
36 66 -9.35257
37 66 -9.35257
38 66 -9.35257
39 66 -9.35257
40 66 -9.35257
41 66 -9.35257
42 66 -9.35257
43 66 -9.35257
44 66 -9.35257
45 66 -9.35257
46 66 -9.35257
47 66 -9.35257
48 66 -9.35257
49 66 -9.35257
50 66 -9.35257
51 66 -9.35257
52 66 -9.35257
53 66 -9.35257
54 66 -9.35257
55 66 -9.35257
56 66 -9.35257
57 66 -9.35257
58 66 -9.35257
59 66 -9.35257
60 66 -9.35257
61 66 -9.35257
62 66 -9.35257
63 66 -9.35257
64 66 -9.35257
65 66 -5.49357
66 66 -5.15618
67 66 -4.81607
68 66 -4.47521
69 66 -4.13475
70 66 -3.79348
71 66 -3.4528
72 66 -3.11151
73 66 -2.7706
74 66 -2.4296
75 66 -2.08838
76 66 -1.74727
77 66 -1.40582
78 66 -1.06571
79 66 -0.725946
80 66 -0.393817
81 66 -0.0917953
82 66 0.126797
83 66 -0.00441226
84 66 -0.124455
85 66 -0.243117
86 66 -0.361439
87 66 -0.480341
88 66 -0.602266
89 66 -0.72352
90 66 -0.844163
91 66 -0.964166
92 66 -1.0836
93 66 -1.20248
94 66 -1.32203
95 66 -1.44111
96 66 -1.55942
97 66 -1.68037
98 66 -1.80148
99 66 -1.92208
100 66 -2.04217
101 66 -2.16287
102 66 -2.28323
103 66 -2.40293
104 66 -2.52203
105 66 -2.64024
106 66 -2.76115
107 66 -2.88151
108 66 -3.00249
109 66 -3.12309
110 66 -3.24312
111 66 -3.36256
112 66 -3.48138
113 66 -3.59969
114 66 -3.71806
115 66 -3.83916
116 66 -3.95978
117 66 -4.08055
118 66 -4.2006
119 66 -4.31979
120 66 -4.43809
121 66 -4.33347
122 66 -4.22843
123 66 -4.12416
124 66 -4.01943
125 66 -3.91415
126 66 -3.80933
127 66 -3.70435
128 66 -3.60062
129 66 -3.49617
130 66 -3.39086
131 66 -3.28471
132 66 -3.17766
133 66 -3.07075
134 66 -2.96532
135 66 -2.85917
136 66 -2.75238
137 66 -2.64502
138 66 -2.53725
139 66 -2.42946
140 66 -2.32217
141 66 -2.21424
142 66 -2.1078
143 66 -2.00231
144 66 -1.8964
145 66 -1.79241
146 66 -1.68794
147 66 -1.58312
148 66 -1.47795
149 66 -1.37247
150 66 -1.26688
151 66 -1.16322
152 66 -1.05906
153 66 -0.954387
154 66 -0.851078
155 66 -0.748664
156 66 -0.649874
157 66 -0.564061
158 66 -0.504019
159 66 -0.807321
160 66 -1.15012
161 66 -1.50927
162 66 -1.87244
163 66 -2.23682
164 66 -2.60119
165 66 -2.9654
166 66 -3.33015
167 66 -3.6945
168 66 -4.05868
169 66 -4.42296
170 66 -4.78657
171 66 -5.1497
172 66 -5.50653
173 66 -5.82992
174 66 -6.00645
175 66 -9.35257
176 66 -9.35257
177 66 -9.35257
178 66 -9.35257
179 66 -9.35257
180 66 -9.35257
181 66 -9.35257
182 66 -9.35257
183 66 -9.35257
184 66 -9.35257
185 66 -9.35257
186 66 -9.35257
187 66 -9.35257
188 66 -9.35257
189 66 -9.35257
190 66 -9.35257
191 66 -9.35257
192 66 -9.35257
193 66 -9.35257
194 66 -9.35257
195 66 -9.35257
196 66 -9.35257
197 66 -9.35257
198 66 -9.35257
199 66 -9.35257
200 66 -9.35257
201 66 -9.35257
202 66 -9.35257
203 66 -9.35257
204 66 -9.35257
205 66 -9.35257
206 66 -9.35257
207 66 -9.35257
208 66 -9.35257
209 66 -9.35257
210 66 -9.35257
211 66 -9.35257
212 66 -9.35257
213 66 -9.35257
214 66 -9.35257
215 66 -9.35257
216 66 -9.35257
217 66 -9.35257
218 66 -9.35257
219 66 -9.35257
220 66 -9.35257
221 66 -9.35257
222 66 -9.35257
223 66 -9.35257
224 66 -9.35257
225 66 -9.35257
226 66 -9.35257
227 66 -9.35257
228 66 -9.35257
229 66 -9.35257
230 66 -9.35257
231 66 -9.35257
232 66 -9.35257
233 66 -9.35257
234 66 -9.35257
235 66 -9.35257
236 66 -9.35257
237 66 -9.35257
238 66 -9.35257
239 66 -9.35257
0 67 -9.35257
1 67 -9.35257
2 67 -9.35257
3 67 -9.35257
4 67 -9.35257
5 67 -9.35257
6 67 -9.35257
7 67 -9.35257
8 67 -9.35257
9 67 -9.35257
10 67 -9.35257
11 67 -9.35257
12 67 -9.35257
13 67 -9.35257
14 67 -9.35257
15 67 -9.35257
16 67 -9.35257
17 67 -9.35257
18 67 -9.35257
19 67 -9.35257
20 67 -9.35257
21 67 -9.35257
22 67 -9.35257
23 67 -9.35257
24 67 -9.35257
25 67 -9.35257
26 67 -9.35257
27 67 -9.35257
28 67 -9.35257
29 67 -9.35257
30 67 -9.35257
31 67 -9.35257
32 67 -9.35257
33 67 -9.35257
34 67 -9.35257
35 67 -9.35257
36 67 -9.35257
37 67 -9.35257
38 67 -9.35257
39 67 -9.35257
40 67 -9.35257
41 67 -9.35257
42 67 -9.35257
43 67 -9.35257
44 67 -9.35257
45 67 -9.35257
46 67 -9.35257
47 67 -9.35257
48 67 -9.35257
49 67 -9.35257
50 67 -9.35257
51 67 -9.35257
52 67 -9.35257
53 67 -9.35257
54 67 -9.35257
55 67 -9.35257
56 67 -9.35257
57 67 -9.35257
58 67 -9.35257
59 67 -9.35257
60 67 -9.35257
61 67 -9.35257
62 67 -9.35257
63 67 -9.35257
64 67 -9.35257
65 67 -5.55688
66 67 -5.21542
67 67 -4.87408
68 67 -4.53252
69 67 -4.19158
70 67 -3.85064
71 67 -3.50953
72 67 -3.16829
73 67 -2.82637
74 67 -2.48564
75 67 -2.14431
76 67 -1.80389
77 67 -1.46286
78 67 -1.12167
79 67 -0.781241
80 67 -0.440376
81 67 -0.0919263
82 67 0.314835
83 67 0.236293
84 67 0.126789
85 67 0.00976055
86 67 -0.108505
87 67 -0.227601
88 67 -0.347354
89 67 -0.468202
90 67 -0.588431
91 67 -0.708061
92 67 -0.827105
93 67 -0.945946
94 67 -1.0653
95 67 -1.18409
96 67 -1.30232
97 67 -1.42137
98 67 -1.54223
99 67 -1.66255
100 67 -1.78256
101 67 -1.90316
102 67 -2.02317
103 67 -2.14255
104 67 -2.26138
105 67 -2.37974
106 67 -2.49838
107 67 -2.61869
108 67 -2.73949
109 67 -2.85971
110 67 -2.97934
111 67 -3.09835
112 67 -3.21673
113 67 -3.33446
114 67 -3.45167
115 67 -3.57212
116 67 -3.69251
117 67 -3.81297
118 67 -3.93256
119 67 -4.05127
120 67 -4.16919
121 67 -4.06399
122 67 -3.95773
123 67 -3.85294
124 67 -3.74855
125 67 -3.64339
126 67 -3.53904
127 67 -3.43418
128 67 -3.32873
129 67 -3.22462
130 67 -3.11955
131 67 -3.01368
132 67 -2.90703
133 67 -2.80007
134 67 -2.69337
135 67 -2.58734
136 67 -2.4808
137 67 -2.37369
138 67 -2.26597
139 67 -2.15742
140 67 -2.05076
141 67 -1.9439
142 67 -1.83819
143 67 -1.73186
144 67 -1.62642
145 67 -1.52137
146 67 -1.41712
147 67 -1.31263
148 67 -1.20787
149 67 -1.10288
150 67 -0.997866
151 67 -0.893296
152 67 -0.789797
153 67 -0.686854
154 67 -0.583859
155 67 -0.479866
156 67 -0.375427
157 67 -0.295589
158 67 -0.415468
159 67 -0.817064
160 67 -1.18556
161 67 -1.54931
162 67 -1.91295
163 67 -2.27709
164 67 -2.64087
165 67 -3.00525
166 67 -3.3695
167 67 -3.73358
168 67 -4.09824
169 67 -4.46304
170 67 -4.82831
171 67 -5.19719
172 67 -5.57824
173 67 -5.80167
174 67 -6.01475
175 67 -9.35257
176 67 -9.35257
177 67 -9.35257
178 67 -9.35257
179 67 -9.35257
180 67 -9.35257
181 67 -9.35257
182 67 -9.35257
183 67 -9.35257
184 67 -9.35257
185 67 -9.35257
186 67 -9.35257
187 67 -9.35257
188 67 -9.35257
189 67 -9.35257
190 67 -9.35257
191 67 -9.35257
192 67 -9.35257
193 67 -9.35257
194 67 -9.35257
195 67 -9.35257
196 67 -9.35257
197 67 -9.35257
198 67 -9.35257
199 67 -9.35257
200 67 -9.35257
201 67 -9.35257
202 67 -9.35257
203 67 -9.35257
204 67 -9.35257
205 67 -9.35257
206 67 -9.35257
207 67 -9.35257
208 67 -9.35257
209 67 -9.35257
210 67 -9.35257
211 67 -9.35257
212 67 -9.35257
213 67 -9.35257
214 67 -9.35257
215 67 -9.35257
216 67 -9.35257
217 67 -9.35257
218 67 -9.35257
219 67 -9.35257
220 67 -9.35257
221 67 -9.35257
222 67 -9.35257
223 67 -9.35257
224 67 -9.35257
225 67 -9.35257
226 67 -9.35257
227 67 -9.35257
228 67 -9.35257
229 67 -9.35257
230 67 -9.35257
231 67 -9.35257
232 67 -9.35257
233 67 -9.35257
234 67 -9.35257
235 67 -9.35257
236 67 -9.35257
237 67 -9.35257
238 67 -9.35257
239 67 -9.35257
0 68 -9.35257
1 68 -9.35257
2 68 -9.35257
3 68 -9.35257
4 68 -9.35257
5 68 -9.35257
6 68 -9.35257
7 68 -9.35257
8 68 -9.35257
9 68 -9.35257
10 68 -9.35257
11 68 -9.35257
12 68 -9.35257
13 68 -9.35257
14 68 -9.35257
15 68 -9.35257
16 68 -9.35257
17 68 -9.35257
18 68 -9.35257
19 68 -9.35257
20 68 -9.35257
21 68 -9.35257
22 68 -9.35257
23 68 -9.35257
24 68 -9.35257
25 68 -9.35257
26 68 -9.35257
27 68 -9.35257
28 68 -9.35257
29 68 -9.35257
30 68 -9.35257
31 68 -9.35257
32 68 -9.35257
33 68 -9.35257
34 68 -9.35257
35 68 -9.35257
36 68 -9.35257
37 68 -9.35257
38 68 -9.35257
39 68 -9.35257
40 68 -9.35257
41 68 -9.35257
42 68 -9.35257
43 68 -9.35257
44 68 -9.35257
45 68 -9.35257
46 68 -9.35257
47 68 -9.35257
48 68 -9.35257
49 68 -9.35257
50 68 -9.35257
51 68 -9.35257
52 68 -9.35257
53 68 -9.35257
54 68 -9.35257
55 68 -9.35257
56 68 -9.35257
57 68 -9.35257
58 68 -9.35257
59 68 -9.35257
60 68 -9.35257
61 68 -9.35257
62 68 -9.35257
63 68 -9.35257
64 68 -9.35257
65 68 -5.63186
66 68 -5.27656
67 68 -4.93231
68 68 -4.59048
69 68 -4.24857
70 68 -3.90796
71 68 -3.56656
72 68 -3.22573
73 68 -2.88427
74 68 -2.54283
75 68 -2.20209
76 68 -1.86114
77 68 -1.52005
78 68 -1.17829
79 68 -0.836976
80 68 -0.494702
81 68 -0.150368
82 68 0.198184
83 68 0.507962
84 68 0.385474
85 68 0.263875
86 68 0.144018
87 68 0.0250156
88 68 -0.0929178
89 68 -0.213502
90 68 -0.333377
91 68 -0.452542
92 68 -0.570894
93 68 -0.690037
94 68 -0.809221
95 68 -0.927639
96 68 -1.04544
97 68 -1.1632
98 68 -1.2837
99 68 -1.40334
100 68 -1.52369
101 68 -1.6441
102 68 -1.76376
103 68 -1.88279
104 68 -2.00119
105 68 -2.11902
106 68 -2.23617
107 68 -2.35655
108 68 -2.47707
109 68 -2.59696
110 68 -2.71621
111 68 -2.83483
112 68 -2.95274
113 68 -3.06981
114 68 -3.18766
115 68 -3.30615
116 68 -3.42628
117 68 -3.5463
118 68 -3.6654
119 68 -3.78372
120 68 -3.90124
121 68 -3.79557
122 68 -3.68947
123 68 -3.58318
124 68 -3.47846
125 68 -3.37336
126 68 -3.26927
127 68 -3.16459
128 68 -3.0594
129 68 -2.95405
130 68 -2.84904
131 68 -2.74342
132 68 -2.63707
133 68 -2.52998
134 68 -2.42147
135 68 -2.31589
136 68 -2.20965
137 68 -2.10282
138 68 -1.99541
139 68 -1.8875
140 68 -1.78036
141 68 -1.67396
142 68 -1.56918
143 68 -1.46453
144 68 -1.35912
145 68 -1.25347
146 68 -1.1496
147 68 -1.04549
148 68 -0.941067
149 68 -0.836384
150 68 -0.731471
151 68 -0.626269
152 68 -0.523399
153 68 -0.420589
154 68 -0.317498
155 68 -0.211376
156 68 -0.0804319
157 68 -0.156571
158 68 -0.494688
159 68 -0.8608
160 68 -1.22611
161 68 -1.58978
162 68 -1.95387
163 68 -2.31806
164 68 -2.68189
165 68 -3.04612
166 68 -3.41018
167 68 -3.77399
168 68 -4.13858
169 68 -4.50298
170 68 -4.86733
171 68 -5.23287
172 68 -5.60148
173 68 -5.78466
174 68 -9.35257
175 68 -9.35257
176 68 -9.35257
177 68 -9.35257
178 68 -9.35257
179 68 -9.35257
180 68 -9.35257
181 68 -9.35257
182 68 -9.35257
183 68 -9.35257
184 68 -9.35257
185 68 -9.35257
186 68 -9.35257
187 68 -9.35257
188 68 -9.35257
189 68 -9.35257
190 68 -9.35257
191 68 -9.35257
192 68 -9.35257
193 68 -9.35257
194 68 -9.35257
195 68 -9.35257
196 68 -9.35257
197 68 -9.35257
198 68 -9.35257
199 68 -9.35257
200 68 -9.35257
201 68 -9.35257
202 68 -9.35257
203 68 -9.35257
204 68 -9.35257
205 68 -9.35257
206 68 -9.35257
207 68 -9.35257
208 68 -9.35257
209 68 -9.35257
210 68 -9.35257
211 68 -9.35257
212 68 -9.35257
213 68 -9.35257
214 68 -9.35257
215 68 -9.35257
216 68 -9.35257
217 68 -9.35257
218 68 -9.35257
219 68 -9.35257
220 68 -9.35257
221 68 -9.35257
222 68 -9.35257
223 68 -9.35257
224 68 -9.35257
225 68 -9.35257
226 68 -9.35257
227 68 -9.35257
228 68 -9.35257
229 68 -9.35257
230 68 -9.35257
231 68 -9.35257
232 68 -9.35257
233 68 -9.35257
234 68 -9.35257
235 68 -9.35257
236 68 -9.35257
237 68 -9.35257
238 68 -9.35257
239 68 -9.35257
0 69 -9.35257
1 69 -9.35257
2 69 -9.35257
3 69 -9.35257
4 69 -9.35257
5 69 -9.35257
6 69 -9.35257
7 69 -9.35257
8 69 -9.35257
9 69 -9.35257
10 69 -9.35257
11 69 -9.35257
12 69 -9.35257
13 69 -9.35257
14 69 -9.35257
15 69 -9.35257
16 69 -9.35257
17 69 -9.35257
18 69 -9.35257
19 69 -9.35257
20 69 -9.35257
21 69 -9.35257
22 69 -9.35257
23 69 -9.35257
24 69 -9.35257
25 69 -9.35257
26 69 -9.35257
27 69 -9.35257
28 69 -9.35257
29 69 -9.35257
30 69 -9.35257
31 69 -9.35257
32 69 -9.35257
33 69 -9.35257
34 69 -9.35257
35 69 -9.35257
36 69 -9.35257
37 69 -9.35257
38 69 -9.35257
39 69 -9.35257
40 69 -9.35257
41 69 -9.35257
42 69 -9.35257
43 69 -9.35257
44 69 -9.35257
45 69 -9.35257
46 69 -9.35257
47 69 -9.35257
48 69 -9.35257
49 69 -9.35257
50 69 -9.35257
51 69 -9.35257
52 69 -9.35257
53 69 -9.35257
54 69 -9.35257
55 69 -9.35257
56 69 -9.35257
57 69 -9.35257
58 69 -9.35257
59 69 -9.35257
60 69 -9.35257
61 69 -9.35257
62 69 -9.35257
63 69 -9.35257
64 69 -9.35257
65 69 -9.35257
66 69 -5.32666
67 69 -4.98829
68 69 -4.64853
69 69 -4.30753
70 69 -3.96608
71 69 -3.62508
72 69 -3.28382
73 69 -2.94269
74 69 -2.60146
75 69 -2.26009
76 69 -1.91869
77 69 -1.57792
78 69 -1.23654
79 69 -0.894928
80 69 -0.553187
81 69 -0.213029
82 69 0.120309
83 69 0.423839
84 69 0.643269
85 69 0.513806
86 69 0.394532
87 69 0.276477
88 69 0.158805
89 69 0.040411
90 69 -0.0790344
91 69 -0.197914
92 69 -0.316234
93 69 -0.435305
94 69 -0.553905
95 69 -0.671996
96 69 -0.789751
97 69 -0.907831
98 69 -1.02611
99 69 -1.14573
100 69 -1.26597
101 69 -1.38578
102 69 -1.50504
103 69 -1.62366
104 69 -1.74166
105 69 -1.85897
106 69 -1.9754
107 69 -2.09535
108 69 -2.21536
109 69 -2.33485
110 69 -2.45375
111 69 -2.57202
112 69 -2.68967
113 69 -2.80665
114 69 -2.92419
115 69 -3.04118
116 69 -3.16105
117 69 -3.28056
118 69 -3.39921
119 69 -3.51701
120 69 -3.63396
121 69 -3.52795
122 69 -3.42148
123 69 -3.31445
124 69 -3.20862
125 69 -3.10378
126 69 -2.99995
127 69 -2.8954
128 69 -2.79011
129 69 -2.68386
130 69 -2.57916
131 69 -2.47388
132 69 -2.36786
133 69 -2.26129
134 69 -2.15458
135 69 -2.04815
136 69 -1.94214
137 69 -1.83557
138 69 -1.72841
139 69 -1.6208
140 69 -1.51315
141 69 -1.40738
142 69 -1.30298
143 69 -1.19824
144 69 -1.09287
145 69 -0.98763
146 69 -0.882186
147 69 -0.778532
148 69 -0.674388
149 69 -0.569984
150 69 -0.465363
151 69 -0.360899
152 69 -0.256942
153 69 -0.154605
154 69 -0.0551214
155 69 0.032291
156 69 0.095107
157 69 -0.206638
158 69 -0.547873
159 69 -0.906236
160 69 -1.26865
161 69 -1.63178
162 69 -1.9956
163 69 -2.35939
164 69 -2.72306
165 69 -3.08717
166 69 -3.45109
167 69 -3.815
168 69 -4.17911
169 69 -4.54297
170 69 -4.90572
171 69 -5.26547
172 69 -5.61839
173 69 -5.79326
174 69 -9.35257
175 69 -9.35257
176 69 -9.35257
177 69 -9.35257
178 69 -9.35257
179 69 -9.35257
180 69 -9.35257
181 69 -9.35257
182 69 -9.35257
183 69 -9.35257
184 69 -9.35257
185 69 -9.35257
186 69 -9.35257
187 69 -9.35257
188 69 -9.35257
189 69 -9.35257
190 69 -9.35257
191 69 -9.35257
192 69 -9.35257
193 69 -9.35257
194 69 -9.35257
195 69 -9.35257
196 69 -9.35257
197 69 -9.35257
198 69 -9.35257
199 69 -9.35257
200 69 -9.35257
201 69 -9.35257
202 69 -9.35257
203 69 -9.35257
204 69 -9.35257
205 69 -9.35257
206 69 -9.35257
207 69 -9.35257
208 69 -9.35257
209 69 -9.35257
210 69 -9.35257
211 69 -9.35257
212 69 -9.35257
213 69 -9.35257
214 69 -9.35257
215 69 -9.35257
216 69 -9.35257
217 69 -9.35257
218 69 -9.35257
219 69 -9.35257
220 69 -9.35257
221 69 -9.35257
222 69 -9.35257
223 69 -9.35257
224 69 -9.35257
225 69 -9.35257
226 69 -9.35257
227 69 -9.35257
228 69 -9.35257
229 69 -9.35257
230 69 -9.35257
231 69 -9.35257
232 69 -9.35257
233 69 -9.35257
234 69 -9.35257
235 69 -9.35257
236 69 -9.35257
237 69 -9.35257
238 69 -9.35257
239 69 -9.35257
0 70 -9.35257
1 70 -9.35257
2 70 -9.35257
3 70 -9.35257
4 70 -9.35257
5 70 -9.35257
6 70 -9.35257
7 70 -9.35257
8 70 -9.35257
9 70 -9.35257
10 70 -9.35257
11 70 -9.35257
12 70 -9.35257
13 70 -9.35257
14 70 -9.35257
15 70 -9.35257
16 70 -9.35257
17 70 -9.35257
18 70 -9.35257
19 70 -9.35257
20 70 -9.35257
21 70 -9.35257
22 70 -9.35257
23 70 -9.35257
24 70 -9.35257
25 70 -9.35257
26 70 -9.35257
27 70 -9.35257
28 70 -9.35257
29 70 -9.35257
30 70 -9.35257
31 70 -9.35257
32 70 -9.35257
33 70 -9.35257
34 70 -9.35257
35 70 -9.35257
36 70 -9.35257
37 70 -9.35257
38 70 -9.35257
39 70 -9.35257
40 70 -9.35257
41 70 -9.35257
42 70 -9.35257
43 70 -9.35257
44 70 -9.35257
45 70 -9.35257
46 70 -9.35257
47 70 -9.35257
48 70 -9.35257
49 70 -9.35257
50 70 -9.35257
51 70 -9.35257
52 70 -9.35257
53 70 -9.35257
54 70 -9.35257
55 70 -9.35257
56 70 -9.35257
57 70 -9.35257
58 70 -9.35257
59 70 -9.35257
60 70 -9.35257
61 70 -9.35257
62 70 -9.35257
63 70 -9.35257
64 70 -9.35257
65 70 -9.35257
66 70 -5.38573
67 70 -5.04769
68 70 -4.70781
69 70 -4.36695
70 70 -4.02517
71 70 -3.68384
72 70 -3.34248
73 70 -3.00191
74 70 -2.66038
75 70 -2.31937
76 70 -1.9777
77 70 -1.63641
78 70 -1.29501
79 70 -0.95319
80 70 -0.61134
81 70 -0.269049
82 70 0.0722424
83 70 0.421702
84 70 0.829133
85 70 0.752391
86 70 0.64374
87 70 0.527556
88 70 0.410386
89 70 0.293882
90 70 0.174665
91 70 0.0561545
92 70 -0.0621685
93 70 -0.181044
94 70 -0.299301
95 70 -0.416968
96 70 -0.534864
97 70 -0.652344
98 70 -0.76942
99 70 -0.888705
100 70 -1.00866
101 70 -1.12811
102 70 -1.24696
103 70 -1.36521
104 70 -1.48282
105 70 -1.59988
106 70 -1.71677
107 70 -1.83493
108 70 -1.95418
109 70 -2.07339
110 70 -2.19194
111 70 -2.30989
112 70 -2.42726
113 70 -2.54411
114 70 -2.66146
115 70 -2.77919
116 70 -2.897
117 70 -3.01566
118 70 -3.13394
119 70 -3.25114
120 70 -3.36727
121 70 -3.26099
122 70 -3.15495
123 70 -3.04844
124 70 -2.9418
125 70 -2.83779
126 70 -2.73439
127 70 -2.62998
128 70 -2.5248
129 70 -2.41908
130 70 -2.31327
131 70 -2.208
132 70 -2.10213
133 70 -1.99567
134 70 -1.88866
135 70 -1.78073
136 70 -1.67504
137 70 -1.5688
138 70 -1.46191
139 70 -1.35506
140 70 -1.24802
141 70 -1.14097
142 70 -1.03711
143 70 -0.932563
144 70 -0.827463
145 70 -0.721992
146 70 -0.61695
147 70 -0.512063
148 70 -0.407967
149 70 -0.303802
150 70 -0.199452
151 70 -0.0948883
152 70 0.0103825
153 70 0.114374
154 70 0.218511
155 70 0.300507
156 70 0.183019
157 70 -0.217215
158 70 -0.584486
159 70 -0.947616
160 70 -1.31048
161 70 -1.67365
162 70 -2.03736
163 70 -2.40099
164 70 -2.7647
165 70 -3.12874
166 70 -3.49238
167 70 -3.85671
168 70 -4.22103
169 70 -4.58479
170 70 -4.948
171 70 -5.30524
172 70 -5.62884
173 70 -5.80485
174 70 -9.35257
175 70 -9.35257
176 70 -9.35257
177 70 -9.35257
178 70 -9.35257
179 70 -9.35257
180 70 -9.35257
181 70 -9.35257
182 70 -9.35257
183 70 -9.35257
184 70 -9.35257
185 70 -9.35257
186 70 -9.35257
187 70 -9.35257
188 70 -9.35257
189 70 -9.35257
190 70 -9.35257
191 70 -9.35257
192 70 -9.35257
193 70 -9.35257
194 70 -9.35257
195 70 -9.35257
196 70 -9.35257
197 70 -9.35257
198 70 -9.35257
199 70 -9.35257
200 70 -9.35257
201 70 -9.35257
202 70 -9.35257
203 70 -9.35257
204 70 -9.35257
205 70 -9.35257
206 70 -9.35257
207 70 -9.35257
208 70 -9.35257
209 70 -9.35257
210 70 -9.35257
211 70 -9.35257
212 70 -9.35257
213 70 -9.35257
214 70 -9.35257
215 70 -9.35257
216 70 -9.35257
217 70 -9.35257
218 70 -9.35257
219 70 -9.35257
220 70 -9.35257
221 70 -9.35257
222 70 -9.35257
223 70 -9.35257
224 70 -9.35257
225 70 -9.35257
226 70 -9.35257
227 70 -9.35257
228 70 -9.35257
229 70 -9.35257
230 70 -9.35257
231 70 -9.35257
232 70 -9.35257
233 70 -9.35257
234 70 -9.35257
235 70 -9.35257
236 70 -9.35257
237 70 -9.35257
238 70 -9.35257
239 70 -9.35257
0 71 -9.35257
1 71 -9.35257
2 71 -9.35257
3 71 -9.35257
4 71 -9.35257
5 71 -9.35257
6 71 -9.35257
7 71 -9.35257
8 71 -9.35257
9 71 -9.35257
10 71 -9.35257
11 71 -9.35257
12 71 -9.35257
13 71 -9.35257
14 71 -9.35257
15 71 -9.35257
16 71 -9.35257
17 71 -9.35257
18 71 -9.35257
19 71 -9.35257
20 71 -9.35257
21 71 -9.35257
22 71 -9.35257
23 71 -9.35257
24 71 -9.35257
25 71 -9.35257
26 71 -9.35257
27 71 -9.35257
28 71 -9.35257
29 71 -9.35257
30 71 -9.35257
31 71 -9.35257
32 71 -9.35257
33 71 -9.35257
34 71 -9.35257
35 71 -9.35257
36 71 -9.35257
37 71 -9.35257
38 71 -9.35257
39 71 -9.35257
40 71 -9.35257
41 71 -9.35257
42 71 -9.35257
43 71 -9.35257
44 71 -9.35257
45 71 -9.35257
46 71 -9.35257
47 71 -9.35257
48 71 -9.35257
49 71 -9.35257
50 71 -9.35257
51 71 -9.35257
52 71 -9.35257
53 71 -9.35257
54 71 -9.35257
55 71 -9.35257
56 71 -9.35257
57 71 -9.35257
58 71 -9.35257
59 71 -9.35257
60 71 -9.35257
61 71 -9.35257
62 71 -9.35257
63 71 -9.35257
64 71 -9.35257
65 71 -9.35257
66 71 -5.45232
67 71 -5.1101
68 71 -4.76823
69 71 -4.4273
70 71 -4.08585
71 71 -3.74444
72 71 -3.40311
73 71 -3.06209
74 71 -2.72085
75 71 -2.37931
76 71 -2.03757
77 71 -1.69518
78 71 -1.35391
79 71 -1.01166
80 71 -0.669933
81 71 -0.327421
82 71 0.0160074
83 71 0.361593
84 71 0.711197
85 71 1.02164
86 71 0.900479
87 71 0.779412
88 71 0.661299
89 71 0.544478
90 71 0.427656
91 71 0.30983
92 71 0.191228
93 71 0.0725981
94 71 -0.0453659
95 71 -0.162844
96 71 -0.280468
97 71 -0.397262
98 71 -0.51286
99 71 -0.632141
100 71 -0.751916
101 71 -0.87103
102 71 -0.989541
103 71 -1.1074
104 71 -1.22461
105 71 -1.34095
106 71 -1.45805
107 71 -1.57491
108 71 -1.69383
109 71 -1.81259
110 71 -1.93078
111 71 -2.04835
112 71 -2.16542
113 71 -2.28218
114 71 -2.39965
115 71 -2.51717
116 71 -2.6336
117 71 -2.75194
118 71 -2.86974
119 71 -2.98639
120 71 -3.10351
121 71 -2.99763
122 71 -2.89182
123 71 -2.78548
124 71 -2.67883
125 71 -2.5736
126 71 -2.4697
127 71 -2.36522
128 71 -2.26004
129 71 -2.15437
130 71 -2.04772
131 71 -1.94271
132 71 -1.83697
133 71 -1.73061
134 71 -1.62365
135 71 -1.51597
136 71 -1.40851
137 71 -1.30267
138 71 -1.1963
139 71 -1.08989
140 71 -0.982767
141 71 -0.876759
142 71 -0.771801
143 71 -0.667312
144 71 -0.562294
145 71 -0.456748
146 71 -0.35143
147 71 -0.245552
148 71 -0.141616
149 71 -0.0378047
150 71 0.0662457
151 71 0.170416
152 71 0.274992
153 71 0.383206
154 71 0.514285
155 71 0.439884
156 71 0.102409
157 71 -0.261916
158 71 -0.626141
159 71 -0.989604
160 71 -1.35236
161 71 -1.71588
162 71 -2.07954
163 71 -2.44285
164 71 -2.80691
165 71 -3.17105
166 71 -3.53494
167 71 -3.89933
168 71 -4.26385
169 71 -4.62908
170 71 -4.99796
171 71 -5.37901
172 71 -5.60208
173 71 -5.81453
174 71 -9.35257
175 71 -9.35257
176 71 -9.35257
177 71 -9.35257
178 71 -9.35257
179 71 -9.35257
180 71 -9.35257
181 71 -9.35257
182 71 -9.35257
183 71 -9.35257
184 71 -9.35257
185 71 -9.35257
186 71 -9.35257
187 71 -9.35257
188 71 -9.35257
189 71 -9.35257
190 71 -9.35257
191 71 -9.35257
192 71 -9.35257
193 71 -9.35257
194 71 -9.35257
195 71 -9.35257
196 71 -9.35257
197 71 -9.35257
198 71 -9.35257
199 71 -9.35257
200 71 -9.35257
201 71 -9.35257
202 71 -9.35257
203 71 -9.35257
204 71 -9.35257
205 71 -9.35257
206 71 -9.35257
207 71 -9.35257
208 71 -9.35257
209 71 -9.35257
210 71 -9.35257
211 71 -9.35257
212 71 -9.35257
213 71 -9.35257
214 71 -9.35257
215 71 -9.35257
216 71 -9.35257
217 71 -9.35257
218 71 -9.35257
219 71 -9.35257
220 71 -9.35257
221 71 -9.35257
222 71 -9.35257
223 71 -9.35257
224 71 -9.35257
225 71 -9.35257
226 71 -9.35257
227 71 -9.35257
228 71 -9.35257
229 71 -9.35257
230 71 -9.35257
231 71 -9.35257
232 71 -9.35257
233 71 -9.35257
234 71 -9.35257
235 71 -9.35257
236 71 -9.35257
237 71 -9.35257
238 71 -9.35257
239 71 -9.35257
0 72 -9.35257
1 72 -9.35257
2 72 -9.35257
3 72 -9.35257
4 72 -9.35257
5 72 -9.35257
6 72 -9.35257
7 72 -9.35257
8 72 -9.35257
9 72 -9.35257
10 72 -9.35257
11 72 -9.35257
12 72 -9.35257
13 72 -9.35257
14 72 -9.35257
15 72 -9.35257
16 72 -9.35257
17 72 -9.35257
18 72 -9.35257
19 72 -9.35257
20 72 -9.35257
21 72 -9.35257
22 72 -9.35257
23 72 -9.35257
24 72 -9.35257
25 72 -9.35257
26 72 -9.35257
27 72 -9.35257
28 72 -9.35257
29 72 -9.35257
30 72 -9.35257
31 72 -9.35257
32 72 -9.35257
33 72 -9.35257
34 72 -9.35257
35 72 -9.35257
36 72 -9.35257
37 72 -9.35257
38 72 -9.35257
39 72 -9.35257
40 72 -9.35257
41 72 -9.35257
42 72 -9.35257
43 72 -9.35257
44 72 -9.35257
45 72 -9.35257
46 72 -9.35257
47 72 -9.35257
48 72 -9.35257
49 72 -9.35257
50 72 -9.35257
51 72 -9.35257
52 72 -9.35257
53 72 -9.35257
54 72 -9.35257
55 72 -9.35257
56 72 -9.35257
57 72 -9.35257
58 72 -9.35257
59 72 -9.35257
60 72 -9.35257
61 72 -9.35257
62 72 -9.35257
63 72 -9.35257
64 72 -9.35257
65 72 -9.35257
66 72 -5.5312
67 72 -5.17497
68 72 -4.82975
69 72 -4.48816
70 72 -4.14705
71 72 -3.80581
72 72 -3.46424
73 72 -3.12268
74 72 -2.78161
75 72 -2.43962
76 72 -2.0981
77 72 -1.75573
78 72 -1.41379
79 72 -1.07169
80 72 -0.729313
81 72 -0.38671
82 72 -0.0433917
83 72 0.297465
84 72 0.632239
85 72 0.935907
86 72 1.15691
87 72 1.02823
88 72 0.910922
89 72 0.794988
90 72 0.679397
91 72 0.561855
92 72 0.443507
93 72 0.325495
94 72 0.207883
95 72 0.0902138
96 72 -0.0269023
97 72 -0.143452
98 72 -0.259539
99 72 -0.37705
100 72 -0.495838
101 72 -0.614628
102 72 -0.732772
103 72 -0.850329
104 72 -0.967264
105 72 -1.08364
106 72 -1.20069
107 72 -1.31749
108 72 -1.43439
109 72 -1.55243
110 72 -1.67023
111 72 -1.78748
112 72 -1.90391
113 72 -2.02102
114 72 -2.13897
115 72 -2.25624
116 72 -2.37291
117 72 -2.48952
118 72 -2.60674
119 72 -2.72348
120 72 -2.84068
121 72 -2.73512
122 72 -2.62921
123 72 -2.52283
124 72 -2.416
125 72 -2.30991
126 72 -2.20559
127 72 -2.10118
128 72 -1.99614
129 72 -1.89052
130 72 -1.78431
131 72 -1.67805
132 72 -1.57229
133 72 -1.46604
134 72 -1.35922
135 72 -1.25185
136 72 -1.14415
137 72 -1.03727
138 72 -0.931638
139 72 -0.825449
140 72 -0.718713
141 72 -0.61305
142 72 -0.506903
143 72 -0.40259
144 72 -0.297653
145 72 -0.192241
146 72 -0.0864686
147 72 0.0189251
148 72 0.124502
149 72 0.22809
150 72 0.331959
151 72 0.435449
152 72 0.5361
153 72 0.625316
154 72 0.690546
155 72 0.389334
156 72 0.0486482
157 72 -0.308336
158 72 -0.669933
159 72 -1.0323
160 72 -1.39508
161 72 -1.75854
162 72 -2.12207
163 72 -2.48556
164 72 -2.84961
165 72 -3.21362
166 72 -3.57753
167 72 -3.94183
168 72 -4.30597
169 72 -4.67028
170 72 -5.03573
171 72 -5.40412
172 72 -5.58648
173 72 -9.35257
174 72 -9.35257
175 72 -9.35257
176 72 -9.35257
177 72 -9.35257
178 72 -9.35257
179 72 -9.35257
180 72 -9.35257
181 72 -9.35257
182 72 -9.35257
183 72 -9.35257
184 72 -9.35257
185 72 -9.35257
186 72 -9.35257
187 72 -9.35257
188 72 -9.35257
189 72 -9.35257
190 72 -9.35257
191 72 -9.35257
192 72 -9.35257
193 72 -9.35257
194 72 -9.35257
195 72 -9.35257
196 72 -9.35257
197 72 -9.35257
198 72 -9.35257
199 72 -9.35257
200 72 -9.35257
201 72 -9.35257
202 72 -9.35257
203 72 -9.35257
204 72 -9.35257
205 72 -9.35257
206 72 -9.35257
207 72 -9.35257
208 72 -9.35257
209 72 -9.35257
210 72 -9.35257
211 72 -9.35257
212 72 -9.35257
213 72 -9.35257
214 72 -9.35257
215 72 -9.35257
216 72 -9.35257
217 72 -9.35257
218 72 -9.35257
219 72 -9.35257
220 72 -9.35257
221 72 -9.35257
222 72 -9.35257
223 72 -9.35257
224 72 -9.35257
225 72 -9.35257
226 72 -9.35257
227 72 -9.35257
228 72 -9.35257
229 72 -9.35257
230 72 -9.35257
231 72 -9.35257
232 72 -9.35257
233 72 -9.35257
234 72 -9.35257
235 72 -9.35257
236 72 -9.35257
237 72 -9.35257
238 72 -9.35257
239 72 -9.35257
0 73 -9.35257
1 73 -9.35257
2 73 -9.35257
3 73 -9.35257
4 73 -9.35257
5 73 -9.35257
6 73 -9.35257
7 73 -9.35257
8 73 -9.35257
9 73 -9.35257
10 73 -9.35257
11 73 -9.35257
12 73 -9.35257
13 73 -9.35257
14 73 -9.35257
15 73 -9.35257
16 73 -9.35257
17 73 -9.35257
18 73 -9.35257
19 73 -9.35257
20 73 -9.35257
21 73 -9.35257
22 73 -9.35257
23 73 -9.35257
24 73 -9.35257
25 73 -9.35257
26 73 -9.35257
27 73 -9.35257
28 73 -9.35257
29 73 -9.35257
30 73 -9.35257
31 73 -9.35257
32 73 -9.35257
33 73 -9.35257
34 73 -9.35257
35 73 -9.35257
36 73 -9.35257
37 73 -9.35257
38 73 -9.35257
39 73 -9.35257
40 73 -9.35257
41 73 -9.35257
42 73 -9.35257
43 73 -9.35257
44 73 -9.35257
45 73 -9.35257
46 73 -9.35257
47 73 -9.35257
48 73 -9.35257
49 73 -9.35257
50 73 -9.35257
51 73 -9.35257
52 73 -9.35257
53 73 -9.35257
54 73 -9.35257
55 73 -9.35257
56 73 -9.35257
57 73 -9.35257
58 73 -9.35257
59 73 -9.35257
60 73 -9.35257
61 73 -9.35257
62 73 -9.35257
63 73 -9.35257
64 73 -9.35257
65 73 -9.35257
66 73 -9.35257
67 73 -5.229
68 73 -4.88962
69 73 -4.54926
70 73 -4.20907
71 73 -3.86767
72 73 -3.52661
73 73 -3.18481
74 73 -2.84328
75 73 -2.50154
76 73 -2.15947
77 73 -1.81711
78 73 -1.47399
79 73 -1.132
80 73 -0.789097
81 73 -0.446715
82 73 -0.103681
83 73 0.239418
84 73 0.582275
85 73 0.932836
86 73 1.34106
87 73 1.26566
88 73 1.15909
89 73 1.04516
90 73 0.93074
91 73 0.813539
92 73 0.695372
93 73 0.577792
94 73 0.459974
95 73 0.342719
96 73 0.22602
97 73 0.109893
98 73 -0.00600459
99 73 -0.122183
100 73 -0.240579
101 73 -0.358873
102 73 -0.476662
103 73 -0.593874
104 73 -0.710554
105 73 -0.82676
106 73 -0.943659
107 73 -1.05995
108 73 -1.1755
109 73 -1.29328
110 73 -1.41042
111 73 -1.52751
112 73 -1.644
113 73 -1.76133
114 73 -1.87899
115 73 -1.99597
116 73 -2.11227
117 73 -2.22805
118 73 -2.34496
119 73 -2.46124
120 73 -2.57805
121 73 -2.47284
122 73 -2.36694
123 73 -2.26051
124 73 -2.15388
125 73 -2.04822
126 73 -1.94242
127 73 -1.83774
128 73 -1.73284
129 73 -1.62726
130 73 -1.52096
131 73 -1.41372
132 73 -1.30811
133 73 -1.20204
134 73 -1.09535
135 73 -0.988037
136 73 -0.880139
137 73 -0.772793
138 73 -0.667405
139 73 -0.561421
140 73 -0.455017
141 73 -0.349701
142 73 -0.243995
143 73 -0.138363
144 73 -0.0333536
145 73 0.072037
146 73 0.177916
147 73 0.283219
148 73 0.388635
149 73 0.493702
150 73 0.598052
151 73 0.703322
152 73 0.808641
153 73 0.891412
154 73 0.777452
155 73 0.377351
156 73 0.0108391
157 73 -0.351049
158 73 -0.713306
159 73 -1.07574
160 73 -1.43837
161 73 -1.80148
162 73 -2.16497
163 73 -2.52861
164 73 -2.89269
165 73 -3.25664
166 73 -3.62064
167 73 -3.98483
168 73 -4.34828
169 73 -4.71125
170 73 -5.07093
171 73 -5.42381
172 73 -5.59751
173 73 -9.35257
174 73 -9.35257
175 73 -9.35257
176 73 -9.35257
177 73 -9.35257
178 73 -9.35257
179 73 -9.35257
180 73 -9.35257
181 73 -9.35257
182 73 -9.35257
183 73 -9.35257
184 73 -9.35257
185 73 -9.35257
186 73 -9.35257
187 73 -9.35257
188 73 -9.35257
189 73 -9.35257
190 73 -9.35257
191 73 -9.35257
192 73 -9.35257
193 73 -9.35257
194 73 -9.35257
195 73 -9.35257
196 73 -9.35257
197 73 -9.35257
198 73 -9.35257
199 73 -9.35257
200 73 -9.35257
201 73 -9.35257
202 73 -9.35257
203 73 -9.35257
204 73 -9.35257
205 73 -9.35257
206 73 -9.35257
207 73 -9.35257
208 73 -9.35257
209 73 -9.35257
210 73 -9.35257
211 73 -9.35257
212 73 -9.35257
213 73 -9.35257
214 73 -9.35257
215 73 -9.35257
216 73 -9.35257
217 73 -9.35257
218 73 -9.35257
219 73 -9.35257
220 73 -9.35257
221 73 -9.35257
222 73 -9.35257
223 73 -9.35257
224 73 -9.35257
225 73 -9.35257
226 73 -9.35257
227 73 -9.35257
228 73 -9.35257
229 73 -9.35257
230 73 -9.35257
231 73 -9.35257
232 73 -9.35257
233 73 -9.35257
234 73 -9.35257
235 73 -9.35257
236 73 -9.35257
237 73 -9.35257
238 73 -9.35257
239 73 -9.35257
0 74 -9.35257
1 74 -9.35257
2 74 -9.35257
3 74 -9.35257
4 74 -9.35257
5 74 -9.35257
6 74 -9.35257
7 74 -9.35257
8 74 -9.35257
9 74 -9.35257
10 74 -9.35257
11 74 -9.35257
12 74 -9.35257
13 74 -9.35257
14 74 -9.35257
15 74 -9.35257
16 74 -9.35257
17 74 -9.35257
18 74 -9.35257
19 74 -9.35257
20 74 -9.35257
21 74 -9.35257
22 74 -9.35257
23 74 -9.35257
24 74 -9.35257
25 74 -9.35257
26 74 -9.35257
27 74 -9.35257
28 74 -9.35257
29 74 -9.35257
30 74 -9.35257
31 74 -9.35257
32 74 -9.35257
33 74 -9.35257
34 74 -9.35257
35 74 -9.35257
36 74 -9.35257
37 74 -9.35257
38 74 -9.35257
39 74 -9.35257
40 74 -9.35257
41 74 -9.35257
42 74 -9.35257
43 74 -9.35257
44 74 -9.35257
45 74 -9.35257
46 74 -9.35257
47 74 -9.35257
48 74 -9.35257
49 74 -9.35257
50 74 -9.35257
51 74 -9.35257
52 74 -9.35257
53 74 -9.35257
54 74 -9.35257
55 74 -9.35257
56 74 -9.35257
57 74 -9.35257
58 74 -9.35257
59 74 -9.35257
60 74 -9.35257
61 74 -9.35257
62 74 -9.35257
63 74 -9.35257
64 74 -9.35257
65 74 -9.35257
66 74 -9.35257
67 74 -5.29247
68 74 -4.95385
69 74 -4.61291
70 74 -4.2723
71 74 -3.93123
72 74 -3.58974
73 74 -3.24794
74 74 -2.90534
75 74 -2.5638
76 74 -2.2213
77 74 -1.87923
78 74 -1.53641
79 74 -1.19322
80 74 -0.850449
81 74 -0.507371
82 74 -0.164035
83 74 0.180185
84 74 0.524606
85 74 0.871925
86 74 1.22223
87 74 1.53417
88 74 1.41461
89 74 1.29572
90 74 1.18026
91 74 1.06418
92 74 0.946651
93 74 0.829112
94 74 0.711503
95 74 0.594591
96 74 0.478369
97 74 0.362931
98 74 0.246679
99 74 0.13024
100 74 0.0138129
101 74 -0.103694
102 74 -0.221131
103 74 -0.338021
104 74 -0.454317
105 74 -0.570501
106 74 -0.687233
107 74 -0.803351
108 74 -0.919018
109 74 -1.03475
110 74 -1.15147
111 74 -1.26813
112 74 -1.38462
113 74 -1.50242
114 74 -1.61974
115 74 -1.73637
116 74 -1.85223
117 74 -1.96697
118 74 -2.08385
119 74 -2.2003
120 74 -2.31769
121 74 -2.21126
122 74 -2.1052
123 74 -1.99837
124 74 -1.89238
125 74 -1.78666
126 74 -1.67996
127 74 -1.57491
128 74 -1.4701
129 74 -1.3646
130 74 -1.25842
131 74 -1.15157
132 74 -1.04428
133 74 -0.938516
134 74 -0.831994
135 74 -0.724806
136 74 -0.617472
137 74 -0.510298
138 74 -0.403768
139 74 -0.297813
140 74 -0.191794
141 74 -0.0867399
142 74 0.0189863
143 74 0.125609
144 74 0.230564
145 74 0.335826
146 74 0.44155
147 74 0.547531
148 74 0.653247
149 74 0.759282
150 74 0.863363
151 74 0.971279
152 74 1.10387
153 74 1.03187
154 74 0.695925
155 74 0.33178
156 74 -0.0315937
157 74 -0.393951
158 74 -0.756499
159 74 -1.119
160 74 -1.48172
161 74 -1.84487
162 74 -2.20773
163 74 -2.57178
164 74 -2.9359
165 74 -3.29963
166 74 -3.66408
167 74 -4.02858
168 74 -4.39265
169 74 -4.75604
170 74 -5.11292
171 74 -5.43603
172 74 -5.61098
173 74 -9.35257
174 74 -9.35257
175 74 -9.35257
176 74 -9.35257
177 74 -9.35257
178 74 -9.35257
179 74 -9.35257
180 74 -9.35257
181 74 -9.35257
182 74 -9.35257
183 74 -9.35257
184 74 -9.35257
185 74 -9.35257
186 74 -9.35257
187 74 -9.35257
188 74 -9.35257
189 74 -9.35257
190 74 -9.35257
191 74 -9.35257
192 74 -9.35257
193 74 -9.35257
194 74 -9.35257
195 74 -9.35257
196 74 -9.35257
197 74 -9.35257
198 74 -9.35257
199 74 -9.35257
200 74 -9.35257
201 74 -9.35257
202 74 -9.35257
203 74 -9.35257
204 74 -9.35257
205 74 -9.35257
206 74 -9.35257
207 74 -9.35257
208 74 -9.35257
209 74 -9.35257
210 74 -9.35257
211 74 -9.35257
212 74 -9.35257
213 74 -9.35257
214 74 -9.35257
215 74 -9.35257
216 74 -9.35257
217 74 -9.35257
218 74 -9.35257
219 74 -9.35257
220 74 -9.35257
221 74 -9.35257
222 74 -9.35257
223 74 -9.35257
224 74 -9.35257
225 74 -9.35257
226 74 -9.35257
227 74 -9.35257
228 74 -9.35257
229 74 -9.35257
230 74 -9.35257
231 74 -9.35257
232 74 -9.35257
233 74 -9.35257
234 74 -9.35257
235 74 -9.35257
236 74 -9.35257
237 74 -9.35257
238 74 -9.35257
239 74 -9.35257
0 75 -9.35257
1 75 -9.35257
2 75 -9.35257
3 75 -9.35257
4 75 -9.35257
5 75 -9.35257
6 75 -9.35257
7 75 -9.35257
8 75 -9.35257
9 75 -9.35257
10 75 -9.35257
11 75 -9.35257
12 75 -9.35257
13 75 -9.35257
14 75 -9.35257
15 75 -9.35257
16 75 -9.35257
17 75 -9.35257
18 75 -9.35257
19 75 -9.35257
20 75 -9.35257
21 75 -9.35257
22 75 -9.35257
23 75 -9.35257
24 75 -9.35257
25 75 -9.35257
26 75 -9.35257
27 75 -9.35257
28 75 -9.35257
29 75 -9.35257
30 75 -9.35257
31 75 -9.35257
32 75 -9.35257
33 75 -9.35257
34 75 -9.35257
35 75 -9.35257
36 75 -9.35257
37 75 -9.35257
38 75 -9.35257
39 75 -9.35257
40 75 -9.35257
41 75 -9.35257
42 75 -9.35257
43 75 -9.35257
44 75 -9.35257
45 75 -9.35257
46 75 -9.35257
47 75 -9.35257
48 75 -9.35257
49 75 -9.35257
50 75 -9.35257
51 75 -9.35257
52 75 -9.35257
53 75 -9.35257
54 75 -9.35257
55 75 -9.35257
56 75 -9.35257
57 75 -9.35257
58 75 -9.35257
59 75 -9.35257
60 75 -9.35257
61 75 -9.35257
62 75 -9.35257
63 75 -9.35257
64 75 -9.35257
65 75 -9.35257
66 75 -9.35257
67 75 -5.36317
68 75 -5.02125
69 75 -4.67907
70 75 -4.33615
71 75 -3.99522
72 75 -3.65332
73 75 -3.31187
74 75 -2.96964
75 75 -2.62701
76 75 -2.28475
77 75 -1.94213
78 75 -1.59919
79 75 -1.25544
80 75 -0.912112
81 75 -0.568461
82 75 -0.225275
83 75 0.118652
84 75 0.462785
85 75 0.805919
86 75 1.14175
87 75 1.44706
88 75 1.66938
89 75 1.54286
90 75 1.42795
91 75 1.31364
92 75 1.19689
93 75 1.07937
94 75 0.962256
95 75 0.845774
96 75 0.729856
97 75 0.614448
98 75 0.498335
99 75 0.38265
100 75 0.267709
101 75 0.150666
102 75 0.0336603
103 75 -0.0827616
104 75 -0.198386
105 75 -0.314884
106 75 -0.431423
107 75 -0.547273
108 75 -0.662465
109 75 -0.776828
110 75 -0.893322
111 75 -1.00899
112 75 -1.12615
113 75 -1.24408
114 75 -1.36118
115 75 -1.4776
116 75 -1.59331
117 75 -1.70835
118 75 -1.82317
119 75 -1.94032
120 75 -2.05742
121 75 -1.95004
122 75 -1.8441
123 75 -1.73759
124 75 -1.63205
125 75 -1.52609
126 75 -1.41973
127 75 -1.3128
128 75 -1.20806
129 75 -1.10261
130 75 -0.996532
131 75 -0.889879
132 75 -0.782825
133 75 -0.675753
134 75 -0.569301
135 75 -0.462294
136 75 -0.355446
137 75 -0.247991
138 75 -0.140298
139 75 -0.0341374
140 75 0.0709597
141 75 0.175675
142 75 0.281197
143 75 0.38742
144 75 0.494172
145 75 0.599155
146 75 0.704926
147 75 0.811144
148 75 0.917538
149 75 1.02284
150 75 1.12484
151 75 1.21457
152 75 1.28083
153 75 0.981428
154 75 0.641688
155 75 0.285091
156 75 -0.0753911
157 75 -0.43757
158 75 -0.80009
159 75 -1.16238
160 75 -1.52556
161 75 -1.8889
162 75 -2.25207
163 75 -2.61577
164 75 -2.97985
165 75 -3.34383
166 75 -3.70839
167 75 -4.07312
168 75 -4.4386
169 75 -4.80771
170 75 -5.18904
171 75 -5.41106
172 75 -5.62229
173 75 -9.35257
174 75 -9.35257
175 75 -9.35257
176 75 -9.35257
177 75 -9.35257
178 75 -9.35257
179 75 -9.35257
180 75 -9.35257
181 75 -9.35257
182 75 -9.35257
183 75 -9.35257
184 75 -9.35257
185 75 -9.35257
186 75 -9.35257
187 75 -9.35257
188 75 -9.35257
189 75 -9.35257
190 75 -9.35257
191 75 -9.35257
192 75 -9.35257
193 75 -9.35257
194 75 -9.35257
195 75 -9.35257
196 75 -9.35257
197 75 -9.35257
198 75 -9.35257
199 75 -9.35257
200 75 -9.35257
201 75 -9.35257
202 75 -9.35257
203 75 -9.35257
204 75 -9.35257
205 75 -9.35257
206 75 -9.35257
207 75 -9.35257
208 75 -9.35257
209 75 -9.35257
210 75 -9.35257
211 75 -9.35257
212 75 -9.35257
213 75 -9.35257
214 75 -9.35257
215 75 -9.35257
216 75 -9.35257
217 75 -9.35257
218 75 -9.35257
219 75 -9.35257
220 75 -9.35257
221 75 -9.35257
222 75 -9.35257
223 75 -9.35257
224 75 -9.35257
225 75 -9.35257
226 75 -9.35257
227 75 -9.35257
228 75 -9.35257
229 75 -9.35257
230 75 -9.35257
231 75 -9.35257
232 75 -9.35257
233 75 -9.35257
234 75 -9.35257
235 75 -9.35257
236 75 -9.35257
237 75 -9.35257
238 75 -9.35257
239 75 -9.35257
0 76 -9.35257
1 76 -9.35257
2 76 -9.35257
3 76 -9.35257
4 76 -9.35257
5 76 -9.35257
6 76 -9.35257
7 76 -9.35257
8 76 -9.35257
9 76 -9.35257
10 76 -9.35257
11 76 -9.35257
12 76 -9.35257
13 76 -9.35257
14 76 -9.35257
15 76 -9.35257
16 76 -9.35257
17 76 -9.35257
18 76 -9.35257
19 76 -9.35257
20 76 -9.35257
21 76 -9.35257
22 76 -9.35257
23 76 -9.35257
24 76 -9.35257
25 76 -9.35257
26 76 -9.35257
27 76 -9.35257
28 76 -9.35257
29 76 -9.35257
30 76 -9.35257
31 76 -9.35257
32 76 -9.35257
33 76 -9.35257
34 76 -9.35257
35 76 -9.35257
36 76 -9.35257
37 76 -9.35257
38 76 -9.35257
39 76 -9.35257
40 76 -9.35257
41 76 -9.35257
42 76 -9.35257
43 76 -9.35257
44 76 -9.35257
45 76 -9.35257
46 76 -9.35257
47 76 -9.35257
48 76 -9.35257
49 76 -9.35257
50 76 -9.35257
51 76 -9.35257
52 76 -9.35257
53 76 -9.35257
54 76 -9.35257
55 76 -9.35257
56 76 -9.35257
57 76 -9.35257
58 76 -9.35257
59 76 -9.35257
60 76 -9.35257
61 76 -9.35257
62 76 -9.35257
63 76 -9.35257
64 76 -9.35257
65 76 -9.35257
66 76 -9.35257
67 76 -5.44453
68 76 -5.09092
69 76 -4.74597
70 76 -4.40247
71 76 -4.06017
72 76 -3.71851
73 76 -3.37657
74 76 -3.03434
75 76 -2.69127
76 76 -2.34857
77 76 -2.0055
78 76 -1.66281
79 76 -1.31929
80 76 -0.975358
81 76 -0.631172
82 76 -0.287256
83 76 0.0569127
84 76 0.401786
85 76 0.745962
86 76 1.09107
87 76 1.44223
88 76 1.85181
89 76 1.77829
90 76 1.6739
91 76 1.56084
92 76 1.44601
93 76 1.32912
94 76 1.21238
95 76 1.09632
96 76 0.980831
97 76 0.865456
98 76 0.749562
99 76 0.634119
100 76 0.519117
101 76 0.404026
102 76 0.287796
103 76 0.1717
104 76 0.0560242
105 76 -0.0603428
106 76 -0.176374
107 76 -0.291852
108 76 -0.406814
109 76 -0.521338
110 76 -0.636067
111 76 -0.751611
112 76 -0.869201
113 76 -0.986551
114 76 -1.10337
115 76 -1.21956
116 76 -1.33511
117 76 -1.44997
118 76 -1.56404
119 76 -1.68147
120 76 -1.79841
121 76 -1.69127
122 76 -1.58357
123 76 -1.47742
124 76 -1.37215
125 76 -1.26631
126 76 -1.15998
127 76 -1.05325
128 76 -0.946596
129 76 -0.841149
130 76 -0.735097
131 76 -0.628465
132 76 -0.521268
133 76 -0.413231
134 76 -0.307162
135 76 -0.200551
136 76 -0.0940263
137 76 0.0131048
138 76 0.120757
139 76 0.228274
140 76 0.332532
141 76 0.437285
142 76 0.542707
143 76 0.648702
144 76 0.755223
145 76 0.861827
146 76 0.967985
147 76 1.07471
148 76 1.1821
149 76 1.28983
150 76 1.39783
151 76 1.48146
152 76 1.3684
153 76 0.969348
154 76 0.603399
155 76 0.241936
156 76 -0.119464
157 76 -0.481755
158 76 -0.844259
159 76 -1.20685
160 76 -1.57013
161 76 -1.93346
162 76 -2.29678
163 76 -2.66057
164 76 -3.02425
165 76 -3.38836
166 76 -3.75289
167 76 -4.11727
168 76 -4.48182
169 76 -4.84749
170 76 -5.21611
171 76 -5.39778
172 76 -9.35257
173 76 -9.35257
174 76 -9.35257
175 76 -9.35257
176 76 -9.35257
177 76 -9.35257
178 76 -9.35257
179 76 -9.35257
180 76 -9.35257
181 76 -9.35257
182 76 -9.35257
183 76 -9.35257
184 76 -9.35257
185 76 -9.35257
186 76 -9.35257
187 76 -9.35257
188 76 -9.35257
189 76 -9.35257
190 76 -9.35257
191 76 -9.35257
192 76 -9.35257
193 76 -9.35257
194 76 -9.35257
195 76 -9.35257
196 76 -9.35257
197 76 -9.35257
198 76 -9.35257
199 76 -9.35257
200 76 -9.35257
201 76 -9.35257
202 76 -9.35257
203 76 -9.35257
204 76 -9.35257
205 76 -9.35257
206 76 -9.35257
207 76 -9.35257
208 76 -9.35257
209 76 -9.35257
210 76 -9.35257
211 76 -9.35257
212 76 -9.35257
213 76 -9.35257
214 76 -9.35257
215 76 -9.35257
216 76 -9.35257
217 76 -9.35257
218 76 -9.35257
219 76 -9.35257
220 76 -9.35257
221 76 -9.35257
222 76 -9.35257
223 76 -9.35257
224 76 -9.35257
225 76 -9.35257
226 76 -9.35257
227 76 -9.35257
228 76 -9.35257
229 76 -9.35257
230 76 -9.35257
231 76 -9.35257
232 76 -9.35257
233 76 -9.35257
234 76 -9.35257
235 76 -9.35257
236 76 -9.35257
237 76 -9.35257
238 76 -9.35257
239 76 -9.35257
0 77 -9.35257
1 77 -9.35257
2 77 -9.35257
3 77 -9.35257
4 77 -9.35257
5 77 -9.35257
6 77 -9.35257
7 77 -9.35257
8 77 -9.35257
9 77 -9.35257
10 77 -9.35257
11 77 -9.35257
12 77 -9.35257
13 77 -9.35257
14 77 -9.35257
15 77 -9.35257
16 77 -9.35257
17 77 -9.35257
18 77 -9.35257
19 77 -9.35257
20 77 -9.35257
21 77 -9.35257
22 77 -9.35257
23 77 -9.35257
24 77 -9.35257
25 77 -9.35257
26 77 -9.35257
27 77 -9.35257
28 77 -9.35257
29 77 -9.35257
30 77 -9.35257
31 77 -9.35257
32 77 -9.35257
33 77 -9.35257
34 77 -9.35257
35 77 -9.35257
36 77 -9.35257
37 77 -9.35257
38 77 -9.35257
39 77 -9.35257
40 77 -9.35257
41 77 -9.35257
42 77 -9.35257
43 77 -9.35257
44 77 -9.35257
45 77 -9.35257
46 77 -9.35257
47 77 -9.35257
48 77 -9.35257
49 77 -9.35257
50 77 -9.35257
51 77 -9.35257
52 77 -9.35257
53 77 -9.35257
54 77 -9.35257
55 77 -9.35257
56 77 -9.35257
57 77 -9.35257
58 77 -9.35257
59 77 -9.35257
60 77 -9.35257
61 77 -9.35257
62 77 -9.35257
63 77 -9.35257
64 77 -9.35257
65 77 -9.35257
66 77 -9.35257
67 77 -9.35257
68 77 -5.15192
69 77 -4.81158
70 77 -4.46916
71 77 -4.1259
72 77 -3.78399
73 77 -3.44174
74 77 -3.09989
75 77 -2.7572
76 77 -2.41404
77 77 -2.07055
78 77 -1.72724
79 77 -1.38357
80 77 -1.03903
81 77 -0.694867
82 77 -0.349667
83 77 -0.00553069
84 77 0.339384
85 77 0.684527
86 77 1.03026
87 77 1.37899
88 77 1.73093
89 77 2.04457
90 77 1.92728
91 77 1.80961
92 77 1.69446
93 77 1.57797
94 77 1.46176
95 77 1.34628
96 77 1.2315
97 77 1.11585
98 77 1.00014
99 77 0.885066
100 77 0.770615
101 77 0.656949
102 77 0.541032
103 77 0.425669
104 77 0.310005
105 77 0.193789
106 77 0.078122
107 77 -0.0370189
108 77 -0.151602
109 77 -0.265715
110 77 -0.379504
111 77 -0.495247
112 77 -0.612495
113 77 -0.72962
114 77 -0.846202
115 77 -0.962208
116 77 -1.07759
117 77 -1.19245
118 77 -1.30717
119 77 -1.42316
120 77 -1.54013
121 77 -1.43293
122 77 -1.32528
123 77 -1.21793
124 77 -1.11281
125 77 -1.00702
126 77 -0.900618
127 77 -0.793614
128 77 -0.685745
129 77 -0.580289
130 77 -0.474242
131 77 -0.367617
132 77 -0.260553
133 77 -0.153044
134 77 -0.0456341
135 77 0.0604794
136 77 0.166912
137 77 0.273805
138 77 0.3811
139 77 0.488568
140 77 0.593735
141 77 0.698352
142 77 0.803644
143 77 0.909457
144 77 1.01619
145 77 1.12407
146 77 1.23047
147 77 1.33763
148 77 1.44535
149 77 1.55654
150 77 1.69121
151 77 1.62135
152 77 1.28661
153 77 0.923599
154 77 0.560625
155 77 0.198719
156 77 -0.163203
157 77 -0.525729
158 77 -0.888335
159 77 -1.25121
160 77 -1.61463
161 77 -1.97803
162 77 -2.34157
163 77 -2.70548
164 77 -3.06905
165 77 -3.43338
166 77 -3.79753
167 77 -4.16126
168 77 -4.52446
169 77 -4.88434
170 77 -5.23741
171 77 -5.41041
172 77 -9.35257
173 77 -9.35257
174 77 -9.35257
175 77 -9.35257
176 77 -9.35257
177 77 -9.35257
178 77 -9.35257
179 77 -9.35257
180 77 -9.35257
181 77 -9.35257
182 77 -9.35257
183 77 -9.35257
184 77 -9.35257
185 77 -9.35257
186 77 -9.35257
187 77 -9.35257
188 77 -9.35257
189 77 -9.35257
190 77 -9.35257
191 77 -9.35257
192 77 -9.35257
193 77 -9.35257
194 77 -9.35257
195 77 -9.35257
196 77 -9.35257
197 77 -9.35257
198 77 -9.35257
199 77 -9.35257
200 77 -9.35257
201 77 -9.35257
202 77 -9.35257
203 77 -9.35257
204 77 -9.35257
205 77 -9.35257
206 77 -9.35257
207 77 -9.35257
208 77 -9.35257
209 77 -9.35257
210 77 -9.35257
211 77 -9.35257
212 77 -9.35257
213 77 -9.35257
214 77 -9.35257
215 77 -9.35257
216 77 -9.35257
217 77 -9.35257
218 77 -9.35257
219 77 -9.35257
220 77 -9.35257
221 77 -9.35257
222 77 -9.35257
223 77 -9.35257
224 77 -9.35257
225 77 -9.35257
226 77 -9.35257
227 77 -9.35257
228 77 -9.35257
229 77 -9.35257
230 77 -9.35257
231 77 -9.35257
232 77 -9.35257
233 77 -9.35257
234 77 -9.35257
235 77 -9.35257
236 77 -9.35257
237 77 -9.35257
238 77 -9.35257
239 77 -9.35257
0 78 -9.35257
1 78 -9.35257
2 78 -9.35257
3 78 -9.35257
4 78 -9.35257
5 78 -9.35257
6 78 -9.35257
7 78 -9.35257
8 78 -9.35257
9 78 -9.35257
10 78 -9.35257
11 78 -9.35257
12 78 -9.35257
13 78 -9.35257
14 78 -9.35257
15 78 -9.35257
16 78 -9.35257
17 78 -9.35257
18 78 -9.35257
19 78 -9.35257
20 78 -9.35257
21 78 -9.35257
22 78 -9.35257
23 78 -9.35257
24 78 -9.35257
25 78 -9.35257
26 78 -9.35257
27 78 -9.35257
28 78 -9.35257
29 78 -9.35257
30 78 -9.35257
31 78 -9.35257
32 78 -9.35257
33 78 -9.35257
34 78 -9.35257
35 78 -9.35257
36 78 -9.35257
37 78 -9.35257
38 78 -9.35257
39 78 -9.35257
40 78 -9.35257
41 78 -9.35257
42 78 -9.35257
43 78 -9.35257
44 78 -9.35257
45 78 -9.35257
46 78 -9.35257
47 78 -9.35257
48 78 -9.35257
49 78 -9.35257
50 78 -9.35257
51 78 -9.35257
52 78 -9.35257
53 78 -9.35257
54 78 -9.35257
55 78 -9.35257
56 78 -9.35257
57 78 -9.35257
58 78 -9.35257
59 78 -9.35257
60 78 -9.35257
61 78 -9.35257
62 78 -9.35257
63 78 -9.35257
64 78 -9.35257
65 78 -9.35257
66 78 -9.35257
67 78 -9.35257
68 78 -5.222
69 78 -4.87943
70 78 -4.5367
71 78 -4.19346
72 78 -3.85107
73 78 -3.50854
74 78 -3.16627
75 78 -2.8236
76 78 -2.47999
77 78 -2.13667
78 78 -1.79221
79 78 -1.44873
80 78 -1.10439
81 78 -0.759601
82 78 -0.414357
83 78 -0.0687524
84 78 0.276208
85 78 0.62162
86 78 0.966451
87 78 1.31109
88 78 1.64833
89 78 1.95536
90 78 2.1799
91 78 2.0545
92 78 1.93965
93 78 1.82555
94 78 1.7104
95 78 1.59533
96 78 1.48061
97 78 1.36515
98 78 1.25001
99 78 1.13539
100 78 1.02125
101 78 0.907535
102 78 0.793641
103 78 0.67919
104 78 0.563343
105 78 0.447373
106 78 0.332018
107 78 0.217257
108 78 0.103066
109 78 -0.0104156
110 78 -0.122756
111 78 -0.23962
112 78 -0.356732
113 78 -0.473231
114 78 -0.589674
115 78 -0.70548
116 78 -0.820667
117 78 -0.93506
118 78 -1.05032
119 78 -1.16539
120 78 -1.28248
121 78 -1.17502
122 78 -1.06671
123 78 -0.959005
124 78 -0.854034
125 78 -0.748209
126 78 -0.641751
127 78 -0.534731
128 78 -0.427243
129 78 -0.3199
130 78 -0.213844
131 78 -0.107206
132 78 -0.000281118
133 78 0.107241
134 78 0.215403
135 78 0.32119
136 78 0.427391
137 78 0.534102
138 78 0.64127
139 78 0.748638
140 78 0.854614
141 78 0.958745
142 78 1.06369
143 78 1.16942
144 78 1.27614
145 78 1.38394
146 78 1.49235
147 78 1.6001
148 78 1.70526
149 78 1.79896
150 78 1.86817
151 78 1.57
152 78 1.23191
153 78 0.876552
154 78 0.516432
155 78 0.155168
156 78 -0.20725
157 78 -0.569975
158 78 -0.932495
159 78 -1.29592
160 78 -1.65952
161 78 -2.02281
162 78 -2.3869
163 78 -2.75109
164 78 -3.11504
165 78 -3.47947
166 78 -3.84377
167 78 -4.20771
168 78 -4.57134
169 78 -4.92834
170 78 -5.25142
171 78 -5.42569
172 78 -9.35257
173 78 -9.35257
174 78 -9.35257
175 78 -9.35257
176 78 -9.35257
177 78 -9.35257
178 78 -9.35257
179 78 -9.35257
180 78 -9.35257
181 78 -9.35257
182 78 -9.35257
183 78 -9.35257
184 78 -9.35257
185 78 -9.35257
186 78 -9.35257
187 78 -9.35257
188 78 -9.35257
189 78 -9.35257
190 78 -9.35257
191 78 -9.35257
192 78 -9.35257
193 78 -9.35257
194 78 -9.35257
195 78 -9.35257
196 78 -9.35257
197 78 -9.35257
198 78 -9.35257
199 78 -9.35257
200 78 -9.35257
201 78 -9.35257
202 78 -9.35257
203 78 -9.35257
204 78 -9.35257
205 78 -9.35257
206 78 -9.35257
207 78 -9.35257
208 78 -9.35257
209 78 -9.35257
210 78 -9.35257
211 78 -9.35257
212 78 -9.35257
213 78 -9.35257
214 78 -9.35257
215 78 -9.35257
216 78 -9.35257
217 78 -9.35257
218 78 -9.35257
219 78 -9.35257
220 78 -9.35257
221 78 -9.35257
222 78 -9.35257
223 78 -9.35257
224 78 -9.35257
225 78 -9.35257
226 78 -9.35257
227 78 -9.35257
228 78 -9.35257
229 78 -9.35257
230 78 -9.35257
231 78 -9.35257
232 78 -9.35257
233 78 -9.35257
234 78 -9.35257
235 78 -9.35257
236 78 -9.35257
237 78 -9.35257
238 78 -9.35257
239 78 -9.35257
0 79 -9.35257
1 79 -9.35257
2 79 -9.35257
3 79 -9.35257
4 79 -9.35257
5 79 -9.35257
6 79 -9.35257
7 79 -9.35257
8 79 -9.35257
9 79 -9.35257
10 79 -9.35257
11 79 -9.35257
12 79 -9.35257
13 79 -9.35257
14 79 -9.35257
15 79 -9.35257
16 79 -9.35257
17 79 -9.35257
18 79 -9.35257
19 79 -9.35257
20 79 -9.35257
21 79 -9.35257
22 79 -9.35257
23 79 -9.35257
24 79 -9.35257
25 79 -9.35257
26 79 -9.35257
27 79 -9.35257
28 79 -9.35257
29 79 -9.35257
30 79 -9.35257
31 79 -9.35257
32 79 -9.35257
33 79 -9.35257
34 79 -9.35257
35 79 -9.35257
36 79 -9.35257
37 79 -9.35257
38 79 -9.35257
39 79 -9.35257
40 79 -9.35257
41 79 -9.35257
42 79 -9.35257
43 79 -9.35257
44 79 -9.35257
45 79 -9.35257
46 79 -9.35257
47 79 -9.35257
48 79 -9.35257
49 79 -9.35257
50 79 -9.35257
51 79 -9.35257
52 79 -9.35257
53 79 -9.35257
54 79 -9.35257
55 79 -9.35257
56 79 -9.35257
57 79 -9.35257
58 79 -9.35257
59 79 -9.35257
60 79 -9.35257
61 79 -9.35257
62 79 -9.35257
63 79 -9.35257
64 79 -9.35257
65 79 -9.35257
66 79 -9.35257
67 79 -9.35257
68 79 -5.30385
69 79 -4.94945
70 79 -4.60474
71 79 -4.26177
72 79 -3.91844
73 79 -3.57635
74 79 -3.2332
75 79 -2.89095
76 79 -2.54772
77 79 -2.20392
78 79 -1.85953
79 79 -1.51474
80 79 -1.1702
81 79 -0.824965
82 79 -0.479405
83 79 -0.133308
84 79 0.211877
85 79 0.55719
86 79 0.902836
87 79 1.24848
88 79 1.59471
89 79 1.94862
90 79 2.35991
91 79 2.28763
92 79 2.18408
93 79 2.07258
94 79 1.9582
95 79 1.84396
96 79 1.72932
97 79 1.61407
98 79 1.49936
99 79 1.38514
100 79 1.27146
101 79 1.15822
102 79 1.04531
103 79 0.930933
104 79 0.815681
105 79 0.70027
106 79 0.585322
107 79 0.470889
108 79 0.357025
109 79 0.24367
110 79 0.130495
111 79 0.01508
112 79 -0.10158
113 79 -0.217702
114 79 -0.333782
115 79 -0.449436
116 79 -0.564538
117 79 -0.679283
118 79 -0.794808
119 79 -0.910147
120 79 -1.02571
121 79 -0.917945
122 79 -0.809834
123 79 -0.702805
124 79 -0.596113
125 79 -0.490034
126 79 -0.383446
127 79 -0.276314
128 79 -0.168597
129 79 -0.06004
130 79 0.0459706
131 79 0.152534
132 79 0.259514
133 79 0.36681
134 79 0.474083
135 79 0.581613
136 79 0.687486
137 79 0.79407
138 79 0.901366
139 79 1.00768
140 79 1.1134
141 79 1.21832
142 79 1.32294
143 79 1.4284
144 79 1.535
145 79 1.64323
146 79 1.75398
147 79 1.86519
148 79 1.97661
149 79 2.06492
150 79 1.95603
151 79 1.55856
152 79 1.1945
153 79 0.833701
154 79 0.472557
155 79 0.111145
156 79 -0.251547
157 79 -0.614426
158 79 -0.97737
159 79 -1.34101
160 79 -1.70471
161 79 -2.06841
162 79 -2.43268
163 79 -2.79693
164 79 -3.1611
165 79 -3.52571
166 79 -3.89036
167 79 -4.25586
168 79 -4.62486
169 79 -5.00625
170 79 -5.22789
171 79 -5.4383
172 79 -9.35257
173 79 -9.35257
174 79 -9.35257
175 79 -9.35257
176 79 -9.35257
177 79 -9.35257
178 79 -9.35257
179 79 -9.35257
180 79 -9.35257
181 79 -9.35257
182 79 -9.35257
183 79 -9.35257
184 79 -9.35257
185 79 -9.35257
186 79 -9.35257
187 79 -9.35257
188 79 -9.35257
189 79 -9.35257
190 79 -9.35257
191 79 -9.35257
192 79 -9.35257
193 79 -9.35257
194 79 -9.35257
195 79 -9.35257
196 79 -9.35257
197 79 -9.35257
198 79 -9.35257
199 79 -9.35257
200 79 -9.35257
201 79 -9.35257
202 79 -9.35257
203 79 -9.35257
204 79 -9.35257
205 79 -9.35257
206 79 -9.35257
207 79 -9.35257
208 79 -9.35257
209 79 -9.35257
210 79 -9.35257
211 79 -9.35257
212 79 -9.35257
213 79 -9.35257
214 79 -9.35257
215 79 -9.35257
216 79 -9.35257
217 79 -9.35257
218 79 -9.35257
219 79 -9.35257
220 79 -9.35257
221 79 -9.35257
222 79 -9.35257
223 79 -9.35257
224 79 -9.35257
225 79 -9.35257
226 79 -9.35257
227 79 -9.35257
228 79 -9.35257
229 79 -9.35257
230 79 -9.35257
231 79 -9.35257
232 79 -9.35257
233 79 -9.35257
234 79 -9.35257
235 79 -9.35257
236 79 -9.35257
237 79 -9.35257
238 79 -9.35257
239 79 -9.35257
0 80 -9.35257
1 80 -9.35257
2 80 -9.35257
3 80 -9.35257
4 80 -9.35257
5 80 -9.35257
6 80 -9.35257
7 80 -9.35257
8 80 -9.35257
9 80 -9.35257
10 80 -9.35257
11 80 -9.35257
12 80 -9.35257
13 80 -9.35257
14 80 -9.35257
15 80 -9.35257
16 80 -9.35257
17 80 -9.35257
18 80 -9.35257
19 80 -9.35257
20 80 -9.35257
21 80 -9.35257
22 80 -9.35257
23 80 -9.35257
24 80 -9.35257
25 80 -9.35257
26 80 -9.35257
27 80 -9.35257
28 80 -9.35257
29 80 -9.35257
30 80 -9.35257
31 80 -9.35257
32 80 -9.35257
33 80 -9.35257
34 80 -9.35257
35 80 -9.35257
36 80 -9.35257
37 80 -9.35257
38 80 -9.35257
39 80 -9.35257
40 80 -9.35257
41 80 -9.35257
42 80 -9.35257
43 80 -9.35257
44 80 -9.35257
45 80 -9.35257
46 80 -9.35257
47 80 -9.35257
48 80 -9.35257
49 80 -9.35257
50 80 -9.35257
51 80 -9.35257
52 80 -9.35257
53 80 -9.35257
54 80 -9.35257
55 80 -9.35257
56 80 -9.35257
57 80 -9.35257
58 80 -9.35257
59 80 -9.35257
60 80 -9.35257
61 80 -9.35257
62 80 -9.35257
63 80 -9.35257
64 80 -9.35257
65 80 -9.35257
66 80 -9.35257
67 80 -9.35257
68 80 -9.35257
69 80 -5.01103
70 80 -4.6712
71 80 -4.33044
72 80 -3.98818
73 80 -3.64521
74 80 -3.30255
75 80 -2.95926
76 80 -2.61603
77 80 -2.27191
78 80 -1.92726
79 80 -1.58148
80 80 -1.23672
81 80 -0.890824
82 80 -0.54554
83 80 -0.19974
84 80 0.146589
85 80 0.492428
86 80 0.839041
87 80 1.18529
88 80 1.53322
89 80 1.88323
90 80 2.23734
91 80 2.55203
92 80 2.43639
93 80 2.321
94 80 2.20578
95 80 2.09223
96 80 1.97741
97 80 1.86246
98 80 1.74813
99 80 1.63437
100 80 1.52115
101 80 1.40858
102 80 1.29685
103 80 1.18243
104 80 1.06734
105 80 0.952703
106 80 0.838037
107 80 0.723952
108 80 0.610404
109 80 0.497374
110 80 0.383671
111 80 0.269514
112 80 0.152966
113 80 0.0370288
114 80 -0.0784989
115 80 -0.193942
116 80 -0.308947
117 80 -0.423889
118 80 -0.539485
119 80 -0.654744
120 80 -0.769702
121 80 -0.661618
122 80 -0.553335
123 80 -0.446157
124 80 -0.338309
125 80 -0.232252
126 80 -0.125568
127 80 -0.0183662
128 80 0.0893257
129 80 0.19748
130 80 0.305233
131 80 0.411859
132 80 0.518795
133 80 0.625477
134 80 0.732505
135 80 0.839759
136 80 0.946868
137 80 1.05333
138 80 1.16012
139 80 1.26575
140 80 1.37163
141 80 1.47747
142 80 1.58149
143 80 1.68637
144 80 1.79234
145 80 1.90011
146 80 2.01134
147 80 2.13018
148 80 2.27108
149 80 2.20667
150 80 1.87469
151 80 1.51336
152 80 1.15183
153 80 0.790281
154 80 0.428598
155 80 0.0666631
156 80 -0.296011
157 80 -0.659164
158 80 -1.02247
159 80 -1.38637
160 80 -1.75028
161 80 -2.11434
162 80 -2.47885
163 80 -2.84322
164 80 -3.20762
165 80 -3.57227
166 80 -3.93646
167 80 -4.3014
168 80 -4.66716
169 80 -5.03598
170 80 -5.21648
171 80 -9.35257
172 80 -9.35257
173 80 -9.35257
174 80 -9.35257
175 80 -9.35257
176 80 -9.35257
177 80 -9.35257
178 80 -9.35257
179 80 -9.35257
180 80 -9.35257
181 80 -9.35257
182 80 -9.35257
183 80 -9.35257
184 80 -9.35257
185 80 -9.35257
186 80 -9.35257
187 80 -9.35257
188 80 -9.35257
189 80 -9.35257
190 80 -9.35257
191 80 -9.35257
192 80 -9.35257
193 80 -9.35257
194 80 -9.35257
195 80 -9.35257
196 80 -9.35257
197 80 -9.35257
198 80 -9.35257
199 80 -9.35257
200 80 -9.35257
201 80 -9.35257
202 80 -9.35257
203 80 -9.35257
204 80 -9.35257
205 80 -9.35257
206 80 -9.35257
207 80 -9.35257
208 80 -9.35257
209 80 -9.35257
210 80 -9.35257
211 80 -9.35257
212 80 -9.35257
213 80 -9.35257
214 80 -9.35257
215 80 -9.35257
216 80 -9.35257
217 80 -9.35257
218 80 -9.35257
219 80 -9.35257
220 80 -9.35257
221 80 -9.35257
222 80 -9.35257
223 80 -9.35257
224 80 -9.35257
225 80 -9.35257
226 80 -9.35257
227 80 -9.35257
228 80 -9.35257
229 80 -9.35257
230 80 -9.35257
231 80 -9.35257
232 80 -9.35257
233 80 -9.35257
234 80 -9.35257
235 80 -9.35257
236 80 -9.35257
237 80 -9.35257
238 80 -9.35257
239 80 -9.35257
0 81 -9.35257
1 81 -9.35257
2 81 -9.35257
3 81 -9.35257
4 81 -9.35257
5 81 -9.35257
6 81 -9.35257
7 81 -9.35257
8 81 -9.35257
9 81 -9.35257
10 81 -9.35257
11 81 -9.35257
12 81 -9.35257
13 81 -9.35257
14 81 -9.35257
15 81 -9.35257
16 81 -9.35257
17 81 -9.35257
18 81 -9.35257
19 81 -9.35257
20 81 -9.35257
21 81 -9.35257
22 81 -9.35257
23 81 -9.35257
24 81 -9.35257
25 81 -9.35257
26 81 -9.35257
27 81 -9.35257
28 81 -9.35257
29 81 -9.35257
30 81 -9.35257
31 81 -9.35257
32 81 -9.35257
33 81 -9.35257
34 81 -9.35257
35 81 -9.35257
36 81 -9.35257
37 81 -9.35257
38 81 -9.35257
39 81 -9.35257
40 81 -9.35257
41 81 -9.35257
42 81 -9.35257
43 81 -9.35257
44 81 -9.35257
45 81 -9.35257
46 81 -9.35257
47 81 -9.35257
48 81 -9.35257
49 81 -9.35257
50 81 -9.35257
51 81 -9.35257
52 81 -9.35257
53 81 -9.35257
54 81 -9.35257
55 81 -9.35257
56 81 -9.35257
57 81 -9.35257
58 81 -9.35257
59 81 -9.35257
60 81 -9.35257
61 81 -9.35257
62 81 -9.35257
63 81 -9.35257
64 81 -9.35257
65 81 -9.35257
66 81 -9.35257
67 81 -9.35257
68 81 -9.35257
69 81 -5.08037
70 81 -4.74186
71 81 -4.4006
72 81 -4.05863
73 81 -3.71511
74 81 -3.37253
75 81 -3.02849
76 81 -2.68523
77 81 -2.34062
78 81 -1.99611
79 81 -1.65053
80 81 -1.30437
81 81 -0.958694
82 81 -0.612889
83 81 -0.266703
84 81 0.0803561
85 81 0.426894
86 81 0.773508
87 81 1.12042
88 81 1.46753
89 81 1.81376
90 81 2.15334
91 81 2.46255
92 81 2.68843
93 81 2.56456
94 81 2.45169
95 81 2.33855
96 81 2.22448
97 81 2.11017
98 81 1.99631
99 81 1.88297
100 81 1.7702
101 81 1.65801
102 81 1.54649
103 81 1.43339
104 81 1.31854
105 81 1.20434
106 81 1.09017
107 81 0.976403
108 81 0.863264
109 81 0.750548
110 81 0.636191
111 81 0.521583
112 81 0.406901
113 81 0.291166
114 81 0.175879
115 81 0.061112
116 81 -0.0534843
117 81 -0.168938
118 81 -0.284565
119 81 -0.399643
120 81 -0.514376
121 81 -0.40549
122 81 -0.297308
123 81 -0.190179
124 81 -0.0826009
125 81 0.0249027
126 81 0.131791
127 81 0.239092
128 81 0.346787
129 81 0.455009
130 81 0.563911
131 81 0.670995
132 81 0.777526
133 81 0.88392
134 81 0.990822
135 81 1.09817
136 81 1.20616
137 81 1.31224
138 81 1.41848
139 81 1.52356
140 81 1.62893
141 81 1.73448
142 81 1.83918
143 81 1.94326
144 81 2.04789
145 81 2.15355
146 81 2.26106
147 81 2.36916
148 81 2.45058
149 81 2.15837
150 81 1.8227
151 81 1.46837
152 81 1.10863
153 81 0.746991
154 81 0.384892
155 81 0.0223593
156 81 -0.340822
157 81 -0.704103
158 81 -1.06751
159 81 -1.43175
160 81 -1.79568
161 81 -2.16039
162 81 -2.52515
163 81 -2.88947
164 81 -3.25445
165 81 -3.61929
166 81 -3.9834
167 81 -4.34668
168 81 -4.70641
169 81 -5.05934
170 81 -5.23123
171 81 -9.35257
172 81 -9.35257
173 81 -9.35257
174 81 -9.35257
175 81 -9.35257
176 81 -9.35257
177 81 -9.35257
178 81 -9.35257
179 81 -9.35257
180 81 -9.35257
181 81 -9.35257
182 81 -9.35257
183 81 -9.35257
184 81 -9.35257
185 81 -9.35257
186 81 -9.35257
187 81 -9.35257
188 81 -9.35257
189 81 -9.35257
190 81 -9.35257
191 81 -9.35257
192 81 -9.35257
193 81 -9.35257
194 81 -9.35257
195 81 -9.35257
196 81 -9.35257
197 81 -9.35257
198 81 -9.35257
199 81 -9.35257
200 81 -9.35257
201 81 -9.35257
202 81 -9.35257
203 81 -9.35257
204 81 -9.35257
205 81 -9.35257
206 81 -9.35257
207 81 -9.35257
208 81 -9.35257
209 81 -9.35257
210 81 -9.35257
211 81 -9.35257
212 81 -9.35257
213 81 -9.35257
214 81 -9.35257
215 81 -9.35257
216 81 -9.35257
217 81 -9.35257
218 81 -9.35257
219 81 -9.35257
220 81 -9.35257
221 81 -9.35257
222 81 -9.35257
223 81 -9.35257
224 81 -9.35257
225 81 -9.35257
226 81 -9.35257
227 81 -9.35257
228 81 -9.35257
229 81 -9.35257
230 81 -9.35257
231 81 -9.35257
232 81 -9.35257
233 81 -9.35257
234 81 -9.35257
235 81 -9.35257
236 81 -9.35257
237 81 -9.35257
238 81 -9.35257
239 81 -9.35257
0 82 -9.35257
1 82 -9.35257
2 82 -9.35257
3 82 -9.35257
4 82 -9.35257
5 82 -9.35257
6 82 -9.35257
7 82 -9.35257
8 82 -9.35257
9 82 -9.35257
10 82 -9.35257
11 82 -9.35257
12 82 -9.35257
13 82 -9.35257
14 82 -9.35257
15 82 -9.35257
16 82 -9.35257
17 82 -9.35257
18 82 -9.35257
19 82 -9.35257
20 82 -9.35257
21 82 -9.35257
22 82 -9.35257
23 82 -9.35257
24 82 -9.35257
25 82 -9.35257
26 82 -9.35257
27 82 -9.35257
28 82 -9.35257
29 82 -9.35257
30 82 -9.35257
31 82 -9.35257
32 82 -9.35257
33 82 -9.35257
34 82 -9.35257
35 82 -9.35257
36 82 -9.35257
37 82 -9.35257
38 82 -9.35257
39 82 -9.35257
40 82 -9.35257
41 82 -9.35257
42 82 -9.35257
43 82 -9.35257
44 82 -9.35257
45 82 -9.35257
46 82 -9.35257
47 82 -9.35257
48 82 -9.35257
49 82 -9.35257
50 82 -9.35257
51 82 -9.35257
52 82 -9.35257
53 82 -9.35257
54 82 -9.35257
55 82 -9.35257
56 82 -9.35257
57 82 -9.35257
58 82 -9.35257
59 82 -9.35257
60 82 -9.35257
61 82 -9.35257
62 82 -9.35257
63 82 -9.35257
64 82 -9.35257
65 82 -9.35257
66 82 -9.35257
67 82 -9.35257
68 82 -9.35257
69 82 -5.15614
70 82 -4.81528
71 82 -4.47247
72 82 -4.13061
73 82 -3.78766
74 82 -3.44397
75 82 -3.10024
76 82 -2.75577
77 82 -2.41128
78 82 -2.06604
79 82 -1.72017
80 82 -1.3735
81 82 -1.02739
82 82 -0.680796
83 82 -0.334538
84 82 0.012556
85 82 0.360026
86 82 0.707679
87 82 1.05517
88 82 1.40272
89 82 1.75075
90 82 2.09846
91 82 2.45427
92 82 2.86704
93 82 2.7971
94 82 2.6963
95 82 2.58467
96 82 2.47091
97 82 2.35743
98 82 2.24391
99 82 2.13099
100 82 2.0186
101 82 1.90676
102 82 1.79532
103 82 1.68346
104 82 1.56903
105 82 1.45518
106 82 1.34172
107 82 1.22822
108 82 1.11531
109 82 1.00191
110 82 0.887658
111 82 0.773655
112 82 0.660379
113 82 0.544787
114 82 0.429738
115 82 0.315193
116 82 0.200534
117 82 0.0850243
118 82 -0.0301929
119 82 -0.144952
120 82 -0.259204
121 82 -0.14951
122 82 -0.0416929
123 82 0.0654641
124 82 0.173294
125 82 0.281944
126 82 0.388855
127 82 0.496158
128 82 0.60372
129 82 0.711857
130 82 0.820497
131 82 0.929517
132 82 1.03547
133 82 1.14186
134 82 1.24869
135 82 1.35595
136 82 1.46343
137 82 1.57062
138 82 1.67656
139 82 1.78119
140 82 1.88616
141 82 1.99152
142 82 2.09672
143 82 2.19972
144 82 2.30254
145 82 2.40525
146 82 2.5102
147 82 2.63482
148 82 2.54491
149 82 2.15264
150 82 1.78901
151 82 1.42842
152 82 1.06642
153 82 0.703804
154 82 0.341268
155 82 -0.0222124
156 82 -0.385886
157 82 -0.749274
158 82 -1.11346
159 82 -1.47778
160 82 -1.84228
161 82 -2.20729
162 82 -2.57223
163 82 -2.93705
164 82 -3.30232
165 82 -3.66741
166 82 -4.03209
167 82 -4.39587
168 82 -4.75281
169 82 -5.07548
170 82 -5.24853
171 82 -9.35257
172 82 -9.35257
173 82 -9.35257
174 82 -9.35257
175 82 -9.35257
176 82 -9.35257
177 82 -9.35257
178 82 -9.35257
179 82 -9.35257
180 82 -9.35257
181 82 -9.35257
182 82 -9.35257
183 82 -9.35257
184 82 -9.35257
185 82 -9.35257
186 82 -9.35257
187 82 -9.35257
188 82 -9.35257
189 82 -9.35257
190 82 -9.35257
191 82 -9.35257
192 82 -9.35257
193 82 -9.35257
194 82 -9.35257
195 82 -9.35257
196 82 -9.35257
197 82 -9.35257
198 82 -9.35257
199 82 -9.35257
200 82 -9.35257
201 82 -9.35257
202 82 -9.35257
203 82 -9.35257
204 82 -9.35257
205 82 -9.35257
206 82 -9.35257
207 82 -9.35257
208 82 -9.35257
209 82 -9.35257
210 82 -9.35257
211 82 -9.35257
212 82 -9.35257
213 82 -9.35257
214 82 -9.35257
215 82 -9.35257
216 82 -9.35257
217 82 -9.35257
218 82 -9.35257
219 82 -9.35257
220 82 -9.35257
221 82 -9.35257
222 82 -9.35257
223 82 -9.35257
224 82 -9.35257
225 82 -9.35257
226 82 -9.35257
227 82 -9.35257
228 82 -9.35257
229 82 -9.35257
230 82 -9.35257
231 82 -9.35257
232 82 -9.35257
233 82 -9.35257
234 82 -9.35257
235 82 -9.35257
236 82 -9.35257
237 82 -9.35257
238 82 -9.35257
239 82 -9.35257
0 83 -9.35257
1 83 -9.35257
2 83 -9.35257
3 83 -9.35257
4 83 -9.35257
5 83 -9.35257
6 83 -9.35257
7 83 -9.35257
8 83 -9.35257
9 83 -9.35257
10 83 -9.35257
11 83 -9.35257
12 83 -9.35257
13 83 -9.35257
14 83 -9.35257
15 83 -9.35257
16 83 -9.35257
17 83 -9.35257
18 83 -9.35257
19 83 -9.35257
20 83 -9.35257
21 83 -9.35257
22 83 -9.35257
23 83 -9.35257
24 83 -9.35257
25 83 -9.35257
26 83 -9.35257
27 83 -9.35257
28 83 -9.35257
29 83 -9.35257
30 83 -9.35257
31 83 -9.35257
32 83 -9.35257
33 83 -9.35257
34 83 -9.35257
35 83 -9.35257
36 83 -9.35257
37 83 -9.35257
38 83 -9.35257
39 83 -9.35257
40 83 -9.35257
41 83 -9.35257
42 83 -9.35257
43 83 -9.35257
44 83 -9.35257
45 83 -9.35257
46 83 -9.35257
47 83 -9.35257
48 83 -9.35257
49 83 -9.35257
50 83 -9.35257
51 83 -9.35257
52 83 -9.35257
53 83 -9.35257
54 83 -9.35257
55 83 -9.35257
56 83 -9.35257
57 83 -9.35257
58 83 -9.35257
59 83 -9.35257
60 83 -9.35257
61 83 -9.35257
62 83 -9.35257
63 83 -9.35257
64 83 -9.35257
65 83 -9.35257
66 83 -9.35257
67 83 -9.35257
68 83 -9.35257
69 83 -5.24252
70 83 -4.89066
71 83 -4.54665
72 83 -4.20369
73 83 -3.86097
74 83 -3.5172
75 83 -3.17272
76 83 -2.82777
77 83 -2.48267
78 83 -2.13676
79 83 -1.79117
80 83 -1.44482
81 83 -1.09784
82 83 -0.750442
83 83 -0.403207
84 83 -0.0556207
85 83 0.292799
86 83 0.640758
87 83 0.989673
88 83 1.33742
89 83 1.68596
90 83 2.03548
91 83 2.38777
92 83 2.74422
93 83 3.06043
94 83 2.9471
95 83 2.8317
96 83 2.71708
97 83 2.60388
98 83 2.49092
99 83 2.37839
100 83 2.26644
101 83 2.1549
102 83 2.04346
103 83 1.93131
104 83 1.81892
105 83 1.70545
106 83 1.59247
107 83 1.47947
108 83 1.36662
109 83 1.25303
110 83 1.1388
111 83 1.025
112 83 0.911533
113 83 0.797864
114 83 0.683029
115 83 0.56863
116 83 0.454236
117 83 0.338694
118 83 0.223655
119 83 0.109231
120 83 -0.00429533
121 83 0.105054
122 83 0.213002
123 83 0.320434
124 83 0.428368
125 83 0.53683
126 83 0.645529
127 83 0.75257
128 83 0.860198
129 83 0.968319
130 83 1.07682
131 83 1.1854
132 83 1.2931
133 83 1.39947
134 83 1.50625
135 83 1.6135
136 83 1.72099
137 83 1.82939
138 83 1.93437
139 83 2.03849
140 83 2.143
141 83 2.24775
142 83 2.35253
143 83 2.45636
144 83 2.5573
145 83 2.65472
146 83 2.73931
147 83 2.7975
148 83 2.481
149 83 2.11735
150 83 1.75192
151 83 1.38789
152 83 1.02391
153 83 0.660181
154 83 0.296603
155 83 -0.0675077
156 83 -0.431593
157 83 -0.79562
158 83 -1.16021
159 83 -1.5248
160 83 -1.8893
161 83 -2.2546
162 83 -2.61981
163 83 -2.98508
164 83 -3.35072
165 83 -3.71629
166 83 -4.08259
167 83 -4.45225
168 83 -4.83383
169 83 -5.05436
170 83 -5.26328
171 83 -9.35257
172 83 -9.35257
173 83 -9.35257
174 83 -9.35257
175 83 -9.35257
176 83 -9.35257
177 83 -9.35257
178 83 -9.35257
179 83 -9.35257
180 83 -9.35257
181 83 -9.35257
182 83 -9.35257
183 83 -9.35257
184 83 -9.35257
185 83 -9.35257
186 83 -9.35257
187 83 -9.35257
188 83 -9.35257
189 83 -9.35257
190 83 -9.35257
191 83 -9.35257
192 83 -9.35257
193 83 -9.35257
194 83 -9.35257
195 83 -9.35257
196 83 -9.35257
197 83 -9.35257
198 83 -9.35257
199 83 -9.35257
200 83 -9.35257
201 83 -9.35257
202 83 -9.35257
203 83 -9.35257
204 83 -9.35257
205 83 -9.35257
206 83 -9.35257
207 83 -9.35257
208 83 -9.35257
209 83 -9.35257
210 83 -9.35257
211 83 -9.35257
212 83 -9.35257
213 83 -9.35257
214 83 -9.35257
215 83 -9.35257
216 83 -9.35257
217 83 -9.35257
218 83 -9.35257
219 83 -9.35257
220 83 -9.35257
221 83 -9.35257
222 83 -9.35257
223 83 -9.35257
224 83 -9.35257
225 83 -9.35257
226 83 -9.35257
227 83 -9.35257
228 83 -9.35257
229 83 -9.35257
230 83 -9.35257
231 83 -9.35257
232 83 -9.35257
233 83 -9.35257
234 83 -9.35257
235 83 -9.35257
236 83 -9.35257
237 83 -9.35257
238 83 -9.35257
239 83 -9.35257
0 84 -9.35257
1 84 -9.35257
2 84 -9.35257
3 84 -9.35257
4 84 -9.35257
5 84 -9.35257
6 84 -9.35257
7 84 -9.35257
8 84 -9.35257
9 84 -9.35257
10 84 -9.35257
11 84 -9.35257
12 84 -9.35257
13 84 -9.35257
14 84 -9.35257
15 84 -9.35257
16 84 -9.35257
17 84 -9.35257
18 84 -9.35257
19 84 -9.35257
20 84 -9.35257
21 84 -9.35257
22 84 -9.35257
23 84 -9.35257
24 84 -9.35257
25 84 -9.35257
26 84 -9.35257
27 84 -9.35257
28 84 -9.35257
29 84 -9.35257
30 84 -9.35257
31 84 -9.35257
32 84 -9.35257
33 84 -9.35257
34 84 -9.35257
35 84 -9.35257
36 84 -9.35257
37 84 -9.35257
38 84 -9.35257
39 84 -9.35257
40 84 -9.35257
41 84 -9.35257
42 84 -9.35257
43 84 -9.35257
44 84 -9.35257
45 84 -9.35257
46 84 -9.35257
47 84 -9.35257
48 84 -9.35257
49 84 -9.35257
50 84 -9.35257
51 84 -9.35257
52 84 -9.35257
53 84 -9.35257
54 84 -9.35257
55 84 -9.35257
56 84 -9.35257
57 84 -9.35257
58 84 -9.35257
59 84 -9.35257
60 84 -9.35257
61 84 -9.35257
62 84 -9.35257
63 84 -9.35257
64 84 -9.35257
65 84 -9.35257
66 84 -9.35257
67 84 -9.35257
68 84 -9.35257
69 84 -9.35257
70 84 -4.95833
71 84 -4.61978
72 84 -4.27797
73 84 -3.9353
74 84 -3.59132
75 84 -3.24686
76 84 -2.90196
77 84 -2.55612
78 84 -2.20978
79 84 -1.86361
80 84 -1.51679
81 84 -1.16887
82 84 -0.821183
83 84 -0.472404
84 84 -0.12463
85 84 0.223943
86 84 0.57288
87 84 0.921987
88 84 1.27133
89 84 1.62019
90 84 1.96956
91 84 2.3171
92 84 2.65827
93 84 2.96936
94 84 3.19753
95 84 3.07529
96 84 2.96162
97 84 2.84931
98 84 2.73732
99 84 2.62519
100 84 2.51369
101 84 2.40287
102 84 2.29116
103 84 2.17933
104 84 2.06838
105 84 1.95515
106 84 1.84248
107 84 1.7303
108 84 1.61752
109 84 1.50361
110 84 1.38951
111 84 1.27594
112 84 1.16289
113 84 1.05053
114 84 0.935885
115 84 0.821997
116 84 0.707249
117 84 0.591793
118 84 0.476888
119 84 0.362451
120 84 0.248489
121 84 0.359548
122 84 0.46736
123 84 0.575016
124 84 0.683026
125 84 0.791482
126 84 0.899967
127 84 1.0084
128 84 1.11618
129 84 1.2244
130 84 1.33287
131 84 1.44124
132 84 1.55025
133 84 1.65666
134 84 1.76337
135 84 1.87041
136 84 1.97775
137 84 2.08544
138 84 2.1916
139 84 2.29551
140 84 2.39972
141 84 2.50406
142 84 2.60844
143 84 2.71207
144 84 2.81557
145 84 2.917
146 84 2.99483
147 84 2.87521
148 84 2.46367
149 84 2.08382
150 84 1.71345
151 84 1.34675
152 84 0.981157
153 84 0.616404
154 84 0.25191
155 84 -0.112829
156 84 -0.477359
157 84 -0.841957
158 84 -1.20698
159 84 -1.57189
160 84 -1.93692
161 84 -2.30236
162 84 -2.66731
163 84 -3.03331
164 84 -3.39918
165 84 -3.76445
166 84 -4.13029
167 84 -4.49671
168 84 -4.8659
169 84 -5.04542
170 84 -9.35257
171 84 -9.35257
172 84 -9.35257
173 84 -9.35257
174 84 -9.35257
175 84 -9.35257
176 84 -9.35257
177 84 -9.35257
178 84 -9.35257
179 84 -9.35257
180 84 -9.35257
181 84 -9.35257
182 84 -9.35257
183 84 -9.35257
184 84 -9.35257
185 84 -9.35257
186 84 -9.35257
187 84 -9.35257
188 84 -9.35257
189 84 -9.35257
190 84 -9.35257
191 84 -9.35257
192 84 -9.35257
193 84 -9.35257
194 84 -9.35257
195 84 -9.35257
196 84 -9.35257
197 84 -9.35257
198 84 -9.35257
199 84 -9.35257
200 84 -9.35257
201 84 -9.35257
202 84 -9.35257
203 84 -9.35257
204 84 -9.35257
205 84 -9.35257
206 84 -9.35257
207 84 -9.35257
208 84 -9.35257
209 84 -9.35257
210 84 -9.35257
211 84 -9.35257
212 84 -9.35257
213 84 -9.35257
214 84 -9.35257
215 84 -9.35257
216 84 -9.35257
217 84 -9.35257
218 84 -9.35257
219 84 -9.35257
220 84 -9.35257
221 84 -9.35257
222 84 -9.35257
223 84 -9.35257
224 84 -9.35257
225 84 -9.35257
226 84 -9.35257
227 84 -9.35257
228 84 -9.35257
229 84 -9.35257
230 84 -9.35257
231 84 -9.35257
232 84 -9.35257
233 84 -9.35257
234 84 -9.35257
235 84 -9.35257
236 84 -9.35257
237 84 -9.35257
238 84 -9.35257
239 84 -9.35257
0 85 -9.35257
1 85 -9.35257
2 85 -9.35257
3 85 -9.35257
4 85 -9.35257
5 85 -9.35257
6 85 -9.35257
7 85 -9.35257
8 85 -9.35257
9 85 -9.35257
10 85 -9.35257
11 85 -9.35257
12 85 -9.35257
13 85 -9.35257
14 85 -9.35257
15 85 -9.35257
16 85 -9.35257
17 85 -9.35257
18 85 -9.35257
19 85 -9.35257
20 85 -9.35257
21 85 -9.35257
22 85 -9.35257
23 85 -9.35257
24 85 -9.35257
25 85 -9.35257
26 85 -9.35257
27 85 -9.35257
28 85 -9.35257
29 85 -9.35257
30 85 -9.35257
31 85 -9.35257
32 85 -9.35257
33 85 -9.35257
34 85 -9.35257
35 85 -9.35257
36 85 -9.35257
37 85 -9.35257
38 85 -9.35257
39 85 -9.35257
40 85 -9.35257
41 85 -9.35257
42 85 -9.35257
43 85 -9.35257
44 85 -9.35257
45 85 -9.35257
46 85 -9.35257
47 85 -9.35257
48 85 -9.35257
49 85 -9.35257
50 85 -9.35257
51 85 -9.35257
52 85 -9.35257
53 85 -9.35257
54 85 -9.35257
55 85 -9.35257
56 85 -9.35257
57 85 -9.35257
58 85 -9.35257
59 85 -9.35257
60 85 -9.35257
61 85 -9.35257
62 85 -9.35257
63 85 -9.35257
64 85 -9.35257
65 85 -9.35257
66 85 -9.35257
67 85 -9.35257
68 85 -9.35257
69 85 -9.35257
70 85 -5.03432
71 85 -4.69617
72 85 -4.35511
73 85 -4.0122
74 85 -3.66794
75 85 -3.323
76 85 -2.97709
77 85 -2.63079
78 85 -2.28457
79 85 -1.93688
80 85 -1.58985
81 85 -1.24173
82 85 -0.893016
83 85 -0.543932
84 85 -0.194438
85 85 0.154722
86 85 0.504656
87 85 0.85406
88 85 1.2043
89 85 1.5539
90 85 1.90337
91 85 2.25278
92 85 2.60242
93 85 2.95977
94 85 3.37413
95 85 3.30551
96 85 3.20473
97 85 3.09441
98 85 2.98301
99 85 2.87138
100 85 2.76017
101 85 2.64938
102 85 2.53778
103 85 2.42646
104 85 2.31547
105 85 2.20429
106 85 2.09194
107 85 1.9798
108 85 1.86717
109 85 1.75326
110 85 1.6396
111 85 1.52636
112 85 1.41349
113 85 1.30089
114 85 1.18792
115 85 1.07391
116 85 0.959043
117 85 0.844342
118 85 0.729587
119 85 0.615196
120 85 0.501107
121 85 0.611829
122 85 0.720885
123 85 0.829242
124 85 0.937238
125 85 1.04571
126 85 1.15457
127 85 1.26413
128 85 1.37186
129 85 1.48014
130 85 1.58819
131 85 1.69657
132 85 1.80521
133 85 1.91354
134 85 2.02014
135 85 2.12704
136 85 2.23417
137 85 2.34146
138 85 2.44712
139 85 2.55225
140 85 2.65631
141 85 2.76034
142 85 2.86413
143 85 2.9679
144 85 3.07467
145 85 3.20302
146 85 3.12732
147 85 2.78567
148 85 2.41289
149 85 2.04047
150 85 1.67095
151 85 1.30357
152 85 0.937209
153 85 0.572015
154 85 0.206541
155 85 -0.158714
156 85 -0.523414
157 85 -0.888791
158 85 -1.2542
159 85 -1.61923
160 85 -1.98504
161 85 -2.35096
162 85 -2.71658
163 85 -3.08257
164 85 -3.44862
165 85 -3.81398
166 85 -4.17834
167 85 -4.53877
168 85 -4.8918
169 85 -5.06263
170 85 -9.35257
171 85 -9.35257
172 85 -9.35257
173 85 -9.35257
174 85 -9.35257
175 85 -9.35257
176 85 -9.35257
177 85 -9.35257
178 85 -9.35257
179 85 -9.35257
180 85 -9.35257
181 85 -9.35257
182 85 -9.35257
183 85 -9.35257
184 85 -9.35257
185 85 -9.35257
186 85 -9.35257
187 85 -9.35257
188 85 -9.35257
189 85 -9.35257
190 85 -9.35257
191 85 -9.35257
192 85 -9.35257
193 85 -9.35257
194 85 -9.35257
195 85 -9.35257
196 85 -9.35257
197 85 -9.35257
198 85 -9.35257
199 85 -9.35257
200 85 -9.35257
201 85 -9.35257
202 85 -9.35257
203 85 -9.35257
204 85 -9.35257
205 85 -9.35257
206 85 -9.35257
207 85 -9.35257
208 85 -9.35257
209 85 -9.35257
210 85 -9.35257
211 85 -9.35257
212 85 -9.35257
213 85 -9.35257
214 85 -9.35257
215 85 -9.35257
216 85 -9.35257
217 85 -9.35257
218 85 -9.35257
219 85 -9.35257
220 85 -9.35257
221 85 -9.35257
222 85 -9.35257
223 85 -9.35257
224 85 -9.35257
225 85 -9.35257
226 85 -9.35257
227 85 -9.35257
228 85 -9.35257
229 85 -9.35257
230 85 -9.35257
231 85 -9.35257
232 85 -9.35257
233 85 -9.35257
234 85 -9.35257
235 85 -9.35257
236 85 -9.35257
237 85 -9.35257
238 85 -9.35257
239 85 -9.35257
0 86 -9.35257
1 86 -9.35257
2 86 -9.35257
3 86 -9.35257
4 86 -9.35257
5 86 -9.35257
6 86 -9.35257
7 86 -9.35257
8 86 -9.35257
9 86 -9.35257
10 86 -9.35257
11 86 -9.35257
12 86 -9.35257
13 86 -9.35257
14 86 -9.35257
15 86 -9.35257
16 86 -9.35257
17 86 -9.35257
18 86 -9.35257
19 86 -9.35257
20 86 -9.35257
21 86 -9.35257
22 86 -9.35257
23 86 -9.35257
24 86 -9.35257
25 86 -9.35257
26 86 -9.35257
27 86 -9.35257
28 86 -9.35257
29 86 -9.35257
30 86 -9.35257
31 86 -9.35257
32 86 -9.35257
33 86 -9.35257
34 86 -9.35257
35 86 -9.35257
36 86 -9.35257
37 86 -9.35257
38 86 -9.35257
39 86 -9.35257
40 86 -9.35257
41 86 -9.35257
42 86 -9.35257
43 86 -9.35257
44 86 -9.35257
45 86 -9.35257
46 86 -9.35257
47 86 -9.35257
48 86 -9.35257
49 86 -9.35257
50 86 -9.35257
51 86 -9.35257
52 86 -9.35257
53 86 -9.35257
54 86 -9.35257
55 86 -9.35257
56 86 -9.35257
57 86 -9.35257
58 86 -9.35257
59 86 -9.35257
60 86 -9.35257
61 86 -9.35257
62 86 -9.35257
63 86 -9.35257
64 86 -9.35257
65 86 -9.35257
66 86 -9.35257
67 86 -9.35257
68 86 -9.35257
69 86 -9.35257
70 86 -5.11621
71 86 -4.77564
72 86 -4.4341
73 86 -4.09063
74 86 -3.74648
75 86 -3.40029
76 86 -3.05433
77 86 -2.70811
78 86 -2.36085
79 86 -2.01281
80 86 -1.664
81 86 -1.3152
82 86 -0.965384
83 86 -0.615872
84 86 -0.265344
85 86 0.0847286
86 86 0.434871
87 86 0.785297
88 86 1.13581
89 86 1.48649
90 86 1.83723
91 86 2.18805
92 86 2.53885
93 86 2.89297
94 86 3.24971
95 86 3.56779
96 86 3.45587
97 86 3.34051
98 86 3.22814
99 86 3.11707
100 86 3.00624
101 86 2.89549
102 86 2.78411
103 86 2.67317
104 86 2.56275
105 86 2.45302
106 86 2.34099
107 86 2.22859
108 86 2.11622
109 86 2.00258
110 86 1.88929
111 86 1.77635
112 86 1.6638
113 86 1.55156
114 86 1.43949
115 86 1.3255
116 86 1.21067
117 86 1.09612
118 86 0.981923
119 86 0.867571
120 86 0.753882
121 86 0.864301
122 86 0.974384
123 86 1.08286
124 86 1.19098
125 86 1.29953
126 86 1.40849
127 86 1.51781
128 86 1.62696
129 86 1.73521
130 86 1.84319
131 86 1.95165
132 86 2.06046
133 86 2.16995
134 86 2.27673
135 86 2.38355
136 86 2.49055
137 86 2.59764
138 86 2.7033
139 86 2.80931
140 86 2.91305
141 86 3.01686
142 86 3.11982
143 86 3.21977
144 86 3.30824
145 86 3.37248
146 86 3.06854
147 86 2.72496
148 86 2.36121
149 86 1.99337
150 86 1.62595
151 86 1.25882
152 86 0.892092
153 86 0.526273
154 86 0.160392
155 86 -0.205155
156 86 -0.570418
157 86 -0.936149
158 86 -1.30181
159 86 -1.6674
160 86 -2.03361
161 86 -2.39986
162 86 -2.76605
163 86 -3.13258
164 86 -3.49875
165 86 -3.86506
166 86 -4.23032
167 86 -4.58822
168 86 -4.91037
169 86 -5.08188
170 86 -9.35257
171 86 -9.35257
172 86 -9.35257
173 86 -9.35257
174 86 -9.35257
175 86 -9.35257
176 86 -9.35257
177 86 -9.35257
178 86 -9.35257
179 86 -9.35257
180 86 -9.35257
181 86 -9.35257
182 86 -9.35257
183 86 -9.35257
184 86 -9.35257
185 86 -9.35257
186 86 -9.35257
187 86 -9.35257
188 86 -9.35257
189 86 -9.35257
190 86 -9.35257
191 86 -9.35257
192 86 -9.35257
193 86 -9.35257
194 86 -9.35257
195 86 -9.35257
196 86 -9.35257
197 86 -9.35257
198 86 -9.35257
199 86 -9.35257
200 86 -9.35257
201 86 -9.35257
202 86 -9.35257
203 86 -9.35257
204 86 -9.35257
205 86 -9.35257
206 86 -9.35257
207 86 -9.35257
208 86 -9.35257
209 86 -9.35257
210 86 -9.35257
211 86 -9.35257
212 86 -9.35257
213 86 -9.35257
214 86 -9.35257
215 86 -9.35257
216 86 -9.35257
217 86 -9.35257
218 86 -9.35257
219 86 -9.35257
220 86 -9.35257
221 86 -9.35257
222 86 -9.35257
223 86 -9.35257
224 86 -9.35257
225 86 -9.35257
226 86 -9.35257
227 86 -9.35257
228 86 -9.35257
229 86 -9.35257
230 86 -9.35257
231 86 -9.35257
232 86 -9.35257
233 86 -9.35257
234 86 -9.35257
235 86 -9.35257
236 86 -9.35257
237 86 -9.35257
238 86 -9.35257
239 86 -9.35257
0 87 -9.35257
1 87 -9.35257
2 87 -9.35257
3 87 -9.35257
4 87 -9.35257
5 87 -9.35257
6 87 -9.35257
7 87 -9.35257
8 87 -9.35257
9 87 -9.35257
10 87 -9.35257
11 87 -9.35257
12 87 -9.35257
13 87 -9.35257
14 87 -9.35257
15 87 -9.35257
16 87 -9.35257
17 87 -9.35257
18 87 -9.35257
19 87 -9.35257
20 87 -9.35257
21 87 -9.35257
22 87 -9.35257
23 87 -9.35257
24 87 -9.35257
25 87 -9.35257
26 87 -9.35257
27 87 -9.35257
28 87 -9.35257
29 87 -9.35257
30 87 -9.35257
31 87 -9.35257
32 87 -9.35257
33 87 -9.35257
34 87 -9.35257
35 87 -9.35257
36 87 -9.35257
37 87 -9.35257
38 87 -9.35257
39 87 -9.35257
40 87 -9.35257
41 87 -9.35257
42 87 -9.35257
43 87 -9.35257
44 87 -9.35257
45 87 -9.35257
46 87 -9.35257
47 87 -9.35257
48 87 -9.35257
49 87 -9.35257
50 87 -9.35257
51 87 -9.35257
52 87 -9.35257
53 87 -9.35257
54 87 -9.35257
55 87 -9.35257
56 87 -9.35257
57 87 -9.35257
58 87 -9.35257
59 87 -9.35257
60 87 -9.35257
61 87 -9.35257
62 87 -9.35257
63 87 -9.35257
64 87 -9.35257
65 87 -9.35257
66 87 -9.35257
67 87 -9.35257
68 87 -9.35257
69 87 -9.35257
70 87 -5.20689
71 87 -4.85806
72 87 -4.51502
73 87 -4.17174
74 87 -3.82708
75 87 -3.48119
76 87 -3.13411
77 87 -2.78646
78 87 -2.43806
79 87 -2.08952
80 87 -1.73955
81 87 -1.38969
82 87 -1.03951
83 87 -0.688828
84 87 -0.337869
85 87 0.0134053
86 87 0.364803
87 87 0.716268
88 87 1.06716
89 87 1.41882
90 87 1.76977
91 87 2.12122
92 87 2.47196
93 87 2.82144
94 87 3.16396
95 87 3.47605
96 87 3.70575
97 87 3.58363
98 87 3.4719
99 87 3.36173
100 87 3.25215
101 87 3.14111
102 87 3.02993
103 87 2.91937
104 87 2.80925
105 87 2.69947
106 87 2.58918
107 87 2.47736
108 87 2.36459
109 87 2.25154
110 87 2.13856
111 87 2.02594
112 87 1.91374
113 87 1.80207
114 87 1.69138
115 87 1.57684
116 87 1.46194
117 87 1.34755
118 87 1.2335
119 87 1.11928
120 87 1.00544
121 87 1.11552
122 87 1.22561
123 87 1.33544
124 87 1.4444
125 87 1.55305
126 87 1.66217
127 87 1.77177
128 87 1.88204
129 87 1.98972
130 87 2.09784
131 87 2.20637
132 87 2.31505
133 87 2.42415
134 87 2.53329
135 87 2.63987
136 87 2.74685
137 87 2.85368
138 87 2.95914
139 87 3.0647
140 87 3.16971
141 87 3.27385
142 87 3.37865
143 87 3.48322
144 87 3.56522
145 87 3.45167
146 87 3.04903
147 87 2.68012
148 87 2.31268
149 87 1.9455
150 87 1.57868
151 87 1.21189
152 87 0.845713
153 87 0.479674
154 87 0.11355
155 87 -0.252239
156 87 -0.617874
157 87 -0.983933
158 87 -1.34987
159 87 -1.71586
160 87 -2.0825
161 87 -2.44919
162 87 -2.81608
163 87 -3.18332
164 87 -3.54994
165 87 -3.91848
166 87 -4.29001
167 87 -4.67379
168 87 -4.8933
169 87 -5.10018
170 87 -9.35257
171 87 -9.35257
172 87 -9.35257
173 87 -9.35257
174 87 -9.35257
175 87 -9.35257
176 87 -9.35257
177 87 -9.35257
178 87 -9.35257
179 87 -9.35257
180 87 -9.35257
181 87 -9.35257
182 87 -9.35257
183 87 -9.35257
184 87 -9.35257
185 87 -9.35257
186 87 -9.35257
187 87 -9.35257
188 87 -9.35257
189 87 -9.35257
190 87 -9.35257
191 87 -9.35257
192 87 -9.35257
193 87 -9.35257
194 87 -9.35257
195 87 -9.35257
196 87 -9.35257
197 87 -9.35257
198 87 -9.35257
199 87 -9.35257
200 87 -9.35257
201 87 -9.35257
202 87 -9.35257
203 87 -9.35257
204 87 -9.35257
205 87 -9.35257
206 87 -9.35257
207 87 -9.35257
208 87 -9.35257
209 87 -9.35257
210 87 -9.35257
211 87 -9.35257
212 87 -9.35257
213 87 -9.35257
214 87 -9.35257
215 87 -9.35257
216 87 -9.35257
217 87 -9.35257
218 87 -9.35257
219 87 -9.35257
220 87 -9.35257
221 87 -9.35257
222 87 -9.35257
223 87 -9.35257
224 87 -9.35257
225 87 -9.35257
226 87 -9.35257
227 87 -9.35257
228 87 -9.35257
229 87 -9.35257
230 87 -9.35257
231 87 -9.35257
232 87 -9.35257
233 87 -9.35257
234 87 -9.35257
235 87 -9.35257
236 87 -9.35257
237 87 -9.35257
238 87 -9.35257
239 87 -9.35257
0 88 -9.35257
1 88 -9.35257
2 88 -9.35257
3 88 -9.35257
4 88 -9.35257
5 88 -9.35257
6 88 -9.35257
7 88 -9.35257
8 88 -9.35257
9 88 -9.35257
10 88 -9.35257
11 88 -9.35257
12 88 -9.35257
13 88 -9.35257
14 88 -9.35257
15 88 -9.35257
16 88 -9.35257
17 88 -9.35257
18 88 -9.35257
19 88 -9.35257
20 88 -9.35257
21 88 -9.35257
22 88 -9.35257
23 88 -9.35257
24 88 -9.35257
25 88 -9.35257
26 88 -9.35257
27 88 -9.35257
28 88 -9.35257
29 88 -9.35257
30 88 -9.35257
31 88 -9.35257
32 88 -9.35257
33 88 -9.35257
34 88 -9.35257
35 88 -9.35257
36 88 -9.35257
37 88 -9.35257
38 88 -9.35257
39 88 -9.35257
40 88 -9.35257
41 88 -9.35257
42 88 -9.35257
43 88 -9.35257
44 88 -9.35257
45 88 -9.35257
46 88 -9.35257
47 88 -9.35257
48 88 -9.35257
49 88 -9.35257
50 88 -9.35257
51 88 -9.35257
52 88 -9.35257
53 88 -9.35257
54 88 -9.35257
55 88 -9.35257
56 88 -9.35257
57 88 -9.35257
58 88 -9.35257
59 88 -9.35257
60 88 -9.35257
61 88 -9.35257
62 88 -9.35257
63 88 -9.35257
64 88 -9.35257
65 88 -9.35257
66 88 -9.35257
67 88 -9.35257
68 88 -9.35257
69 88 -9.35257
70 88 -9.35257
71 88 -4.93595
72 88 -4.59633
73 88 -4.25425
74 88 -3.9096
75 88 -3.56396
76 88 -3.2159
77 88 -2.86713
78 88 -2.51747
79 88 -2.16764
80 88 -1.81704
81 88 -1.46578
82 88 -1.11414
83 88 -0.762232
84 88 -0.410711
85 88 -0.0582145
86 88 0.293837
87 88 0.645722
88 88 0.99775
89 88 1.34975
90 88 1.70182
91 88 2.05384
92 88 2.40617
93 88 2.75685
94 88 3.10846
95 88 3.46671
96 88 3.88237
97 88 3.81477
98 88 3.71409
99 88 3.60572
100 88 3.49642
101 88 3.38564
102 88 3.27512
103 88 3.16504
104 88 3.0554
105 88 2.94615
106 88 2.83626
107 88 2.72468
108 88 2.61209
109 88 2.49961
110 88 2.38745
111 88 2.27505
112 88 2.16313
113 88 2.05152
114 88 1.94024
115 88 1.82726
116 88 1.71271
117 88 1.59844
118 88 1.48441
119 88 1.37063
120 88 1.25669
121 88 1.36672
122 88 1.47709
123 88 1.58806
124 88 1.69717
125 88 1.8061
126 88 1.91536
127 88 2.02505
128 88 2.13489
129 88 2.24381
130 88 2.35205
131 88 2.46056
132 88 2.56934
133 88 2.67841
134 88 2.78765
135 88 2.89591
136 88 3.00343
137 88 3.10963
138 88 3.21498
139 88 3.32065
140 88 3.42639
141 88 3.53018
142 88 3.63769
143 88 3.76927
144 88 3.69877
145 88 3.36115
146 88 2.99546
147 88 2.63059
148 88 2.26353
149 88 1.8969
150 88 1.53047
151 88 1.164
152 88 0.798
153 88 0.432236
154 88 0.0660163
155 88 -0.299836
156 88 -0.665825
157 88 -1.03221
158 88 -1.39821
159 88 -1.76461
160 88 -2.13169
161 88 -2.49868
162 88 -2.86668
163 88 -3.23506
164 88 -3.60378
165 88 -3.97243
166 88 -4.34125
167 88 -4.7124
168 88 -4.88958
169 88 -9.35257
170 88 -9.35257
171 88 -9.35257
172 88 -9.35257
173 88 -9.35257
174 88 -9.35257
175 88 -9.35257
176 88 -9.35257
177 88 -9.35257
178 88 -9.35257
179 88 -9.35257
180 88 -9.35257
181 88 -9.35257
182 88 -9.35257
183 88 -9.35257
184 88 -9.35257
185 88 -9.35257
186 88 -9.35257
187 88 -9.35257
188 88 -9.35257
189 88 -9.35257
190 88 -9.35257
191 88 -9.35257
192 88 -9.35257
193 88 -9.35257
194 88 -9.35257
195 88 -9.35257
196 88 -9.35257
197 88 -9.35257
198 88 -9.35257
199 88 -9.35257
200 88 -9.35257
201 88 -9.35257
202 88 -9.35257
203 88 -9.35257
204 88 -9.35257
205 88 -9.35257
206 88 -9.35257
207 88 -9.35257
208 88 -9.35257
209 88 -9.35257
210 88 -9.35257
211 88 -9.35257
212 88 -9.35257
213 88 -9.35257
214 88 -9.35257
215 88 -9.35257
216 88 -9.35257
217 88 -9.35257
218 88 -9.35257
219 88 -9.35257
220 88 -9.35257
221 88 -9.35257
222 88 -9.35257
223 88 -9.35257
224 88 -9.35257
225 88 -9.35257
226 88 -9.35257
227 88 -9.35257
228 88 -9.35257
229 88 -9.35257
230 88 -9.35257
231 88 -9.35257
232 88 -9.35257
233 88 -9.35257
234 88 -9.35257
235 88 -9.35257
236 88 -9.35257
237 88 -9.35257
238 88 -9.35257
239 88 -9.35257
0 89 -9.35257
1 89 -9.35257
2 89 -9.35257
3 89 -9.35257
4 89 -9.35257
5 89 -9.35257
6 89 -9.35257
7 89 -9.35257
8 89 -9.35257
9 89 -9.35257
10 89 -9.35257
11 89 -9.35257
12 89 -9.35257
13 89 -9.35257
14 89 -9.35257
15 89 -9.35257
16 89 -9.35257
17 89 -9.35257
18 89 -9.35257
19 89 -9.35257
20 89 -9.35257
21 89 -9.35257
22 89 -9.35257
23 89 -9.35257
24 89 -9.35257
25 89 -9.35257
26 89 -9.35257
27 89 -9.35257
28 89 -9.35257
29 89 -9.35257
30 89 -9.35257
31 89 -9.35257
32 89 -9.35257
33 89 -9.35257
34 89 -9.35257
35 89 -9.35257
36 89 -9.35257
37 89 -9.35257
38 89 -9.35257
39 89 -9.35257
40 89 -9.35257
41 89 -9.35257
42 89 -9.35257
43 89 -9.35257
44 89 -9.35257
45 89 -9.35257
46 89 -9.35257
47 89 -9.35257
48 89 -9.35257
49 89 -9.35257
50 89 -9.35257
51 89 -9.35257
52 89 -9.35257
53 89 -9.35257
54 89 -9.35257
55 89 -9.35257
56 89 -9.35257
57 89 -9.35257
58 89 -9.35257
59 89 -9.35257
60 89 -9.35257
61 89 -9.35257
62 89 -9.35257
63 89 -9.35257
64 89 -9.35257
65 89 -9.35257
66 89 -9.35257
67 89 -9.35257
68 89 -9.35257
69 89 -9.35257
70 89 -9.35257
71 89 -5.0204
72 89 -4.68151
73 89 -4.3399
74 89 -3.99583
75 89 -3.64914
76 89 -3.30041
77 89 -2.94996
78 89 -2.59823
79 89 -2.2467
80 89 -1.89519
81 89 -1.54241
82 89 -1.18985
83 89 -0.837318
84 89 -0.484528
85 89 -0.131465
86 89 0.221779
87 89 0.575033
88 89 0.928187
89 89 1.28061
90 89 1.63375
91 89 1.98614
92 89 2.33907
93 89 2.69133
94 89 3.04419
95 89 3.39941
96 89 3.7577
97 89 4.07749
98 89 3.9639
99 89 3.85064
100 89 3.74016
101 89 3.6299
102 89 3.5198
103 89 3.41027
104 89 3.3011
105 89 3.19233
106 89 3.08346
107 89 2.97186
108 89 2.85942
109 89 2.74737
110 89 2.63563
111 89 2.52368
112 89 2.41204
113 89 2.30064
114 89 2.18949
115 89 2.07765
116 89 1.96321
117 89 1.84902
118 89 1.73508
119 89 1.6213
120 89 1.50768
121 89 1.6177
122 89 1.72808
123 89 1.83877
124 89 1.94925
125 89 2.05892
126 89 2.16826
127 89 2.27807
128 89 2.38772
129 89 2.49775
130 89 2.60599
131 89 2.71449
132 89 2.82333
133 89 2.93251
134 89 3.04198
135 89 3.15186
136 89 3.25898
137 89 3.36485
138 89 3.47051
139 89 3.57613
140 89 3.68118
141 89 3.78292
142 89 3.8728
143 89 3.9407
144 89 3.63935
145 89 3.29835
146 89 2.94087
147 89 2.57825
148 89 2.21397
149 89 1.84809
150 89 1.48172
151 89 1.11563
152 89 0.750054
153 89 0.383856
154 89 0.0177592
155 89 -0.347297
156 89 -0.713946
157 89 -1.08086
158 89 -1.44778
159 89 -1.81588
160 89 -2.18359
161 89 -2.5514
162 89 -2.92008
163 89 -3.28906
164 89 -3.65806
165 89 -4.02623
166 89 -4.39017
167 89 -4.74561
168 89 -4.91314
169 89 -9.35257
170 89 -9.35257
171 89 -9.35257
172 89 -9.35257
173 89 -9.35257
174 89 -9.35257
175 89 -9.35257
176 89 -9.35257
177 89 -9.35257
178 89 -9.35257
179 89 -9.35257
180 89 -9.35257
181 89 -9.35257
182 89 -9.35257
183 89 -9.35257
184 89 -9.35257
185 89 -9.35257
186 89 -9.35257
187 89 -9.35257
188 89 -9.35257
189 89 -9.35257
190 89 -9.35257
191 89 -9.35257
192 89 -9.35257
193 89 -9.35257
194 89 -9.35257
195 89 -9.35257
196 89 -9.35257
197 89 -9.35257
198 89 -9.35257
199 89 -9.35257
200 89 -9.35257
201 89 -9.35257
202 89 -9.35257
203 89 -9.35257
204 89 -9.35257
205 89 -9.35257
206 89 -9.35257
207 89 -9.35257
208 89 -9.35257
209 89 -9.35257
210 89 -9.35257
211 89 -9.35257
212 89 -9.35257
213 89 -9.35257
214 89 -9.35257
215 89 -9.35257
216 89 -9.35257
217 89 -9.35257
218 89 -9.35257
219 89 -9.35257
220 89 -9.35257
221 89 -9.35257
222 89 -9.35257
223 89 -9.35257
224 89 -9.35257
225 89 -9.35257
226 89 -9.35257
227 89 -9.35257
228 89 -9.35257
229 89 -9.35257
230 89 -9.35257
231 89 -9.35257
232 89 -9.35257
233 89 -9.35257
234 89 -9.35257
235 89 -9.35257
236 89 -9.35257
237 89 -9.35257
238 89 -9.35257
239 89 -9.35257
0 90 -9.35257
1 90 -9.35257
2 90 -9.35257
3 90 -9.35257
4 90 -9.35257
5 90 -9.35257
6 90 -9.35257
7 90 -9.35257
8 90 -9.35257
9 90 -9.35257
10 90 -9.35257
11 90 -9.35257
12 90 -9.35257
13 90 -9.35257
14 90 -9.35257
15 90 -9.35257
16 90 -9.35257
17 90 -9.35257
18 90 -9.35257
19 90 -9.35257
20 90 -9.35257
21 90 -9.35257
22 90 -9.35257
23 90 -9.35257
24 90 -9.35257
25 90 -9.35257
26 90 -9.35257
27 90 -9.35257
28 90 -9.35257
29 90 -9.35257
30 90 -9.35257
31 90 -9.35257
32 90 -9.35257
33 90 -9.35257
34 90 -9.35257
35 90 -9.35257
36 90 -9.35257
37 90 -9.35257
38 90 -9.35257
39 90 -9.35257
40 90 -9.35257
41 90 -9.35257
42 90 -9.35257
43 90 -9.35257
44 90 -9.35257
45 90 -9.35257
46 90 -9.35257
47 90 -9.35257
48 90 -9.35257
49 90 -9.35257
50 90 -9.35257
51 90 -9.35257
52 90 -9.35257
53 90 -9.35257
54 90 -9.35257
55 90 -9.35257
56 90 -9.35257
57 90 -9.35257
58 90 -9.35257
59 90 -9.35257
60 90 -9.35257
61 90 -9.35257
62 90 -9.35257
63 90 -9.35257
64 90 -9.35257
65 90 -9.35257
66 90 -9.35257
67 90 -9.35257
68 90 -9.35257
69 90 -9.35257
70 90 -9.35257
71 90 -5.11314
72 90 -4.77443
73 90 -4.43243
74 90 -4.08713
75 90 -3.739
76 90 -3.38912
77 90 -3.03674
78 90 -2.68369
79 90 -2.33027
80 90 -1.9771
81 90 -1.62337
82 90 -1.2693
83 90 -0.915166
84 90 -0.561301
85 90 -0.207411
86 90 0.147014
87 90 0.500662
88 90 0.854746
89 90 1.20823
90 90 1.56179
91 90 1.91535
92 90 2.26885
93 90 2.6225
94 90 2.97447
95 90 3.32558
96 90 3.66899
97 90 3.98257
98 90 4.21336
99 90 4.09269
100 90 3.98253
101 90 3.87319
102 90 3.7639
103 90 3.65493
104 90 3.54618
105 90 3.43728
106 90 3.32878
107 90 3.21856
108 90 3.10637
109 90 2.99462
110 90 2.88318
111 90 2.77201
112 90 2.66061
113 90 2.54952
114 90 2.43827
115 90 2.32606
116 90 2.21339
117 90 2.09936
118 90 1.9855
119 90 1.87183
120 90 1.75825
121 90 1.8683
122 90 1.97877
123 90 2.0897
124 90 2.2013
125 90 2.31109
126 90 2.42068
127 90 2.53035
128 90 2.63979
129 90 2.74966
130 90 2.85979
131 90 2.96818
132 90 3.07712
133 90 3.18642
134 90 3.29602
135 90 3.40577
136 90 3.51434
137 90 3.6203
138 90 3.72605
139 90 3.8322
140 90 3.93928
141 90 4.04667
142 90 4.12988
143 90 4.01951
144 90 3.61863
145 90 3.25168
146 90 2.88941
147 90 2.52664
148 90 2.16334
149 90 1.79777
150 90 1.43178
151 90 1.0664
152 90 0.700729
153 90 0.334449
154 90 -0.0318997
155 90 -0.398638
156 90 -0.765369
157 90 -1.1325
158 90 -1.49972
159 90 -1.86771
160 90 -2.23575
161 90 -2.60419
162 90 -2.97354
163 90 -3.34343
164 90 -3.71407
165 90 -4.08461
166 90 -4.44798
167 90 -4.77278
168 90 -4.94047
169 90 -9.35257
170 90 -9.35257
171 90 -9.35257
172 90 -9.35257
173 90 -9.35257
174 90 -9.35257
175 90 -9.35257
176 90 -9.35257
177 90 -9.35257
178 90 -9.35257
179 90 -9.35257
180 90 -9.35257
181 90 -9.35257
182 90 -9.35257
183 90 -9.35257
184 90 -9.35257
185 90 -9.35257
186 90 -9.35257
187 90 -9.35257
188 90 -9.35257
189 90 -9.35257
190 90 -9.35257
191 90 -9.35257
192 90 -9.35257
193 90 -9.35257
194 90 -9.35257
195 90 -9.35257
196 90 -9.35257
197 90 -9.35257
198 90 -9.35257
199 90 -9.35257
200 90 -9.35257
201 90 -9.35257
202 90 -9.35257
203 90 -9.35257
204 90 -9.35257
205 90 -9.35257
206 90 -9.35257
207 90 -9.35257
208 90 -9.35257
209 90 -9.35257
210 90 -9.35257
211 90 -9.35257
212 90 -9.35257
213 90 -9.35257
214 90 -9.35257
215 90 -9.35257
216 90 -9.35257
217 90 -9.35257
218 90 -9.35257
219 90 -9.35257
220 90 -9.35257
221 90 -9.35257
222 90 -9.35257
223 90 -9.35257
224 90 -9.35257
225 90 -9.35257
226 90 -9.35257
227 90 -9.35257
228 90 -9.35257
229 90 -9.35257
230 90 -9.35257
231 90 -9.35257
232 90 -9.35257
233 90 -9.35257
234 90 -9.35257
235 90 -9.35257
236 90 -9.35257
237 90 -9.35257
238 90 -9.35257
239 90 -9.35257
0 91 -9.35257
1 91 -9.35257
2 91 -9.35257
3 91 -9.35257
4 91 -9.35257
5 91 -9.35257
6 91 -9.35257
7 91 -9.35257
8 91 -9.35257
9 91 -9.35257
10 91 -9.35257
11 91 -9.35257
12 91 -9.35257
13 91 -9.35257
14 91 -9.35257
15 91 -9.35257
16 91 -9.35257
17 91 -9.35257
18 91 -9.35257
19 91 -9.35257
20 91 -9.35257
21 91 -9.35257
22 91 -9.35257
23 91 -9.35257
24 91 -9.35257
25 91 -9.35257
26 91 -9.35257
27 91 -9.35257
28 91 -9.35257
29 91 -9.35257
30 91 -9.35257
31 91 -9.35257
32 91 -9.35257
33 91 -9.35257
34 91 -9.35257
35 91 -9.35257
36 91 -9.35257
37 91 -9.35257
38 91 -9.35257
39 91 -9.35257
40 91 -9.35257
41 91 -9.35257
42 91 -9.35257
43 91 -9.35257
44 91 -9.35257
45 91 -9.35257
46 91 -9.35257
47 91 -9.35257
48 91 -9.35257
49 91 -9.35257
50 91 -9.35257
51 91 -9.35257
52 91 -9.35257
53 91 -9.35257
54 91 -9.35257
55 91 -9.35257
56 91 -9.35257
57 91 -9.35257
58 91 -9.35257
59 91 -9.35257
60 91 -9.35257
61 91 -9.35257
62 91 -9.35257
63 91 -9.35257
64 91 -9.35257
65 91 -9.35257
66 91 -9.35257
67 91 -9.35257
68 91 -9.35257
69 91 -9.35257
70 91 -9.35257
71 91 -5.2128
72 91 -4.87131
73 91 -4.52843
74 91 -4.1821
75 91 -3.83263
76 91 -3.48033
77 91 -3.12618
78 91 -2.77081
79 91 -2.41475
80 91 -2.05975
81 91 -1.70466
82 91 -1.349
83 91 -0.994006
84 91 -0.638273
85 91 -0.283891
86 91 0.0709577
87 91 0.425857
88 91 0.780639
89 91 1.13561
90 91 1.48982
91 91 1.84444
92 91 2.19792
93 91 2.55142
94 91 2.9049
95 91 3.25734
96 91 3.61009
97 91 3.97044
98 91 4.38914
99 91 4.32189
100 91 4.22273
101 91 4.11564
102 91 4.00747
103 91 3.89911
104 91 3.79028
105 91 3.68173
106 91 3.57349
107 91 3.46453
108 91 3.35287
109 91 3.2415
110 91 3.13045
111 91 3.01974
112 91 2.90889
113 91 2.79848
114 91 2.68688
115 91 2.57486
116 91 2.46344
117 91 2.34945
118 91 2.23574
119 91 2.12219
120 91 2.00849
121 91 2.11859
122 91 2.2291
123 91 2.34005
124 91 2.45139
125 91 2.56258
126 91 2.67283
127 91 2.78192
128 91 2.89143
129 91 3.00132
130 91 3.11142
131 91 3.22134
132 91 3.33053
133 91 3.44005
134 91 3.5499
135 91 3.65989
136 91 3.76985
137 91 3.87555
138 91 3.98133
139 91 4.08747
140 91 4.19719
141 91 4.33077
142 91 4.26302
143 91 3.92785
144 91 3.56397
145 91 3.20033
146 91 2.83789
147 91 2.47556
148 91 2.11267
149 91 1.74729
150 91 1.38124
151 91 1.01478
152 91 0.648798
153 91 0.282457
154 91 -0.0838221
155 91 -0.450346
156 91 -0.81723
157 91 -1.18404
158 91 -1.55146
159 91 -1.9195
160 91 -2.28749
161 91 -2.65663
162 91 -3.02645
163 91 -3.39703
164 91 -3.77076
165 91 -4.15016
166 91 -4.54594
167 91 -4.76549
168 91 -4.96491
169 91 -9.35257
170 91 -9.35257
171 91 -9.35257
172 91 -9.35257
173 91 -9.35257
174 91 -9.35257
175 91 -9.35257
176 91 -9.35257
177 91 -9.35257
178 91 -9.35257
179 91 -9.35257
180 91 -9.35257
181 91 -9.35257
182 91 -9.35257
183 91 -9.35257
184 91 -9.35257
185 91 -9.35257
186 91 -9.35257
187 91 -9.35257
188 91 -9.35257
189 91 -9.35257
190 91 -9.35257
191 91 -9.35257
192 91 -9.35257
193 91 -9.35257
194 91 -9.35257
195 91 -9.35257
196 91 -9.35257
197 91 -9.35257
198 91 -9.35257
199 91 -9.35257
200 91 -9.35257
201 91 -9.35257
202 91 -9.35257
203 91 -9.35257
204 91 -9.35257
205 91 -9.35257
206 91 -9.35257
207 91 -9.35257
208 91 -9.35257
209 91 -9.35257
210 91 -9.35257
211 91 -9.35257
212 91 -9.35257
213 91 -9.35257
214 91 -9.35257
215 91 -9.35257
216 91 -9.35257
217 91 -9.35257
218 91 -9.35257
219 91 -9.35257
220 91 -9.35257
221 91 -9.35257
222 91 -9.35257
223 91 -9.35257
224 91 -9.35257
225 91 -9.35257
226 91 -9.35257
227 91 -9.35257
228 91 -9.35257
229 91 -9.35257
230 91 -9.35257
231 91 -9.35257
232 91 -9.35257
233 91 -9.35257
234 91 -9.35257
235 91 -9.35257
236 91 -9.35257
237 91 -9.35257
238 91 -9.35257
239 91 -9.35257
0 92 -9.35257
1 92 -9.35257
2 92 -9.35257
3 92 -9.35257
4 92 -9.35257
5 92 -9.35257
6 92 -9.35257
7 92 -9.35257
8 92 -9.35257
9 92 -9.35257
10 92 -9.35257
11 92 -9.35257
12 92 -9.35257
13 92 -9.35257
14 92 -9.35257
15 92 -9.35257
16 92 -9.35257
17 92 -9.35257
18 92 -9.35257
19 92 -9.35257
20 92 -9.35257
21 92 -9.35257
22 92 -9.35257
23 92 -9.35257
24 92 -9.35257
25 92 -9.35257
26 92 -9.35257
27 92 -9.35257
28 92 -9.35257
29 92 -9.35257
30 92 -9.35257
31 92 -9.35257
32 92 -9.35257
33 92 -9.35257
34 92 -9.35257
35 92 -9.35257
36 92 -9.35257
37 92 -9.35257
38 92 -9.35257
39 92 -9.35257
40 92 -9.35257
41 92 -9.35257
42 92 -9.35257
43 92 -9.35257
44 92 -9.35257
45 92 -9.35257
46 92 -9.35257
47 92 -9.35257
48 92 -9.35257
49 92 -9.35257
50 92 -9.35257
51 92 -9.35257
52 92 -9.35257
53 92 -9.35257
54 92 -9.35257
55 92 -9.35257
56 92 -9.35257
57 92 -9.35257
58 92 -9.35257
59 92 -9.35257
60 92 -9.35257
61 92 -9.35257
62 92 -9.35257
63 92 -9.35257
64 92 -9.35257
65 92 -9.35257
66 92 -9.35257
67 92 -9.35257
68 92 -9.35257
69 92 -9.35257
70 92 -9.35257
71 92 -9.35257
72 92 -4.96959
73 92 -4.62985
74 92 -4.28148
75 92 -3.92909
76 92 -3.57353
77 92 -3.21686
78 92 -2.85876
79 92 -2.50104
80 92 -2.14264
81 92 -1.78652
82 92 -1.43006
83 92 -1.07359
84 92 -0.717214
85 92 -0.360837
86 92 -0.00514937
87 92 0.350993
88 92 0.706341
89 92 1.06232
90 92 1.41745
91 92 1.77204
92 92 2.12627
93 92 2.48037
94 92 2.83492
95 92 3.18878
96 92 3.54341
97 92 3.89997
98 92 4.26055
99 92 4.58187
100 92 4.47077
101 92 4.35917
102 92 4.25039
103 92 4.1426
104 92 4.03401
105 92 3.92589
106 92 3.81771
107 92 3.70861
108 92 3.59902
109 92 3.48805
110 92 3.3773
111 92 3.26686
112 92 3.15665
113 92 3.04632
114 92 2.93472
115 92 2.82305
116 92 2.7114
117 92 2.59927
118 92 2.48574
119 92 2.37269
120 92 2.25848
121 92 2.36847
122 92 2.47898
123 92 2.59003
124 92 2.70164
125 92 2.81395
126 92 2.92384
127 92 3.03317
128 92 3.14282
129 92 3.25287
130 92 3.36335
131 92 3.47449
132 92 3.58373
133 92 3.69347
134 92 3.80363
135 92 3.91403
136 92 4.02314
137 92 4.13071
138 92 4.23626
139 92 4.33914
140 92 4.43124
141 92 4.50129
142 92 4.20228
143 92 3.86396
144 92 3.50785
145 92 3.14742
146 92 2.78534
147 92 2.42201
148 92 2.05918
149 92 1.69388
150 92 1.3281
151 92 0.962519
152 92 0.596295
153 92 0.230038
154 92 -0.135866
155 92 -0.502622
156 92 -0.869529
157 92 -1.23619
158 92 -1.60386
159 92 -1.9717
160 92 -2.34008
161 92 -2.70932
162 92 -3.07898
163 92 -3.44946
164 92 -3.8227
165 92 -4.19971
166 92 -4.58827
167 92 -4.7787
168 92 -9.35257
169 92 -9.35257
170 92 -9.35257
171 92 -9.35257
172 92 -9.35257
173 92 -9.35257
174 92 -9.35257
175 92 -9.35257
176 92 -9.35257
177 92 -9.35257
178 92 -9.35257
179 92 -9.35257
180 92 -9.35257
181 92 -9.35257
182 92 -9.35257
183 92 -9.35257
184 92 -9.35257
185 92 -9.35257
186 92 -9.35257
187 92 -9.35257
188 92 -9.35257
189 92 -9.35257
190 92 -9.35257
191 92 -9.35257
192 92 -9.35257
193 92 -9.35257
194 92 -9.35257
195 92 -9.35257
196 92 -9.35257
197 92 -9.35257
198 92 -9.35257
199 92 -9.35257
200 92 -9.35257
201 92 -9.35257
202 92 -9.35257
203 92 -9.35257
204 92 -9.35257
205 92 -9.35257
206 92 -9.35257
207 92 -9.35257
208 92 -9.35257
209 92 -9.35257
210 92 -9.35257
211 92 -9.35257
212 92 -9.35257
213 92 -9.35257
214 92 -9.35257
215 92 -9.35257
216 92 -9.35257
217 92 -9.35257
218 92 -9.35257
219 92 -9.35257
220 92 -9.35257
221 92 -9.35257
222 92 -9.35257
223 92 -9.35257
224 92 -9.35257
225 92 -9.35257
226 92 -9.35257
227 92 -9.35257
228 92 -9.35257
229 92 -9.35257
230 92 -9.35257
231 92 -9.35257
232 92 -9.35257
233 92 -9.35257
234 92 -9.35257
235 92 -9.35257
236 92 -9.35257
237 92 -9.35257
238 92 -9.35257
239 92 -9.35257
0 93 -9.35257
1 93 -9.35257
2 93 -9.35257
3 93 -9.35257
4 93 -9.35257
5 93 -9.35257
6 93 -9.35257
7 93 -9.35257
8 93 -9.35257
9 93 -9.35257
10 93 -9.35257
11 93 -9.35257
12 93 -9.35257
13 93 -9.35257
14 93 -9.35257
15 93 -9.35257
16 93 -9.35257
17 93 -9.35257
18 93 -9.35257
19 93 -9.35257
20 93 -9.35257
21 93 -9.35257
22 93 -9.35257
23 93 -9.35257
24 93 -9.35257
25 93 -9.35257
26 93 -9.35257
27 93 -9.35257
28 93 -9.35257
29 93 -9.35257
30 93 -9.35257
31 93 -9.35257
32 93 -9.35257
33 93 -9.35257
34 93 -9.35257
35 93 -9.35257
36 93 -9.35257
37 93 -9.35257
38 93 -9.35257
39 93 -9.35257
40 93 -9.35257
41 93 -9.35257
42 93 -9.35257
43 93 -9.35257
44 93 -9.35257
45 93 -9.35257
46 93 -9.35257
47 93 -9.35257
48 93 -9.35257
49 93 -9.35257
50 93 -9.35257
51 93 -9.35257
52 93 -9.35257
53 93 -9.35257
54 93 -9.35257
55 93 -9.35257
56 93 -9.35257
57 93 -9.35257
58 93 -9.35257
59 93 -9.35257
60 93 -9.35257
61 93 -9.35257
62 93 -9.35257
63 93 -9.35257
64 93 -9.35257
65 93 -9.35257
66 93 -9.35257
67 93 -9.35257
68 93 -9.35257
69 93 -9.35257
70 93 -9.35257
71 93 -9.35257
72 93 -5.07593
73 93 -4.73992
74 93 -4.38504
75 93 -4.02999
76 93 -3.66985
77 93 -3.30898
78 93 -2.94835
79 93 -2.58801
80 93 -2.22814
81 93 -1.86873
82 93 -1.51115
83 93 -1.15323
84 93 -0.796161
85 93 -0.438528
86 93 -0.081712
87 93 0.274858
88 93 0.631413
89 93 0.987786
90 93 1.3438
91 93 1.6993
92 93 2.05455
93 93 2.40887
94 93 2.76354
95 93 3.11817
96 93 3.4727
97 93 3.82546
98 93 4.17123
99 93 4.4871
100 93 4.71931
101 93 4.5998
102 93 4.49212
103 93 4.3849
104 93 4.27727
105 93 4.17003
106 93 4.0617
107 93 3.95312
108 93 3.84502
109 93 3.7343
110 93 3.62386
111 93 3.51366
112 93 3.40378
113 93 3.29422
114 93 3.18265
115 93 3.07115
116 93 2.95985
117 93 2.84891
118 93 2.73525
119 93 2.62125
120 93 2.50792
121 93 2.61793
122 93 2.72845
123 93 2.83953
124 93 2.9512
125 93 3.06294
126 93 3.1744
127 93 3.28413
128 93 3.39379
129 93 3.50399
130 93 3.61462
131 93 3.72562
132 93 3.83645
133 93 3.94645
134 93 4.05674
135 93 4.16726
136 93 4.27648
137 93 4.3862
138 93 4.49396
139 93 4.60171
140 93 4.68745
141 93 4.57974
142 93 4.18085
143 93 3.8146
144 93 3.4534
145 93 3.09266
146 93 2.73079
147 93 2.36815
148 93 2.00585
149 93 1.64039
150 93 1.27475
151 93 0.90927
152 93 0.54326
153 93 0.177266
154 93 -0.188682
155 93 -0.55531
156 93 -0.922071
157 93 -1.28896
158 93 -1.65665
159 93 -2.02457
160 93 -2.39271
161 93 -2.76197
162 93 -3.13105
163 93 -3.50007
164 93 -3.87122
165 93 -4.23809
166 93 -4.56808
167 93 -4.84986
168 93 -9.35257
169 93 -9.35257
170 93 -9.35257
171 93 -9.35257
172 93 -9.35257
173 93 -9.35257
174 93 -9.35257
175 93 -9.35257
176 93 -9.35257
177 93 -9.35257
178 93 -9.35257
179 93 -9.35257
180 93 -9.35257
181 93 -9.35257
182 93 -9.35257
183 93 -9.35257
184 93 -9.35257
185 93 -9.35257
186 93 -9.35257
187 93 -9.35257
188 93 -9.35257
189 93 -9.35257
190 93 -9.35257
191 93 -9.35257
192 93 -9.35257
193 93 -9.35257
194 93 -9.35257
195 93 -9.35257
196 93 -9.35257
197 93 -9.35257
198 93 -9.35257
199 93 -9.35257
200 93 -9.35257
201 93 -9.35257
202 93 -9.35257
203 93 -9.35257
204 93 -9.35257
205 93 -9.35257
206 93 -9.35257
207 93 -9.35257
208 93 -9.35257
209 93 -9.35257
210 93 -9.35257
211 93 -9.35257
212 93 -9.35257
213 93 -9.35257
214 93 -9.35257
215 93 -9.35257
216 93 -9.35257
217 93 -9.35257
218 93 -9.35257
219 93 -9.35257
220 93 -9.35257
221 93 -9.35257
222 93 -9.35257
223 93 -9.35257
224 93 -9.35257
225 93 -9.35257
226 93 -9.35257
227 93 -9.35257
228 93 -9.35257
229 93 -9.35257
230 93 -9.35257
231 93 -9.35257
232 93 -9.35257
233 93 -9.35257
234 93 -9.35257
235 93 -9.35257
236 93 -9.35257
237 93 -9.35257
238 93 -9.35257
239 93 -9.35257
0 94 -9.35257
1 94 -9.35257
2 94 -9.35257
3 94 -9.35257
4 94 -9.35257
5 94 -9.35257
6 94 -9.35257
7 94 -9.35257
8 94 -9.35257
9 94 -9.35257
10 94 -9.35257
11 94 -9.35257
12 94 -9.35257
13 94 -9.35257
14 94 -9.35257
15 94 -9.35257
16 94 -9.35257
17 94 -9.35257
18 94 -9.35257
19 94 -9.35257
20 94 -9.35257
21 94 -9.35257
22 94 -9.35257
23 94 -9.35257
24 94 -9.35257
25 94 -9.35257
26 94 -9.35257
27 94 -9.35257
28 94 -9.35257
29 94 -9.35257
30 94 -9.35257
31 94 -9.35257
32 94 -9.35257
33 94 -9.35257
34 94 -9.35257
35 94 -9.35257
36 94 -9.35257
37 94 -9.35257
38 94 -9.35257
39 94 -9.35257
40 94 -9.35257
41 94 -9.35257
42 94 -9.35257
43 94 -9.35257
44 94 -9.35257
45 94 -9.35257
46 94 -9.35257
47 94 -9.35257
48 94 -9.35257
49 94 -9.35257
50 94 -9.35257
51 94 -9.35257
52 94 -9.35257
53 94 -9.35257
54 94 -9.35257
55 94 -9.35257
56 94 -9.35257
57 94 -9.35257
58 94 -9.35257
59 94 -9.35257
60 94 -9.35257
61 94 -9.35257
62 94 -9.35257
63 94 -9.35257
64 94 -9.35257
65 94 -9.35257
66 94 -9.35257
67 94 -9.35257
68 94 -9.35257
69 94 -9.35257
70 94 -9.35257
71 94 -9.35257
72 94 -5.18842
73 94 -4.86884
74 94 -4.49078
75 94 -4.13596
76 94 -3.76816
77 94 -3.40103
78 94 -3.03763
79 94 -2.67469
80 94 -2.31317
81 94 -1.9517
82 94 -1.59259
83 94 -1.23407
84 94 -0.875671
85 94 -0.517455
86 94 -0.159292
87 94 0.198736
88 94 0.556494
89 94 0.913066
90 94 1.26977
91 94 1.62555
92 94 1.98165
93 94 2.33704
94 94 2.6922
95 94 3.04748
96 94 3.40251
97 94 3.75775
98 94 4.1118
99 94 4.47385
100 94 4.89358
101 94 4.82859
102 94 4.73218
103 94 4.62682
104 94 4.52007
105 94 4.41292
106 94 4.30475
107 94 4.19713
108 94 4.08899
109 94 3.98026
110 94 3.87008
111 94 3.76016
112 94 3.65051
113 94 3.5392
114 94 3.42739
115 94 3.316
116 94 3.20479
117 94 3.09368
118 94 2.98196
119 94 2.86899
120 94 2.755
121 94 2.86687
122 94 2.97734
123 94 3.08845
124 94 3.20009
125 94 3.3114
126 94 3.42289
127 94 3.53429
128 94 3.64435
129 94 3.75478
130 94 3.86564
131 94 3.97702
132 94 4.08915
133 94 4.19914
134 94 4.30962
135 94 4.42021
136 94 4.52931
137 94 4.63874
138 94 4.75167
139 94 4.88631
140 94 4.81902
141 94 4.4847
142 94 4.1221
143 94 3.75945
144 94 3.39812
145 94 3.03701
146 94 2.67521
147 94 2.31324
148 94 1.95137
149 94 1.58615
150 94 1.22087
151 94 0.855618
152 94 0.489844
153 94 0.124081
154 94 -0.24175
155 94 -0.608233
156 94 -0.974852
157 94 -1.34186
158 94 -1.70958
159 94 -2.07742
160 94 -2.44564
161 94 -2.81479
162 94 -3.18317
163 94 -3.54912
164 94 -3.92401
165 94 -4.31337
166 94 -4.59664
167 94 -4.81752
168 94 -5.0333
169 94 -9.35257
170 94 -9.35257
171 94 -9.35257
172 94 -9.35257
173 94 -9.35257
174 94 -9.35257
175 94 -9.35257
176 94 -9.35257
177 94 -9.35257
178 94 -9.35257
179 94 -9.35257
180 94 -9.35257
181 94 -9.35257
182 94 -9.35257
183 94 -9.35257
184 94 -9.35257
185 94 -9.35257
186 94 -9.35257
187 94 -9.35257
188 94 -9.35257
189 94 -9.35257
190 94 -9.35257
191 94 -9.35257
192 94 -9.35257
193 94 -9.35257
194 94 -9.35257
195 94 -9.35257
196 94 -9.35257
197 94 -9.35257
198 94 -9.35257
199 94 -9.35257
200 94 -9.35257
201 94 -9.35257
202 94 -9.35257
203 94 -9.35257
204 94 -9.35257
205 94 -9.35257
206 94 -9.35257
207 94 -9.35257
208 94 -9.35257
209 94 -9.35257
210 94 -9.35257
211 94 -9.35257
212 94 -9.35257
213 94 -9.35257
214 94 -9.35257
215 94 -9.35257
216 94 -9.35257
217 94 -9.35257
218 94 -9.35257
219 94 -9.35257
220 94 -9.35257
221 94 -9.35257
222 94 -9.35257
223 94 -9.35257
224 94 -9.35257
225 94 -9.35257
226 94 -9.35257
227 94 -9.35257
228 94 -9.35257
229 94 -9.35257
230 94 -9.35257
231 94 -9.35257
232 94 -9.35257
233 94 -9.35257
234 94 -9.35257
235 94 -9.35257
236 94 -9.35257
237 94 -9.35257
238 94 -9.35257
239 94 -9.35257
0 95 -9.35257
1 95 -9.35257
2 95 -9.35257
3 95 -9.35257
4 95 -9.35257
5 95 -9.35257
6 95 -9.35257
7 95 -9.35257
8 95 -9.35257
9 95 -9.35257
10 95 -9.35257
11 95 -9.35257
12 95 -9.35257
13 95 -9.35257
14 95 -9.35257
15 95 -9.35257
16 95 -9.35257
17 95 -9.35257
18 95 -9.35257
19 95 -9.35257
20 95 -9.35257
21 95 -9.35257
22 95 -9.35257
23 95 -9.35257
24 95 -9.35257
25 95 -9.35257
26 95 -9.35257
27 95 -9.35257
28 95 -9.35257
29 95 -9.35257
30 95 -9.35257
31 95 -9.35257
32 95 -9.35257
33 95 -9.35257
34 95 -9.35257
35 95 -9.35257
36 95 -9.35257
37 95 -9.35257
38 95 -9.35257
39 95 -9.35257
40 95 -9.35257
41 95 -9.35257
42 95 -9.35257
43 95 -9.35257
44 95 -9.35257
45 95 -9.35257
46 95 -9.35257
47 95 -9.35257
48 95 -9.35257
49 95 -9.35257
50 95 -9.35257
51 95 -9.35257
52 95 -9.35257
53 95 -9.35257
54 95 -9.35257
55 95 -9.35257
56 95 -9.35257
57 95 -9.35257
58 95 -9.35257
59 95 -9.35257
60 95 -9.35257
61 95 -9.35257
62 95 -9.35257
63 95 -9.35257
64 95 -9.35257
65 95 -9.35257
66 95 -9.35257
67 95 -9.35257
68 95 -9.35257
69 95 -9.35257
70 95 -9.35257
71 95 -5.1904
72 95 -4.97681
73 95 -4.74626
74 95 -4.57329
75 95 -4.25509
76 95 -3.8658
77 95 -3.49078
78 95 -3.12645
79 95 -2.76195
80 95 -2.39816
81 95 -2.03594
82 95 -1.67469
83 95 -1.31478
84 95 -0.955172
85 95 -0.59633
86 95 -0.23691
87 95 0.121622
88 95 0.48014
89 95 0.837513
90 95 1.19458
91 95 1.55149
92 95 1.9082
93 95 2.26525
94 95 2.62075
95 95 2.97684
96 95 3.33209
97 95 3.68786
98 95 4.04439
99 95 4.40289
100 95 4.76552
101 95 5.08849
102 95 4.98004
103 95 4.87007
104 95 4.76248
105 95 4.65562
106 95 4.54725
107 95 4.43851
108 95 4.33047
109 95 4.223
110 95 4.11298
111 95 4.00322
112 95 3.89354
113 95 3.78257
114 95 3.67171
115 95 3.56057
116 95 3.44966
117 95 3.33886
118 95 3.22841
119 95 3.11528
120 95 3.00117
121 95 3.11345
122 95 3.2256
123 95 3.33683
124 95 3.44837
125 95 3.55969
126 95 3.67148
127 95 3.78396
128 95 3.89452
129 95 4.00515
130 95 4.11615
131 95 4.22767
132 95 4.33966
133 95 4.45148
134 95 4.56249
135 95 4.67319
136 95 4.78192
137 95 4.88789
138 95 4.98288
139 95 5.05476
140 95 4.75599
141 95 4.41792
142 95 4.06284
143 95 3.70297
144 95 3.34224
145 95 2.98112
146 95 2.61945
147 95 2.25784
148 95 1.89617
149 95 1.53158
150 95 1.16662
151 95 0.80155
152 95 0.436047
153 95 0.0705978
154 95 -0.2951
155 95 -0.661389
156 95 -1.02762
157 95 -1.39496
158 95 -1.76277
159 95 -2.13025
160 95 -2.49857
161 95 -2.86958
162 95 -3.24005
163 95 -3.59017
164 95 -3.9627
165 95 -4.21592
166 95 -4.40487
167 95 -4.61032
168 95 -4.81847
169 95 -5.02972
170 95 -9.35257
171 95 -9.35257
172 95 -9.35257
173 95 -9.35257
174 95 -9.35257
175 95 -9.35257
176 95 -9.35257
177 95 -9.35257
178 95 -9.35257
179 95 -9.35257
180 95 -9.35257
181 95 -9.35257
182 95 -9.35257
183 95 -9.35257
184 95 -9.35257
185 95 -9.35257
186 95 -9.35257
187 95 -9.35257
188 95 -9.35257
189 95 -9.35257
190 95 -9.35257
191 95 -9.35257
192 95 -9.35257
193 95 -9.35257
194 95 -9.35257
195 95 -9.35257
196 95 -9.35257
197 95 -9.35257
198 95 -9.35257
199 95 -9.35257
200 95 -9.35257
201 95 -9.35257
202 95 -9.35257
203 95 -9.35257
204 95 -9.35257
205 95 -9.35257
206 95 -9.35257
207 95 -9.35257
208 95 -9.35257
209 95 -9.35257
210 95 -9.35257
211 95 -9.35257
212 95 -9.35257
213 95 -9.35257
214 95 -9.35257
215 95 -9.35257
216 95 -9.35257
217 95 -9.35257
218 95 -9.35257
219 95 -9.35257
220 95 -9.35257
221 95 -9.35257
222 95 -9.35257
223 95 -9.35257
224 95 -9.35257
225 95 -9.35257
226 95 -9.35257
227 95 -9.35257
228 95 -9.35257
229 95 -9.35257
230 95 -9.35257
231 95 -9.35257
232 95 -9.35257
233 95 -9.35257
234 95 -9.35257
235 95 -9.35257
236 95 -9.35257
237 95 -9.35257
238 95 -9.35257
239 95 -9.35257
0 96 -9.35257
1 96 -9.35257
2 96 -9.35257
3 96 -9.35257
4 96 -9.35257
5 96 -9.35257
6 96 -9.35257
7 96 -9.35257
8 96 -9.35257
9 96 -9.35257
10 96 -9.35257
11 96 -9.35257
12 96 -9.35257
13 96 -9.35257
14 96 -9.35257
15 96 -9.35257
16 96 -9.35257
17 96 -9.35257
18 96 -9.35257
19 96 -9.35257
20 96 -9.35257
21 96 -9.35257
22 96 -9.35257
23 96 -9.35257
24 96 -9.35257
25 96 -9.35257
26 96 -9.35257
27 96 -9.35257
28 96 -9.35257
29 96 -9.35257
30 96 -9.35257
31 96 -9.35257
32 96 -9.35257
33 96 -9.35257
34 96 -9.35257
35 96 -9.35257
36 96 -9.35257
37 96 -9.35257
38 96 -9.35257
39 96 -9.35257
40 96 -9.35257
41 96 -9.35257
42 96 -9.35257
43 96 -9.35257
44 96 -9.35257
45 96 -9.35257
46 96 -9.35257
47 96 -9.35257
48 96 -9.35257
49 96 -9.35257
50 96 -9.35257
51 96 -9.35257
52 96 -9.35257
53 96 -9.35257
54 96 -9.35257
55 96 -9.35257
56 96 -9.35257
57 96 -9.35257
58 96 -9.35257
59 96 -9.35257
60 96 -9.35257
61 96 -9.35257
62 96 -9.35257
63 96 -9.35257
64 96 -9.35257
65 96 -9.35257
66 96 -9.35257
67 96 -9.35257
68 96 -9.35257
69 96 -9.35257
70 96 -5.20604
71 96 -4.99303
72 96 -4.78215
73 96 -4.56783
74 96 -4.36187
75 96 -4.13435
76 96 -3.94916
77 96 -3.57184
78 96 -3.21672
79 96 -2.84851
80 96 -2.48175
81 96 -2.11921
82 96 -1.75721
83 96 -1.39644
84 96 -1.03595
85 96 -0.675784
86 96 -0.315692
87 96 0.0439668
88 96 0.402967
89 96 0.762086
90 96 1.11955
91 96 1.47746
92 96 1.83441
93 96 2.19164
94 96 2.54871
95 96 2.90495
96 96 3.26115
97 96 3.61722
98 96 3.97357
99 96 4.32782
100 96 4.67499
101 96 4.99199
102 96 5.22623
103 96 5.10786
104 96 5.00097
105 96 4.89486
106 96 4.78696
107 96 4.67904
108 96 4.57129
109 96 4.46372
110 96 4.35555
111 96 4.24619
112 96 4.13654
113 96 4.02585
114 96 3.91534
115 96 3.80493
116 96 3.69422
117 96 3.58362
118 96 3.47299
119 96 3.36135
120 96 3.24739
121 96 3.36014
122 96 3.47355
123 96 3.58482
124 96 3.69605
125 96 3.8076
126 96 3.91951
127 96 4.03174
128 96 4.14376
129 96 4.25515
130 96 4.36613
131 96 4.47786
132 96 4.59034
133 96 4.70376
134 96 4.81568
135 96 4.92654
136 96 5.03728
137 96 5.14804
138 96 5.2362
139 96 5.1305
140 96 4.7319
141 96 4.36778
142 96 4.00743
143 96 3.64698
144 96 3.28658
145 96 2.92519
146 96 2.56363
147 96 2.20251
148 96 1.84101
149 96 1.47655
150 96 1.11246
151 96 0.747353
152 96 0.382197
153 96 0.017363
154 96 -0.348423
155 96 -0.714604
156 96 -1.08089
157 96 -1.44817
158 96 -1.81627
159 96 -2.18387
160 96 -2.54937
161 96 -2.92492
162 96 -3.31784
163 96 -3.60965
164 96 -3.84147
165 96 -4.01541
166 96 -4.20329
167 96 -4.40129
168 96 -4.60496
169 96 -4.81037
170 96 -5.01822
171 96 -9.35257
172 96 -9.35257
173 96 -9.35257
174 96 -9.35257
175 96 -9.35257
176 96 -9.35257
177 96 -9.35257
178 96 -9.35257
179 96 -9.35257
180 96 -9.35257
181 96 -9.35257
182 96 -9.35257
183 96 -9.35257
184 96 -9.35257
185 96 -9.35257
186 96 -9.35257
187 96 -9.35257
188 96 -9.35257
189 96 -9.35257
190 96 -9.35257
191 96 -9.35257
192 96 -9.35257
193 96 -9.35257
194 96 -9.35257
195 96 -9.35257
196 96 -9.35257
197 96 -9.35257
198 96 -9.35257
199 96 -9.35257
200 96 -9.35257
201 96 -9.35257
202 96 -9.35257
203 96 -9.35257
204 96 -9.35257
205 96 -9.35257
206 96 -9.35257
207 96 -9.35257
208 96 -9.35257
209 96 -9.35257
210 96 -9.35257
211 96 -9.35257
212 96 -9.35257
213 96 -9.35257
214 96 -9.35257
215 96 -9.35257
216 96 -9.35257
217 96 -9.35257
218 96 -9.35257
219 96 -9.35257
220 96 -9.35257
221 96 -9.35257
222 96 -9.35257
223 96 -9.35257
224 96 -9.35257
225 96 -9.35257
226 96 -9.35257
227 96 -9.35257
228 96 -9.35257
229 96 -9.35257
230 96 -9.35257
231 96 -9.35257
232 96 -9.35257
233 96 -9.35257
234 96 -9.35257
235 96 -9.35257
236 96 -9.35257
237 96 -9.35257
238 96 -9.35257
239 96 -9.35257
0 97 -9.35257
1 97 -9.35257
2 97 -9.35257
3 97 -9.35257
4 97 -9.35257
5 97 -9.35257
6 97 -9.35257
7 97 -9.35257
8 97 -9.35257
9 97 -9.35257
10 97 -9.35257
11 97 -9.35257
12 97 -9.35257
13 97 -9.35257
14 97 -9.35257
15 97 -9.35257
16 97 -9.35257
17 97 -9.35257
18 97 -9.35257
19 97 -9.35257
20 97 -9.35257
21 97 -9.35257
22 97 -9.35257
23 97 -9.35257
24 97 -9.35257
25 97 -9.35257
26 97 -9.35257
27 97 -9.35257
28 97 -9.35257
29 97 -9.35257
30 97 -9.35257
31 97 -9.35257
32 97 -9.35257
33 97 -9.35257
34 97 -9.35257
35 97 -9.35257
36 97 -9.35257
37 97 -9.35257
38 97 -9.35257
39 97 -9.35257
40 97 -9.35257
41 97 -9.35257
42 97 -9.35257
43 97 -9.35257
44 97 -9.35257
45 97 -9.35257
46 97 -9.35257
47 97 -9.35257
48 97 -9.35257
49 97 -9.35257
50 97 -9.35257
51 97 -9.35257
52 97 -9.35257
53 97 -9.35257
54 97 -9.35257
55 97 -9.35257
56 97 -9.35257
57 97 -9.35257
58 97 -9.35257
59 97 -9.35257
60 97 -9.35257
61 97 -9.35257
62 97 -9.35257
63 97 -9.35257
64 97 -9.35257
65 97 -9.35257
66 97 -9.35257
67 97 -9.35257
68 97 -9.35257
69 97 -5.22133
70 97 -5.01059
71 97 -4.80072
72 97 -4.59095
73 97 -4.3822
74 97 -4.17605
75 97 -3.97128
76 97 -3.78695
77 97 -3.63071
78 97 -3.32023
79 97 -2.93489
80 97 -2.56314
81 97 -2.20192
82 97 -1.84055
83 97 -1.479
84 97 -1.11724
85 97 -0.755331
86 97 -0.394597
87 97 -0.033901
88 97 0.325676
89 97 0.685416
90 97 1.04408
91 97 1.40231
92 97 1.76034
93 97 2.11818
94 97 2.47648
95 97 2.83309
96 97 3.19016
97 97 3.5463
98 97 3.90271
99 97 4.25899
100 97 4.61462
101 97 4.97807
102 97 5.39784
103 97 5.33396
104 97 5.23867
105 97 5.13378
106 97 5.02671
107 97 4.9192
108 97 4.81192
109 97 4.70485
110 97 4.5978
111 97 4.48927
112 97 4.37936
113 97 4.26894
114 97 4.15878
115 97 4.04887
116 97 3.93857
117 97 3.8284
118 97 3.71849
119 97 3.60714
120 97 3.49318
121 97 3.60619
122 97 3.71954
123 97 3.83192
124 97 3.94342
125 97 4.05516
126 97 4.16722
127 97 4.27971
128 97 4.3928
129 97 4.50416
130 97 4.61548
131 97 4.72743
132 97 4.84019
133 97 4.95374
134 97 5.06773
135 97 5.17852
136 97 5.29275
137 97 5.43078
138 97 5.36754
139 97 5.03463
140 97 4.67297
141 97 4.31186
142 97 3.95116
143 97 3.59056
144 97 3.22991
145 97 2.86849
146 97 2.50699
147 97 2.14554
148 97 1.78345
149 97 1.42077
150 97 1.05648
151 97 0.691904
152 97 0.327654
153 97 -0.0369181
154 97 -0.402286
155 97 -0.768089
156 97 -1.13409
157 97 -1.50093
158 97 -1.87066
159 97 -2.24052
160 97 -2.59048
161 97 -2.96328
162 97 -3.21771
163 97 -3.40949
164 97 -3.61119
165 97 -3.8009
166 97 -3.99245
167 97 -4.18828
168 97 -4.38967
169 97 -4.59274
170 97 -4.79719
171 97 -5.00366
172 97 -9.35257
173 97 -9.35257
174 97 -9.35257
175 97 -9.35257
176 97 -9.35257
177 97 -9.35257
178 97 -9.35257
179 97 -9.35257
180 97 -9.35257
181 97 -9.35257
182 97 -9.35257
183 97 -9.35257
184 97 -9.35257
185 97 -9.35257
186 97 -9.35257
187 97 -9.35257
188 97 -9.35257
189 97 -9.35257
190 97 -9.35257
191 97 -9.35257
192 97 -9.35257
193 97 -9.35257
194 97 -9.35257
195 97 -9.35257
196 97 -9.35257
197 97 -9.35257
198 97 -9.35257
199 97 -9.35257
200 97 -9.35257
201 97 -9.35257
202 97 -9.35257
203 97 -9.35257
204 97 -9.35257
205 97 -9.35257
206 97 -9.35257
207 97 -9.35257
208 97 -9.35257
209 97 -9.35257
210 97 -9.35257
211 97 -9.35257
212 97 -9.35257
213 97 -9.35257
214 97 -9.35257
215 97 -9.35257
216 97 -9.35257
217 97 -9.35257
218 97 -9.35257
219 97 -9.35257
220 97 -9.35257
221 97 -9.35257
222 97 -9.35257
223 97 -9.35257
224 97 -9.35257
225 97 -9.35257
226 97 -9.35257
227 97 -9.35257
228 97 -9.35257
229 97 -9.35257
230 97 -9.35257
231 97 -9.35257
232 97 -9.35257
233 97 -9.35257
234 97 -9.35257
235 97 -9.35257
236 97 -9.35257
237 97 -9.35257
238 97 -9.35257
239 97 -9.35257
0 98 -9.35257
1 98 -9.35257
2 98 -9.35257
3 98 -9.35257
4 98 -9.35257
5 98 -9.35257
6 98 -9.35257
7 98 -9.35257
8 98 -9.35257
9 98 -9.35257
10 98 -9.35257
11 98 -9.35257
12 98 -9.35257
13 98 -9.35257
14 98 -9.35257
15 98 -9.35257
16 98 -9.35257
17 98 -9.35257
18 98 -9.35257
19 98 -9.35257
20 98 -9.35257
21 98 -9.35257
22 98 -9.35257
23 98 -9.35257
24 98 -9.35257
25 98 -9.35257
26 98 -9.35257
27 98 -9.35257
28 98 -9.35257
29 98 -9.35257
30 98 -9.35257
31 98 -9.35257
32 98 -9.35257
33 98 -9.35257
34 98 -9.35257
35 98 -9.35257
36 98 -9.35257
37 98 -9.35257
38 98 -9.35257
39 98 -9.35257
40 98 -9.35257
41 98 -9.35257
42 98 -9.35257
43 98 -9.35257
44 98 -9.35257
45 98 -9.35257
46 98 -9.35257
47 98 -9.35257
48 98 -9.35257
49 98 -9.35257
50 98 -9.35257
51 98 -9.35257
52 98 -9.35257
53 98 -9.35257
54 98 -9.35257
55 98 -9.35257
56 98 -9.35257
57 98 -9.35257
58 98 -9.35257
59 98 -9.35257
60 98 -9.35257
61 98 -9.35257
62 98 -9.35257
63 98 -9.35257
64 98 -9.35257
65 98 -9.35257
66 98 -9.35257
67 98 -9.35257
68 98 -5.2344
69 98 -5.02474
70 98 -4.81655
71 98 -4.60833
72 98 -4.39991
73 98 -4.19399
74 98 -3.9899
75 98 -3.78898
76 98 -3.59666
77 98 -3.40611
78 98 -3.18666
79 98 -3.00768
80 98 -2.63483
81 98 -2.28493
82 98 -1.92406
83 98 -1.56351
84 98 -1.19996
85 98 -0.836295
86 98 -0.474159
87 98 -0.112707
88 98 0.248222
89 98 0.60856
90 98 0.96885
91 98 1.32736
92 98 1.68629
93 98 2.04428
94 98 2.40259
95 98 2.76076
96 98 3.118
97 98 3.47509
98 98 3.83199
99 98 4.18937
100 98 4.54643
101 98 4.9057
102 98 5.26822
103 98 5.59138
104 98 5.48364
105 98 5.37366
106 98 5.26614
107 98 5.15905
108 98 5.05233
109 98 4.94588
110 98 4.84
111 98 4.73134
112 98 4.62158
113 98 4.51171
114 98 4.40197
115 98 4.29234
116 98 4.1828
117 98 4.07285
118 98 3.96313
119 98 3.85264
120 98 3.73839
121 98 3.852
122 98 3.96568
123 98 4.07918
124 98 4.19067
125 98 4.3025
126 98 4.41461
127 98 4.5271
128 98 4.63967
129 98 4.75221
130 98 4.86419
131 98 4.97619
132 98 5.08923
133 98 5.20328
134 98 5.31749
135 98 5.42705
136 98 5.52442
137 98 5.59974
138 98 5.30385
139 98 4.96749
140 98 4.61349
141 98 4.25497
142 98 3.89478
143 98 3.53422
144 98 3.17341
145 98 2.81189
146 98 2.45029
147 98 2.08866
148 98 1.72646
149 98 1.36429
150 98 1.00022
151 98 0.636128
152 98 0.272589
153 98 -0.0909678
154 98 -0.455713
155 98 -0.821376
156 98 -1.18701
157 98 -1.55081
158 98 -1.92491
159 98 -2.31763
160 98 -2.60876
161 98 -2.8395
162 98 -3.01301
163 98 -3.20011
164 98 -3.39289
165 98 -3.58456
166 98 -3.77822
167 98 -3.97429
168 98 -4.1727
169 98 -4.37373
170 98 -4.57685
171 98 -4.78082
172 98 -4.9856
173 98 -9.35257
174 98 -9.35257
175 98 -9.35257
176 98 -9.35257
177 98 -9.35257
178 98 -9.35257
179 98 -9.35257
180 98 -9.35257
181 98 -9.35257
182 98 -9.35257
183 98 -9.35257
184 98 -9.35257
185 98 -9.35257
186 98 -9.35257
187 98 -9.35257
188 98 -9.35257
189 98 -9.35257
190 98 -9.35257
191 98 -9.35257
192 98 -9.35257
193 98 -9.35257
194 98 -9.35257
195 98 -9.35257
196 98 -9.35257
197 98 -9.35257
198 98 -9.35257
199 98 -9.35257
200 98 -9.35257
201 98 -9.35257
202 98 -9.35257
203 98 -9.35257
204 98 -9.35257
205 98 -9.35257
206 98 -9.35257
207 98 -9.35257
208 98 -9.35257
209 98 -9.35257
210 98 -9.35257
211 98 -9.35257
212 98 -9.35257
213 98 -9.35257
214 98 -9.35257
215 98 -9.35257
216 98 -9.35257
217 98 -9.35257
218 98 -9.35257
219 98 -9.35257
220 98 -9.35257
221 98 -9.35257
222 98 -9.35257
223 98 -9.35257
224 98 -9.35257
225 98 -9.35257
226 98 -9.35257
227 98 -9.35257
228 98 -9.35257
229 98 -9.35257
230 98 -9.35257
231 98 -9.35257
232 98 -9.35257
233 98 -9.35257
234 98 -9.35257
235 98 -9.35257
236 98 -9.35257
237 98 -9.35257
238 98 -9.35257
239 98 -9.35257
0 99 -9.35257
1 99 -9.35257
2 99 -9.35257
3 99 -9.35257
4 99 -9.35257
5 99 -9.35257
6 99 -9.35257
7 99 -9.35257
8 99 -9.35257
9 99 -9.35257
10 99 -9.35257
11 99 -9.35257
12 99 -9.35257
13 99 -9.35257
14 99 -9.35257
15 99 -9.35257
16 99 -9.35257
17 99 -9.35257
18 99 -9.35257
19 99 -9.35257
20 99 -9.35257
21 99 -9.35257
22 99 -9.35257
23 99 -9.35257
24 99 -9.35257
25 99 -9.35257
26 99 -9.35257
27 99 -9.35257
28 99 -9.35257
29 99 -9.35257
30 99 -9.35257
31 99 -9.35257
32 99 -9.35257
33 99 -9.35257
34 99 -9.35257
35 99 -9.35257
36 99 -9.35257
37 99 -9.35257
38 99 -9.35257
39 99 -9.35257
40 99 -9.35257
41 99 -9.35257
42 99 -9.35257
43 99 -9.35257
44 99 -9.35257
45 99 -9.35257
46 99 -9.35257
47 99 -9.35257
48 99 -9.35257
49 99 -9.35257
50 99 -9.35257
51 99 -9.35257
52 99 -9.35257
53 99 -9.35257
54 99 -9.35257
55 99 -9.35257
56 99 -9.35257
57 99 -9.35257
58 99 -9.35257
59 99 -9.35257
60 99 -9.35257
61 99 -9.35257
62 99 -9.35257
63 99 -9.35257
64 99 -9.35257
65 99 -9.35257
66 99 -9.35257
67 99 -5.24802
68 99 -5.03947
69 99 -4.83118
70 99 -4.62323
71 99 -4.41612
72 99 -4.20973
73 99 -4.0046
74 99 -3.80174
75 99 -3.60147
76 99 -3.40522
77 99 -3.21042
78 99 -3.01317
79 99 -2.83525
80 99 -2.68485
81 99 -2.38092
82 99 -2.00727
83 99 -1.65304
84 99 -1.28453
85 99 -0.917691
86 99 -0.553211
87 99 -0.19099
88 99 0.171183
89 99 0.531754
90 99 0.892071
91 99 1.25198
92 99 1.61109
93 99 1.97006
94 99 2.32883
95 99 2.6879
96 99 3.046
97 99 3.4039
98 99 3.7608
99 99 4.11794
100 99 4.47476
101 99 4.83007
102 99 5.17778
103 99 5.49483
104 99 5.72963
105 99 5.61109
106 99 5.50426
107 99 5.39852
108 99 5.29239
109 99 5.18634
110 99 5.08032
111 99 4.9734
112 99 4.86382
113 99 4.75433
114 99 4.64495
115 99 4.53573
116 99 4.42663
117 99 4.31706
118 99 4.20736
119 99 4.09619
120 99 3.98349
121 99 4.09754
122 99 4.21108
123 99 4.32457
124 99 4.43759
125 99 4.54954
126 99 4.66164
127 99 4.77399
128 99 4.88666
129 99 5.0001
130 99 5.11201
131 99 5.22403
132 99 5.33739
133 99 5.45279
134 99 5.57039
135 99 5.68693
136 99 5.77815
137 99 5.67575
138 99 5.27969
139 99 4.91678
140 99 4.55816
141 99 4.19879
142 99 3.83841
143 99 3.47774
144 99 3.11668
145 99 2.75498
146 99 2.39327
147 99 2.03138
148 99 1.66908
149 99 1.30705
150 99 0.943029
151 99 0.57943
152 99 0.21717
153 99 -0.145613
154 99 -0.508958
155 99 -0.875062
156 99 -1.24271
157 99 -1.59074
158 99 -1.96253
159 99 -2.21634
160 99 -2.40686
161 99 -2.60696
162 99 -2.7956
163 99 -2.98501
164 99 -3.17638
165 99 -3.36832
166 99 -3.56245
167 99 -3.75794
168 99 -3.9548
169 99 -4.15475
170 99 -4.3565
171 99 -4.55879
172 99 -4.76105
173 99 -4.9642
174 99 -9.35257
175 99 -9.35257
176 99 -9.35257
177 99 -9.35257
178 99 -9.35257
179 99 -9.35257
180 99 -9.35257
181 99 -9.35257
182 99 -9.35257
183 99 -9.35257
184 99 -9.35257
185 99 -9.35257
186 99 -9.35257
187 99 -9.35257
188 99 -9.35257
189 99 -9.35257
190 99 -9.35257
191 99 -9.35257
192 99 -9.35257
193 99 -9.35257
194 99 -9.35257
195 99 -9.35257
196 99 -9.35257
197 99 -9.35257
198 99 -9.35257
199 99 -9.35257
200 99 -9.35257
201 99 -9.35257
202 99 -9.35257
203 99 -9.35257
204 99 -9.35257
205 99 -9.35257
206 99 -9.35257
207 99 -9.35257
208 99 -9.35257
209 99 -9.35257
210 99 -9.35257
211 99 -9.35257
212 99 -9.35257
213 99 -9.35257
214 99 -9.35257
215 99 -9.35257
216 99 -9.35257
217 99 -9.35257
218 99 -9.35257
219 99 -9.35257
220 99 -9.35257
221 99 -9.35257
222 99 -9.35257
223 99 -9.35257
224 99 -9.35257
225 99 -9.35257
226 99 -9.35257
227 99 -9.35257
228 99 -9.35257
229 99 -9.35257
230 99 -9.35257
231 99 -9.35257
232 99 -9.35257
233 99 -9.35257
234 99 -9.35257
235 99 -9.35257
236 99 -9.35257
237 99 -9.35257
238 99 -9.35257
239 99 -9.35257
0 100 -9.35257
1 100 -9.35257
2 100 -9.35257
3 100 -9.35257
4 100 -9.35257
5 100 -9.35257
6 100 -9.35257
7 100 -9.35257
8 100 -9.35257
9 100 -9.35257
10 100 -9.35257
11 100 -9.35257
12 100 -9.35257
13 100 -9.35257
14 100 -9.35257
15 100 -9.35257
16 100 -9.35257
17 100 -9.35257
18 100 -9.35257
19 100 -9.35257
20 100 -9.35257
21 100 -9.35257
22 100 -9.35257
23 100 -9.35257
24 100 -9.35257
25 100 -9.35257
26 100 -9.35257
27 100 -9.35257
28 100 -9.35257
29 100 -9.35257
30 100 -9.35257
31 100 -9.35257
32 100 -9.35257
33 100 -9.35257
34 100 -9.35257
35 100 -9.35257
36 100 -9.35257
37 100 -9.35257
38 100 -9.35257
39 100 -9.35257
40 100 -9.35257
41 100 -9.35257
42 100 -9.35257
43 100 -9.35257
44 100 -9.35257
45 100 -9.35257
46 100 -9.35257
47 100 -9.35257
48 100 -9.35257
49 100 -9.35257
50 100 -9.35257
51 100 -9.35257
52 100 -9.35257
53 100 -9.35257
54 100 -9.35257
55 100 -9.35257
56 100 -9.35257
57 100 -9.35257
58 100 -9.35257
59 100 -9.35257
60 100 -9.35257
61 100 -9.35257
62 100 -9.35257
63 100 -9.35257
64 100 -9.35257
65 100 -9.35257
66 100 -5.25995
67 100 -5.05222
68 100 -4.84498
69 100 -4.6373
70 100 -4.42958
71 100 -4.22386
72 100 -4.01829
73 100 -3.81348
74 100 -3.61166
75 100 -3.411
76 100 -3.2129
77 100 -3.01783
78 100 -2.82374
79 100 -2.63529
80 100 -2.44934
81 100 -2.23581
82 100 -2.07121
83 100 -1.75743
84 100 -1.36986
85 100 -0.996731
86 100 -0.633317
87 100 -0.269226
88 100 0.0936915
89 100 0.455201
90 100 0.815699
91 100 1.17597
92 100 1.53603
93 100 1.89586
94 100 2.25477
95 100 2.61394
96 100 2.97294
97 100 3.33159
98 100 3.68937
99 100 4.04683
100 100 4.40443
101 100 4.76078
102 100 5.11781
103 100 5.48055
104 100 5.9006
105 100 5.83674
106 100 5.74128
107 100 5.63753
108 100 5.53236
109 100 5.4267
110 100 5.32154
111 100 5.21538
112 100 5.10595
113 100 4.99678
114 100 4.88779
115 100 4.77891
116 100 4.67015
117 100 4.56132
118 100 4.45173
119 100 4.34007
120 100 4.22816
121 100 4.34276
122 100 4.45663
123 100 4.57054
124 100 4.68474
125 100 4.79644
126 100 4.90841
127 100 5.02055
128 100 5.1329
129 100 5.24562
130 100 5.35872
131 100 5.47051
132 100 5.58352
133 100 5.70008
134 100 5.82278
135 100 5.96779
136 100 5.91047
137 100 5.58145
138 100 5.22178
139 100 4.86178
140 100 4.50272
141 100 4.14268
142 100 3.78234
143 100 3.42167
144 100 3.06001
145 100 2.69809
146 100 2.33643
147 100 1.97394
148 100 1.61143
149 100 1.24947
150 100 0.884851
151 100 0.521394
152 100 0.160268
153 100 -0.200636
154 100 -0.55982
155 100 -0.930047
156 100 -1.31897
157 100 -1.6073
158 100 -1.83773
159 100 -2.00992
160 100 -2.19533
161 100 -2.38674
162 100 -2.57735
163 100 -2.76792
164 100 -2.95923
165 100 -3.15147
166 100 -3.34528
167 100 -3.54016
168 100 -3.73551
169 100 -3.93481
170 100 -4.13559
171 100 -4.33672
172 100 -4.53804
173 100 -4.73986
174 100 -4.94392
175 100 -9.35257
176 100 -9.35257
177 100 -9.35257
178 100 -9.35257
179 100 -9.35257
180 100 -9.35257
181 100 -9.35257
182 100 -9.35257
183 100 -9.35257
184 100 -9.35257
185 100 -9.35257
186 100 -9.35257
187 100 -9.35257
188 100 -9.35257
189 100 -9.35257
190 100 -9.35257
191 100 -9.35257
192 100 -9.35257
193 100 -9.35257
194 100 -9.35257
195 100 -9.35257
196 100 -9.35257
197 100 -9.35257
198 100 -9.35257
199 100 -9.35257
200 100 -9.35257
201 100 -9.35257
202 100 -9.35257
203 100 -9.35257
204 100 -9.35257
205 100 -9.35257
206 100 -9.35257
207 100 -9.35257
208 100 -9.35257
209 100 -9.35257
210 100 -9.35257
211 100 -9.35257
212 100 -9.35257
213 100 -9.35257
214 100 -9.35257
215 100 -9.35257
216 100 -9.35257
217 100 -9.35257
218 100 -9.35257
219 100 -9.35257
220 100 -9.35257
221 100 -9.35257
222 100 -9.35257
223 100 -9.35257
224 100 -9.35257
225 100 -9.35257
226 100 -9.35257
227 100 -9.35257
228 100 -9.35257
229 100 -9.35257
230 100 -9.35257
231 100 -9.35257
232 100 -9.35257
233 100 -9.35257
234 100 -9.35257
235 100 -9.35257
236 100 -9.35257
237 100 -9.35257
238 100 -9.35257
239 100 -9.35257
0 101 -9.35257
1 101 -9.35257
2 101 -9.35257
3 101 -9.35257
4 101 -9.35257
5 101 -9.35257
6 101 -9.35257
7 101 -9.35257
8 101 -9.35257
9 101 -9.35257
10 101 -9.35257
11 101 -9.35257
12 101 -9.35257
13 101 -9.35257
14 101 -9.35257
15 101 -9.35257
16 101 -9.35257
17 101 -9.35257
18 101 -9.35257
19 101 -9.35257
20 101 -9.35257
21 101 -9.35257
22 101 -9.35257
23 101 -9.35257
24 101 -9.35257
25 101 -9.35257
26 101 -9.35257
27 101 -9.35257
28 101 -9.35257
29 101 -9.35257
30 101 -9.35257
31 101 -9.35257
32 101 -9.35257
33 101 -9.35257
34 101 -9.35257
35 101 -9.35257
36 101 -9.35257
37 101 -9.35257
38 101 -9.35257
39 101 -9.35257
40 101 -9.35257
41 101 -9.35257
42 101 -9.35257
43 101 -9.35257
44 101 -9.35257
45 101 -9.35257
46 101 -9.35257
47 101 -9.35257
48 101 -9.35257
49 101 -9.35257
50 101 -9.35257
51 101 -9.35257
52 101 -9.35257
53 101 -9.35257
54 101 -9.35257
55 101 -9.35257
56 101 -9.35257
57 101 -9.35257
58 101 -9.35257
59 101 -9.35257
60 101 -9.35257
61 101 -9.35257
62 101 -9.35257
63 101 -9.35257
64 101 -9.35257
65 101 -5.27301
66 101 -5.06626
67 101 -4.85837
68 101 -4.65093
69 101 -4.44411
70 101 -4.23729
71 101 -4.03143
72 101 -3.82675
73 101 -3.62272
74 101 -3.4204
75 101 -3.21982
76 101 -3.02091
77 101 -2.82425
78 101 -2.62932
79 101 -2.4362
80 101 -2.24208
81 101 -2.04175
82 101 -1.84503
83 101 -1.62336
84 101 -1.44277
85 101 -1.06765
86 101 -0.714101
87 101 -0.347725
88 101 0.0176074
89 101 0.379484
90 101 0.73955
91 101 1.1
92 101 1.45993
93 101 1.82049
94 101 2.18044
95 101 2.54014
96 101 2.90005
97 101 3.25888
98 101 3.61808
99 101 3.97557
100 101 4.33323
101 101 4.69081
102 101 5.04872
103 101 5.40895
104 101 5.77127
105 101 6.09396
106 101 5.98652
107 101 5.87795
108 101 5.77199
109 101 5.66654
110 101 5.56135
111 101 5.45495
112 101 5.34775
113 101 5.23904
114 101 5.13044
115 101 5.02198
116 101 4.91365
117 101 4.80557
118 101 4.69585
119 101 4.5842
120 101 4.47266
121 101 4.5878
122 101 4.70215
123 101 4.81622
124 101 4.93007
125 101 5.04318
126 101 5.15513
127 101 5.26699
128 101 5.37889
129 101 5.49087
130 101 5.60293
131 101 5.71492
132 101 5.82611
133 101 5.9389
134 101 6.05125
135 101 6.13856
136 101 5.84879
137 101 5.51578
138 101 5.16326
139 101 4.80545
140 101 4.44625
141 101 4.08591
142 101 3.72536
143 101 3.36457
144 101 3.00265
145 101 2.64056
146 101 2.2784
147 101 1.91559
148 101 1.55285
149 101 1.19021
150 101 0.824575
151 101 0.460654
152 101 0.102382
153 101 -0.257377
154 101 -0.59964
155 101 -0.966895
156 101 -1.21723
157 101 -1.40484
158 101 -1.60304
159 101 -1.79028
160 101 -1.9778
161 101 -2.16822
162 101 -2.35916
163 101 -2.55008
164 101 -2.74116
165 101 -2.93396
166 101 -3.12774
167 101 -3.32193
168 101 -3.51688
169 101 -3.71429
170 101 -3.91433
171 101 -4.11447
172 101 -4.31451
173 101 -4.51614
174 101 -4.71902
175 101 -4.9221
176 101 -9.35257
177 101 -9.35257
178 101 -9.35257
179 101 -9.35257
180 101 -9.35257
181 101 -9.35257
182 101 -9.35257
183 101 -9.35257
184 101 -9.35257
185 101 -9.35257
186 101 -9.35257
187 101 -9.35257
188 101 -9.35257
189 101 -9.35257
190 101 -9.35257
191 101 -9.35257
192 101 -9.35257
193 101 -9.35257
194 101 -9.35257
195 101 -9.35257
196 101 -9.35257
197 101 -9.35257
198 101 -9.35257
199 101 -9.35257
200 101 -9.35257
201 101 -9.35257
202 101 -9.35257
203 101 -9.35257
204 101 -9.35257
205 101 -9.35257
206 101 -9.35257
207 101 -9.35257
208 101 -9.35257
209 101 -9.35257
210 101 -9.35257
211 101 -9.35257
212 101 -9.35257
213 101 -9.35257
214 101 -9.35257
215 101 -9.35257
216 101 -9.35257
217 101 -9.35257
218 101 -9.35257
219 101 -9.35257
220 101 -9.35257
221 101 -9.35257
222 101 -9.35257
223 101 -9.35257
224 101 -9.35257
225 101 -9.35257
226 101 -9.35257
227 101 -9.35257
228 101 -9.35257
229 101 -9.35257
230 101 -9.35257
231 101 -9.35257
232 101 -9.35257
233 101 -9.35257
234 101 -9.35257
235 101 -9.35257
236 101 -9.35257
237 101 -9.35257
238 101 -9.35257
239 101 -9.35257
0 102 -9.35257
1 102 -9.35257
2 102 -9.35257
3 102 -9.35257
4 102 -9.35257
5 102 -9.35257
6 102 -9.35257
7 102 -9.35257
8 102 -9.35257
9 102 -9.35257
10 102 -9.35257
11 102 -9.35257
12 102 -9.35257
13 102 -9.35257
14 102 -9.35257
15 102 -9.35257
16 102 -9.35257
17 102 -9.35257
18 102 -9.35257
19 102 -9.35257
20 102 -9.35257
21 102 -9.35257
22 102 -9.35257
23 102 -9.35257
24 102 -9.35257
25 102 -9.35257
26 102 -9.35257
27 102 -9.35257
28 102 -9.35257
29 102 -9.35257
30 102 -9.35257
31 102 -9.35257
32 102 -9.35257
33 102 -9.35257
34 102 -9.35257
35 102 -9.35257
36 102 -9.35257
37 102 -9.35257
38 102 -9.35257
39 102 -9.35257
40 102 -9.35257
41 102 -9.35257
42 102 -9.35257
43 102 -9.35257
44 102 -9.35257
45 102 -9.35257
46 102 -9.35257
47 102 -9.35257
48 102 -9.35257
49 102 -9.35257
50 102 -9.35257
51 102 -9.35257
52 102 -9.35257
53 102 -9.35257
54 102 -9.35257
55 102 -9.35257
56 102 -9.35257
57 102 -9.35257
58 102 -9.35257
59 102 -9.35257
60 102 -9.35257
61 102 -9.35257
62 102 -9.35257
63 102 -9.35257
64 102 -5.288
65 102 -5.0799
66 102 -4.87218
67 102 -4.66476
68 102 -4.45678
69 102 -4.25091
70 102 -4.04472
71 102 -3.83836
72 102 -3.63458
73 102 -3.4309
74 102 -3.22796
75 102 -3.0276
76 102 -2.82776
77 102 -2.62948
78 102 -2.43376
79 102 -2.23812
80 102 -2.04157
81 102 -1.84473
82 102 -1.64749
83 102 -1.44905
84 102 -1.26995
85 102 -1.11715
86 102 -0.808893
87 102 -0.425354
88 102 -0.0562879
89 102 0.303522
90 102 0.663013
91 102 1.02249
92 102 1.38321
93 102 1.74448
94 102 2.10617
95 102 2.46614
96 102 2.82615
97 102 3.1858
98 102 3.54514
99 102 3.90413
100 102 4.26212
101 102 4.62032
102 102 4.97733
103 102 5.33327
104 102 5.68084
105 102 5.99781
106 102 6.2329
107 102 6.11567
108 102 6.01032
109 102 5.90603
110 102 5.80126
111 102 5.69523
112 102 5.58955
113 102 5.4811
114 102 5.37294
115 102 5.26484
116 102 5.15689
117 102 5.04887
118 102 4.93893
119 102 4.82812
120 102 4.71724
121 102 4.83272
122 102 4.94794
123 102 5.06212
124 102 5.17615
125 102 5.29024
126 102 5.40195
127 102 5.51341
128 102 5.62477
129 102 5.73605
130 102 5.84722
131 102 5.95827
132 102 6.06669
133 102 6.17667
134 102 6.30488
135 102 6.22087
136 102 5.83035
137 102 5.46903
138 102 5.11003
139 102 4.75052
140 102 4.39034
141 102 4.02937
142 102 3.66825
143 102 3.30679
144 102 2.94471
145 102 2.58272
146 102 2.22007
147 102 1.85681
148 102 1.49379
149 102 1.1307
150 102 0.762208
151 102 0.39389
152 102 0.0450413
153 102 -0.33199
154 102 -0.614842
155 102 -0.841847
156 102 -1.01015
157 102 -1.19272
158 102 -1.38106
159 102 -1.57039
160 102 -1.75949
161 102 -1.95004
162 102 -2.14093
163 102 -2.33204
164 102 -2.52349
165 102 -2.71634
166 102 -2.90974
167 102 -3.10359
168 102 -3.2979
169 102 -3.49375
170 102 -3.69293
171 102 -3.89227
172 102 -4.09177
173 102 -4.29323
174 102 -4.49486
175 102 -4.69619
176 102 -4.89807
177 102 -9.35257
178 102 -9.35257
179 102 -9.35257
180 102 -9.35257
181 102 -9.35257
182 102 -9.35257
183 102 -9.35257
184 102 -9.35257
185 102 -9.35257
186 102 -9.35257
187 102 -9.35257
188 102 -9.35257
189 102 -9.35257
190 102 -9.35257
191 102 -9.35257
192 102 -9.35257
193 102 -9.35257
194 102 -9.35257
195 102 -9.35257
196 102 -9.35257
197 102 -9.35257
198 102 -9.35257
199 102 -9.35257
200 102 -9.35257
201 102 -9.35257
202 102 -9.35257
203 102 -9.35257
204 102 -9.35257
205 102 -9.35257
206 102 -9.35257
207 102 -9.35257
208 102 -9.35257
209 102 -9.35257
210 102 -9.35257
211 102 -9.35257
212 102 -9.35257
213 102 -9.35257
214 102 -9.35257
215 102 -9.35257
216 102 -9.35257
217 102 -9.35257
218 102 -9.35257
219 102 -9.35257
220 102 -9.35257
221 102 -9.35257
222 102 -9.35257
223 102 -9.35257
224 102 -9.35257
225 102 -9.35257
226 102 -9.35257
227 102 -9.35257
228 102 -9.35257
229 102 -9.35257
230 102 -9.35257
231 102 -9.35257
232 102 -9.35257
233 102 -9.35257
234 102 -9.35257
235 102 -9.35257
236 102 -9.35257
237 102 -9.35257
238 102 -9.35257
239 102 -9.35257
0 103 -9.35257
1 103 -9.35257
2 103 -9.35257
3 103 -9.35257
4 103 -9.35257
5 103 -9.35257
6 103 -9.35257
7 103 -9.35257
8 103 -9.35257
9 103 -9.35257
10 103 -9.35257
11 103 -9.35257
12 103 -9.35257
13 103 -9.35257
14 103 -9.35257
15 103 -9.35257
16 103 -9.35257
17 103 -9.35257
18 103 -9.35257
19 103 -9.35257
20 103 -9.35257
21 103 -9.35257
22 103 -9.35257
23 103 -9.35257
24 103 -9.35257
25 103 -9.35257
26 103 -9.35257
27 103 -9.35257
28 103 -9.35257
29 103 -9.35257
30 103 -9.35257
31 103 -9.35257
32 103 -9.35257
33 103 -9.35257
34 103 -9.35257
35 103 -9.35257
36 103 -9.35257
37 103 -9.35257
38 103 -9.35257
39 103 -9.35257
40 103 -9.35257
41 103 -9.35257
42 103 -9.35257
43 103 -9.35257
44 103 -9.35257
45 103 -9.35257
46 103 -9.35257
47 103 -9.35257
48 103 -9.35257
49 103 -9.35257
50 103 -9.35257
51 103 -9.35257
52 103 -9.35257
53 103 -9.35257
54 103 -9.35257
55 103 -9.35257
56 103 -9.35257
57 103 -9.35257
58 103 -9.35257
59 103 -9.35257
60 103 -9.35257
61 103 -9.35257
62 103 -9.35257
63 103 -5.30376
64 103 -5.09588
65 103 -4.88691
66 103 -4.67835
67 103 -4.47169
68 103 -4.26451
69 103 -4.05803
70 103 -3.8523
71 103 -3.64672
72 103 -3.44229
73 103 -3.23902
74 103 -3.03628
75 103 -2.83488
76 103 -2.63487
77 103 -2.43552
78 103 -2.23812
79 103 -2.04159
80 103 -1.84474
81 103 -1.6481
82 103 -1.45262
83 103 -1.25881
84 103 -1.07081
85 103 -0.883875
86 103 -0.666626
87 103 -0.490554
88 103 -0.120927
89 103 0.226614
90 103 0.586316
91 103 0.943727
92 103 1.30575
93 103 1.66805
94 103 2.03029
95 103 2.39208
96 103 2.75262
97 103 3.11285
98 103 3.47253
99 103 3.83227
100 103 4.19081
101 103 4.5489
102 103 4.90646
103 103 5.26309
104 103 5.61975
105 103 5.98355
106 103 6.40407
107 103 6.34151
108 103 6.24749
109 103 6.14524
110 103 6.04108
111 103 5.93517
112 103 5.82935
113 103 5.72288
114 103 5.61518
115 103 5.50756
116 103 5.39999
117 103 5.29185
118 103 5.1819
119 103 5.07211
120 103 4.96241
121 103 5.07791
122 103 5.19336
123 103 5.30829
124 103 5.42227
125 103 5.5359
126 103 5.64913
127 103 5.76003
128 103 5.87086
129 103 5.98145
130 103 6.09163
131 103 6.20034
132 103 6.30472
133 103 6.39462
134 103 6.45782
135 103 6.14328
136 103 5.78235
137 103 5.419
138 103 5.05693
139 103 4.69589
140 103 4.33427
141 103 3.9726
142 103 3.61127
143 103 3.24907
144 103 2.88669
145 103 2.5247
146 103 2.16177
147 103 1.79778
148 103 1.4348
149 103 1.0737
150 103 0.699666
151 103 0.307659
152 103 0.0153157
153 103 -0.2226
154 103 -0.407713
155 103 -0.604886
156 103 -0.789666
157 103 -0.975478
158 103 -1.16267
159 103 -1.35067
160 103 -1.54059
161 103 -1.73148
162 103 -1.92246
163 103 -2.1136
164 103 -2.30528
165 103 -2.49812
166 103 -2.69126
167 103 -2.88475
168 103 -3.07893
169 103 -3.27446
170 103 -3.47131
171 103 -3.66988
172 103 -3.86912
173 103 -4.07011
174 103 -4.27097
175 103 -4.47169
176 103 -4.67269
177 103 -4.87455
178 103 -9.35257
179 103 -9.35257
180 103 -9.35257
181 103 -9.35257
182 103 -9.35257
183 103 -9.35257
184 103 -9.35257
185 103 -9.35257
186 103 -9.35257
187 103 -9.35257
188 103 -9.35257
189 103 -9.35257
190 103 -9.35257
191 103 -9.35257
192 103 -9.35257
193 103 -9.35257
194 103 -9.35257
195 103 -9.35257
196 103 -9.35257
197 103 -9.35257
198 103 -9.35257
199 103 -9.35257
200 103 -9.35257
201 103 -9.35257
202 103 -9.35257
203 103 -9.35257
204 103 -9.35257
205 103 -9.35257
206 103 -9.35257
207 103 -9.35257
208 103 -9.35257
209 103 -9.35257
210 103 -9.35257
211 103 -9.35257
212 103 -9.35257
213 103 -9.35257
214 103 -9.35257
215 103 -9.35257
216 103 -9.35257
217 103 -9.35257
218 103 -9.35257
219 103 -9.35257
220 103 -9.35257
221 103 -9.35257
222 103 -9.35257
223 103 -9.35257
224 103 -9.35257
225 103 -9.35257
226 103 -9.35257
227 103 -9.35257
228 103 -9.35257
229 103 -9.35257
230 103 -9.35257
231 103 -9.35257
232 103 -9.35257
233 103 -9.35257
234 103 -9.35257
235 103 -9.35257
236 103 -9.35257
237 103 -9.35257
238 103 -9.35257
239 103 -9.35257
0 104 -9.35257
1 104 -9.35257
2 104 -9.35257
3 104 -9.35257
4 104 -9.35257
5 104 -9.35257
6 104 -9.35257
7 104 -9.35257
8 104 -9.35257
9 104 -9.35257
10 104 -9.35257
11 104 -9.35257
12 104 -9.35257
13 104 -9.35257
14 104 -9.35257
15 104 -9.35257
16 104 -9.35257
17 104 -9.35257
18 104 -9.35257
19 104 -9.35257
20 104 -9.35257
21 104 -9.35257
22 104 -9.35257
23 104 -9.35257
24 104 -9.35257
25 104 -9.35257
26 104 -9.35257
27 104 -9.35257
28 104 -9.35257
29 104 -9.35257
30 104 -9.35257
31 104 -9.35257
32 104 -9.35257
33 104 -9.35257
34 104 -9.35257
35 104 -9.35257
36 104 -9.35257
37 104 -9.35257
38 104 -9.35257
39 104 -9.35257
40 104 -9.35257
41 104 -9.35257
42 104 -9.35257
43 104 -9.35257
44 104 -9.35257
45 104 -9.35257
46 104 -9.35257
47 104 -9.35257
48 104 -9.35257
49 104 -9.35257
50 104 -9.35257
51 104 -9.35257
52 104 -9.35257
53 104 -9.35257
54 104 -9.35257
55 104 -9.35257
56 104 -9.35257
57 104 -9.35257
58 104 -9.35257
59 104 -9.35257
60 104 -9.35257
61 104 -9.35257
62 104 -5.32077
63 104 -5.11243
64 104 -4.90317
65 104 -4.69459
66 104 -4.48657
67 104 -4.27914
68 104 -4.07223
69 104 -3.86493
70 104 -3.65974
71 104 -3.45461
72 104 -3.24938
73 104 -3.0466
74 104 -2.84392
75 104 -2.64132
76 104 -2.4413
77 104 -2.24134
78 104 -2.04216
79 104 -1.84538
80 104 -1.64835
81 104 -1.45114
82 104 -1.25692
83 104 -1.0634
84 104 -0.871176
85 104 -0.68091
86 104 -0.487251
87 104 -0.310758
88 104 -0.163652
89 104 0.137544
90 104 0.508586
91 104 0.860349
92 104 1.22596
93 104 1.59168
94 104 1.95486
95 104 2.31783
96 104 2.67938
97 104 3.04028
98 104 3.39985
99 104 3.75949
100 104 4.11868
101 104 4.47746
102 104 4.8356
103 104 5.19291
104 104 5.55133
105 104 5.9113
106 104 6.27491
107 104 6.5986
108 104 6.49289
109 104 6.38618
110 104 6.28068
111 104 6.17503
112 104 6.0697
113 104 5.96437
114 104 5.85727
115 104 5.75022
116 104 5.64339
117 104 5.53437
118 104 5.42465
119 104 5.31524
120 104 5.20631
121 104 5.32315
122 104 5.4383
123 104 5.55236
124 104 5.66569
125 104 5.7789
126 104 5.89169
127 104 6.00365
128 104 6.11412
129 104 6.22421
130 104 6.33402
131 104 6.44379
132 104 6.55243
133 104 6.63473
134 104 6.52189
135 104 6.11171
136 104 5.73474
137 104 5.36673
138 104 5.00243
139 104 4.63981
140 104 4.27731
141 104 3.91511
142 104 3.55314
143 104 3.19057
144 104 2.82792
145 104 2.46558
146 104 2.10274
147 104 1.73735
148 104 1.37192
149 104 1.02635
150 104 0.654726
151 104 0.40055
152 104 0.208823
153 104 0.00466836
154 104 -0.188476
155 104 -0.38027
156 104 -0.569024
157 104 -0.756815
158 104 -0.944151
159 104 -1.13072
160 104 -1.32159
161 104 -1.51278
162 104 -1.70378
163 104 -1.89458
164 104 -2.08677
165 104 -2.27957
166 104 -2.4724
167 104 -2.66521
168 104 -2.85953
169 104 -3.05455
170 104 -3.24971
171 104 -3.44708
172 104 -3.6468
173 104 -3.84711
174 104 -4.04721
175 104 -4.24693
176 104 -4.44773
177 104 -4.64873
178 104 -4.84982
179 104 -9.35257
180 104 -9.35257
181 104 -9.35257
182 104 -9.35257
183 104 -9.35257
184 104 -9.35257
185 104 -9.35257
186 104 -9.35257
187 104 -9.35257
188 104 -9.35257
189 104 -9.35257
190 104 -9.35257
191 104 -9.35257
192 104 -9.35257
193 104 -9.35257
194 104 -9.35257
195 104 -9.35257
196 104 -9.35257
197 104 -9.35257
198 104 -9.35257
199 104 -9.35257
200 104 -9.35257
201 104 -9.35257
202 104 -9.35257
203 104 -9.35257
204 104 -9.35257
205 104 -9.35257
206 104 -9.35257
207 104 -9.35257
208 104 -9.35257
209 104 -9.35257
210 104 -9.35257
211 104 -9.35257
212 104 -9.35257
213 104 -9.35257
214 104 -9.35257
215 104 -9.35257
216 104 -9.35257
217 104 -9.35257
218 104 -9.35257
219 104 -9.35257
220 104 -9.35257
221 104 -9.35257
222 104 -9.35257
223 104 -9.35257
224 104 -9.35257
225 104 -9.35257
226 104 -9.35257
227 104 -9.35257
228 104 -9.35257
229 104 -9.35257
230 104 -9.35257
231 104 -9.35257
232 104 -9.35257
233 104 -9.35257
234 104 -9.35257
235 104 -9.35257
236 104 -9.35257
237 104 -9.35257
238 104 -9.35257
239 104 -9.35257
0 105 -9.35257
1 105 -9.35257
2 105 -9.35257
3 105 -9.35257
4 105 -9.35257
5 105 -9.35257
6 105 -9.35257
7 105 -9.35257
8 105 -9.35257
9 105 -9.35257
10 105 -9.35257
11 105 -9.35257
12 105 -9.35257
13 105 -9.35257
14 105 -9.35257
15 105 -9.35257
16 105 -9.35257
17 105 -9.35257
18 105 -9.35257
19 105 -9.35257
20 105 -9.35257
21 105 -9.35257
22 105 -9.35257
23 105 -9.35257
24 105 -9.35257
25 105 -9.35257
26 105 -9.35257
27 105 -9.35257
28 105 -9.35257
29 105 -9.35257
30 105 -9.35257
31 105 -9.35257
32 105 -9.35257
33 105 -9.35257
34 105 -9.35257
35 105 -9.35257
36 105 -9.35257
37 105 -9.35257
38 105 -9.35257
39 105 -9.35257
40 105 -9.35257
41 105 -9.35257
42 105 -9.35257
43 105 -9.35257
44 105 -9.35257
45 105 -9.35257
46 105 -9.35257
47 105 -9.35257
48 105 -9.35257
49 105 -9.35257
50 105 -9.35257
51 105 -9.35257
52 105 -9.35257
53 105 -9.35257
54 105 -9.35257
55 105 -9.35257
56 105 -9.35257
57 105 -9.35257
58 105 -9.35257
59 105 -9.35257
60 105 -9.35257
61 105 -5.33825
62 105 -5.13046
63 105 -4.92103
64 105 -4.71098
65 105 -4.50276
66 105 -4.29489
67 105 -4.08661
68 105 -3.88033
69 105 -3.67371
70 105 -3.4671
71 105 -3.2626
72 105 -3.05803
73 105 -2.85407
74 105 -2.65147
75 105 -2.4492
76 105 -2.24768
77 105 -2.04756
78 105 -1.84781
79 105 -1.64943
80 105 -1.45242
81 105 -1.25606
82 105 -1.06051
83 105 -0.866687
84 105 -0.673639
85 105 -0.481338
86 105 -0.290711
87 105 -0.104571
88 105 0.0778348
89 105 0.288098
90 105 0.450137
91 105 0.76212
92 105 1.14606
93 105 1.51767
94 105 1.87963
95 105 2.24293
96 105 2.60598
97 105 2.96693
98 105 3.32711
99 105 3.68662
100 105 4.04622
101 105 4.40511
102 105 4.76347
103 105 5.1216
104 105 5.47922
105 105 5.83542
106 105 6.18442
107 105 6.50353
108 105 6.7393
109 105 6.62348
110 105 6.51851
111 105 6.41448
112 105 6.31004
113 105 6.20605
114 105 6.09931
115 105 5.99258
116 105 5.88554
117 105 5.77639
118 105 5.6671
119 105 5.55779
120 105 5.44857
121 105 5.5663
122 105 5.68138
123 105 5.79586
124 105 5.90932
125 105 6.02241
126 105 6.1352
127 105 6.24794
128 105 6.35775
129 105 6.46725
130 105 6.57645
131 105 6.68837
132 105 6.82257
133 105 6.75668
134 105 6.41681
135 105 6.04692
136 105 5.67758
137 105 5.31077
138 105 4.94624
139 105 4.58304
140 105 4.22002
141 105 3.85741
142 105 3.49504
143 105 3.13213
144 105 2.76885
145 105 2.40638
146 105 2.04627
147 105 1.67611
148 105 1.28822
149 105 1.00064
150 105 0.771493
151 105 0.600045
152 105 0.413836
153 105 0.220927
154 105 0.0294101
155 105 -0.160876
156 105 -0.350265
157 105 -0.538606
158 105 -0.726391
159 105 -0.914005
160 105 -1.10318
161 105 -1.29427
162 105 -1.48529
163 105 -1.67636
164 105 -1.86854
165 105 -2.06098
166 105 -2.25356
167 105 -2.44634
168 105 -2.6403
169 105 -2.83445
170 105 -3.02833
171 105 -3.22527
172 105 -3.42473
173 105 -3.62429
174 105 -3.82379
175 105 -4.0232
176 105 -4.22344
177 105 -4.42353
178 105 -4.62321
179 105 -4.82346
180 105 -9.35257
181 105 -9.35257
182 105 -9.35257
183 105 -9.35257
184 105 -9.35257
185 105 -9.35257
186 105 -9.35257
187 105 -9.35257
188 105 -9.35257
189 105 -9.35257
190 105 -9.35257
191 105 -9.35257
192 105 -9.35257
193 105 -9.35257
194 105 -9.35257
195 105 -9.35257
196 105 -9.35257
197 105 -9.35257
198 105 -9.35257
199 105 -9.35257
200 105 -9.35257
201 105 -9.35257
202 105 -9.35257
203 105 -9.35257
204 105 -9.35257
205 105 -9.35257
206 105 -9.35257
207 105 -9.35257
208 105 -9.35257
209 105 -9.35257
210 105 -9.35257
211 105 -9.35257
212 105 -9.35257
213 105 -9.35257
214 105 -9.35257
215 105 -9.35257
216 105 -9.35257
217 105 -9.35257
218 105 -9.35257
219 105 -9.35257
220 105 -9.35257
221 105 -9.35257
222 105 -9.35257
223 105 -9.35257
224 105 -9.35257
225 105 -9.35257
226 105 -9.35257
227 105 -9.35257
228 105 -9.35257
229 105 -9.35257
230 105 -9.35257
231 105 -9.35257
232 105 -9.35257
233 105 -9.35257
234 105 -9.35257
235 105 -9.35257
236 105 -9.35257
237 105 -9.35257
238 105 -9.35257
239 105 -9.35257
0 106 -9.35257
1 106 -9.35257
2 106 -9.35257
3 106 -9.35257
4 106 -9.35257
5 106 -9.35257
6 106 -9.35257
7 106 -9.35257
8 106 -9.35257
9 106 -9.35257
10 106 -9.35257
11 106 -9.35257
12 106 -9.35257
13 106 -9.35257
14 106 -9.35257
15 106 -9.35257
16 106 -9.35257
17 106 -9.35257
18 106 -9.35257
19 106 -9.35257
20 106 -9.35257
21 106 -9.35257
22 106 -9.35257
23 106 -9.35257
24 106 -9.35257
25 106 -9.35257
26 106 -9.35257
27 106 -9.35257
28 106 -9.35257
29 106 -9.35257
30 106 -9.35257
31 106 -9.35257
32 106 -9.35257
33 106 -9.35257
34 106 -9.35257
35 106 -9.35257
36 106 -9.35257
37 106 -9.35257
38 106 -9.35257
39 106 -9.35257
40 106 -9.35257
41 106 -9.35257
42 106 -9.35257
43 106 -9.35257
44 106 -9.35257
45 106 -9.35257
46 106 -9.35257
47 106 -9.35257
48 106 -9.35257
49 106 -9.35257
50 106 -9.35257
51 106 -9.35257
52 106 -9.35257
53 106 -9.35257
54 106 -9.35257
55 106 -9.35257
56 106 -9.35257
57 106 -9.35257
58 106 -9.35257
59 106 -9.35257
60 106 -5.35716
61 106 -5.14892
62 106 -4.93907
63 106 -4.73023
64 106 -4.52094
65 106 -4.31178
66 106 -4.1036
67 106 -3.89605
68 106 -3.68876
69 106 -3.4825
70 106 -3.27634
71 106 -3.07064
72 106 -2.86608
73 106 -2.66138
74 106 -2.45871
75 106 -2.25632
76 106 -2.05385
77 106 -1.85341
78 106 -1.65316
79 106 -1.45357
80 106 -1.25668
81 106 -1.06018
82 106 -0.863577
83 106 -0.669198
84 106 -0.475356
85 106 -0.281306
86 106 -0.0896845
87 106 0.100134
88 106 0.290812
89 106 0.486875
90 106 0.680043
91 106 0.901018
92 106 1.07849
93 106 1.45125
94 106 1.80307
95 106 2.16826
96 106 2.53323
97 106 2.89435
98 106 3.25431
99 106 3.61294
100 106 3.97235
101 106 4.33204
102 106 4.69155
103 106 5.05063
104 106 5.40852
105 106 5.76656
106 106 6.1238
107 106 6.48881
108 106 6.90996
109 106 6.84879
110 106 6.75532
111 106 6.65359
112 106 6.54984
113 106 6.44589
114 106 6.34127
115 106 6.23502
116 106 6.12745
117 106 6.01855
118 106 5.90947
119 106 5.80027
120 106 5.69085
121 106 5.80822
122 106 5.92506
123 106 6.03934
124 106 6.15334
125 106 6.26621
126 106 6.37876
127 106 6.49084
128 106 6.6018
129 106 6.71068
130 106 6.81628
131 106 6.91077
132 106 6.98418
133 106 6.68282
134 106 6.34053
135 106 5.98083
136 106 5.61693
137 106 5.25215
138 106 4.88834
139 106 4.52514
140 106 4.16195
141 106 3.7991
142 106 3.43651
143 106 3.07369
144 106 2.70859
145 106 2.34387
146 106 1.99945
147 106 1.63223
148 106 1.38238
149 106 1.19726
150 106 0.999537
151 106 0.813426
152 106 0.625598
153 106 0.435839
154 106 0.246113
155 106 0.0567474
156 106 -0.132509
157 106 -0.32091
158 106 -0.508759
159 106 -0.696599
160 106 -0.885262
161 106 -1.0758
162 106 -1.26669
163 106 -1.45789
164 106 -1.65002
165 106 -1.8422
166 106 -2.03447
167 106 -2.22716
168 106 -2.42083
169 106 -2.61457
170 106 -2.80847
171 106 -3.00371
172 106 -3.2025
173 106 -3.40151
174 106 -3.60041
175 106 -3.79949
176 106 -3.99926
177 106 -4.19872
178 106 -4.39767
179 106 -4.59772
180 106 -4.79813
181 106 -9.35257
182 106 -9.35257
183 106 -9.35257
184 106 -9.35257
185 106 -9.35257
186 106 -9.35257
187 106 -9.35257
188 106 -9.35257
189 106 -9.35257
190 106 -9.35257
191 106 -9.35257
192 106 -9.35257
193 106 -9.35257
194 106 -9.35257
195 106 -9.35257
196 106 -9.35257
197 106 -9.35257
198 106 -9.35257
199 106 -9.35257
200 106 -9.35257
201 106 -9.35257
202 106 -9.35257
203 106 -9.35257
204 106 -9.35257
205 106 -9.35257
206 106 -9.35257
207 106 -9.35257
208 106 -9.35257
209 106 -9.35257
210 106 -9.35257
211 106 -9.35257
212 106 -9.35257
213 106 -9.35257
214 106 -9.35257
215 106 -9.35257
216 106 -9.35257
217 106 -9.35257
218 106 -9.35257
219 106 -9.35257
220 106 -9.35257
221 106 -9.35257
222 106 -9.35257
223 106 -9.35257
224 106 -9.35257
225 106 -9.35257
226 106 -9.35257
227 106 -9.35257
228 106 -9.35257
229 106 -9.35257
230 106 -9.35257
231 106 -9.35257
232 106 -9.35257
233 106 -9.35257
234 106 -9.35257
235 106 -9.35257
236 106 -9.35257
237 106 -9.35257
238 106 -9.35257
239 106 -9.35257
0 107 -9.35257
1 107 -9.35257
2 107 -9.35257
3 107 -9.35257
4 107 -9.35257
5 107 -9.35257
6 107 -9.35257
7 107 -9.35257
8 107 -9.35257
9 107 -9.35257
10 107 -9.35257
11 107 -9.35257
12 107 -9.35257
13 107 -9.35257
14 107 -9.35257
15 107 -9.35257
16 107 -9.35257
17 107 -9.35257
18 107 -9.35257
19 107 -9.35257
20 107 -9.35257
21 107 -9.35257
22 107 -9.35257
23 107 -9.35257
24 107 -9.35257
25 107 -9.35257
26 107 -9.35257
27 107 -9.35257
28 107 -9.35257
29 107 -9.35257
30 107 -9.35257
31 107 -9.35257
32 107 -9.35257
33 107 -9.35257
34 107 -9.35257
35 107 -9.35257
36 107 -9.35257
37 107 -9.35257
38 107 -9.35257
39 107 -9.35257
40 107 -9.35257
41 107 -9.35257
42 107 -9.35257
43 107 -9.35257
44 107 -9.35257
45 107 -9.35257
46 107 -9.35257
47 107 -9.35257
48 107 -9.35257
49 107 -9.35257
50 107 -9.35257
51 107 -9.35257
52 107 -9.35257
53 107 -9.35257
54 107 -9.35257
55 107 -9.35257
56 107 -9.35257
57 107 -9.35257
58 107 -9.35257
59 107 -5.37704
60 107 -5.16885
61 107 -4.95889
62 107 -4.74869
63 107 -4.53988
64 107 -4.33077
65 107 -4.12102
66 107 -3.91277
67 107 -3.70524
68 107 -3.49734
69 107 -3.2912
70 107 -3.08513
71 107 -2.87876
72 107 -2.67425
73 107 -2.47001
74 107 -2.26632
75 107 -2.06354
76 107 -1.86136
77 107 -1.65972
78 107 -1.45903
79 107 -1.25922
80 107 -1.06119
81 107 -0.864407
82 107 -0.667814
83 107 -0.471832
84 107 -0.277282
85 107 -0.0829022
86 107 0.110981
87 107 0.302186
88 107 0.494344
89 107 0.688548
90 107 0.882144
91 107 1.07828
92 107 1.25582
93 107 1.40577
94 107 1.71296
95 107 2.09382
96 107 2.46225
97 107 2.82112
98 107 3.18002
99 107 3.5385
100 107 3.89819
101 107 4.25896
102 107 4.6188
103 107 4.97873
104 107 5.33767
105 107 5.69637
106 107 6.05542
107 107 6.41669
108 107 6.78148
109 107 7.1052
110 107 7.00037
111 107 6.89387
112 107 6.78982
113 107 6.68632
114 107 6.58334
115 107 6.47757
116 107 6.36957
117 107 6.26081
118 107 6.15198
119 107 6.04287
120 107 5.9334
121 107 6.05077
122 107 6.16752
123 107 6.28323
124 107 6.3975
125 107 6.51034
126 107 6.62277
127 107 6.73489
128 107 6.84709
129 107 6.95739
130 107 7.06722
131 107 7.15426
132 107 7.05099
133 107 6.64928
134 107 6.28165
135 107 5.91894
136 107 5.55571
137 107 5.19258
138 107 4.82982
139 107 4.46664
140 107 4.10355
141 107 3.74054
142 107 3.37761
143 107 3.01754
144 107 2.64796
145 107 2.26049
146 107 1.97544
147 107 1.74873
148 107 1.58236
149 107 1.40187
150 107 1.21531
151 107 1.02765
152 107 0.839339
153 107 0.650768
154 107 0.462502
155 107 0.273387
156 107 0.0844362
157 107 -0.103722
158 107 -0.291091
159 107 -0.479244
160 107 -0.667176
161 107 -0.85764
162 107 -1.04773
163 107 -1.23937
164 107 -1.43142
165 107 -1.62329
166 107 -1.81493
167 107 -2.00785
168 107 -2.20125
169 107 -2.39451
170 107 -2.58749
171 107 -2.7824
172 107 -2.98074
173 107 -3.17879
174 107 -3.37683
175 107 -3.57597
176 107 -3.77538
177 107 -3.97443
178 107 -4.17318
179 107 -4.37272
180 107 -4.57214
181 107 -4.76654
182 107 -4.96887
183 107 -9.35257
184 107 -9.35257
185 107 -9.35257
186 107 -9.35257
187 107 -9.35257
188 107 -9.35257
189 107 -9.35257
190 107 -9.35257
191 107 -9.35257
192 107 -9.35257
193 107 -9.35257
194 107 -9.35257
195 107 -9.35257
196 107 -9.35257
197 107 -9.35257
198 107 -9.35257
199 107 -9.35257
200 107 -9.35257
201 107 -9.35257
202 107 -9.35257
203 107 -9.35257
204 107 -9.35257
205 107 -9.35257
206 107 -9.35257
207 107 -9.35257
208 107 -9.35257
209 107 -9.35257
210 107 -9.35257
211 107 -9.35257
212 107 -9.35257
213 107 -9.35257
214 107 -9.35257
215 107 -9.35257
216 107 -9.35257
217 107 -9.35257
218 107 -9.35257
219 107 -9.35257
220 107 -9.35257
221 107 -9.35257
222 107 -9.35257
223 107 -9.35257
224 107 -9.35257
225 107 -9.35257
226 107 -9.35257
227 107 -9.35257
228 107 -9.35257
229 107 -9.35257
230 107 -9.35257
231 107 -9.35257
232 107 -9.35257
233 107 -9.35257
234 107 -9.35257
235 107 -9.35257
236 107 -9.35257
237 107 -9.35257
238 107 -9.35257
239 107 -9.35257
0 108 -9.35257
1 108 -9.35257
2 108 -9.35257
3 108 -9.35257
4 108 -9.35257
5 108 -9.35257
6 108 -9.35257
7 108 -9.35257
8 108 -9.35257
9 108 -9.35257
10 108 -9.35257
11 108 -9.35257
12 108 -9.35257
13 108 -9.35257
14 108 -9.35257
15 108 -9.35257
16 108 -9.35257
17 108 -9.35257
18 108 -9.35257
19 108 -9.35257
20 108 -9.35257
21 108 -9.35257
22 108 -9.35257
23 108 -9.35257
24 108 -9.35257
25 108 -9.35257
26 108 -9.35257
27 108 -9.35257
28 108 -9.35257
29 108 -9.35257
30 108 -9.35257
31 108 -9.35257
32 108 -9.35257
33 108 -9.35257
34 108 -9.35257
35 108 -9.35257
36 108 -9.35257
37 108 -9.35257
38 108 -9.35257
39 108 -9.35257
40 108 -9.35257
41 108 -9.35257
42 108 -9.35257
43 108 -9.35257
44 108 -9.35257
45 108 -9.35257
46 108 -9.35257
47 108 -9.35257
48 108 -9.35257
49 108 -9.35257
50 108 -9.35257
51 108 -9.35257
52 108 -9.35257
53 108 -9.35257
54 108 -9.35257
55 108 -9.35257
56 108 -9.35257
57 108 -9.35257
58 108 -5.3996
59 108 -5.19088
60 108 -4.97946
61 108 -4.76991
62 108 -4.56019
63 108 -4.35052
64 108 -4.14125
65 108 -3.93206
66 108 -3.72308
67 108 -3.51478
68 108 -3.30748
69 108 -3.1005
70 108 -2.89421
71 108 -2.68834
72 108 -2.48283
73 108 -2.27808
74 108 -2.07355
75 108 -1.87081
76 108 -1.66832
77 108 -1.46562
78 108 -1.26496
79 108 -1.06497
80 108 -0.865656
81 108 -0.668444
82 108 -0.471439
83 108 -0.274233
84 108 -0.0790368
85 108 0.115998
86 108 0.311328
87 108 0.503285
88 108 0.695831
89 108 0.889626
90 108 1.0817
91 108 1.27298
92 108 1.45955
93 108 1.64327
94 108 1.85718
95 108 2.03182
96 108 2.40026
97 108 2.74699
98 108 3.10489
99 108 3.46266
100 108 3.82296
101 108 4.18471
102 108 4.54596
103 108 4.90657
104 108 5.26685
105 108 5.62583
106 108 5.98463
107 108 6.34104
108 108 6.69068
109 108 7.01005
110 108 7.24702
111 108 7.13169
112 108 7.02839
113 108 6.92621
114 108 6.82334
115 108 6.71887
116 108 6.61124
117 108 6.50314
118 108 6.39468
119 108 6.28583
120 108 6.17642
121 108 6.29395
122 108 6.41103
123 108 6.52773
124 108 6.64163
125 108 6.755
126 108 6.86719
127 108 6.97895
128 108 7.0905
129 108 7.20468
130 108 7.34107
131 108 7.27895
132 108 6.94462
133 108 6.58073
134 108 6.21746
135 108 5.85555
136 108 5.49343
137 108 5.13139
138 108 4.76934
139 108 4.40708
140 108 4.04469
141 108 3.67986
142 108 3.3149
143 108 2.97053
144 108 2.60319
145 108 2.35411
146 108 2.17091
147 108 1.97671
148 108 1.79525
149 108 1.61257
150 108 1.42824
151 108 1.24087
152 108 1.05334
153 108 0.86539
154 108 0.67755
155 108 0.488942
156 108 0.300589
157 108 0.112677
158 108 -0.0748189
159 108 -0.263026
160 108 -0.451193
161 108 -0.639852
162 108 -0.830127
163 108 -1.02134
164 108 -1.21299
165 108 -1.40461
166 108 -1.59627
167 108 -1.78897
168 108 -1.98183
169 108 -2.17471
170 108 -2.36794
171 108 -2.5632
172 108 -2.75926
173 108 -2.95681
174 108 -3.15429
175 108 -3.3531
176 108 -3.55183
177 108 -3.75038
178 108 -3.94877
179 108 -4.1478
180 108 -4.34639
181 108 -4.54406
182 108 -4.74278
183 108 -4.94576
184 108 -9.35257
185 108 -9.35257
186 108 -9.35257
187 108 -9.35257
188 108 -9.35257
189 108 -9.35257
190 108 -9.35257
191 108 -9.35257
192 108 -9.35257
193 108 -9.35257
194 108 -9.35257
195 108 -9.35257
196 108 -9.35257
197 108 -9.35257
198 108 -9.35257
199 108 -9.35257
200 108 -9.35257
201 108 -9.35257
202 108 -9.35257
203 108 -9.35257
204 108 -9.35257
205 108 -9.35257
206 108 -9.35257
207 108 -9.35257
208 108 -9.35257
209 108 -9.35257
210 108 -9.35257
211 108 -9.35257
212 108 -9.35257
213 108 -9.35257
214 108 -9.35257
215 108 -9.35257
216 108 -9.35257
217 108 -9.35257
218 108 -9.35257
219 108 -9.35257
220 108 -9.35257
221 108 -9.35257
222 108 -9.35257
223 108 -9.35257
224 108 -9.35257
225 108 -9.35257
226 108 -9.35257
227 108 -9.35257
228 108 -9.35257
229 108 -9.35257
230 108 -9.35257
231 108 -9.35257
232 108 -9.35257
233 108 -9.35257
234 108 -9.35257
235 108 -9.35257
236 108 -9.35257
237 108 -9.35257
238 108 -9.35257
239 108 -9.35257
0 109 -9.35257
1 109 -9.35257
2 109 -9.35257
3 109 -9.35257
4 109 -9.35257
5 109 -9.35257
6 109 -9.35257
7 109 -9.35257
8 109 -9.35257
9 109 -9.35257
10 109 -9.35257
11 109 -9.35257
12 109 -9.35257
13 109 -9.35257
14 109 -9.35257
15 109 -9.35257
16 109 -9.35257
17 109 -9.35257
18 109 -9.35257
19 109 -9.35257
20 109 -9.35257
21 109 -9.35257
22 109 -9.35257
23 109 -9.35257
24 109 -9.35257
25 109 -9.35257
26 109 -9.35257
27 109 -9.35257
28 109 -9.35257
29 109 -9.35257
30 109 -9.35257
31 109 -9.35257
32 109 -9.35257
33 109 -9.35257
34 109 -9.35257
35 109 -9.35257
36 109 -9.35257
37 109 -9.35257
38 109 -9.35257
39 109 -9.35257
40 109 -9.35257
41 109 -9.35257
42 109 -9.35257
43 109 -9.35257
44 109 -9.35257
45 109 -9.35257
46 109 -9.35257
47 109 -9.35257
48 109 -9.35257
49 109 -9.35257
50 109 -9.35257
51 109 -9.35257
52 109 -9.35257
53 109 -9.35257
54 109 -9.35257
55 109 -9.35257
56 109 -9.35257
57 109 -5.42211
58 109 -5.21371
59 109 -5.00277
60 109 -4.79226
61 109 -4.58179
62 109 -4.37165
63 109 -4.16125
64 109 -3.95234
65 109 -3.74287
66 109 -3.53324
67 109 -3.32508
68 109 -3.11732
69 109 -2.90962
70 109 -2.70353
71 109 -2.49754
72 109 -2.29119
73 109 -2.08661
74 109 -1.88233
75 109 -1.6785
76 109 -1.4755
77 109 -1.27312
78 109 -1.07171
79 109 -0.871238
80 109 -0.671395
81 109 -0.472926
82 109 -0.275267
83 109 -0.0780183
84 109 0.118721
85 109 0.314603
86 109 0.509852
87 109 0.703152
88 109 0.896068
89 109 1.089
90 109 1.28142
91 109 1.47239
92 109 1.66163
93 109 1.84995
94 109 2.04066
95 109 2.21389
96 109 2.3593
97 109 2.65959
98 109 3.02987
99 109 3.38094
100 109 3.74628
101 109 4.11095
102 109 4.47359
103 109 4.83472
104 109 5.1959
105 109 5.55547
106 109 5.91411
107 109 6.27215
108 109 6.63014
109 109 6.99587
110 109 7.41757
111 109 7.3574
112 109 7.26584
113 109 7.16594
114 109 7.0638
115 109 6.96062
116 109 6.85338
117 109 6.74576
118 109 6.63776
119 109 6.52915
120 109 6.41989
121 109 6.5377
122 109 6.6549
123 109 6.77115
124 109 6.88631
125 109 6.99985
126 109 7.11206
127 109 7.22321
128 109 7.33127
129 109 7.42892
130 109 7.50422
131 109 7.20558
132 109 6.86724
133 109 6.51154
134 109 6.15191
135 109 5.79177
136 109 5.43108
137 109 5.07021
138 109 4.70847
139 109 4.34681
140 109 3.98788
141 109 3.61836
142 109 3.23123
143 109 2.94609
144 109 2.71999
145 109 2.55481
146 109 2.37646
147 109 2.19169
148 109 2.00814
149 109 1.82496
150 109 1.64157
151 109 1.4543
152 109 1.2671
153 109 1.07995
154 109 0.892491
155 109 0.704287
156 109 0.516344
157 109 0.328703
158 109 0.141289
159 109 -0.0468075
160 109 -0.234678
161 109 -0.422154
162 109 -0.612456
163 109 -0.803544
164 109 -0.994544
165 109 -1.18585
166 109 -1.37744
167 109 -1.56991
168 109 -1.76234
169 109 -1.95477
170 109 -2.14843
171 109 -2.34316
172 109 -2.53801
173 109 -2.73485
174 109 -2.93193
175 109 -3.13025
176 109 -3.32844
177 109 -3.52646
178 109 -3.72458
179 109 -3.92327
180 109 -4.12154
181 109 -4.31926
182 109 -4.51851
183 109 -4.71898
184 109 -4.9212
185 109 -9.35257
186 109 -9.35257
187 109 -9.35257
188 109 -9.35257
189 109 -9.35257
190 109 -9.35257
191 109 -9.35257
192 109 -9.35257
193 109 -9.35257
194 109 -9.35257
195 109 -9.35257
196 109 -9.35257
197 109 -9.35257
198 109 -9.35257
199 109 -9.35257
200 109 -9.35257
201 109 -9.35257
202 109 -9.35257
203 109 -9.35257
204 109 -9.35257
205 109 -9.35257
206 109 -9.35257
207 109 -9.35257
208 109 -9.35257
209 109 -9.35257
210 109 -9.35257
211 109 -9.35257
212 109 -9.35257
213 109 -9.35257
214 109 -9.35257
215 109 -9.35257
216 109 -9.35257
217 109 -9.35257
218 109 -9.35257
219 109 -9.35257
220 109 -9.35257
221 109 -9.35257
222 109 -9.35257
223 109 -9.35257
224 109 -9.35257
225 109 -9.35257
226 109 -9.35257
227 109 -9.35257
228 109 -9.35257
229 109 -9.35257
230 109 -9.35257
231 109 -9.35257
232 109 -9.35257
233 109 -9.35257
234 109 -9.35257
235 109 -9.35257
236 109 -9.35257
237 109 -9.35257
238 109 -9.35257
239 109 -9.35257
0 110 -9.35257
1 110 -9.35257
2 110 -9.35257
3 110 -9.35257
4 110 -9.35257
5 110 -9.35257
6 110 -9.35257
7 110 -9.35257
8 110 -9.35257
9 110 -9.35257
10 110 -9.35257
11 110 -9.35257
12 110 -9.35257
13 110 -9.35257
14 110 -9.35257
15 110 -9.35257
16 110 -9.35257
17 110 -9.35257
18 110 -9.35257
19 110 -9.35257
20 110 -9.35257
21 110 -9.35257
22 110 -9.35257
23 110 -9.35257
24 110 -9.35257
25 110 -9.35257
26 110 -9.35257
27 110 -9.35257
28 110 -9.35257
29 110 -9.35257
30 110 -9.35257
31 110 -9.35257
32 110 -9.35257
33 110 -9.35257
34 110 -9.35257
35 110 -9.35257
36 110 -9.35257
37 110 -9.35257
38 110 -9.35257
39 110 -9.35257
40 110 -9.35257
41 110 -9.35257
42 110 -9.35257
43 110 -9.35257
44 110 -9.35257
45 110 -9.35257
46 110 -9.35257
47 110 -9.35257
48 110 -9.35257
49 110 -9.35257
50 110 -9.35257
51 110 -9.35257
52 110 -9.35257
53 110 -9.35257
54 110 -9.35257
55 110 -9.35257
56 110 -5.44739
57 110 -5.23822
58 110 -5.02621
59 110 -4.81573
60 110 -4.60502
61 110 -4.39385
62 110 -4.18407
63 110 -3.97378
64 110 -3.76398
65 110 -3.5545
66 110 -3.34522
67 110 -3.13616
68 110 -2.92775
69 110 -2.72044
70 110 -2.51343
71 110 -2.30711
72 110 -2.10111
73 110 -1.8955
74 110 -1.69065
75 110 -1.48589
76 110 -1.28299
77 110 -1.08047
78 110 -0.878045
79 110 -0.677538
80 110 -0.476835
81 110 -0.277145
82 110 -0.0793372
83 110 0.118706
84 110 0.316783
85 110 0.513195
86 110 0.708529
87 110 0.902843
88 110 1.09565
89 110 1.28888
90 110 1.48203
91 110 1.67291
92 110 1.86345
93 110 2.05366
94 110 2.24073
95 110 2.42293
96 110 2.60491
97 110 2.81355
98 110 2.97389
99 110 3.28497
100 110 3.66879
101 110 4.03924
102 110 4.40061
103 110 4.76282
104 110 5.12445
105 110 5.48476
106 110 5.84418
107 110 6.20314
108 110 6.56185
109 110 6.92356
110 110 7.28867
111 110 7.61448
112 110 7.51144
113 110 7.40691
114 110 7.30397
115 110 7.20071
116 110 7.09573
117 110 6.98876
118 110 6.88127
119 110 6.77306
120 110 6.6641
121 110 6.78206
122 110 6.89928
123 110 7.01578
124 110 7.13186
125 110 7.24512
126 110 7.3581
127 110 7.47065
128 110 7.58257
129 110 7.6716
130 110 7.57069
131 110 7.17152
132 110 6.80624
133 110 6.44592
134 110 6.08648
135 110 5.72758
136 110 5.36855
137 110 5.0095
138 110 4.64658
139 110 4.28342
140 110 3.9406
141 110 3.5739
142 110 3.32466
143 110 3.14177
144 110 2.94851
145 110 2.76872
146 110 2.58755
147 110 2.40431
148 110 2.22069
149 110 2.03763
150 110 1.85325
151 110 1.66772
152 110 1.48085
153 110 1.29415
154 110 1.1073
155 110 0.919414
156 110 0.731842
157 110 0.544547
158 110 0.357203
159 110 0.169226
160 110 -0.0185156
161 110 -0.206232
162 110 -0.394868
163 110 -0.585793
164 110 -0.776462
165 110 -0.966769
166 110 -1.15861
167 110 -1.35083
168 110 -1.54281
169 110 -1.73476
170 110 -1.92873
171 110 -2.12295
172 110 -2.3165
173 110 -2.51262
174 110 -2.70989
175 110 -2.90751
176 110 -3.10517
177 110 -3.3024
178 110 -3.50066
179 110 -3.69913
180 110 -3.89721
181 110 -4.09505
182 110 -4.29388
183 110 -4.4929
184 110 -4.69367
185 110 -4.89497
186 110 -9.35257
187 110 -9.35257
188 110 -9.35257
189 110 -9.35257
190 110 -9.35257
191 110 -9.35257
192 110 -9.35257
193 110 -9.35257
194 110 -9.35257
195 110 -9.35257
196 110 -9.35257
197 110 -9.35257
198 110 -9.35257
199 110 -9.35257
200 110 -9.35257
201 110 -9.35257
202 110 -9.35257
203 110 -9.35257
204 110 -9.35257
205 110 -9.35257
206 110 -9.35257
207 110 -9.35257
208 110 -9.35257
209 110 -9.35257
210 110 -9.35257
211 110 -9.35257
212 110 -9.35257
213 110 -9.35257
214 110 -9.35257
215 110 -9.35257
216 110 -9.35257
217 110 -9.35257
218 110 -9.35257
219 110 -9.35257
220 110 -9.35257
221 110 -9.35257
222 110 -9.35257
223 110 -9.35257
224 110 -9.35257
225 110 -9.35257
226 110 -9.35257
227 110 -9.35257
228 110 -9.35257
229 110 -9.35257
230 110 -9.35257
231 110 -9.35257
232 110 -9.35257
233 110 -9.35257
234 110 -9.35257
235 110 -9.35257
236 110 -9.35257
237 110 -9.35257
238 110 -9.35257
239 110 -9.35257
0 111 -9.35257
1 111 -9.35257
2 111 -9.35257
3 111 -9.35257
4 111 -9.35257
5 111 -9.35257
6 111 -9.35257
7 111 -9.35257
8 111 -9.35257
9 111 -9.35257
10 111 -9.35257
11 111 -9.35257
12 111 -9.35257
13 111 -9.35257
14 111 -9.35257
15 111 -9.35257
16 111 -9.35257
17 111 -9.35257
18 111 -9.35257
19 111 -9.35257
20 111 -9.35257
21 111 -9.35257
22 111 -9.35257
23 111 -9.35257
24 111 -9.35257
25 111 -9.35257
26 111 -9.35257
27 111 -9.35257
28 111 -9.35257
29 111 -9.35257
30 111 -9.35257
31 111 -9.35257
32 111 -9.35257
33 111 -9.35257
34 111 -9.35257
35 111 -9.35257
36 111 -9.35257
37 111 -9.35257
38 111 -9.35257
39 111 -9.35257
40 111 -9.35257
41 111 -9.35257
42 111 -9.35257
43 111 -9.35257
44 111 -9.35257
45 111 -9.35257
46 111 -9.35257
47 111 -9.35257
48 111 -9.35257
49 111 -9.35257
50 111 -9.35257
51 111 -9.35257
52 111 -9.35257
53 111 -9.35257
54 111 -5.6861
55 111 -5.47154
56 111 -5.26359
57 111 -5.05243
58 111 -4.84071
59 111 -4.62972
60 111 -4.41895
61 111 -4.20775
62 111 -3.997
63 111 -3.78648
64 111 -3.5758
65 111 -3.36664
66 111 -3.15698
67 111 -2.94713
68 111 -2.73882
69 111 -2.53098
70 111 -2.32314
71 111 -2.11704
72 111 -1.91062
73 111 -1.70417
74 111 -1.49954
75 111 -1.29478
76 111 -1.09093
77 111 -0.888391
78 111 -0.685825
79 111 -0.484035
80 111 -0.282994
81 111 -0.0828611
82 111 0.116358
83 111 0.314743
84 111 0.513114
85 111 0.710706
86 111 0.905781
87 111 1.10064
88 111 1.2948
89 111 1.48819
90 111 1.6815
91 111 1.87375
92 111 2.06498
93 111 2.256
94 111 2.44481
95 111 2.63158
96 111 2.82039
97 111 3.01581
98 111 3.20712
99 111 3.42567
100 111 3.6026
101 111 3.97534
102 111 4.32678
103 111 4.69132
104 111 5.0543
105 111 5.41477
106 111 5.77344
107 111 6.13224
108 111 6.49056
109 111 6.84787
110 111 7.19887
111 111 7.51908
112 111 7.75844
113 111 7.64516
114 111 7.5436
115 111 7.4414
116 111 7.33846
117 111 7.23227
118 111 7.12541
119 111 7.01772
120 111 6.90906
121 111 7.02716
122 111 7.1444
123 111 7.26081
124 111 7.37638
125 111 7.49065
126 111 7.60357
127 111 7.71871
128 111 7.85677
129 111 7.79719
130 111 7.46411
131 111 7.10189
132 111 6.73971
133 111 6.37905
134 111 6.02014
135 111 5.66256
136 111 5.30565
137 111 4.95063
138 111 4.58395
139 111 4.1993
140 111 3.91516
141 111 3.69006
142 111 3.52512
143 111 3.34715
144 111 3.16362
145 111 2.98184
146 111 2.79958
147 111 2.61616
148 111 2.43275
149 111 2.24945
150 111 2.06519
151 111 1.88076
152 111 1.69449
153 111 1.50854
154 111 1.3215
155 111 1.13423
156 111 0.947064
157 111 0.760441
158 111 0.572829
159 111 0.385025
160 111 0.197621
161 111 0.0106115
162 111 -0.177664
163 111 -0.3683
164 111 -0.558742
165 111 -0.749049
166 111 -0.940305
167 111 -1.13199
168 111 -1.32357
169 111 -1.51609
170 111 -1.70971
171 111 -1.9034
172 111 -2.09708
173 111 -2.29139
174 111 -2.48841
175 111 -2.68544
176 111 -2.88233
177 111 -3.07947
178 111 -3.27744
179 111 -3.47537
180 111 -3.67311
181 111 -3.87074
182 111 -4.06906
183 111 -4.26685
184 111 -4.4674
185 111 -4.66825
186 111 -4.86983
187 111 -9.35257
188 111 -9.35257
189 111 -9.35257
190 111 -9.35257
191 111 -9.35257
192 111 -9.35257
193 111 -9.35257
194 111 -9.35257
195 111 -9.35257
196 111 -9.35257
197 111 -9.35257
198 111 -9.35257
199 111 -9.35257
200 111 -9.35257
201 111 -9.35257
202 111 -9.35257
203 111 -9.35257
204 111 -9.35257
205 111 -9.35257
206 111 -9.35257
207 111 -9.35257
208 111 -9.35257
209 111 -9.35257
210 111 -9.35257
211 111 -9.35257
212 111 -9.35257
213 111 -9.35257
214 111 -9.35257
215 111 -9.35257
216 111 -9.35257
217 111 -9.35257
218 111 -9.35257
219 111 -9.35257
220 111 -9.35257
221 111 -9.35257
222 111 -9.35257
223 111 -9.35257
224 111 -9.35257
225 111 -9.35257
226 111 -9.35257
227 111 -9.35257
228 111 -9.35257
229 111 -9.35257
230 111 -9.35257
231 111 -9.35257
232 111 -9.35257
233 111 -9.35257
234 111 -9.35257
235 111 -9.35257
236 111 -9.35257
237 111 -9.35257
238 111 -9.35257
239 111 -9.35257
0 112 -9.35257
1 112 -9.35257
2 112 -9.35257
3 112 -9.35257
4 112 -9.35257
5 112 -9.35257
6 112 -9.35257
7 112 -9.35257
8 112 -9.35257
9 112 -9.35257
10 112 -9.35257
11 112 -9.35257
12 112 -9.35257
13 112 -9.35257
14 112 -9.35257
15 112 -9.35257
16 112 -9.35257
17 112 -9.35257
18 112 -9.35257
19 112 -9.35257
20 112 -9.35257
21 112 -9.35257
22 112 -9.35257
23 112 -9.35257
24 112 -9.35257
25 112 -9.35257
26 112 -9.35257
27 112 -9.35257
28 112 -9.35257
29 112 -9.35257
30 112 -9.35257
31 112 -9.35257
32 112 -9.35257
33 112 -9.35257
34 112 -9.35257
35 112 -9.35257
36 112 -9.35257
37 112 -9.35257
38 112 -9.35257
39 112 -9.35257
40 112 -9.35257
41 112 -9.35257
42 112 -9.35257
43 112 -9.35257
44 112 -9.35257
45 112 -9.35257
46 112 -9.35257
47 112 -9.35257
48 112 -9.35257
49 112 -9.35257
50 112 -9.35257
51 112 -9.35257
52 112 -9.35257
53 112 -5.71929
54 112 -5.50675
55 112 -5.293
56 112 -5.0793
57 112 -4.8675
58 112 -4.65597
59 112 -4.44398
60 112 -4.2333
61 112 -4.02188
62 112 -3.81022
63 112 -3.60002
64 112 -3.38939
65 112 -3.17925
66 112 -2.96963
67 112 -2.75982
68 112 -2.55063
69 112 -2.34218
70 112 -2.13443
71 112 -1.9273
72 112 -1.72084
73 112 -1.51434
74 112 -1.30858
75 112 -1.10368
76 112 -0.898921
77 112 -0.69634
78 112 -0.493496
79 112 -0.290322
80 112 -0.0894216
81 112 0.111679
82 112 0.312339
83 112 0.510793
84 112 0.709572
85 112 0.908384
86 112 1.10325
87 112 1.29849
88 112 1.49415
89 112 1.68758
90 112 1.88139
91 112 2.07505
92 112 2.26672
93 112 2.45846
94 112 2.64954
95 112 2.83817
96 112 3.02862
97 112 3.2216
98 112 3.41311
99 112 3.60733
100 112 3.78406
101 112 3.93256
102 112 4.23903
103 112 4.61925
104 112 4.98667
105 112 5.34447
106 112 5.70255
107 112 6.06058
108 112 6.42008
109 112 6.77848
110 112 7.13771
111 112 7.50454
112 112 7.92866
113 112 7.87044
114 112 7.7808
115 112 7.6816
116 112 7.57987
117 112 7.47636
118 112 7.3704
119 112 7.26326
120 112 7.15498
121 112 7.27322
122 112 7.39044
123 112 7.50677
124 112 7.62229
125 112 7.73682
126 112 7.84582
127 112 7.94385
128 112 8.02127
129 112 7.72369
130 112 7.38629
131 112 7.03125
132 112 6.67126
133 112 6.31025
134 112 5.95079
135 112 5.59629
136 112 5.24086
137 112 4.90284
138 112 4.5393
139 112 4.29221
140 112 4.11223
141 112 3.91916
142 112 3.7386
143 112 3.55807
144 112 3.37626
145 112 3.1945
146 112 3.01157
147 112 2.82799
148 112 2.64468
149 112 2.4613
150 112 2.2773
151 112 2.09391
152 112 1.9078
153 112 1.72181
154 112 1.53499
155 112 1.34826
156 112 1.16179
157 112 0.975176
158 112 0.787769
159 112 0.600466
160 112 0.413403
161 112 0.22658
162 112 0.0392704
163 112 -0.150957
164 112 -0.341115
165 112 -0.531252
166 112 -0.722249
167 112 -0.913209
168 112 -1.10456
169 112 -1.29718
170 112 -1.49057
171 112 -1.68383
172 112 -1.87697
173 112 -2.07009
174 112 -2.26688
175 112 -2.46348
176 112 -2.65993
177 112 -2.85655
178 112 -3.05424
179 112 -3.25176
180 112 -3.44911
181 112 -3.64659
182 112 -3.84473
183 112 -4.04265
184 112 -4.2408
185 112 -4.44179
186 112 -4.64294
187 112 -4.84402
188 112 -9.35257
189 112 -9.35257
190 112 -9.35257
191 112 -9.35257
192 112 -9.35257
193 112 -9.35257
194 112 -9.35257
195 112 -9.35257
196 112 -9.35257
197 112 -9.35257
198 112 -9.35257
199 112 -9.35257
200 112 -9.35257
201 112 -9.35257
202 112 -9.35257
203 112 -9.35257
204 112 -9.35257
205 112 -9.35257
206 112 -9.35257
207 112 -9.35257
208 112 -9.35257
209 112 -9.35257
210 112 -9.35257
211 112 -9.35257
212 112 -9.35257
213 112 -9.35257
214 112 -9.35257
215 112 -9.35257
216 112 -9.35257
217 112 -9.35257
218 112 -9.35257
219 112 -9.35257
220 112 -9.35257
221 112 -9.35257
222 112 -9.35257
223 112 -9.35257
224 112 -9.35257
225 112 -9.35257
226 112 -9.35257
227 112 -9.35257
228 112 -9.35257
229 112 -9.35257
230 112 -9.35257
231 112 -9.35257
232 112 -9.35257
233 112 -9.35257
234 112 -9.35257
235 112 -9.35257
236 112 -9.35257
237 112 -9.35257
238 112 -9.35257
239 112 -9.35257
0 113 -9.35257
1 113 -9.35257
2 113 -9.35257
3 113 -9.35257
4 113 -9.35257
5 113 -9.35257
6 113 -9.35257
7 113 -9.35257
8 113 -9.35257
9 113 -9.35257
10 113 -9.35257
11 113 -9.35257
12 113 -9.35257
13 113 -9.35257
14 113 -9.35257
15 113 -9.35257
16 113 -9.35257
17 113 -9.35257
18 113 -9.35257
19 113 -9.35257
20 113 -9.35257
21 113 -9.35257
22 113 -9.35257
23 113 -9.35257
24 113 -9.35257
25 113 -9.35257
26 113 -9.35257
27 113 -9.35257
28 113 -9.35257
29 113 -9.35257
30 113 -9.35257
31 113 -9.35257
32 113 -9.35257
33 113 -9.35257
34 113 -9.35257
35 113 -9.35257
36 113 -9.35257
37 113 -9.35257
38 113 -9.35257
39 113 -9.35257
40 113 -9.35257
41 113 -9.35257
42 113 -9.35257
43 113 -9.35257
44 113 -9.35257
45 113 -9.35257
46 113 -9.35257
47 113 -9.35257
48 113 -9.35257
49 113 -9.35257
50 113 -9.35257
51 113 -9.35257
52 113 -5.75478
53 113 -5.5414
54 113 -5.32527
55 113 -5.11147
56 113 -4.8973
57 113 -4.68419
58 113 -4.47237
59 113 -4.26019
60 113 -4.04839
61 113 -3.83695
62 113 -3.62524
63 113 -3.41399
64 113 -3.20318
65 113 -2.99187
66 113 -2.78246
67 113 -2.57259
68 113 -2.36221
69 113 -2.15376
70 113 -1.94577
71 113 -1.73742
72 113 -1.53111
73 113 -1.32444
74 113 -1.11755
75 113 -0.913283
76 113 -0.708743
77 113 -0.504551
78 113 -0.301495
79 113 -0.0983604
80 113 0.103951
81 113 0.305585
82 113 0.506487
83 113 0.706518
84 113 0.905999
85 113 1.10417
86 113 1.30034
87 113 1.49593
88 113 1.69167
89 113 1.8866
90 113 2.08077
91 113 2.27492
92 113 2.46811
93 113 2.66011
94 113 2.85221
95 113 3.04295
96 113 3.2337
97 113 3.42538
98 113 3.61641
99 113 3.80585
100 113 3.99027
101 113 4.17374
102 113 4.38668
103 113 4.55998
104 113 4.92849
105 113 5.27387
106 113 5.63153
107 113 5.98745
108 113 6.34772
109 113 6.70827
110 113 7.06894
111 113 7.43252
112 113 7.79893
113 113 8.12715
114 113 8.02633
115 113 7.92354
116 113 7.82298
117 113 7.72139
118 113 7.61646
119 113 7.50995
120 113 7.40239
121 113 7.52031
122 113 7.63735
123 113 7.75356
124 113 7.8692
125 113 7.98465
126 113 8.09859
127 113 8.18871
128 113 8.08886
129 113 7.68965
130 113 7.32487
131 113 6.96461
132 113 6.60346
133 113 6.23953
134 113 5.8755
135 113 5.53058
136 113 5.15829
137 113 4.87959
138 113 4.65578
139 113 4.49327
140 113 4.31775
141 113 4.13486
142 113 3.95211
143 113 3.77034
144 113 3.58889
145 113 3.40648
146 113 3.22304
147 113 3.03961
148 113 2.85673
149 113 2.67288
150 113 2.48885
151 113 2.30515
152 113 2.12103
153 113 1.93505
154 113 1.74842
155 113 1.56208
156 113 1.37598
157 113 1.18983
158 113 1.00264
159 113 0.815709
160 113 0.628987
161 113 0.442158
162 113 0.25452
163 113 0.0663566
164 113 -0.123464
165 113 -0.313469
166 113 -0.504192
167 113 -0.694639
168 113 -0.885469
169 113 -1.07836
170 113 -1.27151
171 113 -1.46436
172 113 -1.65685
173 113 -1.85063
174 113 -2.04549
175 113 -2.24162
176 113 -2.43732
177 113 -2.63412
178 113 -2.83119
179 113 -3.02828
180 113 -3.22493
181 113 -3.42265
182 113 -3.6206
183 113 -3.81817
184 113 -4.01526
185 113 -4.21601
186 113 -4.41656
187 113 -4.61664
188 113 -4.81699
189 113 -9.35257
190 113 -9.35257
191 113 -9.35257
192 113 -9.35257
193 113 -9.35257
194 113 -9.35257
195 113 -9.35257
196 113 -9.35257
197 113 -9.35257
198 113 -9.35257
199 113 -9.35257
200 113 -9.35257
201 113 -9.35257
202 113 -9.35257
203 113 -9.35257
204 113 -9.35257
205 113 -9.35257
206 113 -9.35257
207 113 -9.35257
208 113 -9.35257
209 113 -9.35257
210 113 -9.35257
211 113 -9.35257
212 113 -9.35257
213 113 -9.35257
214 113 -9.35257
215 113 -9.35257
216 113 -9.35257
217 113 -9.35257
218 113 -9.35257
219 113 -9.35257
220 113 -9.35257
221 113 -9.35257
222 113 -9.35257
223 113 -9.35257
224 113 -9.35257
225 113 -9.35257
226 113 -9.35257
227 113 -9.35257
228 113 -9.35257
229 113 -9.35257
230 113 -9.35257
231 113 -9.35257
232 113 -9.35257
233 113 -9.35257
234 113 -9.35257
235 113 -9.35257
236 113 -9.35257
237 113 -9.35257
238 113 -9.35257
239 113 -9.35257
0 114 -9.35257
1 114 -9.35257
2 114 -9.35257
3 114 -9.35257
4 114 -9.35257
5 114 -9.35257
6 114 -9.35257
7 114 -9.35257
8 114 -9.35257
9 114 -9.35257
10 114 -9.35257
11 114 -9.35257
12 114 -9.35257
13 114 -9.35257
14 114 -9.35257
15 114 -9.35257
16 114 -9.35257
17 114 -9.35257
18 114 -9.35257
19 114 -9.35257
20 114 -9.35257
21 114 -9.35257
22 114 -9.35257
23 114 -9.35257
24 114 -9.35257
25 114 -9.35257
26 114 -9.35257
27 114 -9.35257
28 114 -9.35257
29 114 -9.35257
30 114 -9.35257
31 114 -9.35257
32 114 -9.35257
33 114 -9.35257
34 114 -9.35257
35 114 -9.35257
36 114 -9.35257
37 114 -9.35257
38 114 -9.35257
39 114 -9.35257
40 114 -9.35257
41 114 -9.35257
42 114 -9.35257
43 114 -9.35257
44 114 -9.35257
45 114 -9.35257
46 114 -9.35257
47 114 -9.35257
48 114 -9.35257
49 114 -9.35257
50 114 -9.35257
51 114 -5.79325
52 114 -5.57699
53 114 -5.36123
54 114 -5.14534
55 114 -4.93031
56 114 -4.71576
57 114 -4.50114
58 114 -4.28916
59 114 -4.0767
60 114 -3.86361
61 114 -3.65232
62 114 -3.44047
63 114 -3.22803
64 114 -3.01748
65 114 -2.80654
66 114 -2.59576
67 114 -2.38587
68 114 -2.17583
69 114 -1.96606
70 114 -1.75746
71 114 -1.54948
72 114 -1.34174
73 114 -1.13504
74 114 -0.92871
75 114 -0.723156
76 114 -0.518217
77 114 -0.312825
78 114 -0.109575
79 114 0.0937597
80 114 0.29746
81 114 0.499047
82 114 0.700851
83 114 0.902243
84 114 1.10159
85 114 1.2995
86 114 1.49745
87 114 1.69323
88 114 1.88935
89 114 2.08583
90 114 2.28017
91 114 2.47483
92 114 2.6693
93 114 2.86166
94 114 3.05452
95 114 3.24715
96 114 3.43786
97 114 3.62917
98 114 3.82073
99 114 4.00938
100 114 4.1968
101 114 4.38488
102 114 4.57396
103 114 4.74619
104 114 4.89134
105 114 5.19099
106 114 5.56012
107 114 5.90996
108 114 6.27383
109 114 6.63774
110 114 6.99727
111 114 7.35553
112 114 7.7074
113 114 8.03008
114 114 8.27271
115 114 8.16316
116 114 8.06636
117 114 7.96816
118 114 7.8641
119 114 7.75762
120 114 7.64936
121 114 7.76837
122 114 7.88519
123 114 8.00102
124 114 8.11628
125 114 8.234
126 114 8.37436
127 114 8.31641
128 114 7.98358
129 114 7.62117
130 114 7.25893
131 114 6.8974
132 114 6.53842
133 114 6.16891
134 114 5.78051
135 114 5.49223
136 114 5.25848
137 114 5.0789
138 114 4.88647
139 114 4.70737
140 114 4.52848
141 114 4.34777
142 114 4.16471
143 114 3.98232
144 114 3.80032
145 114 3.61738
146 114 3.43383
147 114 3.25072
148 114 3.0676
149 114 2.88375
150 114 2.70011
151 114 2.51687
152 114 2.3344
153 114 2.14807
154 114 1.96163
155 114 1.77568
156 114 1.59029
157 114 1.4039
158 114 1.21731
159 114 1.03078
160 114 0.844718
161 114 0.657625
162 114 0.470295
163 114 0.283566
164 114 0.0943702
165 114 -0.0958804
166 114 -0.286409
167 114 -0.476653
168 114 -0.667697
169 114 -0.860193
170 114 -1.05276
171 114 -1.24524
172 114 -1.43762
173 114 -1.631
174 114 -1.82461
175 114 -2.02019
176 114 -2.21579
177 114 -2.41231
178 114 -2.60884
179 114 -2.80523
180 114 -3.00186
181 114 -3.19936
182 114 -3.39683
183 114 -3.59419
184 114 -3.79158
185 114 -3.99043
186 114 -4.19063
187 114 -4.39054
188 114 -4.59062
189 114 -4.79235
190 114 -9.35257
191 114 -9.35257
192 114 -9.35257
193 114 -9.35257
194 114 -9.35257
195 114 -9.35257
196 114 -9.35257
197 114 -9.35257
198 114 -9.35257
199 114 -9.35257
200 114 -9.35257
201 114 -9.35257
202 114 -9.35257
203 114 -9.35257
204 114 -9.35257
205 114 -9.35257
206 114 -9.35257
207 114 -9.35257
208 114 -9.35257
209 114 -9.35257
210 114 -9.35257
211 114 -9.35257
212 114 -9.35257
213 114 -9.35257
214 114 -9.35257
215 114 -9.35257
216 114 -9.35257
217 114 -9.35257
218 114 -9.35257
219 114 -9.35257
220 114 -9.35257
221 114 -9.35257
222 114 -9.35257
223 114 -9.35257
224 114 -9.35257
225 114 -9.35257
226 114 -9.35257
227 114 -9.35257
228 114 -9.35257
229 114 -9.35257
230 114 -9.35257
231 114 -9.35257
232 114 -9.35257
233 114 -9.35257
234 114 -9.35257
235 114 -9.35257
236 114 -9.35257
237 114 -9.35257
238 114 -9.35257
239 114 -9.35257
0 115 -9.35257
1 115 -9.35257
2 115 -9.35257
3 115 -9.35257
4 115 -9.35257
5 115 -9.35257
6 115 -9.35257
7 115 -9.35257
8 115 -9.35257
9 115 -9.35257
10 115 -9.35257
11 115 -9.35257
12 115 -9.35257
13 115 -9.35257
14 115 -9.35257
15 115 -9.35257
16 115 -9.35257
17 115 -9.35257
18 115 -9.35257
19 115 -9.35257
20 115 -9.35257
21 115 -9.35257
22 115 -9.35257
23 115 -9.35257
24 115 -9.35257
25 115 -9.35257
26 115 -9.35257
27 115 -9.35257
28 115 -9.35257
29 115 -9.35257
30 115 -9.35257
31 115 -9.35257
32 115 -9.35257
33 115 -9.35257
34 115 -9.35257
35 115 -9.35257
36 115 -9.35257
37 115 -9.35257
38 115 -9.35257
39 115 -9.35257
40 115 -9.35257
41 115 -9.35257
42 115 -9.35257
43 115 -9.35257
44 115 -9.35257
45 115 -9.35257
46 115 -9.35257
47 115 -9.35257
48 115 -9.35257
49 115 -9.35257
50 115 -5.83277
51 115 -5.61609
52 115 -5.39672
53 115 -5.18117
54 115 -4.96527
55 115 -4.74946
56 115 -4.53508
57 115 -4.32059
58 115 -4.10642
59 115 -3.89385
60 115 -3.68097
61 115 -3.46823
62 115 -3.2563
63 115 -3.04414
64 115 -2.83215
65 115 -2.62105
66 115 -2.40939
67 115 -2.1993
68 115 -1.98917
69 115 -1.77839
70 115 -1.56962
71 115 -1.36128
72 115 -1.15254
73 115 -0.946087
74 115 -0.739767
75 115 -0.532947
76 115 -0.328143
77 115 -0.122971
78 115 0.0822619
79 115 0.285514
80 115 0.489056
81 115 0.692292
82 115 0.894549
83 115 1.09598
84 115 1.29682
85 115 1.49478
86 115 1.69269
87 115 1.8902
88 115 2.08666
89 115 2.28315
90 115 2.47923
91 115 2.67411
92 115 2.86853
93 115 3.06269
94 115 3.25591
95 115 3.44918
96 115 3.64142
97 115 3.8327
98 115 4.02386
99 115 4.21415
100 115 4.40268
101 115 4.5909
102 115 4.77811
103 115 4.95946
104 115 5.14037
105 115 5.34938
106 115 5.50801
107 115 5.81825
108 115 6.19989
109 115 6.5682
110 115 6.92687
111 115 7.28492
112 115 7.6443
113 115 8.01235
114 115 8.44059
115 115 8.39002
116 115 8.31027
117 115 8.21621
118 115 8.11407
119 115 8.00706
120 115 7.89822
121 115 8.01779
122 115 8.13404
123 115 8.24903
124 115 8.36047
125 115 8.46081
126 115 8.54114
127 115 8.24427
128 115 7.9069
129 115 7.55215
130 115 7.19022
131 115 6.82665
132 115 6.48268
133 115 6.11475
134 115 5.86332
135 115 5.67787
136 115 5.47943
137 115 5.29104
138 115 5.10385
139 115 4.92127
140 115 4.74007
141 115 4.55838
142 115 4.37662
143 115 4.19393
144 115 4.01149
145 115 3.82768
146 115 3.64419
147 115 3.46109
148 115 3.27828
149 115 3.09443
150 115 2.91095
151 115 2.7278
152 115 2.54478
153 115 2.36025
154 115 2.17433
155 115 1.98873
156 115 1.80338
157 115 1.61724
158 115 1.43121
159 115 1.24539
160 115 1.05929
161 115 0.872391
162 115 0.685506
163 115 0.498634
164 115 0.31111
165 115 0.121113
166 115 -0.0688729
167 115 -0.259037
168 115 -0.450062
169 115 -0.641915
170 115 -0.834074
171 115 -1.02617
172 115 -1.21826
173 115 -1.4111
174 115 -1.60349
175 115 -1.79872
176 115 -1.9942
177 115 -2.19047
178 115 -2.3866
179 115 -2.5826
180 115 -2.77878
181 115 -2.97606
182 115 -3.17316
183 115 -3.37013
184 115 -3.5673
185 115 -3.76526
186 115 -3.96496
187 115 -4.16425
188 115 -4.36461
189 115 -4.5662
190 115 -4.76802
191 115 -9.35257
192 115 -9.35257
193 115 -9.35257
194 115 -9.35257
195 115 -9.35257
196 115 -9.35257
197 115 -9.35257
198 115 -9.35257
199 115 -9.35257
200 115 -9.35257
201 115 -9.35257
202 115 -9.35257
203 115 -9.35257
204 115 -9.35257
205 115 -9.35257
206 115 -9.35257
207 115 -9.35257
208 115 -9.35257
209 115 -9.35257
210 115 -9.35257
211 115 -9.35257
212 115 -9.35257
213 115 -9.35257
214 115 -9.35257
215 115 -9.35257
216 115 -9.35257
217 115 -9.35257
218 115 -9.35257
219 115 -9.35257
220 115 -9.35257
221 115 -9.35257
222 115 -9.35257
223 115 -9.35257
224 115 -9.35257
225 115 -9.35257
226 115 -9.35257
227 115 -9.35257
228 115 -9.35257
229 115 -9.35257
230 115 -9.35257
231 115 -9.35257
232 115 -9.35257
233 115 -9.35257
234 115 -9.35257
235 115 -9.35257
236 115 -9.35257
237 115 -9.35257
238 115 -9.35257
239 115 -9.35257
0 116 -9.35257
1 116 -9.35257
2 116 -9.35257
3 116 -9.35257
4 116 -9.35257
5 116 -9.35257
6 116 -9.35257
7 116 -9.35257
8 116 -9.35257
9 116 -9.35257
10 116 -9.35257
11 116 -9.35257
12 116 -9.35257
13 116 -9.35257
14 116 -9.35257
15 116 -9.35257
16 116 -9.35257
17 116 -9.35257
18 116 -9.35257
19 116 -9.35257
20 116 -9.35257
21 116 -9.35257
22 116 -9.35257
23 116 -9.35257
24 116 -9.35257
25 116 -9.35257
26 116 -9.35257
27 116 -9.35257
28 116 -9.35257
29 116 -9.35257
30 116 -9.35257
31 116 -9.35257
32 116 -9.35257
33 116 -9.35257
34 116 -9.35257
35 116 -9.35257
36 116 -9.35257
37 116 -9.35257
38 116 -9.35257
39 116 -9.35257
40 116 -9.35257
41 116 -9.35257
42 116 -9.35257
43 116 -9.35257
44 116 -9.35257
45 116 -9.35257
46 116 -9.35257
47 116 -9.35257
48 116 -9.35257
49 116 -5.87285
50 116 -5.65583
51 116 -5.4366
52 116 -5.21835
53 116 -5.00146
54 116 -4.7854
55 116 -4.56918
56 116 -4.35451
57 116 -4.13974
58 116 -3.92434
59 116 -3.7113
60 116 -3.49819
61 116 -3.28453
62 116 -3.07236
63 116 -2.86009
64 116 -2.64711
65 116 -2.43611
66 116 -2.22472
67 116 -2.01344
68 116 -1.80315
69 116 -1.59269
70 116 -1.38254
71 116 -1.1735
72 116 -0.965312
73 116 -0.75782
74 116 -0.551326
75 116 -0.344722
76 116 -0.138438
77 116 0.0668235
78 116 0.272065
79 116 0.47698
80 116 0.680956
81 116 0.885314
82 116 1.0879
83 116 1.29031
84 116 1.49194
85 116 1.6901
86 116 1.88834
87 116 2.08702
88 116 2.28394
89 116 2.48086
90 116 2.67804
91 116 2.87301
92 116 3.06801
93 116 3.26348
94 116 3.45724
95 116 3.65117
96 116 3.84473
97 116 4.03637
98 116 4.22787
99 116 4.41947
100 116 4.60886
101 116 4.79793
102 116 4.9869
103 116 5.17319
104 116 5.36128
105 116 5.55695
106 116 5.74699
107 116 5.96394
108 116 6.13927
109 116 6.50831
110 116 6.85509
111 116 7.21242
112 116 7.56969
113 116 7.93442
114 116 8.30647
115 116 8.64587
116 116 8.56848
117 116 8.47135
118 116 8.3674
119 116 8.25813
120 116 8.14792
121 116 8.26667
122 116 8.38416
123 116 8.50059
124 116 8.61578
125 116 8.70761
126 116 8.61094
127 116 8.21206
128 116 7.8476
129 116 7.4903
130 116 7.12255
131 116 6.73631
132 116 6.4509
133 116 6.2228
134 116 6.05647
135 116 5.87656
136 116 5.68871
137 116 5.50202
138 116 5.31666
139 116 5.13383
140 116 4.95124
141 116 4.76911
142 116 4.58777
143 116 4.40534
144 116 4.22192
145 116 4.0377
146 116 3.8542
147 116 3.67122
148 116 3.48845
149 116 3.30476
150 116 3.12152
151 116 2.93866
152 116 2.75577
153 116 2.57213
154 116 2.38675
155 116 2.20159
156 116 2.01638
157 116 1.83052
158 116 1.64494
159 116 1.45965
160 116 1.27378
161 116 1.08718
162 116 0.900742
163 116 0.714391
164 116 0.527684
165 116 0.338133
166 116 0.14863
167 116 -0.0417336
168 116 -0.232473
169 116 -0.424012
170 116 -0.615409
171 116 -0.807091
172 116 -0.998994
173 116 -1.19164
174 116 -1.38413
175 116 -1.57695
176 116 -1.77269
177 116 -1.96873
178 116 -2.16445
179 116 -2.35977
180 116 -2.55619
181 116 -2.75289
182 116 -2.9496
183 116 -3.14586
184 116 -3.34307
185 116 -3.5401
186 116 -3.73968
187 116 -3.93903
188 116 -4.13944
189 116 -4.34061
190 116 -4.54137
191 116 -4.74257
192 116 -9.35257
193 116 -9.35257
194 116 -9.35257
195 116 -9.35257
196 116 -9.35257
197 116 -9.35257
198 116 -9.35257
199 116 -9.35257
200 116 -9.35257
201 116 -9.35257
202 116 -9.35257
203 116 -9.35257
204 116 -9.35257
205 116 -9.35257
206 116 -9.35257
207 116 -9.35257
208 116 -9.35257
209 116 -9.35257
210 116 -9.35257
211 116 -9.35257
212 116 -9.35257
213 116 -9.35257
214 116 -9.35257
215 116 -9.35257
216 116 -9.35257
217 116 -9.35257
218 116 -9.35257
219 116 -9.35257
220 116 -9.35257
221 116 -9.35257
222 116 -9.35257
223 116 -9.35257
224 116 -9.35257
225 116 -9.35257
226 116 -9.35257
227 116 -9.35257
228 116 -9.35257
229 116 -9.35257
230 116 -9.35257
231 116 -9.35257
232 116 -9.35257
233 116 -9.35257
234 116 -9.35257
235 116 -9.35257
236 116 -9.35257
237 116 -9.35257
238 116 -9.35257
239 116 -9.35257
0 117 -9.35257
1 117 -9.35257
2 117 -9.35257
3 117 -9.35257
4 117 -9.35257
5 117 -9.35257
6 117 -9.35257
7 117 -9.35257
8 117 -9.35257
9 117 -9.35257
10 117 -9.35257
11 117 -9.35257
12 117 -9.35257
13 117 -9.35257
14 117 -9.35257
15 117 -9.35257
16 117 -9.35257
17 117 -9.35257
18 117 -9.35257
19 117 -9.35257
20 117 -9.35257
21 117 -9.35257
22 117 -9.35257
23 117 -9.35257
24 117 -9.35257
25 117 -9.35257
26 117 -9.35257
27 117 -9.35257
28 117 -9.35257
29 117 -9.35257
30 117 -9.35257
31 117 -9.35257
32 117 -9.35257
33 117 -9.35257
34 117 -9.35257
35 117 -9.35257
36 117 -9.35257
37 117 -9.35257
38 117 -9.35257
39 117 -9.35257
40 117 -9.35257
41 117 -9.35257
42 117 -9.35257
43 117 -9.35257
44 117 -9.35257
45 117 -9.35257
46 117 -9.35257
47 117 -9.35257
48 117 -5.91606
49 117 -5.69824
50 117 -5.47747
51 117 -5.25818
52 117 -5.04045
53 117 -4.82241
54 117 -4.60649
55 117 -4.39054
56 117 -4.17478
57 117 -3.95949
58 117 -3.74435
59 117 -3.52953
60 117 -3.31598
61 117 -3.10257
62 117 -2.88919
63 117 -2.67673
64 117 -2.46405
65 117 -2.25157
66 117 -2.03993
67 117 -1.8278
68 117 -1.61729
69 117 -1.40668
70 117 -1.19554
71 117 -0.986211
72 117 -0.778212
73 117 -0.569756
74 117 -0.362994
75 117 -0.156178
76 117 0.051088
77 117 0.256637
78 117 0.462196
79 117 0.668182
80 117 0.872477
81 117 1.07675
82 117 1.28076
83 117 1.48434
84 117 1.68535
85 117 1.8847
86 117 2.08354
87 117 2.2822
88 117 2.48056
89 117 2.67806
90 117 2.87479
91 117 3.07125
92 117 3.26703
93 117 3.46252
94 117 3.65778
95 117 3.85237
96 117 4.04651
97 117 4.23953
98 117 4.43179
99 117 4.62352
100 117 4.81475
101 117 5.00505
102 117 5.19488
103 117 5.38451
104 117 5.57461
105 117 5.76665
106 117 5.95843
107 117 6.15127
108 117 6.32523
109 117 6.47014
110 117 6.76992
111 117 7.1387
112 117 7.4876
113 117 7.84897
114 117 8.205
115 117 8.53957
116 117 8.84644
117 117 8.73324
118 117 8.6207
119 117 8.51005
120 117 8.39837
121 117 8.51637
122 117 8.6346
123 117 8.7535
124 117 8.89452
125 117 8.839
126 117 8.5084
127 117 8.14444
128 117 7.78075
129 117 7.43852
130 117 7.07242
131 117 6.82282
132 117 6.6395
133 117 6.44488
134 117 6.26324
135 117 6.08101
136 117 5.89592
137 117 5.71098
138 117 5.52701
139 117 5.34397
140 117 5.16107
141 117 4.97908
142 117 4.79831
143 117 4.61534
144 117 4.43103
145 117 4.24707
146 117 4.06373
147 117 3.88119
148 117 3.69792
149 117 3.51469
150 117 3.33176
151 117 3.14957
152 117 2.96663
153 117 2.78401
154 117 2.599
155 117 2.41455
156 117 2.22913
157 117 2.04355
158 117 1.85842
159 117 1.67381
160 117 1.48813
161 117 1.30184
162 117 1.11593
163 117 0.930544
164 117 0.744457
165 117 0.555145
166 117 0.365821
167 117 0.175984
168 117 -0.0149567
169 117 -0.206217
170 117 -0.397177
171 117 -0.587788
172 117 -0.779895
173 117 -0.972323
174 117 -1.16446
175 117 -1.35621
176 117 -1.55177
177 117 -1.7473
178 117 -1.9427
179 117 -2.13801
180 117 -2.33421
181 117 -2.53042
182 117 -2.72649
183 117 -2.9228
184 117 -3.11991
185 117 -3.31701
186 117 -3.51463
187 117 -3.71387
188 117 -3.91473
189 117 -4.11543
190 117 -4.31607
191 117 -4.51704
192 117 -4.71882
193 117 -9.35257
194 117 -9.35257
195 117 -9.35257
196 117 -9.35257
197 117 -9.35257
198 117 -9.35257
199 117 -9.35257
200 117 -9.35257
201 117 -9.35257
202 117 -9.35257
203 117 -9.35257
204 117 -9.35257
205 117 -9.35257
206 117 -9.35257
207 117 -9.35257
208 117 -9.35257
209 117 -9.35257
210 117 -9.35257
211 117 -9.35257
212 117 -9.35257
213 117 -9.35257
214 117 -9.35257
215 117 -9.35257
216 117 -9.35257
217 117 -9.35257
218 117 -9.35257
219 117 -9.35257
220 117 -9.35257
221 117 -9.35257
222 117 -9.35257
223 117 -9.35257
224 117 -9.35257
225 117 -9.35257
226 117 -9.35257
227 117 -9.35257
228 117 -9.35257
229 117 -9.35257
230 117 -9.35257
231 117 -9.35257
232 117 -9.35257
233 117 -9.35257
234 117 -9.35257
235 117 -9.35257
236 117 -9.35257
237 117 -9.35257
238 117 -9.35257
239 117 -9.35257
0 118 -9.35257
1 118 -9.35257
2 118 -9.35257
3 118 -9.35257
4 118 -9.35257
5 118 -9.35257
6 118 -9.35257
7 118 -9.35257
8 118 -9.35257
9 118 -9.35257
10 118 -9.35257
11 118 -9.35257
12 118 -9.35257
13 118 -9.35257
14 118 -9.35257
15 118 -9.35257
16 118 -9.35257
17 118 -9.35257
18 118 -9.35257
19 118 -9.35257
20 118 -9.35257
21 118 -9.35257
22 118 -9.35257
23 118 -9.35257
24 118 -9.35257
25 118 -9.35257
26 118 -9.35257
27 118 -9.35257
28 118 -9.35257
29 118 -9.35257
30 118 -9.35257
31 118 -9.35257
32 118 -9.35257
33 118 -9.35257
34 118 -9.35257
35 118 -9.35257
36 118 -9.35257
37 118 -9.35257
38 118 -9.35257
39 118 -9.35257
40 118 -9.35257
41 118 -9.35257
42 118 -9.35257
43 118 -9.35257
44 118 -9.35257
45 118 -9.35257
46 118 -9.35257
47 118 -5.96013
48 118 -5.74188
49 118 -5.52133
50 118 -5.30082
51 118 -5.08074
52 118 -4.86284
53 118 -4.64524
54 118 -4.42831
55 118 -4.21173
56 118 -3.99505
57 118 -3.7798
58 118 -3.56403
59 118 -3.34805
60 118 -3.1343
61 118 -2.92058
62 118 -2.70631
63 118 -2.4936
64 118 -2.28077
65 118 -2.0674
66 118 -1.85561
67 118 -1.64382
68 118 -1.43223
69 118 -1.2212
70 118 -1.0103
71 118 -0.800175
72 118 -0.591567
73 118 -0.383311
74 118 -0.175392
75 118 0.0319149
76 118 0.239003
77 118 0.445768
78 118 0.651899
79 118 0.85773
80 118 1.06336
81 118 1.26843
82 118 1.47352
83 118 1.67695
84 118 1.87863
85 118 2.07925
86 118 2.27826
87 118 2.4777
88 118 2.67722
89 118 2.87453
90 118 3.07182
91 118 3.26959
92 118 3.4657
93 118 3.66181
94 118 3.85842
95 118 4.05336
96 118 4.24833
97 118 4.4429
98 118 4.63557
99 118 4.8281
100 118 5.02096
101 118 5.21202
102 118 5.40305
103 118 5.59477
104 118 5.78535
105 118 5.97663
106 118 6.1682
107 118 6.35661
108 118 6.53939
109 118 6.72108
110 118 6.92804
111 118 7.08468
112 118 7.39179
113 118 7.76868
114 118 8.12499
115 118 8.45879
116 118 8.76573
117 118 8.99445
118 118 8.87124
119 118 8.76148
120 118 8.64862
121 118 8.76585
122 118 8.88052
123 118 8.98427
124 118 9.06581
125 118 8.77058
126 118 8.43752
127 118 8.07595
128 118 7.69246
129 118 7.40893
130 118 7.18253
131 118 7.01908
132 118 6.83939
133 118 6.65399
134 118 6.47061
135 118 6.28735
136 118 6.10299
137 118 5.91899
138 118 5.73569
139 118 5.55301
140 118 5.36998
141 118 5.18784
142 118 5.00637
143 118 4.82452
144 118 4.6398
145 118 4.4558
146 118 4.27245
147 118 4.08968
148 118 3.90642
149 118 3.72358
150 118 3.54126
151 118 3.35904
152 118 3.17623
153 118 2.99362
154 118 2.81069
155 118 2.62628
156 118 2.44113
157 118 2.25613
158 118 2.07139
159 118 1.88684
160 118 1.70145
161 118 1.51611
162 118 1.3306
163 118 1.14521
164 118 0.958882
165 118 0.771916
166 118 0.58231
167 118 0.392617
168 118 0.201966
169 118 0.0112789
170 118 -0.17931
171 118 -0.369853
172 118 -0.561345
173 118 -0.753263
174 118 -0.945154
175 118 -1.13719
176 118 -1.33083
177 118 -1.52598
178 118 -1.72101
179 118 -1.91623
180 118 -2.1122
181 118 -2.30807
182 118 -2.50384
183 118 -2.69978
184 118 -2.89674
185 118 -3.09338
186 118 -3.28973
187 118 -3.48916
188 118 -3.69015
189 118 -3.89026
190 118 -4.09043
191 118 -4.29177
192 118 -4.49341
193 118 -4.6952
194 118 -9.35257
195 118 -9.35257
196 118 -9.35257
197 118 -9.35257
198 118 -9.35257
199 118 -9.35257
200 118 -9.35257
201 118 -9.35257
202 118 -9.35257
203 118 -9.35257
204 118 -9.35257
205 118 -9.35257
206 118 -9.35257
207 118 -9.35257
208 118 -9.35257
209 118 -9.35257
210 118 -9.35257
211 118 -9.35257
212 118 -9.35257
213 118 -9.35257
214 118 -9.35257
215 118 -9.35257
216 118 -9.35257
217 118 -9.35257
218 118 -9.35257
219 118 -9.35257
220 118 -9.35257
221 118 -9.35257
222 118 -9.35257
223 118 -9.35257
224 118 -9.35257
225 118 -9.35257
226 118 -9.35257
227 118 -9.35257
228 118 -9.35257
229 118 -9.35257
230 118 -9.35257
231 118 -9.35257
232 118 -9.35257
233 118 -9.35257
234 118 -9.35257
235 118 -9.35257
236 118 -9.35257
237 118 -9.35257
238 118 -9.35257
239 118 -9.35257
0 119 -9.35257
1 119 -9.35257
2 119 -9.35257
3 119 -9.35257
4 119 -9.35257
5 119 -9.35257
6 119 -9.35257
7 119 -9.35257
8 119 -9.35257
9 119 -9.35257
10 119 -9.35257
11 119 -9.35257
12 119 -9.35257
13 119 -9.35257
14 119 -9.35257
15 119 -9.35257
16 119 -9.35257
17 119 -9.35257
18 119 -9.35257
19 119 -9.35257
20 119 -9.35257
21 119 -9.35257
22 119 -9.35257
23 119 -9.35257
24 119 -9.35257
25 119 -9.35257
26 119 -9.35257
27 119 -9.35257
28 119 -9.35257
29 119 -9.35257
30 119 -9.35257
31 119 -9.35257
32 119 -9.35257
33 119 -9.35257
34 119 -9.35257
35 119 -9.35257
36 119 -9.35257
37 119 -9.35257
38 119 -9.35257
39 119 -9.35257
40 119 -9.35257
41 119 -9.35257
42 119 -9.35257
43 119 -9.35257
44 119 -9.35257
45 119 -9.35257
46 119 -6.00857
47 119 -5.78835
48 119 -5.56567
49 119 -5.34512
50 119 -5.12373
51 119 -4.90343
52 119 -4.68595
53 119 -4.4682
54 119 -4.25028
55 119 -4.03369
56 119 -3.8171
57 119 -3.60064
58 119 -3.38459
59 119 -3.16878
60 119 -2.95329
61 119 -2.73914
62 119 -2.52511
63 119 -2.3113
64 119 -2.09803
65 119 -1.88491
66 119 -1.67201
67 119 -1.45962
68 119 -1.24713
69 119 -1.03627
70 119 -0.825119
71 119 -0.614329
72 119 -0.40525
73 119 -0.196531
74 119 0.0122952
75 119 0.21955
76 119 0.42724
77 119 0.635003
78 119 0.841236
79 119 1.04748
80 119 1.25425
81 119 1.45944
82 119 1.66457
83 119 1.8695
84 119 2.07123
85 119 2.27206
86 119 2.47255
87 119 2.67246
88 119 2.87184
89 119 3.07039
90 119 3.26836
91 119 3.46617
92 119 3.66371
93 119 3.86059
94 119 4.05729
95 119 4.25369
96 119 4.44938
97 119 4.6447
98 119 4.83888
99 119 5.03233
100 119 5.22552
101 119 5.41837
102 119 5.61055
103 119 5.80268
104 119 5.99476
105 119 6.18631
106 119 6.37738
107 119 6.56673
108 119 6.75401
109 119 6.94207
110 119 7.13648
111 119 7.32367
112 119 7.53651
113 119 7.70553
114 119 8.06749
115 119 8.40485
116 119 8.76306
117 119 9.17713
118 119 9.10834
119 119 9.00828
120 119 8.89837
121 119 9.01798
122 119 9.13746
123 119 9.23348
124 119 9.13822
125 119 8.73959
126 119 8.39419
127 119 8.02901
128 119 7.77984
129 119 7.59902
130 119 7.40623
131 119 7.22598
132 119 7.04504
133 119 6.86114
134 119 6.6779
135 119 6.49387
136 119 6.30976
137 119 6.12633
138 119 5.9438
139 119 5.76076
140 119 5.57806
141 119 5.39596
142 119 5.21484
143 119 5.03273
144 119 4.8479
145 119 4.66393
146 119 4.48066
147 119 4.29774
148 119 4.11455
149 119 3.93198
150 119 3.74999
151 119 3.56821
152 119 3.38565
153 119 3.20359
154 119 3.02216
155 119 2.83785
156 119 2.653
157 119 2.46848
158 119 2.28421
159 119 2.09984
160 119 1.91476
161 119 1.72988
162 119 1.54517
163 119 1.35994
164 119 1.17398
165 119 0.988383
166 119 0.798925
167 119 0.60933
168 119 0.418962
169 119 0.228712
170 119 0.0385481
171 119 -0.151846
172 119 -0.343056
173 119 -0.534197
174 119 -0.725666
175 119 -0.917431
176 119 -1.11013
177 119 -1.30475
178 119 -1.4991
179 119 -1.69457
180 119 -1.89025
181 119 -2.08577
182 119 -2.28099
183 119 -2.47732
184 119 -2.67386
185 119 -2.87
186 119 -3.06637
187 119 -3.26497
188 119 -3.46643
189 119 -3.66796
190 119 -3.86869
191 119 -4.07001
192 119 -4.27104
193 119 -4.47128
194 119 -4.67231
195 119 -9.35257
196 119 -9.35257
197 119 -9.35257
198 119 -9.35257
199 119 -9.35257
200 119 -9.35257
201 119 -9.35257
202 119 -9.35257
203 119 -9.35257
204 119 -9.35257
205 119 -9.35257
206 119 -9.35257
207 119 -9.35257
208 119 -9.35257
209 119 -9.35257
210 119 -9.35257
211 119 -9.35257
212 119 -9.35257
213 119 -9.35257
214 119 -9.35257
215 119 -9.35257
216 119 -9.35257
217 119 -9.35257
218 119 -9.35257
219 119 -9.35257
220 119 -9.35257
221 119 -9.35257
222 119 -9.35257
223 119 -9.35257
224 119 -9.35257
225 119 -9.35257
226 119 -9.35257
227 119 -9.35257
228 119 -9.35257
229 119 -9.35257
230 119 -9.35257
231 119 -9.35257
232 119 -9.35257
233 119 -9.35257
234 119 -9.35257
235 119 -9.35257
236 119 -9.35257
237 119 -9.35257
238 119 -9.35257
239 119 -9.35257
0 120 -9.35257
1 120 -9.35257
2 120 -9.35257
3 120 -9.35257
4 120 -9.35257
5 120 -9.35257
6 120 -9.35257
7 120 -9.35257
8 120 -9.35257
9 120 -9.35257
10 120 -9.35257
11 120 -9.35257
12 120 -9.35257
13 120 -9.35257
14 120 -9.35257
15 120 -9.35257
16 120 -9.35257
17 120 -9.35257
18 120 -9.35257
19 120 -9.35257
20 120 -9.35257
21 120 -9.35257
22 120 -9.35257
23 120 -9.35257
24 120 -9.35257
25 120 -9.35257
26 120 -9.35257
27 120 -9.35257
28 120 -9.35257
29 120 -9.35257
30 120 -9.35257
31 120 -9.35257
32 120 -9.35257
33 120 -9.35257
34 120 -9.35257
35 120 -9.35257
36 120 -9.35257
37 120 -9.35257
38 120 -9.35257
39 120 -9.35257
40 120 -9.35257
41 120 -9.35257
42 120 -9.35257
43 120 -9.35257
44 120 -9.35257
45 120 -6.05784
46 120 -5.83702
47 120 -5.61462
48 120 -5.39158
49 120 -5.16975
50 120 -4.94832
51 120 -4.72857
52 120 -4.51011
53 120 -4.29202
54 120 -4.07412
55 120 -3.85635
56 120 -3.63903
57 120 -3.42157
58 120 -3.20561
59 120 -2.98918
60 120 -2.77253
61 120 -2.55828
62 120 -2.34369
63 120 -2.12896
64 120 -1.91582
65 120 -1.7022
66 120 -1.4884
67 120 -1.27621
68 120 -1.06367
69 120 -0.851922
70 120 -0.641075
71 120 -0.430065
72 120 -0.219654
73 120 -0.0105232
74 120 0.198243
75 120 0.40675
76 120 0.614736
77 120 0.822442
78 120 1.02988
79 120 1.23672
80 120 1.44338
81 120 1.64984
82 120 1.85582
83 120 2.0601
84 120 2.26291
85 120 2.46518
86 120 2.66688
87 120 2.86682
88 120 3.06648
89 120 3.26628
90 120 3.46442
91 120 3.66303
92 120 3.86182
93 120 4.05892
94 120 4.25646
95 120 4.45417
96 120 4.65015
97 120 4.84659
98 120 5.04233
99 120 5.23619
100 120 5.43043
101 120 5.62481
102 120 5.81748
103 120 6.01065
104 120 6.20411
105 120 6.39585
106 120 6.58743
107 120 6.77833
108 120 6.96722
109 120 7.15672
110 120 7.34754
111 120 7.5364
112 120 7.72506
113 120 7.89359
114 120 8.03313
115 120 8.33008
116 120 8.70236
117 120 9.064
118 120 9.37661
119 120 9.26301
120 120 9.14802
121 120 9.27023
122 120 9.41786
123 120 9.37214
124 120 9.03807
125 120 8.65449
126 120 8.37004
127 120 8.14213
128 120 7.97802
129 120 7.80041
130 120 7.61646
131 120 7.43362
132 120 7.25198
133 120 7.06769
134 120 6.88379
135 120 6.69958
136 120 6.5159
137 120 6.33281
138 120 6.15026
139 120 5.96727
140 120 5.78484
141 120 5.60316
142 120 5.4219
143 120 5.23978
144 120 5.0552
145 120 4.87139
146 120 4.68856
147 120 4.5052
148 120 4.32209
149 120 4.13985
150 120 3.95853
151 120 3.77654
152 120 3.59463
153 120 3.41298
154 120 3.23186
155 120 3.04908
156 120 2.8646
157 120 2.68062
158 120 2.49716
159 120 2.31265
160 120 2.1279
161 120 1.94351
162 120 1.75957
163 120 1.57452
164 120 1.38875
165 120 1.20287
166 120 1.01572
167 120 0.825939
168 120 0.635875
169 120 0.446094
170 120 0.256672
171 120 0.0661019
172 120 -0.124805
173 120 -0.315491
174 120 -0.505847
175 120 -0.697615
176 120 -0.889253
177 120 -1.08375
178 120 -1.27822
179 120 -1.47356
180 120 -1.66844
181 120 -1.86377
182 120 -2.05919
183 120 -2.25556
184 120 -2.45201
185 120 -2.64933
186 120 -2.84611
187 120 -3.04475
188 120 -3.2456
189 120 -3.44644
190 120 -3.64723
191 120 -3.84853
192 120 -4.04945
193 120 -4.25
194 120 -4.45083
195 120 -4.65242
196 120 -9.35257
197 120 -9.35257
198 120 -9.35257
199 120 -9.35257
200 120 -9.35257
201 120 -9.35257
202 120 -9.35257
203 120 -9.35257
204 120 -9.35257
205 120 -9.35257
206 120 -9.35257
207 120 -9.35257
208 120 -9.35257
209 120 -9.35257
210 120 -9.35257
211 120 -9.35257
212 120 -9.35257
213 120 -9.35257
214 120 -9.35257
215 120 -9.35257
216 120 -9.35257
217 120 -9.35257
218 120 -9.35257
219 120 -9.35257
220 120 -9.35257
221 120 -9.35257
222 120 -9.35257
223 120 -9.35257
224 120 -9.35257
225 120 -9.35257
226 120 -9.35257
227 120 -9.35257
228 120 -9.35257
229 120 -9.35257
230 120 -9.35257
231 120 -9.35257
232 120 -9.35257
233 120 -9.35257
234 120 -9.35257
235 120 -9.35257
236 120 -9.35257
237 120 -9.35257
238 120 -9.35257
239 120 -9.35257
0 121 -9.35257
1 121 -9.35257
2 121 -9.35257
3 121 -9.35257
4 121 -9.35257
5 121 -9.35257
6 121 -9.35257
7 121 -9.35257
8 121 -9.35257
9 121 -9.35257
10 121 -9.35257
11 121 -9.35257
12 121 -9.35257
13 121 -9.35257
14 121 -9.35257
15 121 -9.35257
16 121 -9.35257
17 121 -9.35257
18 121 -9.35257
19 121 -9.35257
20 121 -9.35257
21 121 -9.35257
22 121 -9.35257
23 121 -9.35257
24 121 -9.35257
25 121 -9.35257
26 121 -9.35257
27 121 -9.35257
28 121 -9.35257
29 121 -9.35257
30 121 -9.35257
31 121 -9.35257
32 121 -9.35257
33 121 -9.35257
34 121 -9.35257
35 121 -9.35257
36 121 -9.35257
37 121 -9.35257
38 121 -9.35257
39 121 -9.35257
40 121 -9.35257
41 121 -9.35257
42 121 -9.35257
43 121 -9.35257
44 121 -6.1104
45 121 -5.88905
46 121 -5.66509
47 121 -5.44155
48 121 -5.21822
49 121 -4.99444
50 121 -4.77335
51 121 -4.55391
52 121 -4.3344
53 121 -4.11635
54 121 -3.89781
55 121 -3.67906
56 121 -3.46182
57 121 -3.2442
58 121 -3.0271
59 121 -2.81051
60 121 -2.59377
61 121 -2.37777
62 121 -2.16313
63 121 -1.94828
64 121 -1.73409
65 121 -1.52037
66 121 -1.30645
67 121 -1.09314
68 121 -0.880383
69 121 -0.667998
70 121 -0.457196
71 121 -0.245874
72 121 -0.0344859
73 121 0.175166
74 121 0.384449
75 121 0.593945
76 121 0.801834
77 121 1.01014
78 121 1.21862
79 121 1.42544
80 121 1.63272
81 121 1.84017
82 121 2.04597
83 121 2.25037
84 121 2.45459
85 121 2.65715
86 121 2.85931
87 121 3.06062
88 121 3.26032
89 121 3.46042
90 121 3.66001
91 121 3.85905
92 121 4.05821
93 121 4.25681
94 121 4.45482
95 121 4.65294
96 121 4.85048
97 121 5.04737
98 121 5.24422
99 121 5.43969
100 121 5.63455
101 121 5.8295
102 121 6.02389
103 121 6.21772
104 121 6.41171
105 121 6.60528
106 121 6.79669
107 121 6.98842
108 121 7.17983
109 121 7.36943
110 121 7.55943
111 121 7.7487
112 121 7.93315
113 121 8.11063
114 121 8.28628
115 121 8.49
116 121 8.65228
117 121 8.99972
118 121 9.29243
119 121 9.51791
120 121 9.39023
121 121 9.49618
122 121 9.58942
123 121 9.32283
124 121 8.98704
125 121 8.74502
126 121 8.56433
127 121 8.37061
128 121 8.1897
129 121 8.00811
130 121 7.82389
131 121 7.64007
132 121 7.45685
133 121 7.27386
134 121 7.08902
135 121 6.90475
136 121 6.72145
137 121 6.53875
138 121 6.35619
139 121 6.17322
140 121 5.99087
141 121 5.8092
142 121 5.62764
143 121 5.44461
144 121 5.26172
145 121 5.07787
146 121 4.89479
147 121 4.71145
148 121 4.52875
149 121 4.34681
150 121 4.16554
151 121 3.98385
152 121 3.8026
153 121 3.62183
154 121 3.44102
155 121 3.25932
156 121 3.0757
157 121 2.89225
158 121 2.70895
159 121 2.52479
160 121 2.34066
161 121 2.15671
162 121 1.97288
163 121 1.78815
164 121 1.60339
165 121 1.4174
166 121 1.23116
167 121 1.04192
168 121 0.852505
169 121 0.663118
170 121 0.473756
171 121 0.283475
172 121 0.0932264
173 121 -0.097114
174 121 -0.287517
175 121 -0.478835
176 121 -0.67018
177 121 -0.862768
178 121 -1.05737
179 121 -1.25301
180 121 -1.44913
181 121 -1.64465
182 121 -1.84026
183 121 -2.03664
184 121 -2.23291
185 121 -2.42919
186 121 -2.62608
187 121 -2.8241
188 121 -3.02474
189 121 -3.22496
190 121 -3.42613
191 121 -3.62741
192 121 -3.8282
193 121 -4.02843
194 121 -4.22966
195 121 -4.43105
196 121 -4.63242
197 121 -9.35257
198 121 -9.35257
199 121 -9.35257
200 121 -9.35257
201 121 -9.35257
202 121 -9.35257
203 121 -9.35257
204 121 -9.35257
205 121 -9.35257
206 121 -9.35257
207 121 -9.35257
208 121 -9.35257
209 121 -9.35257
210 121 -9.35257
211 121 -9.35257
212 121 -9.35257
213 121 -9.35257
214 121 -9.35257
215 121 -9.35257
216 121 -9.35257
217 121 -9.35257
218 121 -9.35257
219 121 -9.35257
220 121 -9.35257
221 121 -9.35257
222 121 -9.35257
223 121 -9.35257
224 121 -9.35257
225 121 -9.35257
226 121 -9.35257
227 121 -9.35257
228 121 -9.35257
229 121 -9.35257
230 121 -9.35257
231 121 -9.35257
232 121 -9.35257
233 121 -9.35257
234 121 -9.35257
235 121 -9.35257
236 121 -9.35257
237 121 -9.35257
238 121 -9.35257
239 121 -9.35257
0 122 -9.35257
1 122 -9.35257
2 122 -9.35257
3 122 -9.35257
4 122 -9.35257
5 122 -9.35257
6 122 -9.35257
7 122 -9.35257
8 122 -9.35257
9 122 -9.35257
10 122 -9.35257
11 122 -9.35257
12 122 -9.35257
13 122 -9.35257
14 122 -9.35257
15 122 -9.35257
16 122 -9.35257
17 122 -9.35257
18 122 -9.35257
19 122 -9.35257
20 122 -9.35257
21 122 -9.35257
22 122 -9.35257
23 122 -9.35257
24 122 -9.35257
25 122 -9.35257
26 122 -9.35257
27 122 -9.35257
28 122 -9.35257
29 122 -9.35257
30 122 -9.35257
31 122 -9.35257
32 122 -9.35257
33 122 -9.35257
34 122 -9.35257
35 122 -9.35257
36 122 -9.35257
37 122 -9.35257
38 122 -9.35257
39 122 -9.35257
40 122 -9.35257
41 122 -9.35257
42 122 -9.35257
43 122 -6.16411
44 122 -5.94156
45 122 -5.71789
46 122 -5.49343
47 122 -5.26871
48 122 -5.04533
49 122 -4.82138
50 122 -4.59934
51 122 -4.38005
52 122 -4.16039
53 122 -3.94119
54 122 -3.72243
55 122 -3.50344
56 122 -3.285
57 122 -3.06703
58 122 -2.84856
59 122 -2.632
60 122 -2.415
61 122 -2.19746
62 122 -1.98276
63 122 -1.76761
64 122 -1.55239
65 122 -1.33874
66 122 -1.12457
67 122 -0.910315
68 122 -0.698228
69 122 -0.485767
70 122 -0.273837
71 122 -0.0624375
72 122 0.149124
73 122 0.360147
74 122 0.569759
75 122 0.779436
76 122 0.988513
77 122 1.19701
78 122 1.40566
79 122 1.61373
80 122 1.82121
81 122 2.02881
82 122 2.23571
83 122 2.44014
84 122 2.64459
85 122 2.84834
86 122 3.05111
87 122 3.25266
88 122 3.45377
89 122 3.6544
90 122 3.85561
91 122 4.05493
92 122 4.25452
93 122 4.45473
94 122 4.65306
95 122 4.85166
96 122 5.05087
97 122 5.24819
98 122 5.4458
99 122 5.64321
100 122 5.83858
101 122 6.03412
102 122 6.23029
103 122 6.42461
104 122 6.61884
105 122 6.81255
106 122 7.00563
107 122 7.1982
108 122 7.39075
109 122 7.58173
110 122 7.77144
111 122 7.96124
112 122 8.14821
113 122 8.3289
114 122 8.50782
115 122 8.69134
116 122 8.85909
117 122 8.988
118 122 9.27548
119 122 9.69448
120 122 9.62883
121 122 9.73381
122 122 9.64414
123 122 9.34235
124 122 9.11967
125 122 8.95254
126 122 8.77169
127 122 8.58634
128 122 8.40211
129 122 8.21628
130 122 8.02998
131 122 7.84523
132 122 7.66154
133 122 7.47796
134 122 7.29276
135 122 7.10901
136 122 6.92644
137 122 6.74459
138 122 6.56163
139 122 6.37858
140 122 6.19629
141 122 6.01491
142 122 5.83202
143 122 5.64933
144 122 5.46749
145 122 5.28363
146 122 5.10038
147 122 4.91709
148 122 4.73471
149 122 4.55315
150 122 4.37206
151 122 4.19076
152 122 4.01013
153 122 3.83005
154 122 3.65017
155 122 3.46975
156 122 3.28667
157 122 3.10377
158 122 2.92073
159 122 2.73693
160 122 2.55329
161 122 2.36982
162 122 2.1862
163 122 2.00185
164 122 1.81737
165 122 1.63221
166 122 1.44697
167 122 1.2581
168 122 1.06915
169 122 0.880154
170 122 0.69088
171 122 0.50085
172 122 0.311382
173 122 0.121358
174 122 -0.069151
175 122 -0.260718
176 122 -0.452791
177 122 -0.644497
178 122 -0.839314
179 122 -1.03491
180 122 -1.23041
181 122 -1.42541
182 122 -1.62145
183 122 -1.81778
184 122 -2.0138
185 122 -2.20939
186 122 -2.40701
187 122 -2.60545
188 122 -2.80428
189 122 -3.00466
190 122 -3.20579
191 122 -3.40678
192 122 -3.60749
193 122 -3.80797
194 122 -4.00919
195 122 -4.21024
196 122 -4.41084
197 122 -4.61176
198 122 -9.35257
199 122 -9.35257
200 122 -9.35257
201 122 -9.35257
202 122 -9.35257
203 122 -9.35257
204 122 -9.35257
205 122 -9.35257
206 122 -9.35257
207 122 -9.35257
208 122 -9.35257
209 122 -9.35257
210 122 -9.35257
211 122 -9.35257
212 122 -9.35257
213 122 -9.35257
214 122 -9.35257
215 122 -9.35257
216 122 -9.35257
217 122 -9.35257
218 122 -9.35257
219 122 -9.35257
220 122 -9.35257
221 122 -9.35257
222 122 -9.35257
223 122 -9.35257
224 122 -9.35257
225 122 -9.35257
226 122 -9.35257
227 122 -9.35257
228 122 -9.35257
229 122 -9.35257
230 122 -9.35257
231 122 -9.35257
232 122 -9.35257
233 122 -9.35257
234 122 -9.35257
235 122 -9.35257
236 122 -9.35257
237 122 -9.35257
238 122 -9.35257
239 122 -9.35257
0 123 -9.35257
1 123 -9.35257
2 123 -9.35257
3 123 -9.35257
4 123 -9.35257
5 123 -9.35257
6 123 -9.35257
7 123 -9.35257
8 123 -9.35257
9 123 -9.35257
10 123 -9.35257
11 123 -9.35257
12 123 -9.35257
13 123 -9.35257
14 123 -9.35257
15 123 -9.35257
16 123 -9.35257
17 123 -9.35257
18 123 -9.35257
19 123 -9.35257
20 123 -9.35257
21 123 -9.35257
22 123 -9.35257
23 123 -9.35257
24 123 -9.35257
25 123 -9.35257
26 123 -9.35257
27 123 -9.35257
28 123 -9.35257
29 123 -9.35257
30 123 -9.35257
31 123 -9.35257
32 123 -9.35257
33 123 -9.35257
34 123 -9.35257
35 123 -9.35257
36 123 -9.35257
37 123 -9.35257
38 123 -9.35257
39 123 -9.35257
40 123 -9.35257
41 123 -9.35257
42 123 -6.22074
43 123 -5.99802
44 123 -5.77254
45 123 -5.54751
46 123 -5.32277
47 123 -5.09768
48 123 -4.87299
49 123 -4.64865
50 123 -4.42568
51 123 -4.20656
52 123 -3.98665
53 123 -3.76607
54 123 -3.54728
55 123 -3.32801
56 123 -3.10819
57 123 -2.89035
58 123 -2.67204
59 123 -2.45392
60 123 -2.23678
61 123 -2.01939
62 123 -1.80285
63 123 -1.58771
64 123 -1.37237
65 123 -1.15763
66 123 -0.943473
67 123 -0.729389
68 123 -0.516448
69 123 -0.3037
70 123 -0.0904609
71 123 0.120836
72 123 0.332583
73 123 0.54483
74 123 0.755005
75 123 0.964845
76 123 1.17525
77 123 1.38371
78 123 1.59261
79 123 1.80207
80 123 2.00958
81 123 2.21749
82 123 2.42558
83 123 2.6299
84 123 2.83461
85 123 3.03967
86 123 3.24225
87 123 3.44446
88 123 3.64714
89 123 3.8478
90 123 4.04904
91 123 4.25056
92 123 4.45019
93 123 4.65046
94 123 4.85103
95 123 5.04975
96 123 5.24911
97 123 5.4487
98 123 5.6464
99 123 5.84468
100 123 6.04243
101 123 6.23812
102 123 6.43443
103 123 6.63132
104 123 6.82565
105 123 7.01983
106 123 7.21448
107 123 7.40802
108 123 7.6026
109 123 7.7947
110 123 7.98338
111 123 8.17483
112 123 8.36894
113 123 8.54893
114 123 8.72417
115 123 8.90784
116 123 9.10297
117 123 9.26153
118 123 9.43636
119 123 9.57823
120 123 9.92971
121 123 9.86518
122 123 9.71082
123 123 9.56044
124 123 9.37632
125 123 9.17284
126 123 8.98361
127 123 8.80101
128 123 8.61617
129 123 8.42398
130 123 8.23456
131 123 8.04937
132 123 7.8655
133 123 7.68102
134 123 7.4951
135 123 7.31214
136 123 7.13078
137 123 6.94935
138 123 6.76626
139 123 6.58323
140 123 6.40083
141 123 6.21874
142 123 6.03528
143 123 5.85252
144 123 5.67063
145 123 5.48882
146 123 5.30509
147 123 5.12189
148 123 4.93988
149 123 4.75907
150 123 4.57789
151 123 4.39705
152 123 4.21714
153 123 4.0381
154 123 3.85825
155 123 3.67819
156 123 3.49749
157 123 3.31547
158 123 3.13237
159 123 2.94893
160 123 2.76581
161 123 2.58311
162 123 2.39938
163 123 2.21547
164 123 2.03083
165 123 1.84641
166 123 1.66084
167 123 1.47439
168 123 1.28586
169 123 1.09751
170 123 0.907881
171 123 0.717695
172 123 0.527151
173 123 0.337376
174 123 0.14643
175 123 -0.0450288
176 123 -0.236483
177 123 -0.427741
178 123 -0.621352
179 123 -0.816881
180 123 -1.01216
181 123 -1.20725
182 123 -1.40322
183 123 -1.59921
184 123 -1.79509
185 123 -1.99092
186 123 -2.18869
187 123 -2.38638
188 123 -2.58404
189 123 -2.78447
190 123 -2.98556
191 123 -3.18639
192 123 -3.38698
193 123 -3.58763
194 123 -3.78889
195 123 -3.98985
196 123 -4.19055
197 123 -4.39146
198 123 -4.59308
199 123 -9.35257
200 123 -9.35257
201 123 -9.35257
202 123 -9.35257
203 123 -9.35257
204 123 -9.35257
205 123 -9.35257
206 123 -9.35257
207 123 -9.35257
208 123 -9.35257
209 123 -9.35257
210 123 -9.35257
211 123 -9.35257
212 123 -9.35257
213 123 -9.35257
214 123 -9.35257
215 123 -9.35257
216 123 -9.35257
217 123 -9.35257
218 123 -9.35257
219 123 -9.35257
220 123 -9.35257
221 123 -9.35257
222 123 -9.35257
223 123 -9.35257
224 123 -9.35257
225 123 -9.35257
226 123 -9.35257
227 123 -9.35257
228 123 -9.35257
229 123 -9.35257
230 123 -9.35257
231 123 -9.35257
232 123 -9.35257
233 123 -9.35257
234 123 -9.35257
235 123 -9.35257
236 123 -9.35257
237 123 -9.35257
238 123 -9.35257
239 123 -9.35257
0 124 -9.35257
1 124 -9.35257
2 124 -9.35257
3 124 -9.35257
4 124 -9.35257
5 124 -9.35257
6 124 -9.35257
7 124 -9.35257
8 124 -9.35257
9 124 -9.35257
10 124 -9.35257
11 124 -9.35257
12 124 -9.35257
13 124 -9.35257
14 124 -9.35257
15 124 -9.35257
16 124 -9.35257
17 124 -9.35257
18 124 -9.35257
19 124 -9.35257
20 124 -9.35257
21 124 -9.35257
22 124 -9.35257
23 124 -9.35257
24 124 -9.35257
25 124 -9.35257
26 124 -9.35257
27 124 -9.35257
28 124 -9.35257
29 124 -9.35257
30 124 -9.35257
31 124 -9.35257
32 124 -9.35257
33 124 -9.35257
34 124 -9.35257
35 124 -9.35257
36 124 -9.35257
37 124 -9.35257
38 124 -9.35257
39 124 -9.35257
40 124 -9.35257
41 124 -6.27869
42 124 -6.05472
43 124 -5.82962
44 124 -5.60381
45 124 -5.37729
46 124 -5.15246
47 124 -4.92699
48 124 -4.70108
49 124 -4.47739
50 124 -4.25495
51 124 -4.03386
52 124 -3.81358
53 124 -3.59304
54 124 -3.37263
55 124 -3.15311
56 124 -2.93326
57 124 -2.71415
58 124 -2.49533
59 124 -2.27603
60 124 -2.05881
61 124 -1.84119
62 124 -1.62313
63 124 -1.408
64 124 -1.19245
65 124 -0.97645
66 124 -0.762592
67 124 -0.548828
68 124 -0.334985
69 124 -0.122125
70 124 0.0908863
71 124 0.303661
72 124 0.515541
73 124 0.727601
74 124 0.939508
75 124 1.14969
76 124 1.35994
77 124 1.56996
78 124 1.77901
79 124 1.98835
80 124 2.19754
81 124 2.40598
82 124 2.6134
83 124 2.81926
84 124 3.02402
85 124 3.22864
86 124 3.43257
87 124 3.6358
88 124 3.83851
89 124 4.04063
90 124 4.24221
91 124 4.44402
92 124 4.64524
93 124 4.84589
94 124 5.0468
95 124 5.24721
96 124 5.44709
97 124 5.64704
98 124 5.84643
99 124 6.04562
100 124 6.24425
101 124 6.44148
102 124 6.63801
103 124 6.83561
104 124 7.03263
105 124 7.22664
106 124 7.42029
107 124 7.61681
108 124 7.81693
109 124 8.00698
110 124 8.19253
111 124 8.38575
112 124 8.59859
113 124 8.77371
114 124 8.93208
115 124 9.10653
116 124 9.38161
117 124 9.51878
118 124 9.62605
119 124 9.69818
120 124 9.82586
121 124 10.1123
122 124 9.95252
123 124 9.81227
124 124 9.65008
125 124 9.3779
126 124 9.18892
127 124 9.01791
128 124 8.83759
129 124 8.62795
130 124 8.43493
131 124 8.25218
132 124 8.06933
133 124 7.87986
134 124 7.69448
135 124 7.51369
136 124 7.33517
137 124 7.15482
138 124 6.97084
139 124 6.78723
140 124 6.60483
141 124 6.42177
142 124 6.23785
143 124 6.05482
144 124 5.87297
145 124 5.69195
146 124 5.50832
147 124 5.32551
148 124 5.14383
149 124 4.96317
150 124 4.78241
151 124 4.60243
152 124 4.42328
153 124 4.24475
154 124 4.0656
155 124 3.88655
156 124 3.70787
157 124 3.52604
158 124 3.34341
159 124 3.16063
160 124 2.97789
161 124 2.79524
162 124 2.61179
163 124 2.42859
164 124 2.24409
165 124 2.05955
166 124 1.87396
167 124 1.68801
168 124 1.49941
169 124 1.31098
170 124 1.12155
171 124 0.931922
172 124 0.742138
173 124 0.552389
174 124 0.361615
175 124 0.170656
176 124 -0.0203711
177 124 -0.211436
178 124 -0.404161
179 124 -0.599102
180 124 -0.794101
181 124 -0.98912
182 124 -1.18498
183 124 -1.38076
184 124 -1.57644
185 124 -1.77262
186 124 -1.97045
187 124 -2.16808
188 124 -2.36568
189 124 -2.56452
190 124 -2.76557
191 124 -2.96625
192 124 -3.16642
193 124 -3.36757
194 124 -3.56888
195 124 -3.76973
196 124 -3.97006
197 124 -4.17139
198 124 -4.37306
199 124 -4.56365
200 124 -4.77105
201 124 -9.35257
202 124 -9.35257
203 124 -9.35257
204 124 -9.35257
205 124 -9.35257
206 124 -9.35257
207 124 -9.35257
208 124 -9.35257
209 124 -9.35257
210 124 -9.35257
211 124 -9.35257
212 124 -9.35257
213 124 -9.35257
214 124 -9.35257
215 124 -9.35257
216 124 -9.35257
217 124 -9.35257
218 124 -9.35257
219 124 -9.35257
220 124 -9.35257
221 124 -9.35257
222 124 -9.35257
223 124 -9.35257
224 124 -9.35257
225 124 -9.35257
226 124 -9.35257
227 124 -9.35257
228 124 -9.35257
229 124 -9.35257
230 124 -9.35257
231 124 -9.35257
232 124 -9.35257
233 124 -9.35257
234 124 -9.35257
235 124 -9.35257
236 124 -9.35257
237 124 -9.35257
238 124 -9.35257
239 124 -9.35257
0 125 -9.35257
1 125 -9.35257
2 125 -9.35257
3 125 -9.35257
4 125 -9.35257
5 125 -9.35257
6 125 -9.35257
7 125 -9.35257
8 125 -9.35257
9 125 -9.35257
10 125 -9.35257
11 125 -9.35257
12 125 -9.35257
13 125 -9.35257
14 125 -9.35257
15 125 -9.35257
16 125 -9.35257
17 125 -9.35257
18 125 -9.35257
19 125 -9.35257
20 125 -9.35257
21 125 -9.35257
22 125 -9.35257
23 125 -9.35257
24 125 -9.35257
25 125 -9.35257
26 125 -9.35257
27 125 -9.35257
28 125 -9.35257
29 125 -9.35257
30 125 -9.35257
31 125 -9.35257
32 125 -9.35257
33 125 -9.35257
34 125 -9.35257
35 125 -9.35257
36 125 -9.35257
37 125 -9.35257
38 125 -9.35257
39 125 -9.35257
40 125 -6.33949
41 125 -6.11544
42 125 -5.88871
43 125 -5.66193
44 125 -5.43578
45 125 -5.20926
46 125 -4.98279
47 125 -4.75704
48 125 -4.53164
49 125 -4.30671
50 125 -4.08394
51 125 -3.86156
52 125 -3.64076
53 125 -3.41988
54 125 -3.19826
55 125 -2.97853
56 125 -2.75831
57 125 -2.53815
58 125 -2.31909
59 125 -2.09999
60 125 -1.88123
61 125 -1.66343
62 125 -1.44548
63 125 -1.22871
64 125 -1.01299
65 125 -0.797361
66 125 -0.582424
67 125 -0.368347
68 125 -0.153745
69 125 0.0592986
70 125 0.272471
71 125 0.486174
72 125 0.69832
73 125 0.910526
74 125 1.12334
75 125 1.33447
76 125 1.54487
77 125 1.75599
78 125 1.96512
79 125 2.17477
80 125 2.38505
81 125 2.59339
82 125 2.80096
83 125 3.00825
84 125 3.21274
85 125 3.41762
86 125 3.62304
87 125 3.82659
88 125 4.0298
89 125 4.23343
90 125 4.43513
91 125 4.63742
92 125 4.84029
93 125 5.04107
94 125 5.2424
95 125 5.44463
96 125 5.64502
97 125 5.84528
98 125 6.04607
99 125 6.24597
100 125 6.44683
101 125 6.64496
102 125 6.84027
103 125 7.039
104 125 7.24202
105 125 7.43382
106 125 7.62261
107 125 7.82142
108 125 8.03832
109 125 8.22076
110 125 8.38977
111 125 8.57406
112 125 8.8618
113 125 9.01097
114 125 9.1209
115 125 9.19979
116 125 9.18286
117 125 9.19081
118 125 9.23702
119 125 9.408
120 125 9.70255
121 125 9.98268
122 125 9.54916
123 125 9.46187
124 125 9.41091
125 125 9.49984
126 125 9.3763
127 125 9.24418
128 125 9.08613
129 125 8.81438
130 125 8.62505
131 125 8.45516
132 125 8.27758
133 125 8.07296
134 125 7.88757
135 125 7.713
136 125 7.54144
137 125 7.36299
138 125 7.1751
139 125 6.99005
140 125 6.80833
141 125 6.62475
142 125 6.43956
143 125 6.25599
144 125 6.07452
145 125 5.89428
146 125 5.71077
147 125 5.52806
148 125 5.34679
149 125 5.16646
150 125 4.9862
151 125 4.80701
152 125 4.62884
153 125 4.45111
154 125 4.27288
155 125 4.09456
156 125 3.91603
157 125 3.7365
158 125 3.55465
159 125 3.37232
160 125 3.18993
161 125 3.00727
162 125 2.82375
163 125 2.63884
164 125 2.45442
165 125 2.26988
166 125 2.08447
167 125 1.89891
168 125 1.71281
169 125 1.52456
170 125 1.33546
171 125 1.14633
172 125 0.957119
173 125 0.767542
174 125 0.577012
175 125 0.386432
176 125 0.195804
177 125 0.00491936
178 125 -0.186514
179 125 -0.38124
180 125 -0.575995
181 125 -0.77102
182 125 -0.966801
183 125 -1.16236
184 125 -1.35754
185 125 -1.55475
186 125 -1.75241
187 125 -1.94977
188 125 -2.14678
189 125 -2.34502
190 125 -2.54595
191 125 -2.74661
192 125 -2.94702
193 125 -3.14821
194 125 -3.3493
195 125 -3.55012
196 125 -3.75069
197 125 -3.95186
198 125 -4.15245
199 125 -4.3511
200 125 -4.55351
201 125 -4.76005
202 125 -9.35257
203 125 -9.35257
204 125 -9.35257
205 125 -9.35257
206 125 -9.35257
207 125 -9.35257
208 125 -9.35257
209 125 -9.35257
210 125 -9.35257
211 125 -9.35257
212 125 -9.35257
213 125 -9.35257
214 125 -9.35257
215 125 -9.35257
216 125 -9.35257
217 125 -9.35257
218 125 -9.35257
219 125 -9.35257
220 125 -9.35257
221 125 -9.35257
222 125 -9.35257
223 125 -9.35257
224 125 -9.35257
225 125 -9.35257
226 125 -9.35257
227 125 -9.35257
228 125 -9.35257
229 125 -9.35257
230 125 -9.35257
231 125 -9.35257
232 125 -9.35257
233 125 -9.35257
234 125 -9.35257
235 125 -9.35257
236 125 -9.35257
237 125 -9.35257
238 125 -9.35257
239 125 -9.35257
0 126 -9.35257
1 126 -9.35257
2 126 -9.35257
3 126 -9.35257
4 126 -9.35257
5 126 -9.35257
6 126 -9.35257
7 126 -9.35257
8 126 -9.35257
9 126 -9.35257
10 126 -9.35257
11 126 -9.35257
12 126 -9.35257
13 126 -9.35257
14 126 -9.35257
15 126 -9.35257
16 126 -9.35257
17 126 -9.35257
18 126 -9.35257
19 126 -9.35257
20 126 -9.35257
21 126 -9.35257
22 126 -9.35257
23 126 -9.35257
24 126 -9.35257
25 126 -9.35257
26 126 -9.35257
27 126 -9.35257
28 126 -9.35257
29 126 -9.35257
30 126 -9.35257
31 126 -9.35257
32 126 -9.35257
33 126 -9.35257
34 126 -9.35257
35 126 -9.35257
36 126 -9.35257
37 126 -9.35257
38 126 -9.35257
39 126 -6.40327
40 126 -6.17763
41 126 -5.94995
42 126 -5.72274
43 126 -5.4948
44 126 -5.26813
45 126 -5.04119
46 126 -4.8136
47 126 -4.58752
48 126 -4.36172
49 126 -4.13688
50 126 -3.91375
51 126 -3.69083
52 126 -3.46871
53 126 -3.24744
54 126 -3.02591
55 126 -2.80445
56 126 -2.5833
57 126 -2.36224
58 126 -2.14291
59 126 -1.9236
60 126 -1.70389
61 126 -1.48584
62 126 -1.26783
63 126 -1.04957
64 126 -0.833727
65 126 -0.618388
66 126 -0.402603
67 126 -0.188392
68 126 0.0257926
69 126 0.239897
70 126 0.453523
71 126 0.666967
72 126 0.880367
73 126 1.09284
74 126 1.30556
75 126 1.51822
76 126 1.72907
77 126 1.94001
78 126 2.15073
79 126 2.36055
80 126 2.57051
81 126 2.77975
82 126 2.98588
83 126 3.19229
84 126 3.39812
85 126 3.60314
86 126 3.80842
87 126 4.01359
88 126 4.21775
89 126 4.42118
90 126 4.62451
91 126 4.82731
92 126 5.03043
93 126 5.23273
94 126 5.43414
95 126 5.63689
96 126 5.8401
97 126 6.04003
98 126 6.23958
99 126 6.44236
100 126 6.64809
101 126 6.84395
102 126 7.03527
103 126 7.23511
104 126 7.45556
105 126 7.64101
106 126 7.81191
107 126 8.00082
108 126 8.29365
109 126 8.44795
110 126 8.56762
111 126 8.6589
112 126 8.6549
113 126 8.67355
114 126 8.72914
115 126 8.77889
116 126 8.80024
117 126 8.82286
118 126 8.98532
119 126 9.29496
120 126 9.59367
121 126 9.88258
122 126 9.47719
123 126 9.0745
124 126 9.03185
125 126 9.01683
126 126 8.95028
127 126 8.87565
128 126 8.82893
129 126 8.91845
130 126 8.79577
131 126 8.66588
132 126 8.51195
133 126 8.24687
134 126 8.06739
135 126 7.90937
136 126 7.75242
137 126 7.57969
138 126 7.37657
139 126 7.18935
140 126 7.01028
141 126 6.82841
142 126 6.63972
143 126 6.45508
144 126 6.27489
145 126 6.09427
146 126 5.91171
147 126 5.72923
148 126 5.54886
149 126 5.36877
150 126 5.18895
151 126 5.01063
152 126 4.83401
153 126 4.65707
154 126 4.48029
155 126 4.30284
156 126 4.12521
157 126 3.9459
158 126 3.76342
159 126 3.58111
160 126 3.39927
161 126 3.21629
162 126 3.0329
163 126 2.84862
164 126 2.66492
165 126 2.48019
166 126 2.29516
167 126 2.11039
168 126 1.92588
169 126 1.73811
170 126 1.5494
171 126 1.36086
172 126 1.17249
173 126 0.982763
174 126 0.792483
175 126 0.602283
176 126 0.412261
177 126 0.220939
178 126 0.0290705
179 126 -0.163321
180 126 -0.357593
181 126 -0.553039
182 126 -0.748817
183 126 -0.944333
184 126 -1.13995
185 126 -1.33732
186 126 -1.53464
187 126 -1.7318
188 126 -1.92877
189 126 -2.12622
190 126 -2.32657
191 126 -2.52718
192 126 -2.7277
193 126 -2.92894
194 126 -3.12997
195 126 -3.33076
196 126 -3.53157
197 126 -3.7329
198 126 -3.93375
199 126 -4.13417
200 126 -4.33577
201 126 -4.54124
202 126 -4.74715
203 126 -9.35257
204 126 -9.35257
205 126 -9.35257
206 126 -9.35257
207 126 -9.35257
208 126 -9.35257
209 126 -9.35257
210 126 -9.35257
211 126 -9.35257
212 126 -9.35257
213 126 -9.35257
214 126 -9.35257
215 126 -9.35257
216 126 -9.35257
217 126 -9.35257
218 126 -9.35257
219 126 -9.35257
220 126 -9.35257
221 126 -9.35257
222 126 -9.35257
223 126 -9.35257
224 126 -9.35257
225 126 -9.35257
226 126 -9.35257
227 126 -9.35257
228 126 -9.35257
229 126 -9.35257
230 126 -9.35257
231 126 -9.35257
232 126 -9.35257
233 126 -9.35257
234 126 -9.35257
235 126 -9.35257
236 126 -9.35257
237 126 -9.35257
238 126 -9.35257
239 126 -9.35257
0 127 -9.35257
1 127 -9.35257
2 127 -9.35257
3 127 -9.35257
4 127 -9.35257
5 127 -9.35257
6 127 -9.35257
7 127 -9.35257
8 127 -9.35257
9 127 -9.35257
10 127 -9.35257
11 127 -9.35257
12 127 -9.35257
13 127 -9.35257
14 127 -9.35257
15 127 -9.35257
16 127 -9.35257
17 127 -9.35257
18 127 -9.35257
19 127 -9.35257
20 127 -9.35257
21 127 -9.35257
22 127 -9.35257
23 127 -9.35257
24 127 -9.35257
25 127 -9.35257
26 127 -9.35257
27 127 -9.35257
28 127 -9.35257
29 127 -9.35257
30 127 -9.35257
31 127 -9.35257
32 127 -9.35257
33 127 -9.35257
34 127 -9.35257
35 127 -9.35257
36 127 -9.35257
37 127 -9.35257
38 127 -6.47077
39 127 -6.24299
40 127 -6.01426
41 127 -5.78521
42 127 -5.55749
43 127 -5.32951
44 127 -5.10149
45 127 -4.87378
46 127 -4.64632
47 127 -4.4192
48 127 -4.19288
49 127 -3.96765
50 127 -3.74405
51 127 -3.52038
52 127 -3.29702
53 127 -3.07527
54 127 -2.85347
55 127 -2.63127
56 127 -2.41107
57 127 -2.19065
58 127 -1.97029
59 127 -1.75049
60 127 -1.53097
61 127 -1.31182
62 127 -1.09333
63 127 -0.875199
64 127 -0.658368
65 127 -0.442752
66 127 -0.227343
67 127 -0.0119827
68 127 0.202512
69 127 0.417557
70 127 0.631177
71 127 0.844897
72 127 1.05922
73 127 1.27199
74 127 1.48494
75 127 1.69845
76 127 1.91024
77 127 2.12136
78 127 2.33307
79 127 2.54328
80 127 2.75377
81 127 2.96327
82 127 3.16968
83 127 3.37608
84 127 3.58309
85 127 3.7884
86 127 3.99393
87 127 4.20037
88 127 4.40535
89 127 4.60905
90 127 4.8132
91 127 5.01687
92 127 5.22139
93 127 5.42407
94 127 5.62454
95 127 5.82868
96 127 6.03726
97 127 6.23517
98 127 6.42986
99 127 6.63461
100 127 6.85804
101 127 7.04665
102 127 7.22052
103 127 7.41062
104 127 7.7041
105 127 7.86155
106 127 7.9832
107 127 8.0763
108 127 8.07695
109 127 8.10274
110 127 8.16683
111 127 8.22789
112 127 8.26359
113 127 8.29917
114 127 8.3432
115 127 8.3851
116 127 8.41632
117 127 8.57571
118 127 8.88531
119 127 9.19286
120 127 9.49457
121 127 9.79115
122 127 9.39927
123 127 9.00737
124 127 8.62347
125 127 8.58535
126 127 8.5336
127 127 8.47785
128 127 8.43549
129 127 8.42021
130 127 8.35415
131 127 8.28234
132 127 8.24044
133 127 8.33518
134 127 8.22104
135 127 8.10391
136 127 7.97822
137 127 7.82678
138 127 7.56214
139 127 7.37929
140 127 7.21407
141 127 7.03889
142 127 6.83583
143 127 6.64973
144 127 6.47346
145 127 6.29526
146 127 6.11081
147 127 5.92762
148 127 5.74843
149 127 5.56986
150 127 5.3902
151 127 5.21254
152 127 5.03727
153 127 4.86192
154 127 4.68539
155 127 4.50828
156 127 4.33088
157 127 4.15274
158 127 3.97135
159 127 3.78941
160 127 3.60756
161 127 3.4248
162 127 3.24172
163 127 3.05783
164 127 2.87424
165 127 2.68987
166 127 2.50559
167 127 2.32161
168 127 2.13822
169 127 1.95103
170 127 1.76319
171 127 1.57522
172 127 1.38704
173 127 1.19762
174 127 1.00788
175 127 0.817955
176 127 0.627845
177 127 0.436598
178 127 0.245177
179 127 0.0539606
180 127 -0.140189
181 127 -0.335628
182 127 -0.531094
183 127 -0.726465
184 127 -0.922727
185 127 -1.11993
186 127 -1.31704
187 127 -1.51402
188 127 -1.71118
189 127 -1.90915
190 127 -2.10767
191 127 -2.30785
192 127 -2.50855
193 127 -2.70987
194 127 -2.91087
195 127 -3.11137
196 127 -3.31283
197 127 -3.51441
198 127 -3.7155
199 127 -3.91604
200 127 -4.11757
201 127 -4.32259
202 127 -4.52772
203 127 -4.73308
204 127 -9.35257
205 127 -9.35257
206 127 -9.35257
207 127 -9.35257
208 127 -9.35257
209 127 -9.35257
210 127 -9.35257
211 127 -9.35257
212 127 -9.35257
213 127 -9.35257
214 127 -9.35257
215 127 -9.35257
216 127 -9.35257
217 127 -9.35257
218 127 -9.35257
219 127 -9.35257
220 127 -9.35257
221 127 -9.35257
222 127 -9.35257
223 127 -9.35257
224 127 -9.35257
225 127 -9.35257
226 127 -9.35257
227 127 -9.35257
228 127 -9.35257
229 127 -9.35257
230 127 -9.35257
231 127 -9.35257
232 127 -9.35257
233 127 -9.35257
234 127 -9.35257
235 127 -9.35257
236 127 -9.35257
237 127 -9.35257
238 127 -9.35257
239 127 -9.35257
0 128 -9.35257
1 128 -9.35257
2 128 -9.35257
3 128 -9.35257
4 128 -9.35257
5 128 -9.35257
6 128 -9.35257
7 128 -9.35257
8 128 -9.35257
9 128 -9.35257
10 128 -9.35257
11 128 -9.35257
12 128 -9.35257
13 128 -9.35257
14 128 -9.35257
15 128 -9.35257
16 128 -9.35257
17 128 -9.35257
18 128 -9.35257
19 128 -9.35257
20 128 -9.35257
21 128 -9.35257
22 128 -9.35257
23 128 -9.35257
24 128 -9.35257
25 128 -9.35257
26 128 -9.35257
27 128 -9.35257
28 128 -9.35257
29 128 -9.35257
30 128 -9.35257
31 128 -9.35257
32 128 -9.35257
33 128 -9.35257
34 128 -9.35257
35 128 -9.35257
36 128 -9.35257
37 128 -6.54172
38 128 -6.31361
39 128 -6.0838
40 128 -5.85403
41 128 -5.62505
42 128 -5.39608
43 128 -5.1671
44 128 -4.93785
45 128 -4.70997
46 128 -4.48235
47 128 -4.25413
48 128 -4.02763
49 128 -3.80277
50 128 -3.57799
51 128 -3.3537
52 128 -3.12971
53 128 -2.90675
54 128 -2.6843
55 128 -2.46213
56 128 -2.24034
57 128 -2.01902
58 128 -1.79761
59 128 -1.57781
60 128 -1.35768
61 128 -1.13761
62 128 -0.919146
63 128 -0.701031
64 128 -0.483099
65 128 -0.267581
66 128 -0.0520329
67 128 0.164082
68 128 0.378682
69 128 0.59339
70 128 0.808032
71 128 1.02223
72 128 1.23634
73 128 1.45029
74 128 1.66375
75 128 1.87713
76 128 2.09033
77 128 2.3021
78 128 2.51363
79 128 2.72503
80 128 2.93591
81 128 3.14447
82 128 3.35201
83 128 3.55925
84 128 3.76643
85 128 3.97276
86 128 4.17853
87 128 4.38526
88 128 4.59239
89 128 4.79645
90 128 4.99902
91 128 5.20493
92 128 5.41417
93 128 5.61423
94 128 5.81063
95 128 6.01602
96 128 6.24168
97 128 6.43287
98 128 6.61007
99 128 6.80474
100 128 7.1019
101 128 7.26219
102 128 7.38608
103 128 7.48213
104 128 7.48488
105 128 7.51184
106 128 7.57696
107 128 7.6388
108 128 7.67621
109 128 7.71637
110 128 7.76799
111 128 7.82241
112 128 7.87109
113 128 7.91633
114 128 7.96065
115 128 8.00068
116 128 8.16555
117 128 8.47704
118 128 8.78716
119 128 9.09525
120 128 9.4006
121 128 9.70281
122 128 9.31836
123 128 8.93222
124 128 8.54891
125 128 8.16643
126 128 8.11847
127 128 8.06557
128 128 8.01391
129 128 7.96997
130 128 7.91719
131 128 7.86644
132 128 7.83121
133 128 7.82238
134 128 7.76054
135 128 7.68412
136 128 7.61041
137 128 7.56936
138 128 7.66571
139 128 7.55041
140 128 7.4269
141 128 7.2773
142 128 7.015
143 128 6.83461
144 128 6.67304
145 128 6.50255
146 128 6.30397
147 128 6.12132
148 128 5.94647
149 128 5.76906
150 128 5.5865
151 128 5.40908
152 128 5.23671
153 128 5.06499
154 128 4.89109
155 128 4.71403
156 128 4.53638
157 128 4.35821
158 128 4.17913
159 128 3.99766
160 128 3.81585
161 128 3.63341
162 128 3.45016
163 128 3.26676
164 128 3.08345
165 128 2.89948
166 128 2.71576
167 128 2.53225
168 128 2.34882
169 128 2.16389
170 128 1.97713
171 128 1.78983
172 128 1.60194
173 128 1.41284
174 128 1.22347
175 128 1.03384
176 128 0.84368
177 128 0.652454
178 128 0.461102
179 128 0.269537
180 128 0.0768987
181 128 -0.118165
182 128 -0.313444
183 128 -0.508906
184 128 -0.705436
185 128 -0.902619
186 128 -1.09954
187 128 -1.29605
188 128 -1.49366
189 128 -1.69153
190 128 -1.88887
191 128 -2.08872
192 128 -2.28962
193 128 -2.49111
194 128 -2.69226
195 128 -2.89315
196 128 -3.09482
197 128 -3.29641
198 128 -3.49778
199 128 -3.69904
200 128 -3.90137
201 128 -4.10453
202 128 -4.30947
203 128 -4.51481
204 128 -4.72131
205 128 -9.35257
206 128 -9.35257
207 128 -9.35257
208 128 -9.35257
209 128 -9.35257
210 128 -9.35257
211 128 -9.35257
212 128 -9.35257
213 128 -9.35257
214 128 -9.35257
215 128 -9.35257
216 128 -9.35257
217 128 -9.35257
218 128 -9.35257
219 128 -9.35257
220 128 -9.35257
221 128 -9.35257
222 128 -9.35257
223 128 -9.35257
224 128 -9.35257
225 128 -9.35257
226 128 -9.35257
227 128 -9.35257
228 128 -9.35257
229 128 -9.35257
230 128 -9.35257
231 128 -9.35257
232 128 -9.35257
233 128 -9.35257
234 128 -9.35257
235 128 -9.35257
236 128 -9.35257
237 128 -9.35257
238 128 -9.35257
239 128 -9.35257
0 129 -9.35257
1 129 -9.35257
2 129 -9.35257
3 129 -9.35257
4 129 -9.35257
5 129 -9.35257
6 129 -9.35257
7 129 -9.35257
8 129 -9.35257
9 129 -9.35257
10 129 -9.35257
11 129 -9.35257
12 129 -9.35257
13 129 -9.35257
14 129 -9.35257
15 129 -9.35257
16 129 -9.35257
17 129 -9.35257
18 129 -9.35257
19 129 -9.35257
20 129 -9.35257
21 129 -9.35257
22 129 -9.35257
23 129 -9.35257
24 129 -9.35257
25 129 -9.35257
26 129 -9.35257
27 129 -9.35257
28 129 -9.35257
29 129 -9.35257
30 129 -9.35257
31 129 -9.35257
32 129 -9.35257
33 129 -9.35257
34 129 -9.35257
35 129 -9.35257
36 129 -6.61623
37 129 -6.38756
38 129 -6.15639
39 129 -5.92503
40 129 -5.69483
41 129 -5.4649
42 129 -5.23515
43 129 -5.00564
44 129 -4.77624
45 129 -4.54744
46 129 -4.31899
47 129 -4.09044
48 129 -3.86333
49 129 -3.63779
50 129 -3.41192
51 129 -3.18746
52 129 -2.96246
53 129 -2.73818
54 129 -2.51558
55 129 -2.2926
56 129 -2.06964
57 129 -1.8482
58 129 -1.62648
59 129 -1.40548
60 129 -1.18502
61 129 -0.964996
62 129 -0.745629
63 129 -0.527485
64 129 -0.309709
65 129 -0.0931489
66 129 0.122709
67 129 0.33843
68 129 0.554039
69 129 0.76929
70 129 0.984822
71 129 1.19894
72 129 1.41363
73 129 1.62855
74 129 1.84195
75 129 2.05597
76 129 2.27015
77 129 2.4824
78 129 2.69432
79 129 2.90677
80 129 3.11761
81 129 3.32587
82 129 3.53408
83 129 3.7418
84 129 3.95062
85 129 4.15714
86 129 4.36149
87 129 4.56975
88 129 4.78194
89 129 4.98361
90 129 5.1815
91 129 5.38909
92 129 5.61549
93 129 5.80806
94 129 5.98717
95 129 6.18246
96 129 6.48055
97 129 6.644
98 129 6.77216
99 129 6.87213
100 129 6.88016
101 129 6.91025
102 129 6.97855
103 129 7.04254
104 129 7.08139
105 129 7.1227
106 129 7.17398
107 129 7.22575
108 129 7.27143
109 129 7.31682
110 129 7.36635
111 129 7.42137
112 129 7.48048
113 129 7.53335
114 129 7.57999
115 129 7.75037
116 129 8.06634
117 129 8.37973
118 129 8.69085
119 129 9.00038
120 129 9.30843
121 129 9.61528
122 129 9.23565
123 129 8.85379
124 129 8.47306
125 129 8.09206
126 129 7.7069
127 129 7.65208
128 129 7.58459
129 129 7.52792
130 129 7.47823
131 129 7.43361
132 129 7.3956
133 129 7.36257
134 129 7.31464
135 129 7.25993
136 129 7.20854
137 129 7.17456
138 129 7.16868
139 129 7.11225
140 129 7.04854
141 129 7.01336
142 129 7.11232
143 129 7.00072
144 129 6.88062
145 129 6.73497
146 129 6.47822
147 129 6.30246
148 129 6.1424
149 129 5.97344
150 129 5.77769
151 129 5.60062
152 129 5.43458
153 129 5.27028
154 129 5.09997
155 129 4.92042
156 129 4.74149
157 129 4.5646
158 129 4.38754
159 129 4.20557
160 129 4.02385
161 129 3.84165
162 129 3.65879
163 129 3.47564
164 129 3.29243
165 129 3.10888
166 129 2.92575
167 129 2.74285
168 129 2.56
169 129 2.37683
170 129 2.19092
171 129 2.00506
172 129 1.81715
173 129 1.62835
174 129 1.43934
175 129 1.25028
176 129 1.05969
177 129 0.868458
178 129 0.677262
179 129 0.486208
180 129 0.293736
181 129 0.0988092
182 129 -0.0958495
183 129 -0.29148
184 129 -0.488367
185 129 -0.68555
186 129 -0.882434
187 129 -1.07913
188 129 -1.27674
189 129 -1.47443
190 129 -1.6722
191 129 -1.87069
192 129 -2.07169
193 129 -2.27268
194 129 -2.47389
195 129 -2.67502
196 129 -2.8769
197 129 -3.0786
198 129 -3.28014
199 129 -3.48186
200 129 -3.68433
201 129 -3.8865
202 129 -4.09151
203 129 -4.29674
204 129 -4.50341
205 129 -4.71065
206 129 -9.35257
207 129 -9.35257
208 129 -9.35257
209 129 -9.35257
210 129 -9.35257
211 129 -9.35257
212 129 -9.35257
213 129 -9.35257
214 129 -9.35257
215 129 -9.35257
216 129 -9.35257
217 129 -9.35257
218 129 -9.35257
219 129 -9.35257
220 129 -9.35257
221 129 -9.35257
222 129 -9.35257
223 129 -9.35257
224 129 -9.35257
225 129 -9.35257
226 129 -9.35257
227 129 -9.35257
228 129 -9.35257
229 129 -9.35257
230 129 -9.35257
231 129 -9.35257
232 129 -9.35257
233 129 -9.35257
234 129 -9.35257
235 129 -9.35257
236 129 -9.35257
237 129 -9.35257
238 129 -9.35257
239 129 -9.35257
0 130 -9.35257
1 130 -9.35257
2 130 -9.35257
3 130 -9.35257
4 130 -9.35257
5 130 -9.35257
6 130 -9.35257
7 130 -9.35257
8 130 -9.35257
9 130 -9.35257
10 130 -9.35257
11 130 -9.35257
12 130 -9.35257
13 130 -9.35257
14 130 -9.35257
15 130 -9.35257
16 130 -9.35257
17 130 -9.35257
18 130 -9.35257
19 130 -9.35257
20 130 -9.35257
21 130 -9.35257
22 130 -9.35257
23 130 -9.35257
24 130 -9.35257
25 130 -9.35257
26 130 -9.35257
27 130 -9.35257
28 130 -9.35257
29 130 -9.35257
30 130 -9.35257
31 130 -9.35257
32 130 -9.35257
33 130 -9.35257
34 130 -9.35257
35 130 -6.69364
36 130 -6.46334
37 130 -6.23167
38 130 -6.00012
39 130 -5.76817
40 130 -5.53661
41 130 -5.30525
42 130 -5.07443
43 130 -4.84484
44 130 -4.61482
45 130 -4.385
46 130 -4.15647
47 130 -3.92733
48 130 -3.69973
49 130 -3.47388
50 130 -3.24757
51 130 -3.02175
52 130 -2.79643
53 130 -2.57109
54 130 -2.34723
55 130 -2.12374
56 130 -1.90057
57 130 -1.67767
58 130 -1.4553
59 130 -1.23309
60 130 -1.01264
61 130 -0.792028
62 130 -0.572182
63 130 -0.354288
64 130 -0.136307
65 130 0.0814838
66 130 0.29688
67 130 0.512889
68 130 0.729248
69 130 0.944203
70 130 1.15978
71 130 1.37509
72 130 1.58999
73 130 1.80505
74 130 2.01955
75 130 2.23394
76 130 2.4486
77 130 2.66196
78 130 2.87379
79 130 3.08681
80 130 3.29926
81 130 3.50665
82 130 3.71334
83 130 3.92326
84 130 4.13645
85 130 4.34035
86 130 4.54055
87 130 4.74965
88 130 4.97867
89 130 5.17348
90 130 5.35362
91 130 5.55108
92 130 5.85063
93 130 6.01468
94 130 6.14415
95 130 6.24607
96 130 6.25564
97 130 6.28924
98 130 6.36183
99 130 6.43169
100 130 6.47487
101 130 6.51894
102 130 6.57403
103 130 6.62811
104 130 6.67545
105 130 6.72229
106 130 6.77052
107 130 6.81878
108 130 6.86563
109 130 6.91141
110 130 6.95923
111 130 7.01493
112 130 7.0961
113 130 7.15659
114 130 7.33432
115 130 7.65369
116 130 7.96955
117 130 8.28332
118 130 8.59597
119 130 8.90698
120 130 9.21745
121 130 9.52782
122 130 9.15212
123 130 8.77422
124 130 8.39749
125 130 8.02126
126 130 7.64223
127 130 7.25124
128 130 7.14446
129 130 7.07889
130 130 7.03375
131 130 6.99279
132 130 6.95501
133 130 6.91768
134 130 6.8755
135 130 6.83073
136 130 6.78786
137 130 6.75164
138 130 6.72222
139 130 6.68137
140 130 6.63997
141 130 6.61386
142 130 6.61257
143 130 6.56021
144 130 6.49995
145 130 6.46859
146 130 6.57147
147 130 6.46393
148 130 6.34626
149 130 6.20386
150 130 5.95019
151 130 5.77891
152 130 5.62979
153 130 5.48157
154 130 5.31808
155 130 5.12399
156 130 4.94363
157 130 4.77117
158 130 4.59618
159 130 4.41323
160 130 4.2304
161 130 4.04931
162 130 3.86772
163 130 3.68457
164 130 3.50082
165 130 3.31785
166 130 3.1355
167 130 2.9534
168 130 2.77058
169 130 2.58784
170 130 2.40466
171 130 2.21942
172 130 2.03234
173 130 1.84406
174 130 1.65528
175 130 1.46607
176 130 1.27544
177 130 1.08442
178 130 0.893281
179 130 0.702125
180 130 0.510327
181 130 0.315515
182 130 0.120764
183 130 -0.0749698
184 130 -0.271899
185 130 -0.468781
186 130 -0.665513
187 130 -0.862194
188 130 -1.05973
189 130 -1.25725
190 130 -1.45482
191 130 -1.65284
192 130 -1.85379
193 130 -2.05473
194 130 -2.2556
195 130 -2.45703
196 130 -2.65914
197 130 -2.86096
198 130 -3.06233
199 130 -3.26479
200 130 -3.46759
201 130 -3.67027
202 130 -3.87334
203 130 -4.07907
204 130 -4.28601
205 130 -4.4929
206 130 -4.69984
207 130 -9.35257
208 130 -9.35257
209 130 -9.35257
210 130 -9.35257
211 130 -9.35257
212 130 -9.35257
213 130 -9.35257
214 130 -9.35257
215 130 -9.35257
216 130 -9.35257
217 130 -9.35257
218 130 -9.35257
219 130 -9.35257
220 130 -9.35257
221 130 -9.35257
222 130 -9.35257
223 130 -9.35257
224 130 -9.35257
225 130 -9.35257
226 130 -9.35257
227 130 -9.35257
228 130 -9.35257
229 130 -9.35257
230 130 -9.35257
231 130 -9.35257
232 130 -9.35257
233 130 -9.35257
234 130 -9.35257
235 130 -9.35257
236 130 -9.35257
237 130 -9.35257
238 130 -9.35257
239 130 -9.35257
0 131 -9.35257
1 131 -9.35257
2 131 -9.35257
3 131 -9.35257
4 131 -9.35257
5 131 -9.35257
6 131 -9.35257
7 131 -9.35257
8 131 -9.35257
9 131 -9.35257
10 131 -9.35257
11 131 -9.35257
12 131 -9.35257
13 131 -9.35257
14 131 -9.35257
15 131 -9.35257
16 131 -9.35257
17 131 -9.35257
18 131 -9.35257
19 131 -9.35257
20 131 -9.35257
21 131 -9.35257
22 131 -9.35257
23 131 -9.35257
24 131 -9.35257
25 131 -9.35257
26 131 -9.35257
27 131 -9.35257
28 131 -9.35257
29 131 -9.35257
30 131 -9.35257
31 131 -9.35257
32 131 -9.35257
33 131 -9.35257
34 131 -6.77278
35 131 -6.54237
36 131 -6.30958
37 131 -6.0761
38 131 -5.84426
39 131 -5.61159
40 131 -5.37863
41 131 -5.14689
42 131 -4.91556
43 131 -4.68477
44 131 -4.45472
45 131 -4.2244
46 131 -3.99457
47 131 -3.76524
48 131 -3.5375
49 131 -3.31044
50 131 -3.08348
51 131 -2.856
52 131 -2.63044
53 131 -2.40426
54 131 -2.17901
55 131 -1.95529
56 131 -1.73122
57 131 -1.50711
58 131 -1.28467
59 131 -1.06211
60 131 -0.840424
61 131 -0.619819
62 131 -0.399983
63 131 -0.181179
64 131 0.036568
65 131 0.254217
66 131 0.470438
67 131 0.686289
68 131 0.902627
69 131 1.1185
70 131 1.33429
71 131 1.55112
72 131 1.76622
73 131 1.98141
74 131 2.19676
75 131 2.41165
76 131 2.62769
77 131 2.84145
78 131 3.05208
79 131 3.26646
80 131 3.48283
81 131 3.68746
82 131 3.88938
83 131 4.1009
84 131 4.33091
85 131 4.52725
86 131 4.71016
87 131 4.90897
88 131 5.20961
89 131 5.37628
90 131 5.50775
91 131 5.61098
92 131 5.62335
93 131 5.65909
94 131 5.7325
95 131 5.8025
96 131 5.8481
97 131 5.89548
98 131 5.95422
99 131 6.0137
100 131 6.06523
101 131 6.11552
102 131 6.16819
103 131 6.2204
104 131 6.27003
105 131 6.31919
106 131 6.36704
107 131 6.41446
108 131 6.45961
109 131 6.50325
110 131 6.54548
111 131 6.5817
112 131 6.7324
113 131 6.92291
114 131 7.24492
115 131 7.56053
116 131 7.87466
117 131 8.18805
118 131 8.5012
119 131 8.81413
120 131 9.12656
121 131 9.43955
122 131 9.06731
123 131 8.69301
124 131 8.32097
125 131 7.95221
126 131 7.58904
127 131 7.24296
128 131 6.95957
129 131 6.60941
130 131 6.58203
131 131 6.54879
132 131 6.51396
133 131 6.47765
134 131 6.43894
135 131 6.39921
136 131 6.35915
137 131 6.32191
138 131 6.28719
139 131 6.25103
140 131 6.21675
141 131 6.18814
142 131 6.16387
143 131 6.12762
144 131 6.09038
145 131 6.06797
146 131 6.07197
147 131 6.02247
148 131 5.96453
149 131 5.9352
150 131 6.0396
151 131 5.93415
152 131 5.82412
153 131 5.70815
154 131 5.56684
155 131 5.31292
156 131 5.13789
157 131 4.98031
158 131 4.81282
159 131 4.6168
160 131 4.4331
161 131 4.25677
162 131 4.07823
163 131 3.89192
164 131 3.70754
165 131 3.52622
166 131 3.34503
167 131 3.16251
168 131 2.98018
169 131 2.79933
170 131 2.61868
171 131 2.43472
172 131 2.24802
173 131 2.0603
174 131 1.87167
175 131 1.68239
176 131 1.49161
177 131 1.30053
178 131 1.10934
179 131 0.917799
180 131 0.725289
181 131 0.532185
182 131 0.337156
183 131 0.14113
184 131 -0.0554602
185 131 -0.252141
186 131 -0.448624
187 131 -0.645282
188 131 -0.842713
189 131 -1.04001
190 131 -1.23695
191 131 -1.43475
192 131 -1.63588
193 131 -1.83684
194 131 -2.03746
195 131 -2.23922
196 131 -2.44167
197 131 -2.64374
198 131 -2.84557
199 131 -3.04825
200 131 -3.25096
201 131 -3.45364
202 131 -3.65645
203 131 -3.86231
204 131 -4.06935
205 131 -4.27623
206 131 -4.4835
207 131 -4.69127
208 131 -9.35257
209 131 -9.35257
210 131 -9.35257
211 131 -9.35257
212 131 -9.35257
213 131 -9.35257
214 131 -9.35257
215 131 -9.35257
216 131 -9.35257
217 131 -9.35257
218 131 -9.35257
219 131 -9.35257
220 131 -9.35257
221 131 -9.35257
222 131 -9.35257
223 131 -9.35257
224 131 -9.35257
225 131 -9.35257
226 131 -9.35257
227 131 -9.35257
228 131 -9.35257
229 131 -9.35257
230 131 -9.35257
231 131 -9.35257
232 131 -9.35257
233 131 -9.35257
234 131 -9.35257
235 131 -9.35257
236 131 -9.35257
237 131 -9.35257
238 131 -9.35257
239 131 -9.35257
0 132 -9.35257
1 132 -9.35257
2 132 -9.35257
3 132 -9.35257
4 132 -9.35257
5 132 -9.35257
6 132 -9.35257
7 132 -9.35257
8 132 -9.35257
9 132 -9.35257
10 132 -9.35257
11 132 -9.35257
12 132 -9.35257
13 132 -9.35257
14 132 -9.35257
15 132 -9.35257
16 132 -9.35257
17 132 -9.35257
18 132 -9.35257
19 132 -9.35257
20 132 -9.35257
21 132 -9.35257
22 132 -9.35257
23 132 -9.35257
24 132 -9.35257
25 132 -9.35257
26 132 -9.35257
27 132 -9.35257
28 132 -9.35257
29 132 -9.35257
30 132 -9.35257
31 132 -9.35257
32 132 -9.35257
33 132 -6.85599
34 132 -6.62399
35 132 -6.38985
36 132 -6.1565
37 132 -5.92264
38 132 -5.68924
39 132 -5.45607
40 132 -5.22251
41 132 -4.98919
42 132 -4.75724
43 132 -4.5252
44 132 -4.2949
45 132 -4.06405
46 132 -3.83263
47 132 -3.60338
48 132 -3.37528
49 132 -3.14736
50 132 -2.91991
51 132 -2.69216
52 132 -2.46504
53 132 -2.23833
54 132 -2.01238
55 132 -1.78719
56 132 -1.56265
57 132 -1.33805
58 132 -1.11417
59 132 -0.89098
60 132 -0.667919
61 132 -0.447641
62 132 -0.227473
63 132 -0.00750602
64 132 0.209541
65 132 0.426458
66 132 0.643866
67 132 0.859202
68 132 1.0758
69 132 1.29237
70 132 1.50777
71 132 1.72496
72 132 1.94234
73 132 2.15694
74 132 2.37116
75 132 2.58819
76 132 2.80837
77 132 3.01959
78 132 3.22633
79 132 3.44053
80 132 3.67303
81 132 3.87098
82 132 4.05511
83 132 4.25676
84 132 4.55902
85 132 4.72691
86 132 4.86054
87 132 4.96645
88 132 4.98097
89 132 5.01911
90 132 5.09552
91 132 5.16755
92 132 5.2148
93 132 5.26459
94 132 5.32427
95 132 5.38452
96 132 5.43754
97 132 5.49035
98 132 5.54606
99 132 5.60122
100 132 5.65485
101 132 5.70833
102 132 5.76152
103 132 5.81372
104 132 5.86523
105 132 5.91504
106 132 5.96398
107 132 6.01111
108 132 6.05512
109 132 6.09648
110 132 6.13472
111 132 6.29246
112 132 6.58739
113 132 6.85771
114 132 7.15891
115 132 7.46883
116 132 7.78032
117 132 8.09302
118 132 8.40648
119 132 8.72042
120 132 9.03512
121 132 9.35013
122 132 8.98037
123 132 8.60955
124 132 8.24116
125 132 7.87696
126 132 7.51877
127 132 7.17199
128 132 6.84084
129 132 6.49267
130 132 6.13414
131 132 6.10639
132 132 6.07438
133 132 6.04003
134 132 6.00339
135 132 5.96599
136 132 5.92763
137 132 5.88965
138 132 5.8536
139 132 5.8188
140 132 5.78645
141 132 5.7564
142 132 5.72716
143 132 5.696
144 132 5.66599
145 132 5.64222
146 132 5.62288
147 132 5.58944
148 132 5.55419
149 132 5.5328
150 132 5.53542
151 132 5.48433
152 132 5.41636
153 132 5.35205
154 132 5.3202
155 132 5.42203
156 132 5.31475
157 132 5.19937
158 132 5.05801
159 132 4.80512
160 132 4.62723
161 132 4.46648
162 132 4.29581
163 132 4.09644
164 132 3.91122
165 132 3.7345
166 132 3.55593
167 132 3.37052
168 132 3.18831
169 132 3.01065
170 132 2.83425
171 132 2.65186
172 132 2.46474
173 132 2.27676
174 132 2.08872
175 132 1.89933
176 132 1.70811
177 132 1.51675
178 132 1.32577
179 132 1.13355
180 132 0.940863
181 132 0.748738
182 132 0.55334
183 132 0.356913
184 132 0.160362
185 132 -0.03568
186 132 -0.231539
187 132 -0.428476
188 132 -0.625822
189 132 -0.823092
190 132 -1.0204
191 132 -1.21884
192 132 -1.41815
193 132 -1.61925
194 132 -1.82032
195 132 -2.02222
196 132 -2.22456
197 132 -2.42675
198 132 -2.62883
199 132 -2.83167
200 132 -3.03436
201 132 -3.23686
202 132 -3.4392
203 132 -3.64558
204 132 -3.85283
205 132 -4.05989
206 132 -4.26712
207 132 -4.47533
208 132 -4.68324
209 132 -9.35257
210 132 -9.35257
211 132 -9.35257
212 132 -9.35257
213 132 -9.35257
214 132 -9.35257
215 132 -9.35257
216 132 -9.35257
217 132 -9.35257
218 132 -9.35257
219 132 -9.35257
220 132 -9.35257
221 132 -9.35257
222 132 -9.35257
223 132 -9.35257
224 132 -9.35257
225 132 -9.35257
226 132 -9.35257
227 132 -9.35257
228 132 -9.35257
229 132 -9.35257
230 132 -9.35257
231 132 -9.35257
232 132 -9.35257
233 132 -9.35257
234 132 -9.35257
235 132 -9.35257
236 132 -9.35257
237 132 -9.35257
238 132 -9.35257
239 132 -9.35257
0 133 -9.35257
1 133 -9.35257
2 133 -9.35257
3 133 -9.35257
4 133 -9.35257
5 133 -9.35257
6 133 -9.35257
7 133 -9.35257
8 133 -9.35257
9 133 -9.35257
10 133 -9.35257
11 133 -9.35257
12 133 -9.35257
13 133 -9.35257
14 133 -9.35257
15 133 -9.35257
16 133 -9.35257
17 133 -9.35257
18 133 -9.35257
19 133 -9.35257
20 133 -9.35257
21 133 -9.35257
22 133 -9.35257
23 133 -9.35257
24 133 -9.35257
25 133 -9.35257
26 133 -9.35257
27 133 -9.35257
28 133 -9.35257
29 133 -9.35257
30 133 -9.35257
31 133 -9.35257
32 133 -6.94071
33 133 -6.70769
34 133 -6.47315
35 133 -6.23768
36 133 -6.00392
37 133 -5.7695
38 133 -5.53441
39 133 -5.30096
40 133 -5.06689
41 133 -4.83214
42 133 -4.59979
43 133 -4.36773
44 133 -4.13563
45 133 -3.90427
46 133 -3.6723
47 133 -3.44221
48 133 -3.21364
49 133 -2.98427
50 133 -2.75662
51 133 -2.52844
52 133 -2.29972
53 133 -2.07287
54 133 -1.84572
55 133 -1.61893
56 133 -1.39413
57 133 -1.169
58 133 -0.943443
59 133 -0.720034
60 133 -0.497337
61 133 -0.275355
62 133 -0.054763
63 133 0.16521
64 133 0.382643
65 133 0.598209
66 133 0.814396
67 133 1.03086
68 133 1.24828
69 133 1.4642
70 133 1.67944
71 133 1.89791
72 133 2.12074
73 133 2.33283
74 133 2.54205
75 133 2.76107
76 133 2.99801
77 133 3.20122
78 133 3.3907
79 133 3.59448
80 133 3.89709
81 133 4.06777
82 133 4.20335
83 133 4.31132
84 133 4.32971
85 133 4.36957
86 133 4.44788
87 133 4.52192
88 133 4.57134
89 133 4.62328
90 133 4.68538
91 133 4.74784
92 133 4.80415
93 133 4.85896
94 133 4.91548
95 133 4.97253
96 133 5.02718
97 133 5.0813
98 133 5.13601
99 133 5.19028
100 133 5.24462
101 133 5.29942
102 133 5.3539
103 133 5.40772
104 133 5.46083
105 133 5.51178
106 133 5.56116
107 133 5.60851
108 133 5.65219
109 133 5.69285
110 133 5.85757
111 133 6.16568
112 133 6.46701
113 133 6.76145
114 133 7.06416
115 133 7.373
116 133 7.68411
117 133 7.99723
118 133 8.31109
119 133 8.62596
120 133 8.942
121 133 9.25935
122 133 8.89147
123 133 8.52271
124 133 8.15674
125 133 7.79464
126 133 7.43662
127 133 7.08492
128 133 6.73808
129 133 6.38607
130 133 6.02851
131 133 5.66655
132 133 5.63716
133 133 5.60469
134 133 5.56988
135 133 5.53233
136 133 5.49406
137 133 5.45544
138 133 5.41877
139 133 5.38413
140 133 5.35245
141 133 5.32216
142 133 5.29237
143 133 5.26322
144 133 5.23536
145 133 5.21062
146 133 5.1862
147 133 5.15823
148 133 5.13001
149 133 5.10639
150 133 5.08621
151 133 5.04934
152 133 5.00495
153 133 4.9635
154 133 4.93986
155 133 4.94323
156 133 4.89516
157 133 4.83965
158 133 4.80999
159 133 4.9116
160 133 4.80422
161 133 4.68609
162 133 4.54211
163 133 4.28513
164 133 4.10641
165 133 3.94461
166 133 3.77368
167 133 3.57441
168 133 3.39189
169 133 3.22073
170 133 3.05111
171 133 2.87283
172 133 2.68233
173 133 2.49328
174 133 2.30637
175 133 2.11718
176 133 1.92474
177 133 1.7326
178 133 1.54126
179 133 1.34887
180 133 1.15587
181 133 0.962661
182 133 0.768372
183 133 0.571917
184 133 0.375674
185 133 0.17987
186 133 -0.0155463
187 133 -0.212156
188 133 -0.409008
189 133 -0.606143
190 133 -0.803586
191 133 -1.00208
192 133 -1.20042
193 133 -1.40171
194 133 -1.60324
195 133 -1.80551
196 133 -2.0076
197 133 -2.20986
198 133 -2.41223
199 133 -2.61522
200 133 -2.81793
201 133 -3.02025
202 133 -3.22371
203 133 -3.42922
204 133 -3.63648
205 133 -3.84339
206 133 -4.05136
207 133 -4.2595
208 133 -4.46746
209 133 -4.67536
210 133 -9.35257
211 133 -9.35257
212 133 -9.35257
213 133 -9.35257
214 133 -9.35257
215 133 -9.35257
216 133 -9.35257
217 133 -9.35257
218 133 -9.35257
219 133 -9.35257
220 133 -9.35257
221 133 -9.35257
222 133 -9.35257
223 133 -9.35257
224 133 -9.35257
225 133 -9.35257
226 133 -9.35257
227 133 -9.35257
228 133 -9.35257
229 133 -9.35257
230 133 -9.35257
231 133 -9.35257
232 133 -9.35257
233 133 -9.35257
234 133 -9.35257
235 133 -9.35257
236 133 -9.35257
237 133 -9.35257
238 133 -9.35257
239 133 -9.35257
0 134 -9.35257
1 134 -9.35257
2 134 -9.35257
3 134 -9.35257
4 134 -9.35257
5 134 -9.35257
6 134 -9.35257
7 134 -9.35257
8 134 -9.35257
9 134 -9.35257
10 134 -9.35257
11 134 -9.35257
12 134 -9.35257
13 134 -9.35257
14 134 -9.35257
15 134 -9.35257
16 134 -9.35257
17 134 -9.35257
18 134 -9.35257
19 134 -9.35257
20 134 -9.35257
21 134 -9.35257
22 134 -9.35257
23 134 -9.35257
24 134 -9.35257
25 134 -9.35257
26 134 -9.35257
27 134 -9.35257
28 134 -9.35257
29 134 -9.35257
30 134 -9.35257
31 134 -7.02943
32 134 -6.79502
33 134 -6.55825
34 134 -6.32323
35 134 -6.08762
36 134 -5.85199
37 134 -5.61704
38 134 -5.38175
39 134 -5.14648
40 134 -4.91194
41 134 -4.67729
42 134 -4.44314
43 134 -4.21028
44 134 -3.97677
45 134 -3.74509
46 134 -3.51286
47 134 -3.28179
48 134 -3.05278
49 134 -2.82331
50 134 -2.59389
51 134 -2.36524
52 134 -2.13639
53 134 -1.90771
54 134 -1.67977
55 134 -1.45258
56 134 -1.22594
57 134 -1.00037
58 134 -0.774468
59 134 -0.549174
60 134 -0.326041
61 134 -0.102846
62 134 0.118566
63 134 0.339747
64 134 0.557118
65 134 0.769339
66 134 0.982861
67 134 1.20105
68 134 1.42226
69 134 1.63598
70 134 1.8474
71 134 2.06648
72 134 2.30593
73 134 2.5116
74 134 2.70313
75 134 2.91208
76 134 3.22137
77 134 3.39575
78 134 3.53562
79 134 3.64778
80 134 3.66722
81 134 3.70983
82 134 3.79054
83 134 3.86797
84 134 3.92038
85 134 3.97379
86 134 4.03827
87 134 4.10201
88 134 4.15919
89 134 4.21608
90 134 4.27487
91 134 4.33426
92 134 4.3922
93 134 4.44883
94 134 4.50507
95 134 4.56171
96 134 4.61632
97 134 4.67049
98 134 4.72513
99 134 4.77926
100 134 4.83395
101 134 4.88956
102 134 4.94521
103 134 5.00046
104 134 5.05642
105 134 5.11011
106 134 5.16036
107 134 5.2083
108 134 5.25226
109 134 5.42104
110 134 5.73519
111 134 6.04554
112 134 6.35213
113 134 6.65676
114 134 6.9633
115 134 7.2732
116 134 7.58574
117 134 7.89932
118 134 8.21453
119 134 8.53032
120 134 8.84756
121 134 9.16638
122 134 8.79992
123 134 8.43264
124 134 8.06797
125 134 7.70651
126 134 7.34814
127 134 6.993
128 134 6.6399
129 134 6.28502
130 134 5.92728
131 134 5.56655
132 134 5.203
133 134 5.17171
134 134 5.1377
135 134 5.09938
136 134 5.05915
137 134 5.01929
138 134 4.9819
139 134 4.94778
140 134 4.91564
141 134 4.88575
142 134 4.85694
143 134 4.82916
144 134 4.8029
145 134 4.77729
146 134 4.75245
147 134 4.72726
148 134 4.70122
149 134 4.67654
150 134 4.65227
151 134 4.62186
152 134 4.58894
153 134 4.55712
154 134 4.53253
155 134 4.5144
156 134 4.48301
157 134 4.4505
158 134 4.4307
159 134 4.43432
160 134 4.38626
161 134 4.32768
162 134 4.29642
163 134 4.39464
164 134 4.28398
165 134 4.16388
166 134 4.0176
167 134 3.76063
168 134 3.58414
169 134 3.42928
170 134 3.27446
171 134 3.10331
172 134 2.8985
173 134 2.70768
174 134 2.52416
175 134 2.33664
176 134 2.1411
177 134 1.94768
178 134 1.75691
179 134 1.56482
180 134 1.37085
181 134 1.17645
182 134 0.98288
183 134 0.78673
184 134 0.590567
185 134 0.395052
186 134 0.20003
187 134 0.00442147
188 134 -0.191893
189 134 -0.38887
190 134 -0.586608
191 134 -0.78544
192 134 -0.984417
193 134 -1.18388
194 134 -1.38631
195 134 -1.58896
196 134 -1.79117
197 134 -1.99286
198 134 -2.19587
199 134 -2.39905
200 134 -2.6019
201 134 -2.80461
202 134 -3.00828
203 134 -3.21294
204 134 -3.42048
205 134 -3.62795
206 134 -3.83629
207 134 -4.04456
208 134 -4.25263
209 134 -4.46128
210 134 -4.67023
211 134 -9.35257
212 134 -9.35257
213 134 -9.35257
214 134 -9.35257
215 134 -9.35257
216 134 -9.35257
217 134 -9.35257
218 134 -9.35257
219 134 -9.35257
220 134 -9.35257
221 134 -9.35257
222 134 -9.35257
223 134 -9.35257
224 134 -9.35257
225 134 -9.35257
226 134 -9.35257
227 134 -9.35257
228 134 -9.35257
229 134 -9.35257
230 134 -9.35257
231 134 -9.35257
232 134 -9.35257
233 134 -9.35257
234 134 -9.35257
235 134 -9.35257
236 134 -9.35257
237 134 -9.35257
238 134 -9.35257
239 134 -9.35257
0 135 -9.35257
1 135 -9.35257
2 135 -9.35257
3 135 -9.35257
4 135 -9.35257
5 135 -9.35257
6 135 -9.35257
7 135 -9.35257
8 135 -9.35257
9 135 -9.35257
10 135 -9.35257
11 135 -9.35257
12 135 -9.35257
13 135 -9.35257
14 135 -9.35257
15 135 -9.35257
16 135 -9.35257
17 135 -9.35257
18 135 -9.35257
19 135 -9.35257
20 135 -9.35257
21 135 -9.35257
22 135 -9.35257
23 135 -9.35257
24 135 -9.35257
25 135 -9.35257
26 135 -9.35257
27 135 -9.35257
28 135 -9.35257
29 135 -9.35257
30 135 -7.12084
31 135 -6.88443
32 135 -6.64786
33 135 -6.41087
34 135 -6.1739
35 135 -5.93756
36 135 -5.7006
37 135 -5.46491
38 135 -5.22905
39 135 -4.99249
40 135 -4.75743
41 135 -4.5227
42 135 -4.28759
43 135 -4.05349
44 135 -3.81992
45 135 -3.58647
46 135 -3.35408
47 135 -3.12316
48 135 -2.89239
49 135 -2.66231
50 135 -2.43158
51 135 -2.20224
52 135 -1.9729
53 135 -1.743
54 135 -1.51431
55 135 -1.28566
56 135 -1.05783
57 135 -0.832078
58 135 -0.605193
59 135 -0.378114
60 135 -0.154808
61 135 0.0675385
62 135 0.292126
63 135 0.518092
64 135 0.732821
65 135 0.939169
66 135 1.14546
67 135 1.36427
68 135 1.60374
69 135 1.81006
70 135 2.00376
71 135 2.21469
72 135 2.5249
73 135 2.7033
74 135 2.8468
75 135 2.96273
76 135 2.98971
77 135 3.0367
78 135 3.12094
79 135 3.20163
80 135 3.25738
81 135 3.31378
82 135 3.38102
83 135 3.44845
84 135 3.50831
85 135 3.56693
86 135 3.6282
87 135 3.68866
88 135 3.74734
89 135 3.80574
90 135 3.86378
91 135 3.92213
92 135 3.98033
93 135 4.03733
94 135 4.09326
95 135 4.14905
96 135 4.20365
97 135 4.25812
98 135 4.31351
99 135 4.36769
100 135 4.42235
101 135 4.47838
102 135 4.53519
103 135 4.59371
104 135 4.65299
105 135 4.70991
106 135 4.76309
107 135 4.81076
108 135 4.98263
109 135 5.30102
110 135 5.61661
111 135 5.92899
112 135 6.2392
113 135 6.54864
114 135 6.85907
115 135 7.17077
116 135 7.48446
117 135 7.79978
118 135 8.11585
119 135 8.43325
120 135 8.75154
121 135 9.07151
122 135 8.70616
123 135 8.33994
124 135 7.976
125 135 7.61468
126 135 7.25548
127 135 6.89857
128 135 6.54243
129 135 6.18636
130 135 5.8286
131 135 5.46888
132 135 5.10693
133 135 4.74165
134 135 4.70735
135 135 4.66728
136 135 4.62215
137 135 4.57957
138 135 4.5407
139 135 4.50695
140 135 4.47549
141 135 4.44655
142 135 4.4194
143 135 4.3925
144 135 4.36726
145 135 4.34211
146 135 4.31795
147 135 4.29439
148 135 4.26997
149 135 4.24649
150 135 4.22196
151 135 4.1958
152 135 4.16907
153 135 4.14244
154 135 4.11894
155 135 4.09629
156 135 4.07092
157 135 4.04586
158 135 4.02499
159 135 4.00763
160 135 3.97627
161 135 3.94085
162 135 3.91852
163 135 3.91917
164 135 3.86711
165 135 3.80601
166 135 3.77081
167 135 3.8664
168 135 3.75479
169 135 3.63782
170 135 3.51324
171 135 3.3628
172 135 3.10071
173 135 2.9148
174 135 2.74504
175 135 2.56415
176 135 2.35464
177 135 2.16011
178 135 1.97299
179 135 1.78266
180 135 1.58504
181 135 1.38945
182 135 1.19727
183 135 1.00158
184 135 0.80483
185 135 0.609761
186 135 0.415308
187 135 0.220992
188 135 0.025901
189 135 -0.17082
190 135 -0.369417
191 135 -0.568647
192 135 -0.767909
193 135 -0.967068
194 135 -1.17005
195 135 -1.37282
196 135 -1.57526
197 135 -1.7774
198 135 -1.98021
199 135 -2.1832
200 135 -2.38601
201 135 -2.58888
202 135 -2.79307
203 135 -2.99842
204 135 -3.20452
205 135 -3.41252
206 135 -3.62127
207 135 -3.82981
208 135 -4.03793
209 135 -4.24709
210 135 -4.45679
211 135 -4.66604
212 135 -9.35257
213 135 -9.35257
214 135 -9.35257
215 135 -9.35257
216 135 -9.35257
217 135 -9.35257
218 135 -9.35257
219 135 -9.35257
220 135 -9.35257
221 135 -9.35257
222 135 -9.35257
223 135 -9.35257
224 135 -9.35257
225 135 -9.35257
226 135 -9.35257
227 135 -9.35257
228 135 -9.35257
229 135 -9.35257
230 135 -9.35257
231 135 -9.35257
232 135 -9.35257
233 135 -9.35257
234 135 -9.35257
235 135 -9.35257
236 135 -9.35257
237 135 -9.35257
238 135 -9.35257
239 135 -9.35257
0 136 -9.35257
1 136 -9.35257
2 136 -9.35257
3 136 -9.35257
4 136 -9.35257
5 136 -9.35257
6 136 -9.35257
7 136 -9.35257
8 136 -9.35257
9 136 -9.35257
10 136 -9.35257
11 136 -9.35257
12 136 -9.35257
13 136 -9.35257
14 136 -9.35257
15 136 -9.35257
16 136 -9.35257
17 136 -9.35257
18 136 -9.35257
19 136 -9.35257
20 136 -9.35257
21 136 -9.35257
22 136 -9.35257
23 136 -9.35257
24 136 -9.35257
25 136 -9.35257
26 136 -9.35257
27 136 -9.35257
28 136 -9.35257
29 136 -7.21645
30 136 -6.97857
31 136 -6.73873
32 136 -6.50114
33 136 -6.26345
34 136 -6.02515
35 136 -5.78813
36 136 -5.55097
37 136 -5.31365
38 136 -5.07707
39 136 -4.84037
40 136 -4.60406
41 136 -4.36851
42 136 -4.13223
43 136 -3.89725
44 136 -3.66296
45 136 -3.42799
46 136 -3.19566
47 136 -2.96439
48 136 -2.73252
49 136 -2.50197
50 136 -2.27101
51 136 -2.03998
52 136 -1.80998
53 136 -1.58022
54 136 -1.34947
55 136 -1.11901
56 136 -0.891534
57 136 -0.665223
58 136 -0.436909
59 136 -0.204493
60 136 0.0173849
61 136 0.235681
62 136 0.463096
63 136 0.707675
64 136 0.916907
65 136 1.10785
66 136 1.29552
67 136 1.50577
68 136 1.81717
69 136 1.99674
70 136 2.14289
71 136 2.26242
72 136 2.29229
73 136 2.34325
74 136 2.43239
75 136 2.51731
76 136 2.57808
77 136 2.6392
78 136 2.70981
79 136 2.78041
80 136 2.84412
81 136 2.90583
82 136 2.97025
83 136 3.03528
84 136 3.09674
85 136 3.1574
86 136 3.21771
87 136 3.27709
88 136 3.33576
89 136 3.39455
90 136 3.45235
91 136 3.51016
92 136 3.56841
93 136 3.62514
94 136 3.68159
95 136 3.73634
96 136 3.79111
97 136 3.84602
98 136 3.90028
99 136 3.95454
100 136 4.00951
101 136 4.06517
102 136 4.12272
103 136 4.18493
104 136 4.25192
105 136 4.31344
106 136 4.36808
107 136 4.54415
108 136 4.86517
109 136 5.18363
110 136 5.49987
111 136 5.81444
112 136 6.12705
113 136 6.43935
114 136 6.7522
115 136 7.06636
116 136 7.38139
117 136 7.69781
118 136 8.01565
119 136 8.33393
120 136 8.65384
121 136 8.97479
122 136 8.61021
123 136 8.2445
124 136 7.88093
125 136 7.51969
126 136 7.16006
127 136 6.80222
128 136 6.44548
129 136 6.08938
130 136 5.73186
131 136 5.37346
132 136 5.01358
133 136 4.65061
134 136 4.28276
135 136 4.24023
136 136 4.18261
137 136 4.13447
138 136 4.09564
139 136 4.06243
140 136 4.03282
141 136 4.00554
142 136 3.97994
143 136 3.95418
144 136 3.93011
145 136 3.90595
146 136 3.88286
147 136 3.8607
148 136 3.8378
149 136 3.81603
150 136 3.79328
151 136 3.77032
152 136 3.74742
153 136 3.72464
154 136 3.70303
155 136 3.68092
156 136 3.65849
157 136 3.63644
158 136 3.61577
159 136 3.59429
160 136 3.56798
161 136 3.54095
162 136 3.51703
163 136 3.49642
164 136 3.46057
165 136 3.42075
166 136 3.39324
167 136 3.38839
168 136 3.32922
169 136 3.25241
170 136 3.17889
171 136 3.13583
172 136 3.22495
173 136 3.10578
174 136 2.97615
175 136 2.82026
176 136 2.55318
177 136 2.36441
178 136 2.19138
179 136 2.00779
180 136 1.79596
181 136 1.59903
182 136 1.40958
183 136 1.21748
184 136 1.01742
185 136 0.821677
186 136 0.629546
187 136 0.438339
188 136 0.244685
189 136 0.0469388
190 136 -0.152489
191 136 -0.35182
192 136 -0.551505
193 136 -0.751988
194 136 -0.953977
195 136 -1.15704
196 136 -1.35963
197 136 -1.56217
198 136 -1.7651
199 136 -1.96752
200 136 -2.17006
201 136 -2.37298
202 136 -2.57792
203 136 -2.78317
204 136 -2.98849
205 136 -3.19722
206 136 -3.40645
207 136 -3.61549
208 136 -3.82434
209 136 -4.03396
210 136 -4.24345
211 136 -4.45292
212 136 -4.66221
213 136 -9.35257
214 136 -9.35257
215 136 -9.35257
216 136 -9.35257
217 136 -9.35257
218 136 -9.35257
219 136 -9.35257
220 136 -9.35257
221 136 -9.35257
222 136 -9.35257
223 136 -9.35257
224 136 -9.35257
225 136 -9.35257
226 136 -9.35257
227 136 -9.35257
228 136 -9.35257
229 136 -9.35257
230 136 -9.35257
231 136 -9.35257
232 136 -9.35257
233 136 -9.35257
234 136 -9.35257
235 136 -9.35257
236 136 -9.35257
237 136 -9.35257
238 136 -9.35257
239 136 -9.35257
0 137 -9.35257
1 137 -9.35257
2 137 -9.35257
3 137 -9.35257
4 137 -9.35257
5 137 -9.35257
6 137 -9.35257
7 137 -9.35257
8 137 -9.35257
9 137 -9.35257
10 137 -9.35257
11 137 -9.35257
12 137 -9.35257
13 137 -9.35257
14 137 -9.35257
15 137 -9.35257
16 137 -9.35257
17 137 -9.35257
18 137 -9.35257
19 137 -9.35257
20 137 -9.35257
21 137 -9.35257
22 137 -9.35257
23 137 -9.35257
24 137 -9.35257
25 137 -9.35257
26 137 -9.35257
27 137 -9.35257
28 137 -7.31354
29 137 -7.07495
30 137 -6.83501
31 137 -6.59505
32 137 -6.35528
33 137 -6.11665
34 137 -5.87813
35 137 -5.63955
36 137 -5.40149
37 137 -5.16285
38 137 -4.92553
39 137 -4.68862
40 137 -4.45116
41 137 -4.21503
42 137 -3.97864
43 137 -3.74231
44 137 -3.50667
45 137 -3.27197
46 137 -3.03877
47 137 -2.8062
48 137 -2.57444
49 137 -2.34271
50 137 -2.11051
51 137 -1.87715
52 137 -1.6475
53 137 -1.41844
54 137 -1.18556
55 137 -0.950581
56 137 -0.724383
57 137 -0.502377
58 137 -0.272726
59 137 -0.0235024
60 137 0.192431
61 137 0.394706
62 137 0.613715
63 137 0.931884
64 137 1.11928
65 137 1.2766
66 137 1.42228
67 137 1.54491
68 137 1.58019
69 137 1.63442
70 137 1.72686
71 137 1.81594
72 137 1.87969
73 137 1.94503
74 137 2.02101
75 137 2.09606
76 137 2.16434
77 137 2.23102
78 137 2.29868
79 137 2.36609
80 137 2.43164
81 137 2.49517
82 137 2.55887
83 137 2.62288
84 137 2.6849
85 137 2.7466
86 137 2.80694
87 137 2.86624
88 137 2.92526
89 137 2.9831
90 137 3.04093
91 137 3.09895
92 137 3.15576
93 137 3.21204
94 137 3.26863
95 137 3.3236
96 137 3.37844
97 137 3.43332
98 137 3.48703
99 137 3.54069
100 137 3.59472
101 137 3.64847
102 137 3.70451
103 137 3.76836
104 137 3.85633
105 137 3.92384
106 137 4.10582
107 137 4.42967
108 137 4.75029
109 137 5.06829
110 137 5.38479
111 137 5.70034
112 137 6.01519
113 137 6.32937
114 137 6.64401
115 137 6.95972
116 137 7.27675
117 137 7.59443
118 137 7.91363
119 137 8.23298
120 137 8.55373
121 137 8.87596
122 137 8.5119
123 137 8.14672
124 137 7.78354
125 137 7.42247
126 137 7.06284
127 137 6.70478
128 137 6.3479
129 137 5.9918
130 137 5.63554
131 137 5.27906
132 137 4.92227
133 137 4.56396
134 137 4.20241
135 137 3.82826
136 137 3.73358
137 137 3.67835
138 137 3.64354
139 137 3.6143
140 137 3.58784
141 137 3.56286
142 137 3.53894
143 137 3.51542
144 137 3.49165
145 137 3.46871
146 137 3.44684
147 137 3.42606
148 137 3.40578
149 137 3.38512
150 137 3.3648
151 137 3.34477
152 137 3.32505
153 137 3.30568
154 137 3.28616
155 137 3.26588
156 137 3.2457
157 137 3.22563
158 137 3.20568
159 137 3.18433
160 137 3.1604
161 137 3.13598
162 137 3.11225
163 137 3.08725
164 137 3.05653
165 137 3.02318
166 137 2.99301
167 137 2.96469
168 137 2.91966
169 137 2.86499
170 137 2.81258
171 137 2.77668
172 137 2.76643
173 137 2.70517
174 137 2.63404
175 137 2.58899
176 137 2.67344
177 137 2.55081
178 137 2.4187
179 137 2.2609
180 137 1.99078
181 137 1.79898
182 137 1.62367
183 137 1.43953
184 137 1.22571
185 137 1.0291
186 137 0.842876
187 137 0.65815
188 137 0.466847
189 137 0.265498
190 137 0.0643547
191 137 -0.134626
192 137 -0.33429
193 137 -0.536282
194 137 -0.73864
195 137 -0.941712
196 137 -1.14402
197 137 -1.34742
198 137 -1.55048
199 137 -1.75244
200 137 -1.95373
201 137 -2.15716
202 137 -2.36245
203 137 -2.56785
204 137 -2.77302
205 137 -2.98228
206 137 -3.19182
207 137 -3.40136
208 137 -3.61082
209 137 -3.82096
210 137 -4.03077
211 137 -4.24074
212 137 -4.45085
213 137 -4.66121
214 137 -9.35257
215 137 -9.35257
216 137 -9.35257
217 137 -9.35257
218 137 -9.35257
219 137 -9.35257
220 137 -9.35257
221 137 -9.35257
222 137 -9.35257
223 137 -9.35257
224 137 -9.35257
225 137 -9.35257
226 137 -9.35257
227 137 -9.35257
228 137 -9.35257
229 137 -9.35257
230 137 -9.35257
231 137 -9.35257
232 137 -9.35257
233 137 -9.35257
234 137 -9.35257
235 137 -9.35257
236 137 -9.35257
237 137 -9.35257
238 137 -9.35257
239 137 -9.35257
0 138 -9.35257
1 138 -9.35257
2 138 -9.35257
3 138 -9.35257
4 138 -9.35257
5 138 -9.35257
6 138 -9.35257
7 138 -9.35257
8 138 -9.35257
9 138 -9.35257
10 138 -9.35257
11 138 -9.35257
12 138 -9.35257
13 138 -9.35257
14 138 -9.35257
15 138 -9.35257
16 138 -9.35257
17 138 -9.35257
18 138 -9.35257
19 138 -9.35257
20 138 -9.35257
21 138 -9.35257
22 138 -9.35257
23 138 -9.35257
24 138 -9.35257
25 138 -9.35257
26 138 -9.35257
27 138 -7.41487
28 138 -7.17446
29 138 -6.93274
30 138 -6.69228
31 138 -6.45116
32 138 -6.20978
33 138 -5.97044
34 138 -5.73117
35 138 -5.49164
36 138 -5.25262
37 138 -5.01375
38 138 -4.77514
39 138 -4.53743
40 138 -4.29997
41 138 -4.0626
42 138 -3.82499
43 138 -3.58712
44 138 -3.35129
45 138 -3.11625
46 138 -2.88172
47 138 -2.64787
48 138 -2.41633
49 138 -2.18513
50 138 -1.95116
51 138 -1.71372
52 138 -1.48517
53 138 -1.26047
54 138 -1.02689
55 138 -0.774111
56 138 -0.554915
57 138 -0.350328
58 138 -0.128848
59 138 0.190778
60 138 0.380651
61 138 0.53627
62 138 0.665175
63 138 0.707018
64 138 0.77166
65 138 0.878712
66 138 0.990638
67 138 1.09058
68 138 1.16267
69 138 1.23283
70 138 1.31312
71 138 1.39362
72 138 1.4655
73 138 1.53615
74 138 1.60939
75 138 1.68159
76 138 1.75143
77 138 1.82066
78 138 1.88781
79 138 1.9548
80 138 2.02001
81 138 2.08433
82 138 2.14837
83 138 2.21124
84 138 2.2734
85 138 2.33518
86 138 2.39561
87 138 2.45461
88 138 2.51361
89 138 2.57168
90 138 2.62931
91 138 2.6867
92 138 2.74247
93 138 2.79864
94 138 2.8553
95 138 2.91099
96 138 2.96572
97 138 3.02054
98 138 3.07383
99 138 3.12647
100 138 3.17895
101 138 3.22948
102 138 3.27849
103 138 3.32409
104 138 3.48012
105 138 3.67469
106 138 3.99885
107 138 4.31842
108 138 4.63666
109 138 4.95429
110 138 5.27066
111 138 5.58678
112 138 5.90265
113 138 6.21874
114 138 6.53476
115 138 6.85177
116 138 7.16991
117 138 7.48902
118 138 7.80959
119 138 8.13062
120 138 8.45215
121 138 8.77517
122 138 8.41164
123 138 8.04693
124 138 7.68404
125 138 7.32277
126 138 6.96356
127 138 6.60569
128 138 6.24907
129 138 5.89358
130 138 5.53851
131 138 5.18451
132 138 4.83188
133 138 4.48057
134 138 4.13465
135 138 3.80496
136 138 3.53605
137 138 3.2014
138 138 3.18447
139 138 3.16341
140 138 3.14136
141 138 3.11913
142 138 3.0969
143 138 3.07551
144 138 3.05236
145 138 3.03039
146 138 3.00972
147 138 2.99031
148 138 2.9727
149 138 2.95386
150 138 2.93605
151 138 2.91891
152 138 2.90232
153 138 2.88647
154 138 2.86859
155 138 2.85074
156 138 2.83279
157 138 2.8147
158 138 2.79661
159 138 2.7755
160 138 2.75331
161 138 2.73033
162 138 2.70678
163 138 2.68213
164 138 2.65365
165 138 2.62244
166 138 2.59091
167 138 2.5577
168 138 2.5181
169 138 2.47382
170 138 2.42974
171 138 2.39189
172 138 2.35893
173 138 2.31279
174 138 2.26435
175 138 2.22718
176 138 2.21337
177 138 2.14833
178 138 2.07427
179 138 2.02742
180 138 2.1073
181 138 1.98154
182 138 1.84659
183 138 1.68662
184 138 1.41679
185 138 1.22525
186 138 1.05472
187 138 0.884557
188 138 0.699069
189 138 0.482235
190 138 0.279049
191 138 0.0832654
192 138 -0.114735
193 138 -0.321094
194 138 -0.524396
195 138 -0.727133
196 138 -0.92949
197 138 -1.1339
198 138 -1.33694
199 138 -1.53801
200 138 -1.73839
201 138 -1.9416
202 138 -2.14685
203 138 -2.35276
204 138 -2.559
205 138 -2.76706
206 138 -2.97718
207 138 -3.1873
208 138 -3.39751
209 138 -3.60827
210 138 -3.81864
211 138 -4.02843
212 138 -4.23945
213 138 -4.45049
214 138 -4.66104
215 138 -9.35257
216 138 -9.35257
217 138 -9.35257
218 138 -9.35257
219 138 -9.35257
220 138 -9.35257
221 138 -9.35257
222 138 -9.35257
223 138 -9.35257
224 138 -9.35257
225 138 -9.35257
226 138 -9.35257
227 138 -9.35257
228 138 -9.35257
229 138 -9.35257
230 138 -9.35257
231 138 -9.35257
232 138 -9.35257
233 138 -9.35257
234 138 -9.35257
235 138 -9.35257
236 138 -9.35257
237 138 -9.35257
238 138 -9.35257
239 138 -9.35257
0 139 -9.35257
1 139 -9.35257
2 139 -9.35257
3 139 -9.35257
4 139 -9.35257
5 139 -9.35257
6 139 -9.35257
7 139 -9.35257
8 139 -9.35257
9 139 -9.35257
10 139 -9.35257
11 139 -9.35257
12 139 -9.35257
13 139 -9.35257
14 139 -9.35257
15 139 -9.35257
16 139 -9.35257
17 139 -9.35257
18 139 -9.35257
19 139 -9.35257
20 139 -9.35257
21 139 -9.35257
22 139 -9.35257
23 139 -9.35257
24 139 -9.35257
25 139 -7.76173
26 139 -7.51776
27 139 -7.27644
28 139 -7.03474
29 139 -6.79229
30 139 -6.55018
31 139 -6.30823
32 139 -6.0665
33 139 -5.82495
34 139 -5.58446
35 139 -5.34365
36 139 -5.10436
37 139 -4.86472
38 139 -4.62505
39 139 -4.38678
40 139 -4.14868
41 139 -3.91084
42 139 -3.67236
43 139 -3.43298
44 139 -3.19621
45 139 -2.96252
46 139 -2.72708
47 139 -2.48799
48 139 -2.25787
49 139 -2.03078
50 139 -1.79604
51 139 -1.5414
52 139 -1.31947
53 139 -1.11211
54 139 -0.887431
55 139 -0.564834
56 139 -0.373592
57 139 -0.215174
58 139 -0.0835961
59 139 -0.0399773
60 139 0.0249013
61 139 0.126809
62 139 0.226359
63 139 0.302176
64 139 0.381627
65 139 0.47481
66 139 0.570979
67 139 0.66214
68 139 0.744184
69 139 0.821105
70 139 0.899163
71 139 0.977157
72 139 1.05146
73 139 1.12478
74 139 1.19764
75 139 1.26947
76 139 1.34028
77 139 1.40946
78 139 1.47709
79 139 1.54408
80 139 1.60926
81 139 1.67376
82 139 1.73783
83 139 1.80033
84 139 1.86228
85 139 1.92389
86 139 1.98397
87 139 2.04298
88 139 2.10168
89 139 2.15912
90 139 2.21582
91 139 2.27257
92 139 2.32876
93 139 2.38477
94 139 2.44167
95 139 2.4976
96 139 2.55289
97 139 2.60804
98 139 2.66128
99 139 2.71363
100 139 2.76384
101 139 2.81202
102 139 2.85711
103 139 3.02077
104 139 3.31908
105 139 3.59278
106 139 3.89633
107 139 4.20849
108 139 4.52365
109 139 4.84001
110 139 5.1568
111 139 5.47328
112 139 5.78991
113 139 6.10664
114 139 6.4245
115 139 6.7427
116 139 7.06195
117 139 7.38215
118 139 7.70357
119 139 8.02606
120 139 8.34908
121 139 8.67223
122 139 8.30906
123 139 7.94485
124 139 7.58246
125 139 7.2218
126 139 6.86297
127 139 6.50534
128 139 6.14913
129 139 5.79433
130 139 5.4404
131 139 5.08812
132 139 4.73817
133 139 4.39131
134 139 4.05018
135 139 3.71984
136 139 3.40403
137 139 3.07188
138 139 2.72955
139 139 2.71349
140 139 2.69506
141 139 2.6754
142 139 2.65532
143 139 2.63423
144 139 2.6119
145 139 2.59076
146 139 2.57135
147 139 2.55403
148 139 2.53775
149 139 2.52157
150 139 2.50662
151 139 2.4925
152 139 2.47886
153 139 2.46615
154 139 2.451
155 139 2.43571
156 139 2.42003
157 139 2.40375
158 139 2.38744
159 139 2.36773
160 139 2.34701
161 139 2.32524
162 139 2.30243
163 139 2.2785
164 139 2.25116
165 139 2.222
166 139 2.19051
167 139 2.15709
168 139 2.12086
169 139 2.08095
170 139 2.04069
171 139 2.00221
172 139 1.9646
173 139 1.92342
174 139 1.88083
175 139 1.84072
176 139 1.80451
177 139 1.75488
178 139 1.70264
179 139 1.66404
180 139 1.64631
181 139 1.5775
182 139 1.49964
183 139 1.44867
184 139 1.52778
185 139 1.39948
186 139 1.26622
187 139 1.12628
188 139 0.960464
189 139 0.684422
190 139 0.485609
191 139 0.303373
192 139 0.111026
193 139 -0.109847
194 139 -0.315384
195 139 -0.512918
196 139 -0.71378
197 139 -0.921736
198 139 -1.12536
199 139 -1.32427
200 139 -1.52233
201 139 -1.72473
202 139 -1.93057
203 139 -2.13733
204 139 -2.34404
205 139 -2.5516
206 139 -2.76254
207 139 -2.97313
208 139 -3.1845
209 139 -3.39597
210 139 -3.60707
211 139 -3.81775
212 139 -4.0289
213 139 -4.24002
214 139 -4.45053
215 139 -4.66095
216 139 -9.35257
217 139 -9.35257
218 139 -9.35257
219 139 -9.35257
220 139 -9.35257
221 139 -9.35257
222 139 -9.35257
223 139 -9.35257
224 139 -9.35257
225 139 -9.35257
226 139 -9.35257
227 139 -9.35257
228 139 -9.35257
229 139 -9.35257
230 139 -9.35257
231 139 -9.35257
232 139 -9.35257
233 139 -9.35257
234 139 -9.35257
235 139 -9.35257
236 139 -9.35257
237 139 -9.35257
238 139 -9.35257
239 139 -9.35257
0 140 -9.35257
1 140 -9.35257
2 140 -9.35257
3 140 -9.35257
4 140 -9.35257
5 140 -9.35257
6 140 -9.35257
7 140 -9.35257
8 140 -9.35257
9 140 -9.35257
10 140 -9.35257
11 140 -9.35257
12 140 -9.35257
13 140 -9.35257
14 140 -9.35257
15 140 -9.35257
16 140 -9.35257
17 140 -9.35257
18 140 -9.35257
19 140 -9.35257
20 140 -9.35257
21 140 -9.35257
22 140 -9.35257
23 140 -9.35257
24 140 -7.87109
25 140 -7.62716
26 140 -7.38311
27 140 -7.1392
28 140 -6.89578
29 140 -6.65217
30 140 -6.40837
31 140 -6.16587
32 140 -5.92301
33 140 -5.67993
34 140 -5.43886
35 140 -5.19716
36 140 -4.95677
37 140 -4.71729
38 140 -4.4766
39 140 -4.23594
40 140 -3.99783
41 140 -3.76018
42 140 -3.52064
43 140 -3.2769
44 140 -3.04174
45 140 -2.81314
46 140 -2.5761
47 140 -2.31959
48 140 -2.09713
49 140 -1.88719
50 140 -1.66082
51 140 -1.33712
52 140 -1.14231
53 140 -0.981064
54 140 -0.846946
55 140 -0.79997
56 140 -0.732831
57 140 -0.628521
58 140 -0.527118
59 140 -0.449193
60 140 -0.369635
61 140 -0.280293
62 140 -0.189863
63 140 -0.106301
64 140 -0.0221359
65 140 0.0667751
66 140 0.156326
67 140 0.243963
68 140 0.326909
69 140 0.407371
70 140 0.486424
71 140 0.563217
72 140 0.638421
73 140 0.712667
74 140 0.785346
75 140 0.857295
76 140 0.928509
77 140 0.997974
78 140 1.06702
79 140 1.13398
80 140 1.19921
81 140 1.26361
82 140 1.32765
83 140 1.38997
84 140 1.4515
85 140 1.51291
86 140 1.57264
87 140 1.63166
88 140 1.68978
89 140 1.74626
90 140 1.80229
91 140 1.85778
92 140 1.91363
93 140 1.97014
94 140 2.02669
95 140 2.0841
96 140 2.14142
97 140 2.19619
98 140 2.24961
99 140 2.30167
100 140 2.35077
101 140 2.39763
102 140 2.56603
103 140 2.87642
104 140 3.17997
105 140 3.47713
106 140 3.78252
107 140 4.09305
108 140 4.4069
109 140 4.72261
110 140 5.03933
111 140 5.35694
112 140 5.67453
113 140 5.99324
114 140 6.31254
115 140 6.63257
116 140 6.95287
117 140 7.27406
118 140 7.59633
119 140 7.91959
120 140 8.2436
121 140 8.56719
122 140 8.20444
123 140 7.84096
124 140 7.47915
125 140 7.11901
126 140 6.76056
127 140 6.40311
128 140 6.04729
129 140 5.69316
130 140 5.34017
131 140 4.98919
132 140 4.64079
133 140 4.29536
134 140 3.95448
135 140 3.61961
136 140 3.28835
137 140 2.95254
138 140 2.61142
139 140 2.26594
140 140 2.24998
141 140 2.23211
142 140 2.21331
143 140 2.19249
144 140 2.17027
145 140 2.1494
146 140 2.1309
147 140 2.11529
148 140 2.10099
149 140 2.08806
150 140 2.07634
151 140 2.06563
152 140 2.05574
153 140 2.04517
154 140 2.03353
155 140 2.02105
156 140 2.00788
157 140 1.99413
158 140 1.97855
159 140 1.96097
160 140 1.94176
161 140 1.9212
162 140 1.89918
163 140 1.87624
164 140 1.85046
165 140 1.82195
166 140 1.79202
167 140 1.75931
168 140 1.72523
169 140 1.68844
170 140 1.64985
171 140 1.61165
172 140 1.57282
173 140 1.53293
174 140 1.49188
175 140 1.45037
176 140 1.40909
177 140 1.36404
178 140 1.31866
179 140 1.27662
180 140 1.2364
181 140 1.18251
182 140 1.12582
183 140 1.08194
184 140 1.05982
185 140 0.982418
186 140 0.88902
187 140 0.798537
188 140 0.739303
189 140 0.809393
190 140 0.675605
191 140 0.532872
192 140 0.364457
193 140 0.0860649
194 140 -0.114377
195 140 -0.297202
196 140 -0.491867
197 140 -0.713899
198 140 -0.918501
199 140 -1.11139
200 140 -1.30405
201 140 -1.50441
202 140 -1.7141
203 140 -1.92193
204 140 -2.12912
205 140 -2.33743
206 140 -2.54826
207 140 -2.76033
208 140 -2.97227
209 140 -3.18403
210 140 -3.39594
211 140 -3.60746
212 140 -3.81912
213 140 -4.03016
214 140 -4.24109
215 140 -4.45202
216 140 -4.6537
217 140 -4.87002
218 140 -9.35257
219 140 -9.35257
220 140 -9.35257
221 140 -9.35257
222 140 -9.35257
223 140 -9.35257
224 140 -9.35257
225 140 -9.35257
226 140 -9.35257
227 140 -9.35257
228 140 -9.35257
229 140 -9.35257
230 140 -9.35257
231 140 -9.35257
232 140 -9.35257
233 140 -9.35257
234 140 -9.35257
235 140 -9.35257
236 140 -9.35257
237 140 -9.35257
238 140 -9.35257
239 140 -9.35257
0 141 -9.35257
1 141 -9.35257
2 141 -9.35257
3 141 -9.35257
4 141 -9.35257
5 141 -9.35257
6 141 -9.35257
7 141 -9.35257
8 141 -9.35257
9 141 -9.35257
10 141 -9.35257
11 141 -9.35257
12 141 -9.35257
13 141 -9.35257
14 141 -9.35257
15 141 -9.35257
16 141 -9.35257
17 141 -9.35257
18 141 -9.35257
19 141 -9.35257
20 141 -9.35257
21 141 -9.35257
22 141 -9.35257
23 141 -7.98482
24 141 -7.7389
25 141 -7.4922
26 141 -7.24739
27 141 -7.00218
28 141 -6.75741
29 141 -6.51306
30 141 -6.26822
31 141 -6.02388
32 141 -5.78055
33 141 -5.53698
34 141 -5.29388
35 141 -5.05047
36 141 -4.80949
37 141 -4.57105
38 141 -4.32881
39 141 -4.083
40 141 -3.84729
41 141 -3.61445
42 141 -3.37312
43 141 -3.11302
44 141 -2.88559
45 141 -2.67327
46 141 -2.44534
47 141 -2.12023
48 141 -1.92388
49 141 -1.76076
50 141 -1.62341
51 141 -1.57349
52 141 -1.50284
53 141 -1.39544
54 141 -1.29189
55 141 -1.21202
56 141 -1.13036
57 141 -1.03896
58 141 -0.947163
59 141 -0.861169
60 141 -0.776372
61 141 -0.688426
62 141 -0.601427
63 141 -0.515381
64 141 -0.429508
65 141 -0.343044
66 141 -0.256413
67 141 -0.170675
68 141 -0.0878839
69 141 -0.00671188
70 141 0.0728142
71 141 0.149991
72 141 0.226338
73 141 0.300951
74 141 0.373777
75 141 0.445855
76 141 0.5173
77 141 0.586902
78 141 0.655691
79 141 0.723341
80 141 0.78891
81 141 0.853826
82 141 0.917998
83 141 0.980385
84 141 1.04204
85 141 1.10239
86 141 1.16202
87 141 1.22069
88 141 1.27727
89 141 1.33268
90 141 1.38806
91 141 1.44263
92 141 1.49786
93 141 1.55419
94 141 1.61086
95 141 1.66911
96 141 1.72842
97 141 1.78461
98 141 1.83928
99 141 1.8914
100 141 1.93994
101 141 2.1108
102 141 2.42654
103 141 2.73889
104 141 3.04711
105 141 3.35324
106 141 3.66202
107 141 3.97379
108 141 4.2883
109 141 4.60403
110 141 4.92099
111 141 5.23908
112 141 5.55801
113 141 5.87728
114 141 6.19731
115 141 6.51824
116 141 6.84017
117 141 7.16233
118 141 7.48535
119 141 7.80922
120 141 8.13385
121 141 8.45954
122 141 8.09751
123 141 7.73494
124 141 7.3737
125 141 7.01408
126 141 6.65606
127 141 6.29907
128 141 5.94375
129 141 5.59026
130 141 5.23792
131 141 4.88766
132 141 4.53986
133 141 4.19437
134 141 3.8523
135 141 3.51376
136 141 3.17672
137 141 2.83805
138 141 2.49687
139 141 2.15276
140 141 1.8068
141 141 1.79102
142 141 1.77191
143 141 1.75047
144 141 1.72727
145 141 1.70567
146 141 1.68754
147 141 1.67382
148 141 1.66225
149 141 1.65335
150 141 1.64506
151 141 1.63792
152 141 1.63187
153 141 1.62464
154 141 1.61691
155 141 1.6071
156 141 1.59628
157 141 1.58489
158 141 1.57106
159 141 1.55582
160 141 1.53788
161 141 1.51861
162 141 1.49816
163 141 1.47533
164 141 1.45085
165 141 1.42333
166 141 1.39437
167 141 1.36418
168 141 1.33083
169 141 1.29608
170 141 1.25861
171 141 1.22068
172 141 1.18209
173 141 1.14209
174 141 1.10174
175 141 1.0598
176 141 1.01741
177 141 0.973544
178 141 0.9298
179 141 0.885747
180 141 0.840173
181 141 0.790335
182 141 0.739174
183 141 0.69191
184 141 0.64553
185 141 0.58135
186 141 0.50891
187 141 0.439542
188 141 0.387269
189 141 0.359415
190 141 0.281575
191 141 0.19508
192 141 0.135431
193 141 0.204036
194 141 0.0690233
195 141 -0.0743204
196 141 -0.243468
197 141 -0.523481
198 141 -0.723343
199 141 -0.901162
200 141 -1.08018
201 141 -1.27477
202 141 -1.49947
203 141 -1.71006
204 141 -1.91395
205 141 -2.12073
206 141 -2.33458
207 141 -2.54853
208 141 -2.76022
209 141 -2.97193
210 141 -3.1852
211 141 -3.39789
212 141 -3.60994
213 141 -3.82114
214 141 -4.03165
215 141 -4.24248
216 141 -4.45122
217 141 -4.66191
218 141 -4.87626
219 141 -9.35257
220 141 -9.35257
221 141 -9.35257
222 141 -9.35257
223 141 -9.35257
224 141 -9.35257
225 141 -9.35257
226 141 -9.35257
227 141 -9.35257
228 141 -9.35257
229 141 -9.35257
230 141 -9.35257
231 141 -9.35257
232 141 -9.35257
233 141 -9.35257
234 141 -9.35257
235 141 -9.35257
236 141 -9.35257
237 141 -9.35257
238 141 -9.35257
239 141 -9.35257
0 142 -9.35257
1 142 -9.35257
2 142 -9.35257
3 142 -9.35257
4 142 -9.35257
5 142 -9.35257
6 142 -9.35257
7 142 -9.35257
8 142 -9.35257
9 142 -9.35257
10 142 -9.35257
11 142 -9.35257
12 142 -9.35257
13 142 -9.35257
14 142 -9.35257
15 142 -9.35257
16 142 -9.35257
17 142 -9.35257
18 142 -9.35257
19 142 -9.35257
20 142 -9.35257
21 142 -9.35257
22 142 -8.10102
23 142 -7.85332
24 142 -7.60635
25 142 -7.35901
26 142 -7.11208
27 142 -6.8655
28 142 -6.61904
29 142 -6.37443
30 142 -6.12839
31 142 -5.88128
32 142 -5.63831
33 142 -5.39559
34 142 -5.14964
35 142 -4.90212
36 142 -4.6634
37 142 -4.4286
38 142 -4.18538
39 142 -3.92301
40 142 -3.69388
41 142 -3.47797
42 142 -3.24482
43 142 -2.91645
44 142 -2.71694
45 142 -2.55071
46 142 -2.41173
47 142 -2.35922
48 142 -2.28689
49 142 -2.17652
50 142 -2.06926
51 142 -1.98643
52 142 -1.90187
53 142 -1.80709
54 142 -1.71316
55 142 -1.62586
56 142 -1.53874
57 142 -1.4498
58 142 -1.36028
59 142 -1.27307
60 142 -1.18626
61 142 -1.09851
62 142 -1.01204
63 142 -0.92589
64 142 -0.839692
65 142 -0.754105
66 142 -0.668259
67 142 -0.583521
68 142 -0.501057
69 142 -0.419946
70 142 -0.339611
71 142 -0.262405
72 142 -0.185975
73 142 -0.110156
74 142 -0.0370434
75 142 0.0350474
76 142 0.10675
77 142 0.176643
78 142 0.245898
79 142 0.313584
80 142 0.379261
81 142 0.444369
82 142 0.507847
83 142 0.570462
84 142 0.632655
85 142 0.692597
86 142 0.751343
87 142 0.808788
88 142 0.864767
89 142 0.919108
90 142 0.973422
91 142 1.02681
92 142 1.08097
93 142 1.13668
94 142 1.19345
95 142 1.25304
96 142 1.31554
97 142 1.37454
98 142 1.42994
99 142 1.48233
100 142 1.65587
101 142 1.97418
102 142 2.29028
103 142 2.60411
104 142 2.91617
105 142 3.2267
106 142 3.53838
107 142 3.85178
108 142 4.1671
109 142 4.48406
110 142 4.80154
111 142 5.1202
112 142 5.43978
113 142 5.76041
114 142 6.08117
115 142 6.40293
116 142 6.72571
117 142 7.04913
118 142 7.37274
119 142 7.69735
120 142 8.02305
121 142 8.35007
122 142 7.98921
123 142 7.6274
124 142 7.26662
125 142 6.90753
126 142 6.54994
127 142 6.19334
128 142 5.83839
129 142 5.48513
130 142 5.13312
131 142 4.78321
132 142 4.43555
133 142 4.08976
134 142 3.74657
135 142 3.40582
136 142 3.06578
137 142 2.72563
138 142 2.38465
139 142 2.04143
140 142 1.69686
141 142 1.35074
142 142 1.33175
143 142 1.3085
144 142 1.2816
145 142 1.25737
146 142 1.23999
147 142 1.22765
148 142 1.21976
149 142 1.21526
150 142 1.21152
151 142 1.20932
152 142 1.20665
153 142 1.20353
154 142 1.19961
155 142 1.19306
156 142 1.18547
157 142 1.17553
158 142 1.16389
159 142 1.15063
160 142 1.13422
161 142 1.11611
162 142 1.09694
163 142 1.07499
164 142 1.05152
165 142 1.02505
166 142 0.996861
167 142 0.967696
168 142 0.935852
169 142 0.902663
170 142 0.865681
171 142 0.828017
172 142 0.790156
173 142 0.750502
174 142 0.710459
175 142 0.668588
176 142 0.626137
177 142 0.583122
178 142 0.538637
179 142 0.493666
180 142 0.447114
181 142 0.398386
182 142 0.348838
183 142 0.298367
184 142 0.246315
185 142 0.187447
186 142 0.124636
187 142 0.0636592
188 142 0.00816979
189 142 -0.0422115
190 142 -0.104895
191 142 -0.170653
192 142 -0.222944
193 142 -0.250804
194 142 -0.329947
195 142 -0.417418
196 142 -0.479395
197 142 -0.413203
198 142 -0.550214
199 142 -0.691856
200 142 -0.840724
201 142 -1.015
202 142 -1.29895
203 142 -1.50578
204 142 -1.69661
205 142 -1.89694
206 142 -2.1255
207 142 -2.33983
208 142 -2.54816
209 142 -2.75827
210 142 -2.97503
211 142 -3.18983
212 142 -3.40162
213 142 -3.6128
214 142 -3.82475
215 142 -4.03591
216 142 -4.24533
217 142 -4.45481
218 142 -4.6679
219 142 -4.88289
220 142 -9.35257
221 142 -9.35257
222 142 -9.35257
223 142 -9.35257
224 142 -9.35257
225 142 -9.35257
226 142 -9.35257
227 142 -9.35257
228 142 -9.35257
229 142 -9.35257
230 142 -9.35257
231 142 -9.35257
232 142 -9.35257
233 142 -9.35257
234 142 -9.35257
235 142 -9.35257
236 142 -9.35257
237 142 -9.35257
238 142 -9.35257
239 142 -9.35257
0 143 -9.35257
1 143 -9.35257
2 143 -9.35257
3 143 -9.35257
4 143 -9.35257
5 143 -9.35257
6 143 -9.35257
7 143 -9.35257
8 143 -9.35257
9 143 -9.35257
10 143 -9.35257
11 143 -9.35257
12 143 -9.35257
13 143 -9.35257
14 143 -9.35257
15 143 -9.35257
16 143 -9.35257
17 143 -9.35257
18 143 -9.35257
19 143 -9.35257
20 143 -9.35257
21 143 -8.22326
22 143 -7.97257
23 143 -7.7217
24 143 -7.47418
25 143 -7.22622
26 143 -6.97683
27 143 -6.72872
28 143 -6.48257
29 143 -6.23724
30 143 -5.98961
31 143 -5.73833
32 143 -5.49585
33 143 -5.25741
34 143 -5.0095
35 143 -4.74576
36 143 -4.51417
37 143 -4.29501
38 143 -4.06109
39 143 -3.73054
40 143 -3.52771
41 143 -3.35873
42 143 -3.21556
43 143 -3.15779
44 143 -3.08144
45 143 -2.96932
46 143 -2.86019
47 143 -2.77448
48 143 -2.68795
49 143 -2.5908
50 143 -2.49284
51 143 -2.40218
52 143 -2.31194
53 143 -2.219
54 143 -2.12781
55 143 -2.03839
56 143 -1.95006
57 143 -1.86122
58 143 -1.7722
59 143 -1.68459
60 143 -1.59708
61 143 -1.50926
62 143 -1.42233
63 143 -1.33645
64 143 -1.25041
65 143 -1.16542
66 143 -1.0806
67 143 -0.996321
68 143 -0.913953
69 143 -0.832403
70 143 -0.75183
71 143 -0.674025
72 143 -0.597677
73 143 -0.521698
74 143 -0.447719
75 143 -0.374206
76 143 -0.303176
77 143 -0.232978
78 143 -0.16352
79 143 -0.0959213
80 143 -0.0298166
81 143 0.0353369
82 143 0.0985576
83 143 0.160962
84 143 0.222716
85 143 0.281893
86 143 0.339713
87 143 0.397127
88 143 0.45215
89 143 0.505567
90 143 0.558459
91 143 0.610238
92 143 0.662527
93 143 0.716838
94 143 0.773222
95 143 0.835292
96 143 0.904145
97 143 0.96806
98 143 1.02483
99 143 1.2005
100 143 1.52112
101 143 1.83976
102 143 2.15615
103 143 2.47111
104 143 2.78522
105 143 3.09902
106 143 3.41287
107 143 3.72785
108 143 4.04425
109 143 4.36202
110 143 4.6809
111 143 5.00024
112 143 5.32052
113 143 5.64185
114 143 5.96404
115 143 6.28658
116 143 6.60984
117 143 6.93364
118 143 7.25844
119 143 7.5844
120 143 7.91092
121 143 8.23878
122 143 7.87897
123 143 7.5182
124 143 7.15786
125 143 6.79903
126 143 6.44174
127 143 6.0855
128 143 5.73087
129 143 5.37793
130 143 5.02622
131 143 4.67652
132 143 4.32877
133 143 3.98255
134 143 3.63842
135 143 3.2961
136 143 2.95449
137 143 2.61354
138 143 2.27266
139 143 1.93095
140 143 1.58826
141 143 1.2442
142 143 0.895847
143 143 0.870177
144 143 0.831559
145 143 0.802229
146 143 0.785956
147 143 0.777031
148 143 0.77389
149 143 0.774723
150 143 0.776441
151 143 0.779755
152 143 0.781882
153 143 0.78322
154 143 0.783243
155 143 0.780056
156 143 0.77553
157 143 0.767889
158 143 0.758337
159 143 0.746923
160 143 0.732251
161 143 0.715978
162 143 0.697019
163 143 0.676158
164 143 0.65353
165 143 0.628481
166 143 0.60162
167 143 0.572398
168 143 0.541166
169 143 0.508137
170 143 0.473436
171 143 0.43684
172 143 0.398507
173 143 0.359306
174 143 0.319359
175 143 0.277953
176 143 0.235424
177 143 0.192645
178 143 0.147961
179 143 0.102603
180 143 0.0562301
181 143 0.00725669
182 143 -0.0421149
183 143 -0.093593
184 143 -0.146641
185 143 -0.202512
186 143 -0.261474
187 143 -0.319263
188 143 -0.376038
189 143 -0.431536
190 143 -0.489916
191 143 -0.549853
192 143 -0.604449
193 143 -0.655927
194 143 -0.720589
195 143 -0.787629
196 143 -0.843492
197 143 -0.876526
198 143 -0.963636
199 143 -1.06619
200 143 -1.16568
201 143 -1.23539
202 143 -1.17553
203 143 -1.3184
204 143 -1.46978
205 143 -1.64564
206 143 -1.93065
207 143 -2.13987
208 143 -2.33431
209 143 -2.53796
210 143 -2.76897
211 143 -2.98565
212 143 -3.19392
213 143 -3.40368
214 143 -3.6195
215 143 -3.83182
216 143 -4.03937
217 143 -4.24594
218 143 -4.45829
219 143 -4.67488
220 143 -4.89238
221 143 -9.35257
222 143 -9.35257
223 143 -9.35257
224 143 -9.35257
225 143 -9.35257
226 143 -9.35257
227 143 -9.35257
228 143 -9.35257
229 143 -9.35257
230 143 -9.35257
231 143 -9.35257
232 143 -9.35257
233 143 -9.35257
234 143 -9.35257
235 143 -9.35257
236 143 -9.35257
237 143 -9.35257
238 143 -9.35257
239 143 -9.35257
0 144 -9.35257
1 144 -9.35257
2 144 -9.35257
3 144 -9.35257
4 144 -9.35257
5 144 -9.35257
6 144 -9.35257
7 144 -9.35257
8 144 -9.35257
9 144 -9.35257
10 144 -9.35257
11 144 -9.35257
12 144 -9.35257
13 144 -9.35257
14 144 -9.35257
15 144 -9.35257
16 144 -9.35257
17 144 -9.35257
18 144 -9.35257
19 144 -9.35257
20 144 -8.34852
21 144 -8.09585
22 144 -7.8442
23 144 -7.59155
24 144 -7.34244
25 144 -7.09487
26 144 -6.84405
27 144 -6.58996
28 144 -6.3453
29 144 -6.10356
30 144 -5.85449
31 144 -5.58656
32 144 -5.35045
33 144 -5.12904
34 144 -4.89102
35 144 -4.55724
36 144 -4.35249
37 144 -4.18
38 144 -4.03342
39 144 -3.97282
40 144 -3.89397
41 144 -3.77774
42 144 -3.66497
43 144 -3.57543
44 144 -3.48455
45 144 -3.38493
46 144 -3.28523
47 144 -3.19164
48 144 -3.09965
49 144 -3.00477
50 144 -2.91021
51 144 -2.81751
52 144 -2.7252
53 144 -2.6331
54 144 -2.54176
55 144 -2.45093
56 144 -2.3619
57 144 -2.27282
58 144 -2.18386
59 144 -2.096
60 144 -2.0082
61 144 -1.92026
62 144 -1.83334
63 144 -1.74717
64 144 -1.66121
65 144 -1.57658
66 144 -1.49241
67 144 -1.40836
68 144 -1.32603
69 144 -1.24434
70 144 -1.16432
71 144 -1.08526
72 144 -1.00785
73 144 -0.932414
74 144 -0.857927
75 144 -0.784131
76 144 -0.71227
77 144 -0.641859
78 144 -0.572271
79 144 -0.504707
80 144 -0.437943
81 144 -0.372968
82 144 -0.309915
83 144 -0.247888
84 144 -0.186889
85 144 -0.128626
86 144 -0.0715113
87 144 -0.01497
88 144 0.0393
89 144 0.0926617
90 144 0.143369
91 144 0.193153
92 144 0.243265
93 144 0.29368
94 144 0.347308
95 144 0.409498
96 144 0.497691
97 144 0.566979
98 144 0.747416
99 144 1.06918
100 144 1.38834
101 144 1.70622
102 144 2.02328
103 144 2.33897
104 144 2.65443
105 144 2.96992
106 144 3.28608
107 144 3.6025
108 144 3.92004
109 144 4.23873
110 144 4.55841
111 144 4.8792
112 144 5.2002
113 144 5.52226
114 144 5.8452
115 144 6.16888
116 144 6.49256
117 144 6.81714
118 144 7.14282
119 144 7.46953
120 144 7.79745
121 144 8.12593
122 144 7.76678
123 144 7.40654
124 144 7.04713
125 144 6.68878
126 144 6.3319
127 144 5.97603
128 144 5.62166
129 144 5.26892
130 144 4.91729
131 144 4.56741
132 144 4.2194
133 144 3.87277
134 144 3.52798
135 144 3.18486
136 144 2.84254
137 144 2.50138
138 144 2.16091
139 144 1.82051
140 144 1.4806
141 144 1.14088
142 144 0.798227
143 144 0.444802
144 144 0.370538
145 144 0.335311
146 144 0.323141
147 144 0.320629
148 144 0.324041
149 144 0.331613
150 144 0.341049
151 144 0.349925
152 144 0.357899
153 144 0.364226
154 144 0.368408
155 144 0.369682
156 144 0.367247
157 144 0.362154
158 144 0.354644
159 144 0.344799
160 144 0.331885
161 144 0.317054
162 144 0.299004
163 144 0.279098
164 144 0.257363
165 144 0.233727
166 144 0.207253
167 144 0.178058
168 144 0.146988
169 144 0.114694
170 144 0.0811364
171 144 0.045888
172 144 0.00772725
173 144 -0.0311428
174 144 -0.0708553
175 144 -0.111559
176 144 -0.153745
177 144 -0.19745
178 144 -0.24204
179 144 -0.287445
180 144 -0.333694
181 144 -0.382177
182 144 -0.432499
183 144 -0.483983
184 144 -0.536775
185 144 -0.591014
186 144 -0.647456
187 144 -0.704752
188 144 -0.76152
189 144 -0.81798
190 144 -0.875008
191 144 -0.933092
192 144 -0.990637
193 144 -1.04787
194 144 -1.10885
195 144 -1.17064
196 144 -1.23042
197 144 -1.28735
198 144 -1.36161
199 144 -1.44359
200 144 -1.52203
201 144 -1.58536
202 144 -1.62245
203 144 -1.70974
204 144 -1.80482
205 144 -1.87262
206 144 -1.81438
207 144 -1.95739
208 144 -2.11126
209 144 -2.29026
210 144 -2.57812
211 144 -2.78989
212 144 -2.98473
213 144 -3.18849
214 144 -3.41861
215 144 -3.63252
216 144 -3.83512
217 144 -4.03596
218 144 -4.24529
219 144 -4.46608
220 144 -4.68578
221 144 -4.90308
222 144 -9.35257
223 144 -9.35257
224 144 -9.35257
225 144 -9.35257
226 144 -9.35257
227 144 -9.35257
228 144 -9.35257
229 144 -9.35257
230 144 -9.35257
231 144 -9.35257
232 144 -9.35257
233 144 -9.35257
234 144 -9.35257
235 144 -9.35257
236 144 -9.35257
237 144 -9.35257
238 144 -9.35257
239 144 -9.35257
0 145 -9.35257
1 145 -9.35257
2 145 -9.35257
3 145 -9.35257
4 145 -9.35257
5 145 -9.35257
6 145 -9.35257
7 145 -9.35257
8 145 -9.35257
9 145 -9.35257
10 145 -9.35257
11 145 -9.35257
12 145 -9.35257
13 145 -9.35257
14 145 -9.35257
15 145 -9.35257
16 145 -9.35257
17 145 -9.35257
18 145 -9.35257
19 145 -8.47739
20 145 -8.22418
21 145 -7.97193
22 145 -7.71682
23 145 -7.45895
24 145 -7.21037
25 145 -6.96677
26 145 -6.71452
27 145 -6.44301
28 145 -6.2051
29 145 -5.98017
30 145 -5.73894
31 145 -5.40299
32 145 -5.19446
33 145 -5.01804
34 145 -4.86832
35 145 -4.80291
36 145 -4.72052
37 145 -4.60101
38 145 -4.48446
39 145 -4.39219
40 145 -4.29869
41 145 -4.19438
42 145 -4.09113
43 145 -3.99442
44 145 -3.89833
45 145 -3.80062
46 145 -3.70306
47 145 -3.60829
48 145 -3.51422
49 145 -3.41953
50 145 -3.32572
51 145 -3.23244
52 145 -3.13937
53 145 -3.04726
54 145 -2.95521
55 145 -2.86441
56 145 -2.77488
57 145 -2.68536
58 145 -2.59553
59 145 -2.50736
60 145 -2.41945
61 145 -2.33139
62 145 -2.24439
63 145 -2.15767
64 145 -2.07185
65 145 -1.98728
66 145 -1.90295
67 145 -1.81984
68 145 -1.73748
69 145 -1.65576
70 145 -1.57583
71 145 -1.49663
72 145 -1.41884
73 145 -1.34325
74 145 -1.26852
75 145 -1.19438
76 145 -1.12189
77 145 -1.0508
78 145 -0.980191
79 145 -0.912691
80 145 -0.846039
81 145 -0.780554
82 145 -0.717362
83 145 -0.655555
84 145 -0.596143
85 145 -0.537997
86 145 -0.480971
87 145 -0.426024
88 145 -0.372642
89 145 -0.320586
90 145 -0.272391
91 145 -0.225343
92 145 -0.178635
93 145 -0.132692
94 145 -0.0871694
95 145 -0.043556
96 145 0.110141
97 145 0.30156
98 145 0.6225
99 145 0.940299
100 145 1.25685
101 145 1.57349
102 145 1.89027
103 145 2.20707
104 145 2.52345
105 145 2.84014
106 145 3.1575
107 145 3.4755
108 145 3.79468
109 145 4.11429
110 145 4.43482
111 145 4.7564
112 145 5.07882
113 145 5.40162
114 145 5.72501
115 145 6.04909
116 145 6.37421
117 145 6.69955
118 145 7.026
119 145 7.35343
120 145 7.68204
121 145 8.01177
122 145 7.65321
123 145 7.29343
124 145 6.93438
125 145 6.57664
126 145 6.22043
127 145 5.86461
128 145 5.51035
129 145 5.15773
130 145 4.80613
131 145 4.45622
132 145 4.10805
133 145 3.76115
134 145 3.41587
135 145 3.07221
136 145 2.72945
137 145 2.38804
138 145 2.04803
139 145 1.7091
140 145 1.37225
141 145 1.03875
142 145 0.711376
143 145 0.401443
144 145 0.154191
145 145 -0.1561
146 145 -0.149332
147 145 -0.141695
148 145 -0.129968
149 145 -0.113983
150 145 -0.0952289
151 145 -0.0790049
152 145 -0.0644369
153 145 -0.0526233
154 145 -0.0441313
155 145 -0.0384445
156 145 -0.0383793
157 145 -0.0411629
158 145 -0.0467141
159 145 -0.0548633
160 145 -0.0652735
161 145 -0.0801272
162 145 -0.0971558
163 145 -0.116134
164 145 -0.136904
165 145 -0.159614
166 145 -0.186932
167 145 -0.215698
168 145 -0.245967
169 145 -0.277483
170 145 -0.309841
171 145 -0.345613
172 145 -0.382343
173 145 -0.42075
174 145 -0.460079
175 145 -0.49994
176 145 -0.542921
177 145 -0.58666
178 145 -0.631228
179 145 -0.676648
180 145 -0.723023
181 145 -0.771311
182 145 -0.821721
183 145 -0.873066
184 145 -0.925461
185 145 -0.978947
186 145 -1.03413
187 145 -1.09077
188 145 -1.14731
189 145 -1.20386
190 145 -1.26067
191 145 -1.31843
192 145 -1.37714
193 145 -1.43605
194 145 -1.49631
195 145 -1.55727
196 145 -1.61888
197 145 -1.68244
198 145 -1.75186
199 145 -1.82452
200 145 -1.89512
201 145 -1.96025
202 145 -2.02077
203 145 -2.09327
204 145 -2.16716
205 145 -2.22725
206 145 -2.26465
207 145 -2.35284
208 145 -2.44998
209 145 -2.52064
210 145 -2.46424
211 145 -2.61104
212 145 -2.76662
213 145 -2.94694
214 145 -3.23482
215 145 -3.44452
216 145 -3.63262
217 145 -3.82035
218 145 -4.02353
219 145 -4.25963
220 145 -4.48264
221 145 -4.69801
222 145 -4.91562
223 145 -9.35257
224 145 -9.35257
225 145 -9.35257
226 145 -9.35257
227 145 -9.35257
228 145 -9.35257
229 145 -9.35257
230 145 -9.35257
231 145 -9.35257
232 145 -9.35257
233 145 -9.35257
234 145 -9.35257
235 145 -9.35257
236 145 -9.35257
237 145 -9.35257
238 145 -9.35257
239 145 -9.35257
0 146 -9.35257
1 146 -9.35257
2 146 -9.35257
3 146 -9.35257
4 146 -9.35257
5 146 -9.35257
6 146 -9.35257
7 146 -9.35257
8 146 -9.35257
9 146 -9.35257
10 146 -9.35257
11 146 -9.35257
12 146 -9.35257
13 146 -9.35257
14 146 -9.35257
15 146 -9.35257
16 146 -9.35257
17 146 -9.35257
18 146 -8.61927
19 146 -8.35338
20 146 -8.10008
21 146 -7.85088
22 146 -7.59341
23 146 -7.3183
24 146 -7.07627
25 146 -6.84801
26 146 -6.60426
27 146 -6.26539
28 146 -6.05264
29 146 -5.87306
30 146 -5.71933
31 146 -5.65086
32 146 -5.56463
33 146 -5.44162
34 146 -5.32144
35 146 -5.22421
36 146 -5.12652
37 146 -5.01907
38 146 -4.91228
39 146 -4.81279
40 146 -4.71422
41 146 -4.61263
42 146 -4.51184
43 146 -4.41277
44 146 -4.3148
45 146 -4.21701
46 146 -4.11918
47 146 -4.02424
48 146 -3.92942
49 146 -3.83451
50 146 -3.74071
51 146 -3.64715
52 146 -3.55369
53 146 -3.46138
54 146 -3.36916
55 146 -3.27774
56 146 -3.18784
57 146 -3.09822
58 146 -3.00827
59 146 -2.91954
60 146 -2.83078
61 146 -2.7426
62 146 -2.65518
63 146 -2.56789
64 146 -2.48237
65 146 -2.39775
66 146 -2.31341
67 146 -2.23056
68 146 -2.14828
69 146 -2.06656
70 146 -1.98661
71 146 -1.90739
72 146 -1.82879
73 146 -1.75324
74 146 -1.67853
75 146 -1.60418
76 146 -1.53171
77 146 -1.46032
78 146 -1.38926
79 146 -1.31983
80 146 -1.25256
81 146 -1.18705
82 146 -1.12445
83 146 -1.06321
84 146 -1.00413
85 146 -0.946249
86 146 -0.889582
87 146 -0.835513
88 146 -0.783256
89 146 -0.732971
90 146 -0.687004
91 146 -0.6435
92 146 -0.60102
93 146 -0.560237
94 146 -0.520824
95 146 -0.362685
96 146 -0.0693351
97 146 0.200068
98 146 0.500726
99 146 0.811141
100 146 1.12527
101 146 1.44061
102 146 1.75708
103 146 2.0742
104 146 2.392
105 146 2.70967
106 146 3.02813
107 146 3.34732
108 146 3.66752
109 146 3.98875
110 146 4.31017
111 146 4.63263
112 146 4.95566
113 146 5.27962
114 146 5.60342
115 146 5.92824
116 146 6.2541
117 146 6.58085
118 146 6.90801
119 146 7.23617
120 146 7.5655
121 146 7.89609
122 146 7.53791
123 146 7.17851
124 146 6.81985
125 146 6.46249
126 146 6.10653
127 146 5.75141
128 146 5.39739
129 146 5.04493
130 146 4.6933
131 146 4.34327
132 146 3.99485
133 146 3.64743
134 146 3.30166
135 146 2.95759
136 146 2.61453
137 146 2.27309
138 146 1.93348
139 146 1.59561
140 146 1.26056
141 146 0.929915
142 146 0.60613
143 146 0.294474
144 146 -0.000184276
145 146 -0.308221
146 146 -0.622675
147 146 -0.60811
148 146 -0.588236
149 146 -0.561055
150 146 -0.532113
151 146 -0.506278
152 146 -0.484018
153 146 -0.466151
154 146 -0.452571
155 146 -0.444092
156 146 -0.441156
157 146 -0.441712
158 146 -0.445474
159 146 -0.452264
160 146 -0.461138
161 146 -0.475133
162 146 -0.491366
163 146 -0.509574
164 146 -0.53028
165 146 -0.552795
166 146 -0.579667
167 146 -0.607952
168 146 -0.637675
169 146 -0.668819
170 146 -0.700571
171 146 -0.736155
172 146 -0.772691
173 146 -0.810331
174 146 -0.848769
175 146 -0.888373
176 146 -0.931338
177 146 -0.97504
178 146 -1.01956
179 146 -1.0649
180 146 -1.11078
181 146 -1.15986
182 146 -1.21001
183 146 -1.2611
184 146 -1.31305
185 146 -1.36551
186 146 -1.42092
187 146 -1.47688
188 146 -1.5331
189 146 -1.58946
190 146 -1.6457
191 146 -1.70441
192 146 -1.76343
193 146 -1.82289
194 146 -1.88307
195 146 -1.94358
196 146 -2.00695
197 146 -2.07168
198 146 -2.13888
199 146 -2.20751
200 146 -2.27528
201 146 -2.34134
202 146 -2.40713
203 146 -2.47542
204 146 -2.54329
205 146 -2.6062
206 146 -2.66572
207 146 -2.73934
208 146 -2.81518
209 146 -2.87808
210 146 -2.91782
211 146 -3.00795
212 146 -3.10832
213 146 -3.18237
214 146 -3.13007
215 146 -3.27812
216 146 -3.43051
217 146 -3.59017
218 146 -3.77455
219 146 -4.0675
220 146 -4.28712
221 146 -4.49168
222 146 -4.71044
223 146 -4.9492
224 146 -9.35257
225 146 -9.35257
226 146 -9.35257
227 146 -9.35257
228 146 -9.35257
229 146 -9.35257
230 146 -9.35257
231 146 -9.35257
232 146 -9.35257
233 146 -9.35257
234 146 -9.35257
235 146 -9.35257
236 146 -9.35257
237 146 -9.35257
238 146 -9.35257
239 146 -9.35257
0 147 -9.35257
1 147 -9.35257
2 147 -9.35257
3 147 -9.35257
4 147 -9.35257
5 147 -9.35257
6 147 -9.35257
7 147 -9.35257
8 147 -9.35257
9 147 -9.35257
10 147 -9.35257
11 147 -9.35257
12 147 -9.35257
13 147 -9.35257
14 147 -9.35257
15 147 -9.35257
16 147 -9.35257
17 147 -8.77642
18 147 -8.50361
19 147 -8.2212
20 147 -7.97269
21 147 -7.73811
22 147 -7.48804
23 147 -7.14529
24 147 -6.92948
25 147 -6.74597
26 147 -6.58913
27 147 -6.51649
28 147 -6.4256
29 147 -6.29742
30 147 -6.17368
31 147 -6.07366
32 147 -5.97263
33 147 -5.86237
34 147 -5.75161
35 147 -5.64702
36 147 -5.54422
37 147 -5.43912
38 147 -5.33387
39 147 -5.23245
40 147 -5.1317
41 147 -5.03117
42 147 -4.93082
43 147 -4.83109
44 147 -4.73271
45 147 -4.6345
46 147 -4.53635
47 147 -4.44006
48 147 -4.34472
49 147 -4.24948
50 147 -4.15545
51 147 -4.06176
52 147 -3.96798
53 147 -3.87539
54 147 -3.78314
55 147 -3.69067
56 147 -3.60051
57 147 -3.5103
58 147 -3.4209
59 147 -3.33176
60 147 -3.24266
61 147 -3.15467
62 147 -3.06693
63 147 -2.97937
64 147 -2.89306
65 147 -2.80794
66 147 -2.72354
67 147 -2.6407
68 147 -2.55855
69 147 -2.47673
70 147 -2.39668
71 147 -2.31751
72 147 -2.23865
73 147 -2.16237
74 147 -2.08703
75 147 -2.01327
76 147 -1.94043
77 147 -1.86837
78 147 -1.79788
79 147 -1.72839
80 147 -1.66049
81 147 -1.59451
82 147 -1.53134
83 147 -1.46994
84 147 -1.41091
85 147 -1.35329
86 147 -1.29682
87 147 -1.24319
88 147 -1.1919
89 147 -1.14303
90 147 -1.09915
91 147 -1.06063
92 147 -1.02296
93 147 -0.986414
94 147 -0.827384
95 147 -0.524339
96 147 -0.22625
97 147 0.0671758
98 147 0.369192
99 147 0.678126
100 147 0.991088
101 147 1.3066
102 147 1.62309
103 147 1.94064
104 147 2.25916
105 147 2.57842
106 147 2.89789
107 147 3.21813
108 147 3.53933
109 147 3.86149
110 147 4.18449
111 147 4.50749
112 147 4.83098
113 147 5.15552
114 147 5.4808
115 147 5.80637
116 147 6.13293
117 147 6.46037
118 147 6.78887
119 147 7.11772
120 147 7.44769
121 147 7.77887
122 147 7.42119
123 147 7.06224
124 147 6.70401
125 147 6.34695
126 147 5.9912
127 147 5.63616
128 147 5.28243
129 147 4.9302
130 147 4.57841
131 147 4.22823
132 147 3.87957
133 147 3.53186
134 147 3.18575
135 147 2.84136
136 147 2.49798
137 147 2.15632
138 147 1.8166
139 147 1.47881
140 147 1.14398
141 147 0.813145
142 147 0.488271
143 147 0.170297
144 147 -0.141134
145 147 -0.453924
146 147 -0.768477
147 147 -1.07983
148 147 -1.05381
149 147 -1.01133
150 147 -0.967579
151 147 -0.929977
152 147 -0.899208
153 147 -0.87539
154 147 -0.857371
155 147 -0.845877
156 147 -0.840442
157 147 -0.839056
158 147 -0.841206
159 147 -0.846285
160 147 -0.85503
161 147 -0.867901
162 147 -0.8836
163 147 -0.901565
164 147 -0.921835
165 147 -0.944781
166 147 -0.970988
167 147 -0.998769
168 147 -1.02796
169 147 -1.05825
170 147 -1.09064
171 147 -1.12574
172 147 -1.16194
173 147 -1.19911
174 147 -1.23695
175 147 -1.27662
176 147 -1.31902
177 147 -1.3626
178 147 -1.40709
179 147 -1.4526
180 147 -1.49853
181 147 -1.54734
182 147 -1.59735
183 147 -1.64827
184 147 -1.70015
185 147 -1.75232
186 147 -1.80713
187 147 -1.86274
188 147 -1.91875
189 147 -1.97519
190 147 -2.03147
191 147 -2.09005
192 147 -2.14928
193 147 -2.20902
194 147 -2.26951
195 147 -2.33022
196 147 -2.39368
197 147 -2.45844
198 147 -2.52448
199 147 -2.59135
200 147 -2.65747
201 147 -2.72429
202 147 -2.79097
203 147 -2.85799
204 147 -2.92438
205 147 -2.98883
206 147 -3.0543
207 147 -3.12363
208 147 -3.19334
209 147 -3.25867
210 147 -3.32022
211 147 -3.39623
212 147 -3.47635
213 147 -3.54415
214 147 -3.58985
215 147 -3.68755
216 147 -3.80239
217 147 -3.91525
218 147 -3.9971
219 147 -3.95129
220 147 -4.10665
221 147 -4.27203
222 147 -4.46409
223 147 -4.76519
224 147 -5.00314
225 147 -9.35257
226 147 -9.35257
227 147 -9.35257
228 147 -9.35257
229 147 -9.35257
230 147 -9.35257
231 147 -9.35257
232 147 -9.35257
233 147 -9.35257
234 147 -9.35257
235 147 -9.35257
236 147 -9.35257
237 147 -9.35257
238 147 -9.35257
239 147 -9.35257
0 148 -9.35257
1 148 -9.35257
2 148 -9.35257
3 148 -9.35257
4 148 -9.35257
5 148 -9.35257
6 148 -9.35257
7 148 -9.35257
8 148 -9.35257
9 148 -9.35257
10 148 -9.35257
11 148 -9.35257
12 148 -9.35257
13 148 -9.35257
14 148 -9.35257
15 148 -9.35257
16 148 -8.91074
17 148 -8.66397
18 148 -8.40564
19 148 -8.05512
20 148 -7.83178
21 148 -7.64153
22 148 -7.47826
23 148 -7.39914
24 148 -7.30472
25 148 -7.17344
26 148 -7.04532
27 148 -6.94117
28 148 -6.83584
29 148 -6.72016
30 148 -6.60592
31 148 -6.49854
32 148 -6.39198
33 148 -6.28362
34 148 -6.17561
35 148 -6.06908
36 148 -5.96424
37 148 -5.85911
38 148 -5.75466
39 148 -5.65231
40 148 -5.55004
41 148 -5.44951
42 148 -5.34918
43 148 -5.24915
44 148 -5.15045
45 148 -5.05194
46 148 -4.95358
47 148 -4.85655
48 148 -4.761
49 148 -4.66542
50 148 -4.57094
51 148 -4.47645
52 148 -4.38217
53 148 -4.28907
54 148 -4.19622
55 148 -4.10418
56 148 -4.01323
57 148 -3.9227
58 148 -3.83328
59 148 -3.74392
60 148 -3.65459
61 148 -3.56647
62 148 -3.47851
63 148 -3.39073
64 148 -3.30433
65 148 -3.21901
66 148 -3.13436
67 148 -3.05124
68 148 -2.96846
69 148 -2.88631
70 148 -2.80586
71 148 -2.72617
72 148 -2.64789
73 148 -2.57056
74 148 -2.49514
75 148 -2.42143
76 148 -2.3484
77 148 -2.27602
78 148 -2.20551
79 148 -2.13639
80 148 -2.06872
81 148 -2.0031
82 148 -1.93896
83 148 -1.8766
84 148 -1.81736
85 148 -1.75918
86 148 -1.70245
87 148 -1.64853
88 148 -1.59691
89 148 -1.54935
90 148 -1.5077
91 148 -1.47573
92 148 -1.445
93 148 -1.29027
94 148 -0.985603
95 148 -0.681178
96 148 -0.378503
97 148 -0.0758383
98 148 0.230743
99 148 0.540935
100 148 0.854357
101 148 1.17023
102 148 1.48791
103 148 1.80611
104 148 2.12543
105 148 2.44559
106 148 2.7667
107 148 3.08798
108 148 3.41016
109 148 3.73325
110 148 4.05682
111 148 4.38098
112 148 4.70526
113 148 5.0305
114 148 5.35652
115 148 5.68349
116 148 6.01074
117 148 6.3388
118 148 6.66785
119 148 6.99764
120 148 7.32868
121 148 7.66049
122 148 7.30325
123 148 6.94464
124 148 6.58654
125 148 6.22964
126 148 5.87405
127 148 5.51913
128 148 5.16551
129 148 4.81327
130 148 4.46189
131 148 4.11167
132 148 3.76275
133 148 3.41469
134 148 3.06812
135 148 2.72306
136 148 2.37923
137 148 2.03712
138 148 1.69671
139 148 1.35884
140 148 1.02342
141 148 0.691412
142 148 0.363514
143 148 0.0395753
144 148 -0.280724
145 148 -0.599888
146 148 -0.918411
147 148 -1.23285
148 148 -1.53565
149 148 -1.46543
150 148 -1.39967
151 148 -1.34794
152 148 -1.30854
153 148 -1.27883
154 148 -1.2571
155 148 -1.24329
156 148 -1.23568
157 148 -1.23286
158 148 -1.23401
159 148 -1.23811
160 148 -1.24647
161 148 -1.25889
162 148 -1.27462
163 148 -1.29254
164 148 -1.31221
165 148 -1.33517
166 148 -1.36074
167 148 -1.38817
168 148 -1.41716
169 148 -1.44708
170 148 -1.47965
171 148 -1.51424
172 148 -1.5502
173 148 -1.58724
174 148 -1.62481
175 148 -1.66466
176 148 -1.70553
177 148 -1.74923
178 148 -1.79361
179 148 -1.83856
180 148 -1.88548
181 148 -1.93362
182 148 -1.98379
183 148 -2.03448
184 148 -2.08563
185 148 -2.1386
186 148 -2.19255
187 148 -2.2482
188 148 -2.30396
189 148 -2.35977
190 148 -2.41705
191 148 -2.47505
192 148 -2.53463
193 148 -2.59439
194 148 -2.65441
195 148 -2.71621
196 148 -2.7791
197 148 -2.84394
198 148 -2.90923
199 148 -2.97463
200 148 -3.04107
201 148 -3.10737
202 148 -3.17449
203 148 -3.24119
204 148 -3.3074
205 148 -3.37254
206 148 -3.43904
207 148 -3.50754
208 148 -3.57586
209 148 -3.64304
210 148 -3.70977
211 148 -3.782
212 148 -3.85671
213 148 -3.92802
214 148 -3.99763
215 148 -4.08339
216 148 -4.17876
217 148 -4.27135
218 148 -4.34731
219 148 -4.39773
220 148 -4.49725
221 148 -4.60597
222 148 -4.68813
223 148 -4.64597
224 148 -4.82004
225 148 -5.06031
226 148 -9.35257
227 148 -9.35257
228 148 -9.35257
229 148 -9.35257
230 148 -9.35257
231 148 -9.35257
232 148 -9.35257
233 148 -9.35257
234 148 -9.35257
235 148 -9.35257
236 148 -9.35257
237 148 -9.35257
238 148 -9.35257
239 148 -9.35257
0 149 -9.35257
1 149 -9.35257
2 149 -9.35257
3 149 -9.35257
4 149 -9.35257
5 149 -9.35257
6 149 -9.35257
7 149 -9.35257
8 149 -9.35257
9 149 -9.35257
10 149 -9.35257
11 149 -9.35257
12 149 -9.35257
13 149 -9.35257
14 149 -9.35257
15 149 -9.06122
16 149 -8.78763
17 149 -8.57637
18 149 -8.39986
19 149 -8.31161
20 149 -8.20869
21 149 -8.07017
22 149 -7.93584
23 149 -7.82588
24 149 -7.71682
25 149 -7.59777
26 149 -7.47856
27 149 -7.36701
28 149 -7.25645
29 149 -7.14336
30 149 -7.03129
31 149 -6.92261
32 149 -6.81416
33 149 -6.70614
34 149 -6.59814
35 149 -6.49158
36 149 -6.38561
37 149 -6.27947
38 149 -6.17513
39 149 -6.07209
40 149 -5.96967
41 149 -5.86852
42 149 -5.76723
43 149 -5.66697
44 149 -5.56801
45 149 -5.46922
46 149 -5.37057
47 149 -5.27333
48 149 -5.17731
49 149 -5.08134
50 149 -4.98645
51 149 -4.89143
52 149 -4.79738
53 149 -4.70358
54 149 -4.60962
55 149 -4.51742
56 149 -4.42552
57 149 -4.3351
58 149 -4.24561
59 149 -4.15605
60 149 -4.06644
61 149 -3.9781
62 149 -3.88991
63 149 -3.80186
64 149 -3.71534
65 149 -3.62941
66 149 -3.54479
67 149 -3.46142
68 149 -3.37823
69 149 -3.29644
70 149 -3.21535
71 149 -3.13459
72 149 -3.05618
73 149 -2.9786
74 149 -2.90272
75 149 -2.82891
76 149 -2.75571
77 149 -2.68299
78 149 -2.61276
79 149 -2.54412
80 149 -2.47609
81 149 -2.41022
82 149 -2.34538
83 149 -2.28334
84 149 -2.22277
85 149 -2.16402
86 149 -2.10758
87 149 -2.05268
88 149 -1.99908
89 149 -1.94977
90 149 -1.90731
91 149 -1.89083
92 149 -1.74799
93 149 -1.44913
94 149 -1.14498
95 149 -0.838099
96 149 -0.530745
97 149 -0.222912
98 149 0.0872936
99 149 0.400367
100 149 0.71517
101 149 1.03207
102 149 1.35065
103 149 1.67045
104 149 1.9907
105 149 2.31181
106 149 2.63382
107 149 2.95641
108 149 3.2801
109 149 3.60376
110 149 3.92783
111 149 4.25282
112 149 4.57857
113 149 4.90455
114 149 5.23129
115 149 5.55895
116 149 5.88755
117 149 6.21626
118 149 6.54591
119 149 6.87632
120 149 7.20753
121 149 7.54064
122 149 7.18376
123 149 6.82546
124 149 6.46765
125 149 6.111
126 149 5.75565
127 149 5.4008
128 149 5.0472
129 149 4.69488
130 149 4.34326
131 149 3.99288
132 149 3.644
133 149 3.29555
134 149 2.9485
135 149 2.60271
136 149 2.25877
137 149 1.91623
138 149 1.57528
139 149 1.23643
140 149 0.899433
141 149 0.565088
142 149 0.233724
143 149 -0.0952696
144 149 -0.421933
145 149 -0.747291
146 149 -1.07243
147 149 -1.39848
148 149 -1.73698
149 149 -1.91507
150 149 -1.81837
151 149 -1.75356
152 149 -1.70818
153 149 -1.67454
154 149 -1.65148
155 149 -1.63619
156 149 -1.62722
157 149 -1.6238
158 149 -1.62365
159 149 -1.62825
160 149 -1.63661
161 149 -1.64896
162 149 -1.66455
163 149 -1.68156
164 149 -1.70188
165 149 -1.72466
166 149 -1.74971
167 149 -1.77713
168 149 -1.80521
169 149 -1.83587
170 149 -1.86833
171 149 -1.90248
172 149 -1.93847
173 149 -1.97465
174 149 -2.013
175 149 -2.05277
176 149 -2.0939
177 149 -2.13721
178 149 -2.18064
179 149 -2.22521
180 149 -2.27232
181 149 -2.32061
182 149 -2.37082
183 149 -2.42132
184 149 -2.47194
185 149 -2.52499
186 149 -2.57902
187 149 -2.63465
188 149 -2.69022
189 149 -2.74554
190 149 -2.80299
191 149 -2.8612
192 149 -2.9209
193 149 -2.9806
194 149 -3.04021
195 149 -3.10223
196 149 -3.16529
197 149 -3.23009
198 149 -3.29498
199 149 -3.35956
200 149 -3.42591
201 149 -3.49235
202 149 -3.55955
203 149 -3.62596
204 149 -3.6913
205 149 -3.75761
206 149 -3.82447
207 149 -3.89275
208 149 -3.96062
209 149 -4.02763
210 149 -4.09656
211 149 -4.16798
212 149 -4.24159
213 149 -4.31468
214 149 -4.38904
215 149 -4.47237
216 149 -4.5606
217 149 -4.6471
218 149 -4.72417
219 149 -4.79486
220 149 -4.8814
221 149 -4.96913
222 149 -5.03758
223 149 -5.07144
224 149 -5.14672
225 149 -5.16764
226 149 -5.19963
227 149 -9.35257
228 149 -9.35257
229 149 -9.35257
230 149 -9.35257
231 149 -9.35257
232 149 -9.35257
233 149 -9.35257
234 149 -9.35257
235 149 -9.35257
236 149 -9.35257
237 149 -9.35257
238 149 -9.35257
239 149 -9.35257
0 150 -9.35257
1 150 -9.35257
2 150 -9.35257
3 150 -9.35257
4 150 -9.35257
5 150 -9.35257
6 150 -9.35257
7 150 -9.35257
8 150 -9.35257
9 150 -9.35257
10 150 -9.35257
11 150 -9.35257
12 150 -9.35257
13 150 -9.35257
14 150 -9.35257
15 150 -9.22544
16 150 -9.14783
17 150 -9.0022
18 150 -8.85623
19 150 -8.73943
20 150 -8.62327
21 150 -8.49657
22 150 -8.37014
23 150 -8.25275
24 150 -8.13891
25 150 -8.02225
26 150 -7.90517
27 150 -7.79187
28 150 -7.67958
29 150 -7.56659
30 150 -7.45506
31 150 -7.34539
32 150 -7.23694
33 150 -7.12865
34 150 -7.02026
35 150 -6.91351
36 150 -6.80713
37 150 -6.70074
38 150 -6.59622
39 150 -6.49233
40 150 -6.38909
41 150 -6.28769
42 150 -6.18623
43 150 -6.08455
44 150 -5.98539
45 150 -5.88637
46 150 -5.78724
47 150 -5.68973
48 150 -5.59248
49 150 -5.49729
50 150 -5.40208
51 150 -5.30653
52 150 -5.21234
53 150 -5.11825
54 150 -5.02398
55 150 -4.93144
56 150 -4.83919
57 150 -4.74771
58 150 -4.65801
59 150 -4.56823
60 150 -4.47816
61 150 -4.38959
62 150 -4.30115
63 150 -4.21262
64 150 -4.12577
65 150 -4.03914
66 150 -3.95513
67 150 -3.87144
68 150 -3.78775
69 150 -3.70586
70 150 -3.62451
71 150 -3.54346
72 150 -3.46473
73 150 -3.38682
74 150 -3.30942
75 150 -3.23577
76 150 -3.16254
77 150 -3.08969
78 150 -3.01961
79 150 -2.95006
80 150 -2.88252
81 150 -2.81629
82 150 -2.751
83 150 -2.68861
84 150 -2.62833
85 150 -2.56868
86 150 -2.51118
87 150 -2.45551
88 150 -2.39981
89 150 -2.34443
90 150 -2.28204
91 150 -2.19273
92 150 -1.91197
93 150 -1.61343
94 150 -1.30707
95 150 -0.997026
96 150 -0.685158
97 150 -0.372502
98 150 -0.0590231
99 150 0.256537
100 150 0.573883
101 150 0.892234
102 150 1.21204
103 150 1.53295
104 150 1.85496
105 150 2.17712
106 150 2.5002
107 150 2.82373
108 150 3.14807
109 150 3.47298
110 150 3.79792
111 150 4.12374
112 150 4.45027
113 150 4.77768
114 150 5.10512
115 150 5.43347
116 150 5.76273
117 150 6.09276
118 150 6.42306
119 150 6.75419
120 150 7.08636
121 150 7.41969
122 150 7.06321
123 150 6.70519
124 150 6.3476
125 150 5.99108
126 150 5.63564
127 150 5.28075
128 150 4.92713
129 150 4.57471
130 150 4.22292
131 150 3.87238
132 150 3.52325
133 150 3.175
134 150 2.82764
135 150 2.48152
136 150 2.1369
137 150 1.79326
138 150 1.45127
139 150 1.11111
140 150 0.77231
141 150 0.435571
142 150 0.100975
143 150 -0.232445
144 150 -0.564448
145 150 -0.895504
146 150 -1.22601
147 150 -1.55213
148 150 -1.85143
149 150 -1.98632
150 150 -9.35257
151 150 -9.35257
152 150 -9.35257
153 150 -9.35257
154 150 -9.35257
155 150 -9.35257
156 150 -9.35257
157 150 -9.35257
158 150 -9.35257
159 150 -9.35257
160 150 -9.35257
161 150 -9.35257
162 150 -9.35257
163 150 -9.35257
164 150 -9.35257
165 150 -9.35257
166 150 -9.35257
167 150 -9.35257
168 150 -9.35257
169 150 -9.35257
170 150 -9.35257
171 150 -9.35257
172 150 -9.35257
173 150 -9.35257
174 150 -9.35257
175 150 -9.35257
176 150 -9.35257
177 150 -9.35257
178 150 -9.35257
179 150 -9.35257
180 150 -9.35257
181 150 -9.35257
182 150 -9.35257
183 150 -9.35257
184 150 -9.35257
185 150 -9.35257
186 150 -9.35257
187 150 -9.35257
188 150 -9.35257
189 150 -9.35257
190 150 -9.35257
191 150 -9.35257
192 150 -9.35257
193 150 -9.35257
194 150 -9.35257
195 150 -9.35257
196 150 -9.35257
197 150 -9.35257
198 150 -9.35257
199 150 -9.35257
200 150 -9.35257
201 150 -9.35257
202 150 -9.35257
203 150 -9.35257
204 150 -9.35257
205 150 -9.35257
206 150 -9.35257
207 150 -9.35257
208 150 -9.35257
209 150 -9.35257
210 150 -9.35257
211 150 -9.35257
212 150 -9.35257
213 150 -9.35257
214 150 -9.35257
215 150 -9.35257
216 150 -9.35257
217 150 -9.35257
218 150 -9.35257
219 150 -9.35257
220 150 -9.35257
221 150 -9.35257
222 150 -9.35257
223 150 -9.35257
224 150 -9.35257
225 150 -9.35257
226 150 -9.35257
227 150 -9.35257
228 150 -9.35257
229 150 -9.35257
230 150 -9.35257
231 150 -9.35257
232 150 -9.35257
233 150 -9.35257
234 150 -9.35257
235 150 -9.35257
236 150 -9.35257
237 150 -9.35257
238 150 -9.35257
239 150 -9.35257
0 151 -9.35257
1 151 -9.35257
2 151 -9.35257
3 151 -9.35257
4 151 -9.35257
5 151 -9.35257
6 151 -9.35257
7 151 -9.35257
8 151 -9.35257
9 151 -9.35257
10 151 -9.35257
11 151 -9.35257
12 151 -9.35257
13 151 -9.35257
14 151 -9.35257
15 151 -9.35257
16 151 -9.35257
17 151 -9.35257
18 151 -9.35257
19 151 -9.35257
20 151 -9.35257
21 151 -9.35257
22 151 -9.35257
23 151 -9.35257
24 151 -9.35257
25 151 -9.35257
26 151 -9.35257
27 151 -9.35257
28 151 -9.35257
29 151 -9.35257
30 151 -9.35257
31 151 -9.35257
32 151 -9.35257
33 151 -9.35257
34 151 -9.35257
35 151 -9.35257
36 151 -9.35257
37 151 -9.35257
38 151 -9.35257
39 151 -9.35257
40 151 -9.35257
41 151 -9.35257
42 151 -9.35257
43 151 -9.35257
44 151 -9.35257
45 151 -9.35257
46 151 -9.35257
47 151 -9.35257
48 151 -9.35257
49 151 -9.35257
50 151 -9.35257
51 151 -9.35257
52 151 -9.35257
53 151 -9.35257
54 151 -9.35257
55 151 -9.35257
56 151 -9.35257
57 151 -9.35257
58 151 -9.35257
59 151 -9.35257
60 151 -9.35257
61 151 -9.35257
62 151 -9.35257
63 151 -9.35257
64 151 -9.35257
65 151 -9.35257
66 151 -9.35257
67 151 -9.35257
68 151 -9.35257
69 151 -9.35257
70 151 -9.35257
71 151 -9.35257
72 151 -9.35257
73 151 -9.35257
74 151 -9.35257
75 151 -9.35257
76 151 -9.35257
77 151 -9.35257
78 151 -9.35257
79 151 -9.35257
80 151 -9.35257
81 151 -9.35257
82 151 -9.35257
83 151 -9.35257
84 151 -9.35257
85 151 -9.35257
86 151 -9.35257
87 151 -9.35257
88 151 -9.35257
89 151 -9.35257
90 151 -9.35257
91 151 -2.39371
92 151 -2.09513
93 151 -1.78569
94 151 -1.47285
95 151 -1.15791
96 151 -0.841751
97 151 -0.524277
98 151 -0.207421
99 151 0.110775
100 151 0.430203
101 151 0.750937
102 151 1.07217
103 151 1.39436
104 151 1.71754
105 151 2.04151
106 151 2.36537
107 151 2.68962
108 151 3.01476
109 151 3.34063
110 151 3.66714
111 151 3.99378
112 151 4.32108
113 151 4.64923
114 151 4.97806
115 151 5.30708
116 151 5.63697
117 151 5.96761
118 151 6.29921
119 151 6.63102
120 151 6.96384
121 151 7.29762
122 151 6.94127
123 151 6.5834
124 151 6.22599
125 151 5.86961
126 151 5.51427
127 151 5.15945
128 151 4.80585
129 151 4.4533
130 151 4.10134
131 151 3.75048
132 151 3.40055
133 151 3.05213
134 151 2.7046
135 151 2.35835
136 151 2.01298
137 151 1.66844
138 151 1.32543
139 151 0.983818
140 151 0.64313
141 151 0.303911
142 151 -0.0340248
143 151 -0.371523
144 151 -0.708397
145 151 -1.04534
146 151 -1.3842
147 151 -1.73262
148 151 -1.90864
149 151 -2.07364
150 151 -9.35257
151 151 -9.35257
152 151 -9.35257
153 151 -9.35257
154 151 -9.35257
155 151 -9.35257
156 151 -9.35257
157 151 -9.35257
158 151 -9.35257
159 151 -9.35257
160 151 -9.35257
161 151 -9.35257
162 151 -9.35257
163 151 -9.35257
164 151 -9.35257
165 151 -9.35257
166 151 -9.35257
167 151 -9.35257
168 151 -9.35257
169 151 -9.35257
170 151 -9.35257
171 151 -9.35257
172 151 -9.35257
173 151 -9.35257
174 151 -9.35257
175 151 -9.35257
176 151 -9.35257
177 151 -9.35257
178 151 -9.35257
179 151 -9.35257
180 151 -9.35257
181 151 -9.35257
182 151 -9.35257
183 151 -9.35257
184 151 -9.35257
185 151 -9.35257
186 151 -9.35257
187 151 -9.35257
188 151 -9.35257
189 151 -9.35257
190 151 -9.35257
191 151 -9.35257
192 151 -9.35257
193 151 -9.35257
194 151 -9.35257
195 151 -9.35257
196 151 -9.35257
197 151 -9.35257
198 151 -9.35257
199 151 -9.35257
200 151 -9.35257
201 151 -9.35257
202 151 -9.35257
203 151 -9.35257
204 151 -9.35257
205 151 -9.35257
206 151 -9.35257
207 151 -9.35257
208 151 -9.35257
209 151 -9.35257
210 151 -9.35257
211 151 -9.35257
212 151 -9.35257
213 151 -9.35257
214 151 -9.35257
215 151 -9.35257
216 151 -9.35257
217 151 -9.35257
218 151 -9.35257
219 151 -9.35257
220 151 -9.35257
221 151 -9.35257
222 151 -9.35257
223 151 -9.35257
224 151 -9.35257
225 151 -9.35257
226 151 -9.35257
227 151 -9.35257
228 151 -9.35257
229 151 -9.35257
230 151 -9.35257
231 151 -9.35257
232 151 -9.35257
233 151 -9.35257
234 151 -9.35257
235 151 -9.35257
236 151 -9.35257
237 151 -9.35257
238 151 -9.35257
239 151 -9.35257
0 152 -9.35257
1 152 -9.35257
2 152 -9.35257
3 152 -9.35257
4 152 -9.35257
5 152 -9.35257
6 152 -9.35257
7 152 -9.35257
8 152 -9.35257
9 152 -9.35257
10 152 -9.35257
11 152 -9.35257
12 152 -9.35257
13 152 -9.35257
14 152 -9.35257
15 152 -9.35257
16 152 -9.35257
17 152 -9.35257
18 152 -9.35257
19 152 -9.35257
20 152 -9.35257
21 152 -9.35257
22 152 -9.35257
23 152 -9.35257
24 152 -9.35257
25 152 -9.35257
26 152 -9.35257
27 152 -9.35257
28 152 -9.35257
29 152 -9.35257
30 152 -9.35257
31 152 -9.35257
32 152 -9.35257
33 152 -9.35257
34 152 -9.35257
35 152 -9.35257
36 152 -9.35257
37 152 -9.35257
38 152 -9.35257
39 152 -9.35257
40 152 -9.35257
41 152 -9.35257
42 152 -9.35257
43 152 -9.35257
44 152 -9.35257
45 152 -9.35257
46 152 -9.35257
47 152 -9.35257
48 152 -9.35257
49 152 -9.35257
50 152 -9.35257
51 152 -9.35257
52 152 -9.35257
53 152 -9.35257
54 152 -9.35257
55 152 -9.35257
56 152 -9.35257
57 152 -9.35257
58 152 -9.35257
59 152 -9.35257
60 152 -9.35257
61 152 -9.35257
62 152 -9.35257
63 152 -9.35257
64 152 -9.35257
65 152 -9.35257
66 152 -9.35257
67 152 -9.35257
68 152 -9.35257
69 152 -9.35257
70 152 -9.35257
71 152 -9.35257
72 152 -9.35257
73 152 -9.35257
74 152 -9.35257
75 152 -9.35257
76 152 -9.35257
77 152 -9.35257
78 152 -9.35257
79 152 -9.35257
80 152 -9.35257
81 152 -9.35257
82 152 -9.35257
83 152 -9.35257
84 152 -9.35257
85 152 -9.35257
86 152 -9.35257
87 152 -9.35257
88 152 -9.35257
89 152 -9.35257
90 152 -9.35257
91 152 -9.35257
92 152 -2.28915
93 152 -1.96287
94 152 -1.64073
95 152 -1.32016
96 152 -0.999655
97 152 -0.678662
98 152 -0.357158
99 152 -0.0363623
100 152 0.285217
101 152 0.607749
102 152 0.931215
103 152 1.25476
104 152 1.57919
105 152 1.904
106 152 2.22929
107 152 2.55463
108 152 2.88071
109 152 3.20749
110 152 3.53485
111 152 3.86299
112 152 4.19106
113 152 4.51993
114 152 4.84945
115 152 5.1798
116 152 5.5103
117 152 5.84151
118 152 6.17359
119 152 6.50632
120 152 6.8402
121 152 7.17428
122 152 6.81817
123 152 6.46054
124 152 6.10337
125 152 5.74708
126 152 5.39179
127 152 5.03692
128 152 4.68304
129 152 4.33022
130 152 3.97818
131 152 3.62715
132 152 3.27714
133 152 2.92835
134 152 2.5803
135 152 2.23334
136 152 1.88761
137 152 1.54211
138 152 1.19771
139 152 0.854527
140 152 0.511996
141 152 0.170484
142 152 -0.170266
143 152 -0.511224
144 152 -0.852277
145 152 -1.19385
146 152 -1.53281
147 152 -1.8402
148 152 -1.97794
149 152 -9.35257
150 152 -9.35257
151 152 -9.35257
152 152 -9.35257
153 152 -9.35257
154 152 -9.35257
155 152 -9.35257
156 152 -9.35257
157 152 -9.35257
158 152 -9.35257
159 152 -9.35257
160 152 -9.35257
161 152 -9.35257
162 152 -9.35257
163 152 -9.35257
164 152 -9.35257
165 152 -9.35257
166 152 -9.35257
167 152 -9.35257
168 152 -9.35257
169 152 -9.35257
170 152 -9.35257
171 152 -9.35257
172 152 -9.35257
173 152 -9.35257
174 152 -9.35257
175 152 -9.35257
176 152 -9.35257
177 152 -9.35257
178 152 -9.35257
179 152 -9.35257
180 152 -9.35257
181 152 -9.35257
182 152 -9.35257
183 152 -9.35257
184 152 -9.35257
185 152 -9.35257
186 152 -9.35257
187 152 -9.35257
188 152 -9.35257
189 152 -9.35257
190 152 -9.35257
191 152 -9.35257
192 152 -9.35257
193 152 -9.35257
194 152 -9.35257
195 152 -9.35257
196 152 -9.35257
197 152 -9.35257
198 152 -9.35257
199 152 -9.35257
200 152 -9.35257
201 152 -9.35257
202 152 -9.35257
203 152 -9.35257
204 152 -9.35257
205 152 -9.35257
206 152 -9.35257
207 152 -9.35257
208 152 -9.35257
209 152 -9.35257
210 152 -9.35257
211 152 -9.35257
212 152 -9.35257
213 152 -9.35257
214 152 -9.35257
215 152 -9.35257
216 152 -9.35257
217 152 -9.35257
218 152 -9.35257
219 152 -9.35257
220 152 -9.35257
221 152 -9.35257
222 152 -9.35257
223 152 -9.35257
224 152 -9.35257
225 152 -9.35257
226 152 -9.35257
227 152 -9.35257
228 152 -9.35257
229 152 -9.35257
230 152 -9.35257
231 152 -9.35257
232 152 -9.35257
233 152 -9.35257
234 152 -9.35257
235 152 -9.35257
236 152 -9.35257
237 152 -9.35257
238 152 -9.35257
239 152 -9.35257
0 153 -9.35257
1 153 -9.35257
2 153 -9.35257
3 153 -9.35257
4 153 -9.35257
5 153 -9.35257
6 153 -9.35257
7 153 -9.35257
8 153 -9.35257
9 153 -9.35257
10 153 -9.35257
11 153 -9.35257
12 153 -9.35257
13 153 -9.35257
14 153 -9.35257
15 153 -9.35257
16 153 -9.35257
17 153 -9.35257
18 153 -9.35257
19 153 -9.35257
20 153 -9.35257
21 153 -9.35257
22 153 -9.35257
23 153 -9.35257
24 153 -9.35257
25 153 -9.35257
26 153 -9.35257
27 153 -9.35257
28 153 -9.35257
29 153 -9.35257
30 153 -9.35257
31 153 -9.35257
32 153 -9.35257
33 153 -9.35257
34 153 -9.35257
35 153 -9.35257
36 153 -9.35257
37 153 -9.35257
38 153 -9.35257
39 153 -9.35257
40 153 -9.35257
41 153 -9.35257
42 153 -9.35257
43 153 -9.35257
44 153 -9.35257
45 153 -9.35257
46 153 -9.35257
47 153 -9.35257
48 153 -9.35257
49 153 -9.35257
50 153 -9.35257
51 153 -9.35257
52 153 -9.35257
53 153 -9.35257
54 153 -9.35257
55 153 -9.35257
56 153 -9.35257
57 153 -9.35257
58 153 -9.35257
59 153 -9.35257
60 153 -9.35257
61 153 -9.35257
62 153 -9.35257
63 153 -9.35257
64 153 -9.35257
65 153 -9.35257
66 153 -9.35257
67 153 -9.35257
68 153 -9.35257
69 153 -9.35257
70 153 -9.35257
71 153 -9.35257
72 153 -9.35257
73 153 -9.35257
74 153 -9.35257
75 153 -9.35257
76 153 -9.35257
77 153 -9.35257
78 153 -9.35257
79 153 -9.35257
80 153 -9.35257
81 153 -9.35257
82 153 -9.35257
83 153 -9.35257
84 153 -9.35257
85 153 -9.35257
86 153 -9.35257
87 153 -9.35257
88 153 -9.35257
89 153 -9.35257
90 153 -9.35257
91 153 -9.35257
92 153 -2.46772
93 153 -2.13603
94 153 -1.80843
95 153 -1.4825
96 153 -1.15804
97 153 -0.833696
98 153 -0.509275
99 153 -0.184429
100 153 0.139279
101 153 0.463625
102 153 0.788638
103 153 1.11429
104 153 1.43968
105 153 1.76531
106 153 2.09162
107 153 2.41836
108 153 2.74596
109 153 3.0736
110 153 3.4018
111 153 3.73072
112 153 4.06023
113 153 4.38981
114 153 4.72
115 153 5.05098
116 153 5.38277
117 153 5.71453
118 153 6.04715
119 153 6.38049
120 153 6.71481
121 153 7.05
122 153 6.6941
123 153 6.33662
124 153 5.97939
125 153 5.62307
126 153 5.2678
127 153 4.91292
128 153 4.55895
129 153 4.20577
130 153 3.85401
131 153 3.50281
132 153 3.15252
133 153 2.80325
134 153 2.4544
135 153 2.10663
136 153 1.75999
137 153 1.41372
138 153 1.06857
139 153 0.723988
140 153 0.379844
141 153 0.0362954
142 153 -0.306889
143 153 -0.650829
144 153 -0.996124
145 153 -1.34605
146 153 -1.71347
147 153 -1.89539
148 153 -2.06273
149 153 -9.35257
150 153 -9.35257
151 153 -9.35257
152 153 -9.35257
153 153 -9.35257
154 153 -9.35257
155 153 -9.35257
156 153 -9.35257
157 153 -9.35257
158 153 -9.35257
159 153 -9.35257
160 153 -9.35257
161 153 -9.35257
162 153 -9.35257
163 153 -9.35257
164 153 -9.35257
165 153 -9.35257
166 153 -9.35257
167 153 -9.35257
168 153 -9.35257
169 153 -9.35257
170 153 -9.35257
171 153 -9.35257
172 153 -9.35257
173 153 -9.35257
174 153 -9.35257
175 153 -9.35257
176 153 -9.35257
177 153 -9.35257
178 153 -9.35257
179 153 -9.35257
180 153 -9.35257
181 153 -9.35257
182 153 -9.35257
183 153 -9.35257
184 153 -9.35257
185 153 -9.35257
186 153 -9.35257
187 153 -9.35257
188 153 -9.35257
189 153 -9.35257
190 153 -9.35257
191 153 -9.35257
192 153 -9.35257
193 153 -9.35257
194 153 -9.35257
195 153 -9.35257
196 153 -9.35257
197 153 -9.35257
198 153 -9.35257
199 153 -9.35257
200 153 -9.35257
201 153 -9.35257
202 153 -9.35257
203 153 -9.35257
204 153 -9.35257
205 153 -9.35257
206 153 -9.35257
207 153 -9.35257
208 153 -9.35257
209 153 -9.35257
210 153 -9.35257
211 153 -9.35257
212 153 -9.35257
213 153 -9.35257
214 153 -9.35257
215 153 -9.35257
216 153 -9.35257
217 153 -9.35257
218 153 -9.35257
219 153 -9.35257
220 153 -9.35257
221 153 -9.35257
222 153 -9.35257
223 153 -9.35257
224 153 -9.35257
225 153 -9.35257
226 153 -9.35257
227 153 -9.35257
228 153 -9.35257
229 153 -9.35257
230 153 -9.35257
231 153 -9.35257
232 153 -9.35257
233 153 -9.35257
234 153 -9.35257
235 153 -9.35257
236 153 -9.35257
237 153 -9.35257
238 153 -9.35257
239 153 -9.35257
0 154 -9.35257
1 154 -9.35257
2 154 -9.35257
3 154 -9.35257
4 154 -9.35257
5 154 -9.35257
6 154 -9.35257
7 154 -9.35257
8 154 -9.35257
9 154 -9.35257
10 154 -9.35257
11 154 -9.35257
12 154 -9.35257
13 154 -9.35257
14 154 -9.35257
15 154 -9.35257
16 154 -9.35257
17 154 -9.35257
18 154 -9.35257
19 154 -9.35257
20 154 -9.35257
21 154 -9.35257
22 154 -9.35257
23 154 -9.35257
24 154 -9.35257
25 154 -9.35257
26 154 -9.35257
27 154 -9.35257
28 154 -9.35257
29 154 -9.35257
30 154 -9.35257
31 154 -9.35257
32 154 -9.35257
33 154 -9.35257
34 154 -9.35257
35 154 -9.35257
36 154 -9.35257
37 154 -9.35257
38 154 -9.35257
39 154 -9.35257
40 154 -9.35257
41 154 -9.35257
42 154 -9.35257
43 154 -9.35257
44 154 -9.35257
45 154 -9.35257
46 154 -9.35257
47 154 -9.35257
48 154 -9.35257
49 154 -9.35257
50 154 -9.35257
51 154 -9.35257
52 154 -9.35257
53 154 -9.35257
54 154 -9.35257
55 154 -9.35257
56 154 -9.35257
57 154 -9.35257
58 154 -9.35257
59 154 -9.35257
60 154 -9.35257
61 154 -9.35257
62 154 -9.35257
63 154 -9.35257
64 154 -9.35257
65 154 -9.35257
66 154 -9.35257
67 154 -9.35257
68 154 -9.35257
69 154 -9.35257
70 154 -9.35257
71 154 -9.35257
72 154 -9.35257
73 154 -9.35257
74 154 -9.35257
75 154 -9.35257
76 154 -9.35257
77 154 -9.35257
78 154 -9.35257
79 154 -9.35257
80 154 -9.35257
81 154 -9.35257
82 154 -9.35257
83 154 -9.35257
84 154 -9.35257
85 154 -9.35257
86 154 -9.35257
87 154 -9.35257
88 154 -9.35257
89 154 -9.35257
90 154 -9.35257
91 154 -9.35257
92 154 -2.63627
93 154 -2.30525
94 154 -1.97445
95 154 -1.64488
96 154 -1.31633
97 154 -0.988941
98 154 -0.661817
99 154 -0.334588
100 154 -0.00729875
101 154 0.318836
102 154 0.64528
103 154 0.972051
104 154 1.2991
105 154 1.62592
106 154 1.95336
107 154 2.28125
108 154 2.60979
109 154 2.93899
110 154 3.26801
111 154 3.59772
112 154 3.92796
113 154 4.25892
114 154 4.58976
115 154 4.92135
116 154 5.25371
117 154 5.58671
118 154 5.91983
119 154 6.25365
120 154 6.58839
121 154 6.92389
122 154 6.56866
123 154 6.21138
124 154 5.85427
125 154 5.49803
126 154 5.14281
127 154 4.78801
128 154 4.43406
129 154 4.08094
130 154 3.72879
131 154 3.37708
132 154 3.02639
133 154 2.67663
134 154 2.32723
135 154 1.97879
136 154 1.6314
137 154 1.28421
138 154 0.937899
139 154 0.59242
140 154 0.24661
141 154 -0.0987436
142 154 -0.443834
143 154 -0.789568
144 154 -1.13555
145 154 -1.48137
146 154 -1.82791
147 154 -1.96517
148 154 -9.35257
149 154 -9.35257
150 154 -9.35257
151 154 -9.35257
152 154 -9.35257
153 154 -9.35257
154 154 -9.35257
155 154 -9.35257
156 154 -9.35257
157 154 -9.35257
158 154 -9.35257
159 154 -9.35257
160 154 -9.35257
161 154 -9.35257
162 154 -9.35257
163 154 -9.35257
164 154 -9.35257
165 154 -9.35257
166 154 -9.35257
167 154 -9.35257
168 154 -9.35257
169 154 -9.35257
170 154 -9.35257
171 154 -9.35257
172 154 -9.35257
173 154 -9.35257
174 154 -9.35257
175 154 -9.35257
176 154 -9.35257
177 154 -9.35257
178 154 -9.35257
179 154 -9.35257
180 154 -9.35257
181 154 -9.35257
182 154 -9.35257
183 154 -9.35257
184 154 -9.35257
185 154 -9.35257
186 154 -9.35257
187 154 -9.35257
188 154 -9.35257
189 154 -9.35257
190 154 -9.35257
191 154 -9.35257
192 154 -9.35257
193 154 -9.35257
194 154 -9.35257
195 154 -9.35257
196 154 -9.35257
197 154 -9.35257
198 154 -9.35257
199 154 -9.35257
200 154 -9.35257
201 154 -9.35257
202 154 -9.35257
203 154 -9.35257
204 154 -9.35257
205 154 -9.35257
206 154 -9.35257
207 154 -9.35257
208 154 -9.35257
209 154 -9.35257
210 154 -9.35257
211 154 -9.35257
212 154 -9.35257
213 154 -9.35257
214 154 -9.35257
215 154 -9.35257
216 154 -9.35257
217 154 -9.35257
218 154 -9.35257
219 154 -9.35257
220 154 -9.35257
221 154 -9.35257
222 154 -9.35257
223 154 -9.35257
224 154 -9.35257
225 154 -9.35257
226 154 -9.35257
227 154 -9.35257
228 154 -9.35257
229 154 -9.35257
230 154 -9.35257
231 154 -9.35257
232 154 -9.35257
233 154 -9.35257
234 154 -9.35257
235 154 -9.35257
236 154 -9.35257
237 154 -9.35257
238 154 -9.35257
239 154 -9.35257
0 155 -9.35257
1 155 -9.35257
2 155 -9.35257
3 155 -9.35257
4 155 -9.35257
5 155 -9.35257
6 155 -9.35257
7 155 -9.35257
8 155 -9.35257
9 155 -9.35257
10 155 -9.35257
11 155 -9.35257
12 155 -9.35257
13 155 -9.35257
14 155 -9.35257
15 155 -9.35257
16 155 -9.35257
17 155 -9.35257
18 155 -9.35257
19 155 -9.35257
20 155 -9.35257
21 155 -9.35257
22 155 -9.35257
23 155 -9.35257
24 155 -9.35257
25 155 -9.35257
26 155 -9.35257
27 155 -9.35257
28 155 -9.35257
29 155 -9.35257
30 155 -9.35257
31 155 -9.35257
32 155 -9.35257
33 155 -9.35257
34 155 -9.35257
35 155 -9.35257
36 155 -9.35257
37 155 -9.35257
38 155 -9.35257
39 155 -9.35257
40 155 -9.35257
41 155 -9.35257
42 155 -9.35257
43 155 -9.35257
44 155 -9.35257
45 155 -9.35257
46 155 -9.35257
47 155 -9.35257
48 155 -9.35257
49 155 -9.35257
50 155 -9.35257
51 155 -9.35257
52 155 -9.35257
53 155 -9.35257
54 155 -9.35257
55 155 -9.35257
56 155 -9.35257
57 155 -9.35257
58 155 -9.35257
59 155 -9.35257
60 155 -9.35257
61 155 -9.35257
62 155 -9.35257
63 155 -9.35257
64 155 -9.35257
65 155 -9.35257
66 155 -9.35257
67 155 -9.35257
68 155 -9.35257
69 155 -9.35257
70 155 -9.35257
71 155 -9.35257
72 155 -9.35257
73 155 -9.35257
74 155 -9.35257
75 155 -9.35257
76 155 -9.35257
77 155 -9.35257
78 155 -9.35257
79 155 -9.35257
80 155 -9.35257
81 155 -9.35257
82 155 -9.35257
83 155 -9.35257
84 155 -9.35257
85 155 -9.35257
86 155 -9.35257
87 155 -9.35257
88 155 -9.35257
89 155 -9.35257
90 155 -9.35257
91 155 -9.35257
92 155 -9.35257
93 155 -2.4744
94 155 -2.13925
95 155 -1.80638
96 155 -1.47486
97 155 -1.14406
98 155 -0.814463
99 155 -0.484947
100 155 -0.155342
101 155 0.173119
102 155 0.500831
103 155 0.82883
104 155 1.1572
105 155 1.4859
106 155 1.81452
107 155 2.14347
108 155 2.47295
109 155 2.80302
110 155 3.13355
111 155 3.46401
112 155 3.79497
113 155 4.1266
114 155 4.45877
115 155 4.79095
116 155 5.12386
117 155 5.45737
118 155 5.79166
119 155 6.12591
120 155 6.46103
121 155 6.79684
122 155 6.44181
123 155 6.0849
124 155 5.72828
125 155 5.37198
126 155 5.01631
127 155 4.66178
128 155 4.30785
129 155 3.95466
130 155 3.60233
131 155 3.25033
132 155 2.89931
133 155 2.54908
134 155 2.19908
135 155 1.84991
136 155 1.50153
137 155 1.15334
138 155 0.805911
139 155 0.459139
140 155 0.112256
141 155 -0.234046
142 155 -0.580727
143 155 -0.928062
144 155 -1.27513
145 155 -1.61703
146 155 -1.92344
147 155 -2.05661
148 155 -9.35257
149 155 -9.35257
150 155 -9.35257
151 155 -9.35257
152 155 -9.35257
153 155 -9.35257
154 155 -9.35257
155 155 -9.35257
156 155 -9.35257
157 155 -9.35257
158 155 -9.35257
159 155 -9.35257
160 155 -9.35257
161 155 -9.35257
162 155 -9.35257
163 155 -9.35257
164 155 -9.35257
165 155 -9.35257
166 155 -9.35257
167 155 -9.35257
168 155 -9.35257
169 155 -9.35257
170 155 -9.35257
171 155 -9.35257
172 155 -9.35257
173 155 -9.35257
174 155 -9.35257
175 155 -9.35257
176 155 -9.35257
177 155 -9.35257
178 155 -9.35257
179 155 -9.35257
180 155 -9.35257
181 155 -9.35257
182 155 -9.35257
183 155 -9.35257
184 155 -9.35257
185 155 -9.35257
186 155 -9.35257
187 155 -9.35257
188 155 -9.35257
189 155 -9.35257
190 155 -9.35257
191 155 -9.35257
192 155 -9.35257
193 155 -9.35257
194 155 -9.35257
195 155 -9.35257
196 155 -9.35257
197 155 -9.35257
198 155 -9.35257
199 155 -9.35257
200 155 -9.35257
201 155 -9.35257
202 155 -9.35257
203 155 -9.35257
204 155 -9.35257
205 155 -9.35257
206 155 -9.35257
207 155 -9.35257
208 155 -9.35257
209 155 -9.35257
210 155 -9.35257
211 155 -9.35257
212 155 -9.35257
213 155 -9.35257
214 155 -9.35257
215 155 -9.35257
216 155 -9.35257
217 155 -9.35257
218 155 -9.35257
219 155 -9.35257
220 155 -9.35257
221 155 -9.35257
222 155 -9.35257
223 155 -9.35257
224 155 -9.35257
225 155 -9.35257
226 155 -9.35257
227 155 -9.35257
228 155 -9.35257
229 155 -9.35257
230 155 -9.35257
231 155 -9.35257
232 155 -9.35257
233 155 -9.35257
234 155 -9.35257
235 155 -9.35257
236 155 -9.35257
237 155 -9.35257
238 155 -9.35257
239 155 -9.35257
0 156 -9.35257
1 156 -9.35257
2 156 -9.35257
3 156 -9.35257
4 156 -9.35257
5 156 -9.35257
6 156 -9.35257
7 156 -9.35257
8 156 -9.35257
9 156 -9.35257
10 156 -9.35257
11 156 -9.35257
12 156 -9.35257
13 156 -9.35257
14 156 -9.35257
15 156 -9.35257
16 156 -9.35257
17 156 -9.35257
18 156 -9.35257
19 156 -9.35257
20 156 -9.35257
21 156 -9.35257
22 156 -9.35257
23 156 -9.35257
24 156 -9.35257
25 156 -9.35257
26 156 -9.35257
27 156 -9.35257
28 156 -9.35257
29 156 -9.35257
30 156 -9.35257
31 156 -9.35257
32 156 -9.35257
33 156 -9.35257
34 156 -9.35257
35 156 -9.35257
36 156 -9.35257
37 156 -9.35257
38 156 -9.35257
39 156 -9.35257
40 156 -9.35257
41 156 -9.35257
42 156 -9.35257
43 156 -9.35257
44 156 -9.35257
45 156 -9.35257
46 156 -9.35257
47 156 -9.35257
48 156 -9.35257
49 156 -9.35257
50 156 -9.35257
51 156 -9.35257
52 156 -9.35257
53 156 -9.35257
54 156 -9.35257
55 156 -9.35257
56 156 -9.35257
57 156 -9.35257
58 156 -9.35257
59 156 -9.35257
60 156 -9.35257
61 156 -9.35257
62 156 -9.35257
63 156 -9.35257
64 156 -9.35257
65 156 -9.35257
66 156 -9.35257
67 156 -9.35257
68 156 -9.35257
69 156 -9.35257
70 156 -9.35257
71 156 -9.35257
72 156 -9.35257
73 156 -9.35257
74 156 -9.35257
75 156 -9.35257
76 156 -9.35257
77 156 -9.35257
78 156 -9.35257
79 156 -9.35257
80 156 -9.35257
81 156 -9.35257
82 156 -9.35257
83 156 -9.35257
84 156 -9.35257
85 156 -9.35257
86 156 -9.35257
87 156 -9.35257
88 156 -9.35257
89 156 -9.35257
90 156 -9.35257
91 156 -9.35257
92 156 -9.35257
93 156 -2.63763
94 156 -2.30177
95 156 -1.96666
96 156 -1.63266
97 156 -1.2995
98 156 -0.96703
99 156 -0.635535
100 156 -0.304562
101 156 0.026051
102 156 0.355948
103 156 0.685239
104 156 1.01482
105 156 1.34459
106 156 1.67465
107 156 2.00518
108 156 2.33553
109 156 2.66644
110 156 2.99775
111 156 3.32965
112 156 3.66131
113 156 3.99359
114 156 4.32637
115 156 4.65981
116 156 4.99325
117 156 5.32724
118 156 5.66197
119 156 5.9973
120 156 6.33282
121 156 6.66894
122 156 6.31387
123 156 5.95704
124 156 5.60054
125 156 5.24482
126 156 4.88947
127 156 4.53498
128 156 4.18088
129 156 3.82752
130 156 3.47494
131 156 3.12258
132 156 2.77099
133 156 2.42019
134 156 2.0696
135 156 1.71976
136 156 1.37065
137 156 1.0217
138 156 0.673269
139 156 0.325375
140 156 -0.0226797
141 156 -0.370419
142 156 -0.718045
143 156 -1.06731
144 156 -1.42037
145 156 -1.78897
146 156 -1.97313
147 156 -2.14252
148 156 -9.35257
149 156 -9.35257
150 156 -9.35257
151 156 -9.35257
152 156 -9.35257
153 156 -9.35257
154 156 -9.35257
155 156 -9.35257
156 156 -9.35257
157 156 -9.35257
158 156 -9.35257
159 156 -9.35257
160 156 -9.35257
161 156 -9.35257
162 156 -9.35257
163 156 -9.35257
164 156 -9.35257
165 156 -9.35257
166 156 -9.35257
167 156 -9.35257
168 156 -9.35257
169 156 -9.35257
170 156 -9.35257
171 156 -9.35257
172 156 -9.35257
173 156 -9.35257
174 156 -9.35257
175 156 -9.35257
176 156 -9.35257
177 156 -9.35257
178 156 -9.35257
179 156 -9.35257
180 156 -9.35257
181 156 -9.35257
182 156 -9.35257
183 156 -9.35257
184 156 -9.35257
185 156 -9.35257
186 156 -9.35257
187 156 -9.35257
188 156 -9.35257
189 156 -9.35257
190 156 -9.35257
191 156 -9.35257
192 156 -9.35257
193 156 -9.35257
194 156 -9.35257
195 156 -9.35257
196 156 -9.35257
197 156 -9.35257
198 156 -9.35257
199 156 -9.35257
200 156 -9.35257
201 156 -9.35257
202 156 -9.35257
203 156 -9.35257
204 156 -9.35257
205 156 -9.35257
206 156 -9.35257
207 156 -9.35257
208 156 -9.35257
209 156 -9.35257
210 156 -9.35257
211 156 -9.35257
212 156 -9.35257
213 156 -9.35257
214 156 -9.35257
215 156 -9.35257
216 156 -9.35257
217 156 -9.35257
218 156 -9.35257
219 156 -9.35257
220 156 -9.35257
221 156 -9.35257
222 156 -9.35257
223 156 -9.35257
224 156 -9.35257
225 156 -9.35257
226 156 -9.35257
227 156 -9.35257
228 156 -9.35257
229 156 -9.35257
230 156 -9.35257
231 156 -9.35257
232 156 -9.35257
233 156 -9.35257
234 156 -9.35257
235 156 -9.35257
236 156 -9.35257
237 156 -9.35257
238 156 -9.35257
239 156 -9.35257
0 157 -9.35257
1 157 -9.35257
2 157 -9.35257
3 157 -9.35257
4 157 -9.35257
5 157 -9.35257
6 157 -9.35257
7 157 -9.35257
8 157 -9.35257
9 157 -9.35257
10 157 -9.35257
11 157 -9.35257
12 157 -9.35257
13 157 -9.35257
14 157 -9.35257
15 157 -9.35257
16 157 -9.35257
17 157 -9.35257
18 157 -9.35257
19 157 -9.35257
20 157 -9.35257
21 157 -9.35257
22 157 -9.35257
23 157 -9.35257
24 157 -9.35257
25 157 -9.35257
26 157 -9.35257
27 157 -9.35257
28 157 -9.35257
29 157 -9.35257
30 157 -9.35257
31 157 -9.35257
32 157 -9.35257
33 157 -9.35257
34 157 -9.35257
35 157 -9.35257
36 157 -9.35257
37 157 -9.35257
38 157 -9.35257
39 157 -9.35257
40 157 -9.35257
41 157 -9.35257
42 157 -9.35257
43 157 -9.35257
44 157 -9.35257
45 157 -9.35257
46 157 -9.35257
47 157 -9.35257
48 157 -9.35257
49 157 -9.35257
50 157 -9.35257
51 157 -9.35257
52 157 -9.35257
53 157 -9.35257
54 157 -9.35257
55 157 -9.35257
56 157 -9.35257
57 157 -9.35257
58 157 -9.35257
59 157 -9.35257
60 157 -9.35257
61 157 -9.35257
62 157 -9.35257
63 157 -9.35257
64 157 -9.35257
65 157 -9.35257
66 157 -9.35257
67 157 -9.35257
68 157 -9.35257
69 157 -9.35257
70 157 -9.35257
71 157 -9.35257
72 157 -9.35257
73 157 -9.35257
74 157 -9.35257
75 157 -9.35257
76 157 -9.35257
77 157 -9.35257
78 157 -9.35257
79 157 -9.35257
80 157 -9.35257
81 157 -9.35257
82 157 -9.35257
83 157 -9.35257
84 157 -9.35257
85 157 -9.35257
86 157 -9.35257
87 157 -9.35257
88 157 -9.35257
89 157 -9.35257
90 157 -9.35257
91 157 -9.35257
92 157 -9.35257
93 157 -9.35257
94 157 -2.46496
95 157 -2.12598
96 157 -1.78961
97 157 -1.45441
98 157 -1.12002
99 157 -0.78636
100 157 -0.454128
101 157 -0.122004
102 157 0.210129
103 157 0.541361
104 157 0.872092
105 157 1.20298
106 157 1.53418
107 157 1.86565
108 157 2.19757
109 157 2.52929
110 157 2.86137
111 157 3.19399
112 157 3.52702
113 157 3.85994
114 157 4.1933
115 157 4.52729
116 157 4.86193
117 157 5.19638
118 157 5.5315
119 157 5.86713
120 157 6.20331
121 157 6.54008
122 157 6.185
123 157 5.82825
124 157 5.47199
125 157 5.11635
126 157 4.76131
127 157 4.40716
128 157 4.05272
129 157 3.6991
130 157 3.34626
131 157 2.99358
132 157 2.64164
133 157 2.29051
134 157 1.93938
135 157 1.58889
136 157 1.23901
137 157 0.88905
138 157 0.539603
139 157 0.190689
140 157 -0.15842
141 157 -0.507116
142 157 -0.855278
143 157 -1.20323
144 157 -1.55007
145 157 -1.89733
146 157 -2.03758
147 157 -9.35257
148 157 -9.35257
149 157 -9.35257
150 157 -9.35257
151 157 -9.35257
152 157 -9.35257
153 157 -9.35257
154 157 -9.35257
155 157 -9.35257
156 157 -9.35257
157 157 -9.35257
158 157 -9.35257
159 157 -9.35257
160 157 -9.35257
161 157 -9.35257
162 157 -9.35257
163 157 -9.35257
164 157 -9.35257
165 157 -9.35257
166 157 -9.35257
167 157 -9.35257
168 157 -9.35257
169 157 -9.35257
170 157 -9.35257
171 157 -9.35257
172 157 -9.35257
173 157 -9.35257
174 157 -9.35257
175 157 -9.35257
176 157 -9.35257
177 157 -9.35257
178 157 -9.35257
179 157 -9.35257
180 157 -9.35257
181 157 -9.35257
182 157 -9.35257
183 157 -9.35257
184 157 -9.35257
185 157 -9.35257
186 157 -9.35257
187 157 -9.35257
188 157 -9.35257
189 157 -9.35257
190 157 -9.35257
191 157 -9.35257
192 157 -9.35257
193 157 -9.35257
194 157 -9.35257
195 157 -9.35257
196 157 -9.35257
197 157 -9.35257
198 157 -9.35257
199 157 -9.35257
200 157 -9.35257
201 157 -9.35257
202 157 -9.35257
203 157 -9.35257
204 157 -9.35257
205 157 -9.35257
206 157 -9.35257
207 157 -9.35257
208 157 -9.35257
209 157 -9.35257
210 157 -9.35257
211 157 -9.35257
212 157 -9.35257
213 157 -9.35257
214 157 -9.35257
215 157 -9.35257
216 157 -9.35257
217 157 -9.35257
218 157 -9.35257
219 157 -9.35257
220 157 -9.35257
221 157 -9.35257
222 157 -9.35257
223 157 -9.35257
224 157 -9.35257
225 157 -9.35257
226 157 -9.35257
227 157 -9.35257
228 157 -9.35257
229 157 -9.35257
230 157 -9.35257
231 157 -9.35257
232 157 -9.35257
233 157 -9.35257
234 157 -9.35257
235 157 -9.35257
236 157 -9.35257
237 157 -9.35257
238 157 -9.35257
239 157 -9.35257
0 158 -9.35257
1 158 -9.35257
2 158 -9.35257
3 158 -9.35257
4 158 -9.35257
5 158 -9.35257
6 158 -9.35257
7 158 -9.35257
8 158 -9.35257
9 158 -9.35257
10 158 -9.35257
11 158 -9.35257
12 158 -9.35257
13 158 -9.35257
14 158 -9.35257
15 158 -9.35257
16 158 -9.35257
17 158 -9.35257
18 158 -9.35257
19 158 -9.35257
20 158 -9.35257
21 158 -9.35257
22 158 -9.35257
23 158 -9.35257
24 158 -9.35257
25 158 -9.35257
26 158 -9.35257
27 158 -9.35257
28 158 -9.35257
29 158 -9.35257
30 158 -9.35257
31 158 -9.35257
32 158 -9.35257
33 158 -9.35257
34 158 -9.35257
35 158 -9.35257
36 158 -9.35257
37 158 -9.35257
38 158 -9.35257
39 158 -9.35257
40 158 -9.35257
41 158 -9.35257
42 158 -9.35257
43 158 -9.35257
44 158 -9.35257
45 158 -9.35257
46 158 -9.35257
47 158 -9.35257
48 158 -9.35257
49 158 -9.35257
50 158 -9.35257
51 158 -9.35257
52 158 -9.35257
53 158 -9.35257
54 158 -9.35257
55 158 -9.35257
56 158 -9.35257
57 158 -9.35257
58 158 -9.35257
59 158 -9.35257
60 158 -9.35257
61 158 -9.35257
62 158 -9.35257
63 158 -9.35257
64 158 -9.35257
65 158 -9.35257
66 158 -9.35257
67 158 -9.35257
68 158 -9.35257
69 158 -9.35257
70 158 -9.35257
71 158 -9.35257
72 158 -9.35257
73 158 -9.35257
74 158 -9.35257
75 158 -9.35257
76 158 -9.35257
77 158 -9.35257
78 158 -9.35257
79 158 -9.35257
80 158 -9.35257
81 158 -9.35257
82 158 -9.35257
83 158 -9.35257
84 158 -9.35257
85 158 -9.35257
86 158 -9.35257
87 158 -9.35257
88 158 -9.35257
89 158 -9.35257
90 158 -9.35257
91 158 -9.35257
92 158 -9.35257
93 158 -9.35257
94 158 -2.62466
95 158 -2.28421
96 158 -1.94539
97 158 -1.60863
98 158 -1.2729
99 158 -0.938004
100 158 -0.603586
101 158 -0.270067
102 158 0.0633639
103 158 0.396588
104 158 0.729061
105 158 1.06106
106 158 1.39329
107 158 1.72566
108 158 2.05842
109 158 2.39162
110 158 2.72445
111 158 3.05777
112 158 3.39145
113 158 3.72568
114 158 4.05961
115 158 4.39413
116 158 4.72925
117 158 5.06484
118 158 5.40038
119 158 5.73639
120 158 6.07305
121 158 6.41031
122 158 6.05532
123 158 5.69835
124 158 5.34237
125 158 4.98677
126 158 4.6318
127 158 4.27758
128 158 3.92352
129 158 3.56989
130 158 3.21682
131 158 2.86384
132 158 2.5115
133 158 2.15975
134 158 1.80801
135 158 1.45694
136 158 1.10637
137 158 0.755672
138 158 0.405404
139 158 0.0556001
140 158 -0.294572
141 158 -0.644349
142 158 -0.993315
143 158 -1.34074
144 158 -1.6808
145 158 -1.98758
146 158 -2.124
147 158 -9.35257
148 158 -9.35257
149 158 -9.35257
150 158 -9.35257
151 158 -9.35257
152 158 -9.35257
153 158 -9.35257
154 158 -9.35257
155 158 -9.35257
156 158 -9.35257
157 158 -9.35257
158 158 -9.35257
159 158 -9.35257
160 158 -9.35257
161 158 -9.35257
162 158 -9.35257
163 158 -9.35257
164 158 -9.35257
165 158 -9.35257
166 158 -9.35257
167 158 -9.35257
168 158 -9.35257
169 158 -9.35257
170 158 -9.35257
171 158 -9.35257
172 158 -9.35257
173 158 -9.35257
174 158 -9.35257
175 158 -9.35257
176 158 -9.35257
177 158 -9.35257
178 158 -9.35257
179 158 -9.35257
180 158 -9.35257
181 158 -9.35257
182 158 -9.35257
183 158 -9.35257
184 158 -9.35257
185 158 -9.35257
186 158 -9.35257
187 158 -9.35257
188 158 -9.35257
189 158 -9.35257
190 158 -9.35257
191 158 -9.35257
192 158 -9.35257
193 158 -9.35257
194 158 -9.35257
195 158 -9.35257
196 158 -9.35257
197 158 -9.35257
198 158 -9.35257
199 158 -9.35257
200 158 -9.35257
201 158 -9.35257
202 158 -9.35257
203 158 -9.35257
204 158 -9.35257
205 158 -9.35257
206 158 -9.35257
207 158 -9.35257
208 158 -9.35257
209 158 -9.35257
210 158 -9.35257
211 158 -9.35257
212 158 -9.35257
213 158 -9.35257
214 158 -9.35257
215 158 -9.35257
216 158 -9.35257
217 158 -9.35257
218 158 -9.35257
219 158 -9.35257
220 158 -9.35257
221 158 -9.35257
222 158 -9.35257
223 158 -9.35257
224 158 -9.35257
225 158 -9.35257
226 158 -9.35257
227 158 -9.35257
228 158 -9.35257
229 158 -9.35257
230 158 -9.35257
231 158 -9.35257
232 158 -9.35257
233 158 -9.35257
234 158 -9.35257
235 158 -9.35257
236 158 -9.35257
237 158 -9.35257
238 158 -9.35257
239 158 -9.35257
0 159 -9.35257
1 159 -9.35257
2 159 -9.35257
3 159 -9.35257
4 159 -9.35257
5 159 -9.35257
6 159 -9.35257
7 159 -9.35257
8 159 -9.35257
9 159 -9.35257
10 159 -9.35257
11 159 -9.35257
12 159 -9.35257
13 159 -9.35257
14 159 -9.35257
15 159 -9.35257
16 159 -9.35257
17 159 -9.35257
18 159 -9.35257
19 159 -9.35257
20 159 -9.35257
21 159 -9.35257
22 159 -9.35257
23 159 -9.35257
24 159 -9.35257
25 159 -9.35257
26 159 -9.35257
27 159 -9.35257
28 159 -9.35257
29 159 -9.35257
30 159 -9.35257
31 159 -9.35257
32 159 -9.35257
33 159 -9.35257
34 159 -9.35257
35 159 -9.35257
36 159 -9.35257
37 159 -9.35257
38 159 -9.35257
39 159 -9.35257
40 159 -9.35257
41 159 -9.35257
42 159 -9.35257
43 159 -9.35257
44 159 -9.35257
45 159 -9.35257
46 159 -9.35257
47 159 -9.35257
48 159 -9.35257
49 159 -9.35257
50 159 -9.35257
51 159 -9.35257
52 159 -9.35257
53 159 -9.35257
54 159 -9.35257
55 159 -9.35257
56 159 -9.35257
57 159 -9.35257
58 159 -9.35257
59 159 -9.35257
60 159 -9.35257
61 159 -9.35257
62 159 -9.35257
63 159 -9.35257
64 159 -9.35257
65 159 -9.35257
66 159 -9.35257
67 159 -9.35257
68 159 -9.35257
69 159 -9.35257
70 159 -9.35257
71 159 -9.35257
72 159 -9.35257
73 159 -9.35257
74 159 -9.35257
75 159 -9.35257
76 159 -9.35257
77 159 -9.35257
78 159 -9.35257
79 159 -9.35257
80 159 -9.35257
81 159 -9.35257
82 159 -9.35257
83 159 -9.35257
84 159 -9.35257
85 159 -9.35257
86 159 -9.35257
87 159 -9.35257
88 159 -9.35257
89 159 -9.35257
90 159 -9.35257
91 159 -9.35257
92 159 -9.35257
93 159 -9.35257
94 159 -2.78235
95 159 -2.44096
96 159 -2.10113
97 159 -1.7626
98 159 -1.42563
99 159 -1.08931
100 159 -0.753549
101 159 -0.418041
102 159 -0.0833362
103 159 0.251334
104 159 0.584959
105 159 0.918382
106 159 1.25212
107 159 1.58529
108 159 1.91881
109 159 2.25278
110 159 2.58704
111 159 2.92103
112 159 3.25535
113 159 3.59016
114 159 3.92533
115 159 4.26036
116 159 4.59595
117 159 4.93198
118 159 5.26861
119 159 5.60501
120 159 5.94205
121 159 6.27951
122 159 5.92467
123 159 5.56801
124 159 5.21215
125 159 4.85655
126 159 4.50155
127 159 4.14722
128 159 3.79293
129 159 3.43918
130 159 3.08621
131 159 2.73297
132 159 2.38028
133 159 2.02815
134 159 1.676
135 159 1.32446
136 159 0.973274
137 159 0.621861
138 159 0.270741
139 159 -0.0802062
140 159 -0.43161
141 159 -0.782884
142 159 -1.13398
143 159 -1.48584
144 159 -1.84481
145 159 -2.03068
146 159 -2.20627
147 159 -9.35257
148 159 -9.35257
149 159 -9.35257
150 159 -9.35257
151 159 -9.35257
152 159 -9.35257
153 159 -9.35257
154 159 -9.35257
155 159 -9.35257
156 159 -9.35257
157 159 -9.35257
158 159 -9.35257
159 159 -9.35257
160 159 -9.35257
161 159 -9.35257
162 159 -9.35257
163 159 -9.35257
164 159 -9.35257
165 159 -9.35257
166 159 -9.35257
167 159 -9.35257
168 159 -9.35257
169 159 -9.35257
170 159 -9.35257
171 159 -9.35257
172 159 -9.35257
173 159 -9.35257
174 159 -9.35257
175 159 -9.35257
176 159 -9.35257
177 159 -9.35257
178 159 -9.35257
179 159 -9.35257
180 159 -9.35257
181 159 -9.35257
182 159 -9.35257
183 159 -9.35257
184 159 -9.35257
185 159 -9.35257
186 159 -9.35257
187 159 -9.35257
188 159 -9.35257
189 159 -9.35257
190 159 -9.35257
191 159 -9.35257
192 159 -9.35257
193 159 -9.35257
194 159 -9.35257
195 159 -9.35257
196 159 -9.35257
197 159 -9.35257
198 159 -9.35257
199 159 -9.35257
200 159 -9.35257
201 159 -9.35257
202 159 -9.35257
203 159 -9.35257
204 159 -9.35257
205 159 -9.35257
206 159 -9.35257
207 159 -9.35257
208 159 -9.35257
209 159 -9.35257
210 159 -9.35257
211 159 -9.35257
212 159 -9.35257
213 159 -9.35257
214 159 -9.35257
215 159 -9.35257
216 159 -9.35257
217 159 -9.35257
218 159 -9.35257
219 159 -9.35257
220 159 -9.35257
221 159 -9.35257
222 159 -9.35257
223 159 -9.35257
224 159 -9.35257
225 159 -9.35257
226 159 -9.35257
227 159 -9.35257
228 159 -9.35257
229 159 -9.35257
230 159 -9.35257
231 159 -9.35257
232 159 -9.35257
233 159 -9.35257
234 159 -9.35257
235 159 -9.35257
236 159 -9.35257
237 159 -9.35257
238 159 -9.35257
239 159 -9.35257
0 160 -9.35257
1 160 -9.35257
2 160 -9.35257
3 160 -9.35257
4 160 -9.35257
5 160 -9.35257
6 160 -9.35257
7 160 -9.35257
8 160 -9.35257
9 160 -9.35257
10 160 -9.35257
11 160 -9.35257
12 160 -9.35257
13 160 -9.35257
14 160 -9.35257
15 160 -9.35257
16 160 -9.35257
17 160 -9.35257
18 160 -9.35257
19 160 -9.35257
20 160 -9.35257
21 160 -9.35257
22 160 -9.35257
23 160 -9.35257
24 160 -9.35257
25 160 -9.35257
26 160 -9.35257
27 160 -9.35257
28 160 -9.35257
29 160 -9.35257
30 160 -9.35257
31 160 -9.35257
32 160 -9.35257
33 160 -9.35257
34 160 -9.35257
35 160 -9.35257
36 160 -9.35257
37 160 -9.35257
38 160 -9.35257
39 160 -9.35257
40 160 -9.35257
41 160 -9.35257
42 160 -9.35257
43 160 -9.35257
44 160 -9.35257
45 160 -9.35257
46 160 -9.35257
47 160 -9.35257
48 160 -9.35257
49 160 -9.35257
50 160 -9.35257
51 160 -9.35257
52 160 -9.35257
53 160 -9.35257
54 160 -9.35257
55 160 -9.35257
56 160 -9.35257
57 160 -9.35257
58 160 -9.35257
59 160 -9.35257
60 160 -9.35257
61 160 -9.35257
62 160 -9.35257
63 160 -9.35257
64 160 -9.35257
65 160 -9.35257
66 160 -9.35257
67 160 -9.35257
68 160 -9.35257
69 160 -9.35257
70 160 -9.35257
71 160 -9.35257
72 160 -9.35257
73 160 -9.35257
74 160 -9.35257
75 160 -9.35257
76 160 -9.35257
77 160 -9.35257
78 160 -9.35257
79 160 -9.35257
80 160 -9.35257
81 160 -9.35257
82 160 -9.35257
83 160 -9.35257
84 160 -9.35257
85 160 -9.35257
86 160 -9.35257
87 160 -9.35257
88 160 -9.35257
89 160 -9.35257
90 160 -9.35257
91 160 -9.35257
92 160 -9.35257
93 160 -9.35257
94 160 -9.35257
95 160 -2.5969
96 160 -2.25626
97 160 -1.91655
98 160 -1.57772
99 160 -1.2402
100 160 -0.903256
101 160 -0.566615
102 160 -0.230144
103 160 0.10542
104 160 0.440914
105 160 0.775386
106 160 1.10997
107 160 1.44458
108 160 1.77876
109 160 2.11351
110 160 2.44848
111 160 2.78383
112 160 3.11874
113 160 3.45411
114 160 3.78981
115 160 4.12602
116 160 4.46206
117 160 4.7985
118 160 5.13552
119 160 5.47299
120 160 5.81045
121 160 6.14804
122 160 5.79335
123 160 5.43686
124 160 5.08105
125 160 4.72527
126 160 4.37014
127 160 4.01573
128 160 3.66132
129 160 3.30748
130 160 2.95428
131 160 2.60111
132 160 2.2485
133 160 1.89598
134 160 1.54337
135 160 1.19115
136 160 0.839314
137 160 0.487267
138 160 0.135417
139 160 -0.216366
140 160 -0.568778
141 160 -0.921599
142 160 -1.27446
143 160 -1.62382
144 160 -1.94061
145 160 -2.08664
146 160 -9.35257
147 160 -9.35257
148 160 -9.35257
149 160 -9.35257
150 160 -9.35257
151 160 -9.35257
152 160 -9.35257
153 160 -9.35257
154 160 -9.35257
155 160 -9.35257
156 160 -9.35257
157 160 -9.35257
158 160 -9.35257
159 160 -9.35257
160 160 -9.35257
161 160 -9.35257
162 160 -9.35257
163 160 -9.35257
164 160 -9.35257
165 160 -9.35257
166 160 -9.35257
167 160 -9.35257
168 160 -9.35257
169 160 -9.35257
170 160 -9.35257
171 160 -9.35257
172 160 -9.35257
173 160 -9.35257
174 160 -9.35257
175 160 -9.35257
176 160 -9.35257
177 160 -9.35257
178 160 -9.35257
179 160 -9.35257
180 160 -9.35257
181 160 -9.35257
182 160 -9.35257
183 160 -9.35257
184 160 -9.35257
185 160 -9.35257
186 160 -9.35257
187 160 -9.35257
188 160 -9.35257
189 160 -9.35257
190 160 -9.35257
191 160 -9.35257
192 160 -9.35257
193 160 -9.35257
194 160 -9.35257
195 160 -9.35257
196 160 -9.35257
197 160 -9.35257
198 160 -9.35257
199 160 -9.35257
200 160 -9.35257
201 160 -9.35257
202 160 -9.35257
203 160 -9.35257
204 160 -9.35257
205 160 -9.35257
206 160 -9.35257
207 160 -9.35257
208 160 -9.35257
209 160 -9.35257
210 160 -9.35257
211 160 -9.35257
212 160 -9.35257
213 160 -9.35257
214 160 -9.35257
215 160 -9.35257
216 160 -9.35257
217 160 -9.35257
218 160 -9.35257
219 160 -9.35257
220 160 -9.35257
221 160 -9.35257
222 160 -9.35257
223 160 -9.35257
224 160 -9.35257
225 160 -9.35257
226 160 -9.35257
227 160 -9.35257
228 160 -9.35257
229 160 -9.35257
230 160 -9.35257
231 160 -9.35257
232 160 -9.35257
233 160 -9.35257
234 160 -9.35257
235 160 -9.35257
236 160 -9.35257
237 160 -9.35257
238 160 -9.35257
239 160 -9.35257
0 161 -9.35257
1 161 -9.35257
2 161 -9.35257
3 161 -9.35257
4 161 -9.35257
5 161 -9.35257
6 161 -9.35257
7 161 -9.35257
8 161 -9.35257
9 161 -9.35257
10 161 -9.35257
11 161 -9.35257
12 161 -9.35257
13 161 -9.35257
14 161 -9.35257
15 161 -9.35257
16 161 -9.35257
17 161 -9.35257
18 161 -9.35257
19 161 -9.35257
20 161 -9.35257
21 161 -9.35257
22 161 -9.35257
23 161 -9.35257
24 161 -9.35257
25 161 -9.35257
26 161 -9.35257
27 161 -9.35257
28 161 -9.35257
29 161 -9.35257
30 161 -9.35257
31 161 -9.35257
32 161 -9.35257
33 161 -9.35257
34 161 -9.35257
35 161 -9.35257
36 161 -9.35257
37 161 -9.35257
38 161 -9.35257
39 161 -9.35257
40 161 -9.35257
41 161 -9.35257
42 161 -9.35257
43 161 -9.35257
44 161 -9.35257
45 161 -9.35257
46 161 -9.35257
47 161 -9.35257
48 161 -9.35257
49 161 -9.35257
50 161 -9.35257
51 161 -9.35257
52 161 -9.35257
53 161 -9.35257
54 161 -9.35257
55 161 -9.35257
56 161 -9.35257
57 161 -9.35257
58 161 -9.35257
59 161 -9.35257
60 161 -9.35257
61 161 -9.35257
62 161 -9.35257
63 161 -9.35257
64 161 -9.35257
65 161 -9.35257
66 161 -9.35257
67 161 -9.35257
68 161 -9.35257
69 161 -9.35257
70 161 -9.35257
71 161 -9.35257
72 161 -9.35257
73 161 -9.35257
74 161 -9.35257
75 161 -9.35257
76 161 -9.35257
77 161 -9.35257
78 161 -9.35257
79 161 -9.35257
80 161 -9.35257
81 161 -9.35257
82 161 -9.35257
83 161 -9.35257
84 161 -9.35257
85 161 -9.35257
86 161 -9.35257
87 161 -9.35257
88 161 -9.35257
89 161 -9.35257
90 161 -9.35257
91 161 -9.35257
92 161 -9.35257
93 161 -9.35257
94 161 -9.35257
95 161 -2.75186
96 161 -2.41045
97 161 -2.06977
98 161 -1.72992
99 161 -1.39064
100 161 -1.05266
101 161 -0.715017
102 161 -0.377588
103 161 -0.0404231
104 161 0.29604
105 161 0.632281
106 161 0.967636
107 161 1.3029
108 161 1.63815
109 161 1.97387
110 161 2.30955
111 161 2.64551
112 161 2.98169
113 161 3.31758
114 161 3.65378
115 161 3.99045
116 161 4.32762
117 161 4.66444
118 161 5.00182
119 161 5.33957
120 161 5.67744
121 161 6.0154
122 161 5.66087
123 161 5.30454
124 161 4.94883
125 161 4.59311
126 161 4.23803
127 161 3.88364
128 161 3.52912
129 161 3.17515
130 161 2.82173
131 161 2.46818
132 161 2.11519
133 161 1.7628
134 161 1.40985
135 161 1.05724
136 161 0.704968
137 161 0.352477
138 161 2.669e-05
139 161 -0.352492
140 161 -0.706027
141 161 -1.06076
142 161 -1.41955
143 161 -1.79485
144 161 -1.98547
145 161 -2.16313
146 161 -9.35257
147 161 -9.35257
148 161 -9.35257
149 161 -9.35257
150 161 -9.35257
151 161 -9.35257
152 161 -9.35257
153 161 -9.35257
154 161 -9.35257
155 161 -9.35257
156 161 -9.35257
157 161 -9.35257
158 161 -9.35257
159 161 -9.35257
160 161 -9.35257
161 161 -9.35257
162 161 -9.35257
163 161 -9.35257
164 161 -9.35257
165 161 -9.35257
166 161 -9.35257
167 161 -9.35257
168 161 -9.35257
169 161 -9.35257
170 161 -9.35257
171 161 -9.35257
172 161 -9.35257
173 161 -9.35257
174 161 -9.35257
175 161 -9.35257
176 161 -9.35257
177 161 -9.35257
178 161 -9.35257
179 161 -9.35257
180 161 -9.35257
181 161 -9.35257
182 161 -9.35257
183 161 -9.35257
184 161 -9.35257
185 161 -9.35257
186 161 -9.35257
187 161 -9.35257
188 161 -9.35257
189 161 -9.35257
190 161 -9.35257
191 161 -9.35257
192 161 -9.35257
193 161 -9.35257
194 161 -9.35257
195 161 -9.35257
196 161 -9.35257
197 161 -9.35257
198 161 -9.35257
199 161 -9.35257
200 161 -9.35257
201 161 -9.35257
202 161 -9.35257
203 161 -9.35257
204 161 -9.35257
205 161 -9.35257
206 161 -9.35257
207 161 -9.35257
208 161 -9.35257
209 161 -9.35257
210 161 -9.35257
211 161 -9.35257
212 161 -9.35257
213 161 -9.35257
214 161 -9.35257
215 161 -9.35257
216 161 -9.35257
217 161 -9.35257
218 161 -9.35257
219 161 -9.35257
220 161 -9.35257
221 161 -9.35257
222 161 -9.35257
223 161 -9.35257
224 161 -9.35257
225 161 -9.35257
226 161 -9.35257
227 161 -9.35257
228 161 -9.35257
229 161 -9.35257
230 161 -9.35257
231 161 -9.35257
232 161 -9.35257
233 161 -9.35257
234 161 -9.35257
235 161 -9.35257
236 161 -9.35257
237 161 -9.35257
238 161 -9.35257
239 161 -9.35257
0 162 -9.35257
1 162 -9.35257
2 162 -9.35257
3 162 -9.35257
4 162 -9.35257
5 162 -9.35257
6 162 -9.35257
7 162 -9.35257
8 162 -9.35257
9 162 -9.35257
10 162 -9.35257
11 162 -9.35257
12 162 -9.35257
13 162 -9.35257
14 162 -9.35257
15 162 -9.35257
16 162 -9.35257
17 162 -9.35257
18 162 -9.35257
19 162 -9.35257
20 162 -9.35257
21 162 -9.35257
22 162 -9.35257
23 162 -9.35257
24 162 -9.35257
25 162 -9.35257
26 162 -9.35257
27 162 -9.35257
28 162 -9.35257
29 162 -9.35257
30 162 -9.35257
31 162 -9.35257
32 162 -9.35257
33 162 -9.35257
34 162 -9.35257
35 162 -9.35257
36 162 -9.35257
37 162 -9.35257
38 162 -9.35257
39 162 -9.35257
40 162 -9.35257
41 162 -9.35257
42 162 -9.35257
43 162 -9.35257
44 162 -9.35257
45 162 -9.35257
46 162 -9.35257
47 162 -9.35257
48 162 -9.35257
49 162 -9.35257
50 162 -9.35257
51 162 -9.35257
52 162 -9.35257
53 162 -9.35257
54 162 -9.35257
55 162 -9.35257
56 162 -9.35257
57 162 -9.35257
58 162 -9.35257
59 162 -9.35257
60 162 -9.35257
61 162 -9.35257
62 162 -9.35257
63 162 -9.35257
64 162 -9.35257
65 162 -9.35257
66 162 -9.35257
67 162 -9.35257
68 162 -9.35257
69 162 -9.35257
70 162 -9.35257
71 162 -9.35257
72 162 -9.35257
73 162 -9.35257
74 162 -9.35257
75 162 -9.35257
76 162 -9.35257
77 162 -9.35257
78 162 -9.35257
79 162 -9.35257
80 162 -9.35257
81 162 -9.35257
82 162 -9.35257
83 162 -9.35257
84 162 -9.35257
85 162 -9.35257
86 162 -9.35257
87 162 -9.35257
88 162 -9.35257
89 162 -9.35257
90 162 -9.35257
91 162 -9.35257
92 162 -9.35257
93 162 -9.35257
94 162 -9.35257
95 162 -2.90715
96 162 -2.5639
97 162 -2.2223
98 162 -1.88152
99 162 -1.54133
100 162 -1.20174
101 162 -0.863202
102 162 -0.524908
103 162 -0.186969
104 162 0.150717
105 162 0.488353
106 162 0.825252
107 162 1.16122
108 162 1.49747
109 162 1.83412
110 162 2.17032
111 162 2.50683
112 162 2.84352
113 162 3.1806
114 162 3.51726
115 162 3.85438
116 162 4.19196
117 162 4.52984
118 162 4.86758
119 162 5.20542
120 162 5.54345
121 162 5.88193
122 162 5.52769
123 162 5.17161
124 162 4.81601
125 162 4.46033
126 162 4.10521
127 162 3.75058
128 162 3.39589
129 162 3.0418
130 162 2.6882
131 162 2.33448
132 162 1.98127
133 162 1.6286
134 162 1.27556
135 162 0.922974
136 162 0.570246
137 162 0.217157
138 162 -0.135786
139 162 -0.488691
140 162 -0.84229
141 162 -1.19588
142 162 -1.54871
143 162 -1.90128
144 162 -2.04477
145 162 -9.35257
146 162 -9.35257
147 162 -9.35257
148 162 -9.35257
149 162 -9.35257
150 162 -9.35257
151 162 -9.35257
152 162 -9.35257
153 162 -9.35257
154 162 -9.35257
155 162 -9.35257
156 162 -9.35257
157 162 -9.35257
158 162 -9.35257
159 162 -9.35257
160 162 -9.35257
161 162 -9.35257
162 162 -9.35257
163 162 -9.35257
164 162 -9.35257
165 162 -9.35257
166 162 -9.35257
167 162 -9.35257
168 162 -9.35257
169 162 -9.35257
170 162 -9.35257
171 162 -9.35257
172 162 -9.35257
173 162 -9.35257
174 162 -9.35257
175 162 -9.35257
176 162 -9.35257
177 162 -9.35257
178 162 -9.35257
179 162 -9.35257
180 162 -9.35257
181 162 -9.35257
182 162 -9.35257
183 162 -9.35257
184 162 -9.35257
185 162 -9.35257
186 162 -9.35257
187 162 -9.35257
188 162 -9.35257
189 162 -9.35257
190 162 -9.35257
191 162 -9.35257
192 162 -9.35257
193 162 -9.35257
194 162 -9.35257
195 162 -9.35257
196 162 -9.35257
197 162 -9.35257
198 162 -9.35257
199 162 -9.35257
200 162 -9.35257
201 162 -9.35257
202 162 -9.35257
203 162 -9.35257
204 162 -9.35257
205 162 -9.35257
206 162 -9.35257
207 162 -9.35257
208 162 -9.35257
209 162 -9.35257
210 162 -9.35257
211 162 -9.35257
212 162 -9.35257
213 162 -9.35257
214 162 -9.35257
215 162 -9.35257
216 162 -9.35257
217 162 -9.35257
218 162 -9.35257
219 162 -9.35257
220 162 -9.35257
221 162 -9.35257
222 162 -9.35257
223 162 -9.35257
224 162 -9.35257
225 162 -9.35257
226 162 -9.35257
227 162 -9.35257
228 162 -9.35257
229 162 -9.35257
230 162 -9.35257
231 162 -9.35257
232 162 -9.35257
233 162 -9.35257
234 162 -9.35257
235 162 -9.35257
236 162 -9.35257
237 162 -9.35257
238 162 -9.35257
239 162 -9.35257
0 163 -9.35257
1 163 -9.35257
2 163 -9.35257
3 163 -9.35257
4 163 -9.35257
5 163 -9.35257
6 163 -9.35257
7 163 -9.35257
8 163 -9.35257
9 163 -9.35257
10 163 -9.35257
11 163 -9.35257
12 163 -9.35257
13 163 -9.35257
14 163 -9.35257
15 163 -9.35257
16 163 -9.35257
17 163 -9.35257
18 163 -9.35257
19 163 -9.35257
20 163 -9.35257
21 163 -9.35257
22 163 -9.35257
23 163 -9.35257
24 163 -9.35257
25 163 -9.35257
26 163 -9.35257
27 163 -9.35257
28 163 -9.35257
29 163 -9.35257
30 163 -9.35257
31 163 -9.35257
32 163 -9.35257
33 163 -9.35257
34 163 -9.35257
35 163 -9.35257
36 163 -9.35257
37 163 -9.35257
38 163 -9.35257
39 163 -9.35257
40 163 -9.35257
41 163 -9.35257
42 163 -9.35257
43 163 -9.35257
44 163 -9.35257
45 163 -9.35257
46 163 -9.35257
47 163 -9.35257
48 163 -9.35257
49 163 -9.35257
50 163 -9.35257
51 163 -9.35257
52 163 -9.35257
53 163 -9.35257
54 163 -9.35257
55 163 -9.35257
56 163 -9.35257
57 163 -9.35257
58 163 -9.35257
59 163 -9.35257
60 163 -9.35257
61 163 -9.35257
62 163 -9.35257
63 163 -9.35257
64 163 -9.35257
65 163 -9.35257
66 163 -9.35257
67 163 -9.35257
68 163 -9.35257
69 163 -9.35257
70 163 -9.35257
71 163 -9.35257
72 163 -9.35257
73 163 -9.35257
74 163 -9.35257
75 163 -9.35257
76 163 -9.35257
77 163 -9.35257
78 163 -9.35257
79 163 -9.35257
80 163 -9.35257
81 163 -9.35257
82 163 -9.35257
83 163 -9.35257
84 163 -9.35257
85 163 -9.35257
86 163 -9.35257
87 163 -9.35257
88 163 -9.35257
89 163 -9.35257
90 163 -9.35257
91 163 -9.35257
92 163 -9.35257
93 163 -9.35257
94 163 -9.35257
95 163 -9.35257
96 163 -2.71713
97 163 -2.37413
98 163 -2.03256
99 163 -1.69155
100 163 -1.35117
101 163 -1.01115
102 163 -0.672011
103 163 -0.333262
104 163 0.00530497
105 163 0.343758
106 163 0.682414
107 163 1.01927
108 163 1.35626
109 163 1.6934
110 163 2.0308
111 163 2.3678
112 163 2.70497
113 163 3.0425
114 163 3.38029
115 163 3.71784
116 163 4.05586
117 163 4.39396
118 163 4.73248
119 163 5.07036
120 163 5.40886
121 163 5.74784
122 163 5.39383
123 163 5.03774
124 163 4.68215
125 163 4.32652
126 163 3.9714
127 163 3.61677
128 163 3.26205
129 163 2.90794
130 163 2.5542
131 163 2.20029
132 163 1.8468
133 163 1.49368
134 163 1.14033
135 163 0.78739
136 163 0.434797
137 163 0.0814766
138 163 -0.271638
139 163 -0.624792
140 163 -0.978563
141 163 -1.33176
142 163 -1.67921
143 163 -1.99092
144 163 -2.12915
145 163 -9.35257
146 163 -9.35257
147 163 -9.35257
148 163 -9.35257
149 163 -9.35257
150 163 -9.35257
151 163 -9.35257
152 163 -9.35257
153 163 -9.35257
154 163 -9.35257
155 163 -9.35257
156 163 -9.35257
157 163 -9.35257
158 163 -9.35257
159 163 -9.35257
160 163 -9.35257
161 163 -9.35257
162 163 -9.35257
163 163 -9.35257
164 163 -9.35257
165 163 -9.35257
166 163 -9.35257
167 163 -9.35257
168 163 -9.35257
169 163 -9.35257
170 163 -9.35257
171 163 -9.35257
172 163 -9.35257
173 163 -9.35257
174 163 -9.35257
175 163 -9.35257
176 163 -9.35257
177 163 -9.35257
178 163 -9.35257
179 163 -9.35257
180 163 -9.35257
181 163 -9.35257
182 163 -9.35257
183 163 -9.35257
184 163 -9.35257
185 163 -9.35257
186 163 -9.35257
187 163 -9.35257
188 163 -9.35257
189 163 -9.35257
190 163 -9.35257
191 163 -9.35257
192 163 -9.35257
193 163 -9.35257
194 163 -9.35257
195 163 -9.35257
196 163 -9.35257
197 163 -9.35257
198 163 -9.35257
199 163 -9.35257
200 163 -9.35257
201 163 -9.35257
202 163 -9.35257
203 163 -9.35257
204 163 -9.35257
205 163 -9.35257
206 163 -9.35257
207 163 -9.35257
208 163 -9.35257
209 163 -9.35257
210 163 -9.35257
211 163 -9.35257
212 163 -9.35257
213 163 -9.35257
214 163 -9.35257
215 163 -9.35257
216 163 -9.35257
217 163 -9.35257
218 163 -9.35257
219 163 -9.35257
220 163 -9.35257
221 163 -9.35257
222 163 -9.35257
223 163 -9.35257
224 163 -9.35257
225 163 -9.35257
226 163 -9.35257
227 163 -9.35257
228 163 -9.35257
229 163 -9.35257
230 163 -9.35257
231 163 -9.35257
232 163 -9.35257
233 163 -9.35257
234 163 -9.35257
235 163 -9.35257
236 163 -9.35257
237 163 -9.35257
238 163 -9.35257
239 163 -9.35257
0 164 -9.35257
1 164 -9.35257
2 164 -9.35257
3 164 -9.35257
4 164 -9.35257
5 164 -9.35257
6 164 -9.35257
7 164 -9.35257
8 164 -9.35257
9 164 -9.35257
10 164 -9.35257
11 164 -9.35257
12 164 -9.35257
13 164 -9.35257
14 164 -9.35257
15 164 -9.35257
16 164 -9.35257
17 164 -9.35257
18 164 -9.35257
19 164 -9.35257
20 164 -9.35257
21 164 -9.35257
22 164 -9.35257
23 164 -9.35257
24 164 -9.35257
25 164 -9.35257
26 164 -9.35257
27 164 -9.35257
28 164 -9.35257
29 164 -9.35257
30 164 -9.35257
31 164 -9.35257
32 164 -9.35257
33 164 -9.35257
34 164 -9.35257
35 164 -9.35257
36 164 -9.35257
37 164 -9.35257
38 164 -9.35257
39 164 -9.35257
40 164 -9.35257
41 164 -9.35257
42 164 -9.35257
43 164 -9.35257
44 164 -9.35257
45 164 -9.35257
46 164 -9.35257
47 164 -9.35257
48 164 -9.35257
49 164 -9.35257
50 164 -9.35257
51 164 -9.35257
52 164 -9.35257
53 164 -9.35257
54 164 -9.35257
55 164 -9.35257
56 164 -9.35257
57 164 -9.35257
58 164 -9.35257
59 164 -9.35257
60 164 -9.35257
61 164 -9.35257
62 164 -9.35257
63 164 -9.35257
64 164 -9.35257
65 164 -9.35257
66 164 -9.35257
67 164 -9.35257
68 164 -9.35257
69 164 -9.35257
70 164 -9.35257
71 164 -9.35257
72 164 -9.35257
73 164 -9.35257
74 164 -9.35257
75 164 -9.35257
76 164 -9.35257
77 164 -9.35257
78 164 -9.35257
79 164 -9.35257
80 164 -9.35257
81 164 -9.35257
82 164 -9.35257
83 164 -9.35257
84 164 -9.35257
85 164 -9.35257
86 164 -9.35257
87 164 -9.35257
88 164 -9.35257
89 164 -9.35257
90 164 -9.35257
91 164 -9.35257
92 164 -9.35257
93 164 -9.35257
94 164 -9.35257
95 164 -9.35257
96 164 -2.87086
97 164 -2.52607
98 164 -2.18302
99 164 -1.8413
100 164 -1.50023
101 164 -1.15961
102 164 -0.819399
103 164 -0.479374
104 164 -0.140134
105 164 0.198961
106 164 0.538118
107 164 0.877165
108 164 1.21477
109 164 1.55241
110 164 1.89029
111 164 2.22844
112 164 2.56605
113 164 2.90399
114 164 3.24217
115 164 3.58081
116 164 3.91893
117 164 4.25704
118 164 4.59572
119 164 4.93469
120 164 5.2736
121 164 5.61294
122 164 5.25908
123 164 4.90316
124 164 4.5477
125 164 4.19221
126 164 3.8371
127 164 3.48243
128 164 3.12762
129 164 2.77322
130 164 2.41927
131 164 2.06517
132 164 1.71148
133 164 1.35817
134 164 1.0047
135 164 0.651457
136 164 0.298502
137 164 -0.0548657
138 164 -0.407941
139 164 -0.761367
140 164 -1.11591
141 164 -1.47387
142 164 -1.84688
143 164 -2.03588
144 164 -2.21058
145 164 -9.35257
146 164 -9.35257
147 164 -9.35257
148 164 -9.35257
149 164 -9.35257
150 164 -9.35257
151 164 -9.35257
152 164 -9.35257
153 164 -9.35257
154 164 -9.35257
155 164 -9.35257
156 164 -9.35257
157 164 -9.35257
158 164 -9.35257
159 164 -9.35257
160 164 -9.35257
161 164 -9.35257
162 164 -9.35257
163 164 -9.35257
164 164 -9.35257
165 164 -9.35257
166 164 -9.35257
167 164 -9.35257
168 164 -9.35257
169 164 -9.35257
170 164 -9.35257
171 164 -9.35257
172 164 -9.35257
173 164 -9.35257
174 164 -9.35257
175 164 -9.35257
176 164 -9.35257
177 164 -9.35257
178 164 -9.35257
179 164 -9.35257
180 164 -9.35257
181 164 -9.35257
182 164 -9.35257
183 164 -9.35257
184 164 -9.35257
185 164 -9.35257
186 164 -9.35257
187 164 -9.35257
188 164 -9.35257
189 164 -9.35257
190 164 -9.35257
191 164 -9.35257
192 164 -9.35257
193 164 -9.35257
194 164 -9.35257
195 164 -9.35257
196 164 -9.35257
197 164 -9.35257
198 164 -9.35257
199 164 -9.35257
200 164 -9.35257
201 164 -9.35257
202 164 -9.35257
203 164 -9.35257
204 164 -9.35257
205 164 -9.35257
206 164 -9.35257
207 164 -9.35257
208 164 -9.35257
209 164 -9.35257
210 164 -9.35257
211 164 -9.35257
212 164 -9.35257
213 164 -9.35257
214 164 -9.35257
215 164 -9.35257
216 164 -9.35257
217 164 -9.35257
218 164 -9.35257
219 164 -9.35257
220 164 -9.35257
221 164 -9.35257
222 164 -9.35257
223 164 -9.35257
224 164 -9.35257
225 164 -9.35257
226 164 -9.35257
227 164 -9.35257
228 164 -9.35257
229 164 -9.35257
230 164 -9.35257
231 164 -9.35257
232 164 -9.35257
233 164 -9.35257
234 164 -9.35257
235 164 -9.35257
236 164 -9.35257
237 164 -9.35257
238 164 -9.35257
239 164 -9.35257
0 165 -9.35257
1 165 -9.35257
2 165 -9.35257
3 165 -9.35257
4 165 -9.35257
5 165 -9.35257
6 165 -9.35257
7 165 -9.35257
8 165 -9.35257
9 165 -9.35257
10 165 -9.35257
11 165 -9.35257
12 165 -9.35257
13 165 -9.35257
14 165 -9.35257
15 165 -9.35257
16 165 -9.35257
17 165 -9.35257
18 165 -9.35257
19 165 -9.35257
20 165 -9.35257
21 165 -9.35257
22 165 -9.35257
23 165 -9.35257
24 165 -9.35257
25 165 -9.35257
26 165 -9.35257
27 165 -9.35257
28 165 -9.35257
29 165 -9.35257
30 165 -9.35257
31 165 -9.35257
32 165 -9.35257
33 165 -9.35257
34 165 -9.35257
35 165 -9.35257
36 165 -9.35257
37 165 -9.35257
38 165 -9.35257
39 165 -9.35257
40 165 -9.35257
41 165 -9.35257
42 165 -9.35257
43 165 -9.35257
44 165 -9.35257
45 165 -9.35257
46 165 -9.35257
47 165 -9.35257
48 165 -9.35257
49 165 -9.35257
50 165 -9.35257
51 165 -9.35257
52 165 -9.35257
53 165 -9.35257
54 165 -9.35257
55 165 -9.35257
56 165 -9.35257
57 165 -9.35257
58 165 -9.35257
59 165 -9.35257
60 165 -9.35257
61 165 -9.35257
62 165 -9.35257
63 165 -9.35257
64 165 -9.35257
65 165 -9.35257
66 165 -9.35257
67 165 -9.35257
68 165 -9.35257
69 165 -9.35257
70 165 -9.35257
71 165 -9.35257
72 165 -9.35257
73 165 -9.35257
74 165 -9.35257
75 165 -9.35257
76 165 -9.35257
77 165 -9.35257
78 165 -9.35257
79 165 -9.35257
80 165 -9.35257
81 165 -9.35257
82 165 -9.35257
83 165 -9.35257
84 165 -9.35257
85 165 -9.35257
86 165 -9.35257
87 165 -9.35257
88 165 -9.35257
89 165 -9.35257
90 165 -9.35257
91 165 -9.35257
92 165 -9.35257
93 165 -9.35257
94 165 -9.35257
95 165 -9.35257
96 165 -9.35257
97 165 -2.67639
98 165 -2.33357
99 165 -1.99105
100 165 -1.64885
101 165 -1.30766
102 165 -0.966741
103 165 -0.626109
104 165 -0.285568
105 165 0.0541014
106 165 0.393792
107 165 0.733391
108 165 1.07308
109 165 1.4112
110 165 1.74951
111 165 2.08809
112 165 2.4268
113 165 2.76507
114 165 3.10361
115 165 3.44228
116 165 3.78111
117 165 4.11957
118 165 4.4585
119 165 4.7977
120 165 5.13724
121 165 5.47724
122 165 5.1239
123 165 4.7681
124 165 4.41269
125 165 4.05705
126 165 3.70187
127 165 3.34715
128 165 2.99227
129 165 2.63783
130 165 2.2839
131 165 1.92965
132 165 1.57577
133 165 1.22222
134 165 0.868334
135 165 0.514747
136 165 0.161526
137 165 -0.191994
138 165 -0.54508
139 165 -0.897426
140 165 -1.24983
141 165 -1.60092
142 165 -1.95191
143 165 -2.09564
144 165 -9.35257
145 165 -9.35257
146 165 -9.35257
147 165 -9.35257
148 165 -9.35257
149 165 -9.35257
150 165 -9.35257
151 165 -9.35257
152 165 -9.35257
153 165 -9.35257
154 165 -9.35257
155 165 -9.35257
156 165 -9.35257
157 165 -9.35257
158 165 -9.35257
159 165 -9.35257
160 165 -9.35257
161 165 -9.35257
162 165 -9.35257
163 165 -9.35257
164 165 -9.35257
165 165 -9.35257
166 165 -9.35257
167 165 -9.35257
168 165 -9.35257
169 165 -9.35257
170 165 -9.35257
171 165 -9.35257
172 165 -9.35257
173 165 -9.35257
174 165 -9.35257
175 165 -9.35257
176 165 -9.35257
177 165 -9.35257
178 165 -9.35257
179 165 -9.35257
180 165 -9.35257
181 165 -9.35257
182 165 -9.35257
183 165 -9.35257
184 165 -9.35257
185 165 -9.35257
186 165 -9.35257
187 165 -9.35257
188 165 -9.35257
189 165 -9.35257
190 165 -9.35257
191 165 -9.35257
192 165 -9.35257
193 165 -9.35257
194 165 -9.35257
195 165 -9.35257
196 165 -9.35257
197 165 -9.35257
198 165 -9.35257
199 165 -9.35257
200 165 -9.35257
201 165 -9.35257
202 165 -9.35257
203 165 -9.35257
204 165 -9.35257
205 165 -9.35257
206 165 -9.35257
207 165 -9.35257
208 165 -9.35257
209 165 -9.35257
210 165 -9.35257
211 165 -9.35257
212 165 -9.35257
213 165 -9.35257
214 165 -9.35257
215 165 -9.35257
216 165 -9.35257
217 165 -9.35257
218 165 -9.35257
219 165 -9.35257
220 165 -9.35257
221 165 -9.35257
222 165 -9.35257
223 165 -9.35257
224 165 -9.35257
225 165 -9.35257
226 165 -9.35257
227 165 -9.35257
228 165 -9.35257
229 165 -9.35257
230 165 -9.35257
231 165 -9.35257
232 165 -9.35257
233 165 -9.35257
234 165 -9.35257
235 165 -9.35257
236 165 -9.35257
237 165 -9.35257
238 165 -9.35257
239 165 -9.35257
0 166 -9.35257
1 166 -9.35257
2 166 -9.35257
3 166 -9.35257
4 166 -9.35257
5 166 -9.35257
6 166 -9.35257
7 166 -9.35257
8 166 -9.35257
9 166 -9.35257
10 166 -9.35257
11 166 -9.35257
12 166 -9.35257
13 166 -9.35257
14 166 -9.35257
15 166 -9.35257
16 166 -9.35257
17 166 -9.35257
18 166 -9.35257
19 166 -9.35257
20 166 -9.35257
21 166 -9.35257
22 166 -9.35257
23 166 -9.35257
24 166 -9.35257
25 166 -9.35257
26 166 -9.35257
27 166 -9.35257
28 166 -9.35257
29 166 -9.35257
30 166 -9.35257
31 166 -9.35257
32 166 -9.35257
33 166 -9.35257
34 166 -9.35257
35 166 -9.35257
36 166 -9.35257
37 166 -9.35257
38 166 -9.35257
39 166 -9.35257
40 166 -9.35257
41 166 -9.35257
42 166 -9.35257
43 166 -9.35257
44 166 -9.35257
45 166 -9.35257
46 166 -9.35257
47 166 -9.35257
48 166 -9.35257
49 166 -9.35257
50 166 -9.35257
51 166 -9.35257
52 166 -9.35257
53 166 -9.35257
54 166 -9.35257
55 166 -9.35257
56 166 -9.35257
57 166 -9.35257
58 166 -9.35257
59 166 -9.35257
60 166 -9.35257
61 166 -9.35257
62 166 -9.35257
63 166 -9.35257
64 166 -9.35257
65 166 -9.35257
66 166 -9.35257
67 166 -9.35257
68 166 -9.35257
69 166 -9.35257
70 166 -9.35257
71 166 -9.35257
72 166 -9.35257
73 166 -9.35257
74 166 -9.35257
75 166 -9.35257
76 166 -9.35257
77 166 -9.35257
78 166 -9.35257
79 166 -9.35257
80 166 -9.35257
81 166 -9.35257
82 166 -9.35257
83 166 -9.35257
84 166 -9.35257
85 166 -9.35257
86 166 -9.35257
87 166 -9.35257
88 166 -9.35257
89 166 -9.35257
90 166 -9.35257
91 166 -9.35257
92 166 -9.35257
93 166 -9.35257
94 166 -9.35257
95 166 -9.35257
96 166 -9.35257
97 166 -2.82718
98 166 -2.4838
99 166 -2.14062
100 166 -1.79787
101 166 -1.45543
102 166 -1.11394
103 166 -0.772754
104 166 -0.431676
105 166 -0.0907805
106 166 0.249418
107 166 0.589524
108 166 0.929705
109 166 1.26978
110 166 1.60845
111 166 1.94744
112 166 2.28658
113 166 2.62575
114 166 2.96428
115 166 3.30287
116 166 3.64211
117 166 3.98163
118 166 4.32086
119 166 4.66035
120 166 5.00027
121 166 5.34052
122 166 4.98719
123 166 4.63174
124 166 4.27679
125 166 3.92121
126 166 3.56616
127 166 3.21143
128 166 2.85649
129 166 2.50194
130 166 2.14773
131 166 1.79328
132 166 1.43925
133 166 1.08552
134 166 0.731457
135 166 0.377671
136 166 0.0242474
137 166 -0.329555
138 166 -0.68296
139 166 -1.03549
140 166 -1.38603
141 166 -1.72918
142 166 -2.03983
143 166 -2.17885
144 166 -9.35257
145 166 -9.35257
146 166 -9.35257
147 166 -9.35257
148 166 -9.35257
149 166 -9.35257
150 166 -9.35257
151 166 -9.35257
152 166 -9.35257
153 166 -9.35257
154 166 -9.35257
155 166 -9.35257
156 166 -9.35257
157 166 -9.35257
158 166 -9.35257
159 166 -9.35257
160 166 -9.35257
161 166 -9.35257
162 166 -9.35257
163 166 -9.35257
164 166 -9.35257
165 166 -9.35257
166 166 -9.35257
167 166 -9.35257
168 166 -9.35257
169 166 -9.35257
170 166 -9.35257
171 166 -9.35257
172 166 -9.35257
173 166 -9.35257
174 166 -9.35257
175 166 -9.35257
176 166 -9.35257
177 166 -9.35257
178 166 -9.35257
179 166 -9.35257
180 166 -9.35257
181 166 -9.35257
182 166 -9.35257
183 166 -9.35257
184 166 -9.35257
185 166 -9.35257
186 166 -9.35257
187 166 -9.35257
188 166 -9.35257
189 166 -9.35257
190 166 -9.35257
191 166 -9.35257
192 166 -9.35257
193 166 -9.35257
194 166 -9.35257
195 166 -9.35257
196 166 -9.35257
197 166 -9.35257
198 166 -9.35257
199 166 -9.35257
200 166 -9.35257
201 166 -9.35257
202 166 -9.35257
203 166 -9.35257
204 166 -9.35257
205 166 -9.35257
206 166 -9.35257
207 166 -9.35257
208 166 -9.35257
209 166 -9.35257
210 166 -9.35257
211 166 -9.35257
212 166 -9.35257
213 166 -9.35257
214 166 -9.35257
215 166 -9.35257
216 166 -9.35257
217 166 -9.35257
218 166 -9.35257
219 166 -9.35257
220 166 -9.35257
221 166 -9.35257
222 166 -9.35257
223 166 -9.35257
224 166 -9.35257
225 166 -9.35257
226 166 -9.35257
227 166 -9.35257
228 166 -9.35257
229 166 -9.35257
230 166 -9.35257
231 166 -9.35257
232 166 -9.35257
233 166 -9.35257
234 166 -9.35257
235 166 -9.35257
236 166 -9.35257
237 166 -9.35257
238 166 -9.35257
239 166 -9.35257
0 167 -9.35257
1 167 -9.35257
2 167 -9.35257
3 167 -9.35257
4 167 -9.35257
5 167 -9.35257
6 167 -9.35257
7 167 -9.35257
8 167 -9.35257
9 167 -9.35257
10 167 -9.35257
11 167 -9.35257
12 167 -9.35257
13 167 -9.35257
14 167 -9.35257
15 167 -9.35257
16 167 -9.35257
17 167 -9.35257
18 167 -9.35257
19 167 -9.35257
20 167 -9.35257
21 167 -9.35257
22 167 -9.35257
23 167 -9.35257
24 167 -9.35257
25 167 -9.35257
26 167 -9.35257
27 167 -9.35257
28 167 -9.35257
29 167 -9.35257
30 167 -9.35257
31 167 -9.35257
32 167 -9.35257
33 167 -9.35257
34 167 -9.35257
35 167 -9.35257
36 167 -9.35257
37 167 -9.35257
38 167 -9.35257
39 167 -9.35257
40 167 -9.35257
41 167 -9.35257
42 167 -9.35257
43 167 -9.35257
44 167 -9.35257
45 167 -9.35257
46 167 -9.35257
47 167 -9.35257
48 167 -9.35257
49 167 -9.35257
50 167 -9.35257
51 167 -9.35257
52 167 -9.35257
53 167 -9.35257
54 167 -9.35257
55 167 -9.35257
56 167 -9.35257
57 167 -9.35257
58 167 -9.35257
59 167 -9.35257
60 167 -9.35257
61 167 -9.35257
62 167 -9.35257
63 167 -9.35257
64 167 -9.35257
65 167 -9.35257
66 167 -9.35257
67 167 -9.35257
68 167 -9.35257
69 167 -9.35257
70 167 -9.35257
71 167 -9.35257
72 167 -9.35257
73 167 -9.35257
74 167 -9.35257
75 167 -9.35257
76 167 -9.35257
77 167 -9.35257
78 167 -9.35257
79 167 -9.35257
80 167 -9.35257
81 167 -9.35257
82 167 -9.35257
83 167 -9.35257
84 167 -9.35257
85 167 -9.35257
86 167 -9.35257
87 167 -9.35257
88 167 -9.35257
89 167 -9.35257
90 167 -9.35257
91 167 -9.35257
92 167 -9.35257
93 167 -9.35257
94 167 -9.35257
95 167 -9.35257
96 167 -9.35257
97 167 -2.97953
98 167 -2.63383
99 167 -2.2899
100 167 -1.9466
101 167 -1.60365
102 167 -1.26096
103 167 -0.919294
104 167 -0.57774
105 167 -0.236375
106 167 0.104996
107 167 0.445581
108 167 0.786291
109 167 1.12713
110 167 1.46708
111 167 1.80651
112 167 2.14572
113 167 2.48487
114 167 2.82418
115 167 3.1628
116 167 3.50268
117 167 3.84257
118 167 4.1828
119 167 4.52257
120 167 4.86279
121 167 5.20329
122 167 4.8501
123 167 4.49486
124 167 4.13995
125 167 3.78482
126 167 3.42965
127 167 3.07482
128 167 2.71984
129 167 2.36523
130 167 2.01097
131 167 1.65649
132 167 1.30242
133 167 0.948536
134 167 0.594305
135 167 0.240233
136 167 -0.113749
137 167 -0.46801
138 167 -0.822208
139 167 -1.17637
140 167 -1.53023
141 167 -1.89243
142 167 -2.08154
143 167 -2.25874
144 167 -9.35257
145 167 -9.35257
146 167 -9.35257
147 167 -9.35257
148 167 -9.35257
149 167 -9.35257
150 167 -9.35257
151 167 -9.35257
152 167 -9.35257
153 167 -9.35257
154 167 -9.35257
155 167 -9.35257
156 167 -9.35257
157 167 -9.35257
158 167 -9.35257
159 167 -9.35257
160 167 -9.35257
161 167 -9.35257
162 167 -9.35257
163 167 -9.35257
164 167 -9.35257
165 167 -9.35257
166 167 -9.35257
167 167 -9.35257
168 167 -9.35257
169 167 -9.35257
170 167 -9.35257
171 167 -9.35257
172 167 -9.35257
173 167 -9.35257
174 167 -9.35257
175 167 -9.35257
176 167 -9.35257
177 167 -9.35257
178 167 -9.35257
179 167 -9.35257
180 167 -9.35257
181 167 -9.35257
182 167 -9.35257
183 167 -9.35257
184 167 -9.35257
185 167 -9.35257
186 167 -9.35257
187 167 -9.35257
188 167 -9.35257
189 167 -9.35257
190 167 -9.35257
191 167 -9.35257
192 167 -9.35257
193 167 -9.35257
194 167 -9.35257
195 167 -9.35257
196 167 -9.35257
197 167 -9.35257
198 167 -9.35257
199 167 -9.35257
200 167 -9.35257
201 167 -9.35257
202 167 -9.35257
203 167 -9.35257
204 167 -9.35257
205 167 -9.35257
206 167 -9.35257
207 167 -9.35257
208 167 -9.35257
209 167 -9.35257
210 167 -9.35257
211 167 -9.35257
212 167 -9.35257
213 167 -9.35257
214 167 -9.35257
215 167 -9.35257
216 167 -9.35257
217 167 -9.35257
218 167 -9.35257
219 167 -9.35257
220 167 -9.35257
221 167 -9.35257
222 167 -9.35257
223 167 -9.35257
224 167 -9.35257
225 167 -9.35257
226 167 -9.35257
227 167 -9.35257
228 167 -9.35257
229 167 -9.35257
230 167 -9.35257
231 167 -9.35257
232 167 -9.35257
233 167 -9.35257
234 167 -9.35257
235 167 -9.35257
236 167 -9.35257
237 167 -9.35257
238 167 -9.35257
239 167 -9.35257
0 168 -9.35257
1 168 -9.35257
2 168 -9.35257
3 168 -9.35257
4 168 -9.35257
5 168 -9.35257
6 168 -9.35257
7 168 -9.35257
8 168 -9.35257
9 168 -9.35257
10 168 -9.35257
11 168 -9.35257
12 168 -9.35257
13 168 -9.35257
14 168 -9.35257
15 168 -9.35257
16 168 -9.35257
17 168 -9.35257
18 168 -9.35257
19 168 -9.35257
20 168 -9.35257
21 168 -9.35257
22 168 -9.35257
23 168 -9.35257
24 168 -9.35257
25 168 -9.35257
26 168 -9.35257
27 168 -9.35257
28 168 -9.35257
29 168 -9.35257
30 168 -9.35257
31 168 -9.35257
32 168 -9.35257
33 168 -9.35257
34 168 -9.35257
35 168 -9.35257
36 168 -9.35257
37 168 -9.35257
38 168 -9.35257
39 168 -9.35257
40 168 -9.35257
41 168 -9.35257
42 168 -9.35257
43 168 -9.35257
44 168 -9.35257
45 168 -9.35257
46 168 -9.35257
47 168 -9.35257
48 168 -9.35257
49 168 -9.35257
50 168 -9.35257
51 168 -9.35257
52 168 -9.35257
53 168 -9.35257
54 168 -9.35257
55 168 -9.35257
56 168 -9.35257
57 168 -9.35257
58 168 -9.35257
59 168 -9.35257
60 168 -9.35257
61 168 -9.35257
62 168 -9.35257
63 168 -9.35257
64 168 -9.35257
65 168 -9.35257
66 168 -9.35257
67 168 -9.35257
68 168 -9.35257
69 168 -9.35257
70 168 -9.35257
71 168 -9.35257
72 168 -9.35257
73 168 -9.35257
74 168 -9.35257
75 168 -9.35257
76 168 -9.35257
77 168 -9.35257
78 168 -9.35257
79 168 -9.35257
80 168 -9.35257
81 168 -9.35257
82 168 -9.35257
83 168 -9.35257
84 168 -9.35257
85 168 -9.35257
86 168 -9.35257
87 168 -9.35257
88 168 -9.35257
89 168 -9.35257
90 168 -9.35257
91 168 -9.35257
92 168 -9.35257
93 168 -9.35257
94 168 -9.35257
95 168 -9.35257
96 168 -9.35257
97 168 -9.35257
98 168 -2.7835
99 168 -2.43869
100 168 -2.09497
101 168 -1.75161
102 168 -1.40851
103 168 -1.06572
104 168 -0.723754
105 168 -0.381975
106 168 -0.0401897
107 168 0.301512
108 168 0.642604
109 168 0.983646
110 168 1.32483
111 168 1.66501
112 168 2.0042
113 168 2.3437
114 168 2.68335
115 168 3.02333
116 168 3.36308
117 168 3.70318
118 168 4.04364
119 168 4.38435
120 168 4.72487
121 168 5.06567
122 168 4.71253
123 168 4.35718
124 168 4.00221
125 168 3.64702
126 168 3.29213
127 168 2.93776
128 168 2.58281
129 168 2.22816
130 168 1.87384
131 168 1.51927
132 168 1.16492
133 168 0.810804
134 168 0.4565
135 168 0.102214
136 168 -0.252285
137 168 -0.606527
138 168 -0.961487
139 168 -1.31655
140 168 -1.66759
141 168 -1.98701
142 168 -2.13467
143 168 -9.35257
144 168 -9.35257
145 168 -9.35257
146 168 -9.35257
147 168 -9.35257
148 168 -9.35257
149 168 -9.35257
150 168 -9.35257
151 168 -9.35257
152 168 -9.35257
153 168 -9.35257
154 168 -9.35257
155 168 -9.35257
156 168 -9.35257
157 168 -9.35257
158 168 -9.35257
159 168 -9.35257
160 168 -9.35257
161 168 -9.35257
162 168 -9.35257
163 168 -9.35257
164 168 -9.35257
165 168 -9.35257
166 168 -9.35257
167 168 -9.35257
168 168 -9.35257
169 168 -9.35257
170 168 -9.35257
171 168 -9.35257
172 168 -9.35257
173 168 -9.35257
174 168 -9.35257
175 168 -9.35257
176 168 -9.35257
177 168 -9.35257
178 168 -9.35257
179 168 -9.35257
180 168 -9.35257
181 168 -9.35257
182 168 -9.35257
183 168 -9.35257
184 168 -9.35257
185 168 -9.35257
186 168 -9.35257
187 168 -9.35257
188 168 -9.35257
189 168 -9.35257
190 168 -9.35257
191 168 -9.35257
192 168 -9.35257
193 168 -9.35257
194 168 -9.35257
195 168 -9.35257
196 168 -9.35257
197 168 -9.35257
198 168 -9.35257
199 168 -9.35257
200 168 -9.35257
201 168 -9.35257
202 168 -9.35257
203 168 -9.35257
204 168 -9.35257
205 168 -9.35257
206 168 -9.35257
207 168 -9.35257
208 168 -9.35257
209 168 -9.35257
210 168 -9.35257
211 168 -9.35257
212 168 -9.35257
213 168 -9.35257
214 168 -9.35257
215 168 -9.35257
216 168 -9.35257
217 168 -9.35257
218 168 -9.35257
219 168 -9.35257
220 168 -9.35257
221 168 -9.35257
222 168 -9.35257
223 168 -9.35257
224 168 -9.35257
225 168 -9.35257
226 168 -9.35257
227 168 -9.35257
228 168 -9.35257
229 168 -9.35257
230 168 -9.35257
231 168 -9.35257
232 168 -9.35257
233 168 -9.35257
234 168 -9.35257
235 168 -9.35257
236 168 -9.35257
237 168 -9.35257
238 168 -9.35257
239 168 -9.35257
0 169 -9.35257
1 169 -9.35257
2 169 -9.35257
3 169 -9.35257
4 169 -9.35257
5 169 -9.35257
6 169 -9.35257
7 169 -9.35257
8 169 -9.35257
9 169 -9.35257
10 169 -9.35257
11 169 -9.35257
12 169 -9.35257
13 169 -9.35257
14 169 -9.35257
15 169 -9.35257
16 169 -9.35257
17 169 -9.35257
18 169 -9.35257
19 169 -9.35257
20 169 -9.35257
21 169 -9.35257
22 169 -9.35257
23 169 -9.35257
24 169 -9.35257
25 169 -9.35257
26 169 -9.35257
27 169 -9.35257
28 169 -9.35257
29 169 -9.35257
30 169 -9.35257
31 169 -9.35257
32 169 -9.35257
33 169 -9.35257
34 169 -9.35257
35 169 -9.35257
36 169 -9.35257
37 169 -9.35257
38 169 -9.35257
39 169 -9.35257
40 169 -9.35257
41 169 -9.35257
42 169 -9.35257
43 169 -9.35257
44 169 -9.35257
45 169 -9.35257
46 169 -9.35257
47 169 -9.35257
48 169 -9.35257
49 169 -9.35257
50 169 -9.35257
51 169 -9.35257
52 169 -9.35257
53 169 -9.35257
54 169 -9.35257
55 169 -9.35257
56 169 -9.35257
57 169 -9.35257
58 169 -9.35257
59 169 -9.35257
60 169 -9.35257
61 169 -9.35257
62 169 -9.35257
63 169 -9.35257
64 169 -9.35257
65 169 -9.35257
66 169 -9.35257
67 169 -9.35257
68 169 -9.35257
69 169 -9.35257
70 169 -9.35257
71 169 -9.35257
72 169 -9.35257
73 169 -9.35257
74 169 -9.35257
75 169 -9.35257
76 169 -9.35257
77 169 -9.35257
78 169 -9.35257
79 169 -9.35257
80 169 -9.35257
81 169 -9.35257
82 169 -9.35257
83 169 -9.35257
84 169 -9.35257
85 169 -9.35257
86 169 -9.35257
87 169 -9.35257
88 169 -9.35257
89 169 -9.35257
90 169 -9.35257
91 169 -9.35257
92 169 -9.35257
93 169 -9.35257
94 169 -9.35257
95 169 -9.35257
96 169 -9.35257
97 169 -9.35257
98 169 -2.93473
99 169 -2.58792
100 169 -2.24299
101 169 -1.8993
102 169 -1.55588
103 169 -1.21275
104 169 -0.869718
105 169 -0.527579
106 169 -0.185431
107 169 0.156642
108 169 0.498827
109 169 0.84002
110 169 1.18124
111 169 1.52222
112 169 1.86239
113 169 2.20221
114 169 2.54219
115 169 2.88252
116 169 3.22313
117 169 3.56342
118 169 3.90407
119 169 4.24491
120 169 4.58601
121 169 4.92739
122 169 4.57419
123 169 4.2189
124 169 3.86408
125 169 3.50892
126 169 3.1541
127 169 2.79968
128 169 2.445
129 169 2.09026
130 169 1.73586
131 169 1.38135
132 169 1.02698
133 169 0.672654
134 169 0.318677
135 169 -0.0355937
136 169 -0.390059
137 169 -0.744824
138 169 -1.10116
139 169 -1.46188
140 169 -1.83916
141 169 -2.03128
142 169 -2.20931
143 169 -9.35257
144 169 -9.35257
145 169 -9.35257
146 169 -9.35257
147 169 -9.35257
148 169 -9.35257
149 169 -9.35257
150 169 -9.35257
151 169 -9.35257
152 169 -9.35257
153 169 -9.35257
154 169 -9.35257
155 169 -9.35257
156 169 -9.35257
157 169 -9.35257
158 169 -9.35257
159 169 -9.35257
160 169 -9.35257
161 169 -9.35257
162 169 -9.35257
163 169 -9.35257
164 169 -9.35257
165 169 -9.35257
166 169 -9.35257
167 169 -9.35257
168 169 -9.35257
169 169 -9.35257
170 169 -9.35257
171 169 -9.35257
172 169 -9.35257
173 169 -9.35257
174 169 -9.35257
175 169 -9.35257
176 169 -9.35257
177 169 -9.35257
178 169 -9.35257
179 169 -9.35257
180 169 -9.35257
181 169 -9.35257
182 169 -9.35257
183 169 -9.35257
184 169 -9.35257
185 169 -9.35257
186 169 -9.35257
187 169 -9.35257
188 169 -9.35257
189 169 -9.35257
190 169 -9.35257
191 169 -9.35257
192 169 -9.35257
193 169 -9.35257
194 169 -9.35257
195 169 -9.35257
196 169 -9.35257
197 169 -9.35257
198 169 -9.35257
199 169 -9.35257
200 169 -9.35257
201 169 -9.35257
202 169 -9.35257
203 169 -9.35257
204 169 -9.35257
205 169 -9.35257
206 169 -9.35257
207 169 -9.35257
208 169 -9.35257
209 169 -9.35257
210 169 -9.35257
211 169 -9.35257
212 169 -9.35257
213 169 -9.35257
214 169 -9.35257
215 169 -9.35257
216 169 -9.35257
217 169 -9.35257
218 169 -9.35257
219 169 -9.35257
220 169 -9.35257
221 169 -9.35257
222 169 -9.35257
223 169 -9.35257
224 169 -9.35257
225 169 -9.35257
226 169 -9.35257
227 169 -9.35257
228 169 -9.35257
229 169 -9.35257
230 169 -9.35257
231 169 -9.35257
232 169 -9.35257
233 169 -9.35257
234 169 -9.35257
235 169 -9.35257
236 169 -9.35257
237 169 -9.35257
238 169 -9.35257
239 169 -9.35257
0 170 -9.35257
1 170 -9.35257
2 170 -9.35257
3 170 -9.35257
4 170 -9.35257
5 170 -9.35257
6 170 -9.35257
7 170 -9.35257
8 170 -9.35257
9 170 -9.35257
10 170 -9.35257
11 170 -9.35257
12 170 -9.35257
13 170 -9.35257
14 170 -9.35257
15 170 -9.35257
16 170 -9.35257
17 170 -9.35257
18 170 -9.35257
19 170 -9.35257
20 170 -9.35257
21 170 -9.35257
22 170 -9.35257
23 170 -9.35257
24 170 -9.35257
25 170 -9.35257
26 170 -9.35257
27 170 -9.35257
28 170 -9.35257
29 170 -9.35257
30 170 -9.35257
31 170 -9.35257
32 170 -9.35257
33 170 -9.35257
34 170 -9.35257
35 170 -9.35257
36 170 -9.35257
37 170 -9.35257
38 170 -9.35257
39 170 -9.35257
40 170 -9.35257
41 170 -9.35257
42 170 -9.35257
43 170 -9.35257
44 170 -9.35257
45 170 -9.35257
46 170 -9.35257
47 170 -9.35257
48 170 -9.35257
49 170 -9.35257
50 170 -9.35257
51 170 -9.35257
52 170 -9.35257
53 170 -9.35257
54 170 -9.35257
55 170 -9.35257
56 170 -9.35257
57 170 -9.35257
58 170 -9.35257
59 170 -9.35257
60 170 -9.35257
61 170 -9.35257
62 170 -9.35257
63 170 -9.35257
64 170 -9.35257
65 170 -9.35257
66 170 -9.35257
67 170 -9.35257
68 170 -9.35257
69 170 -9.35257
70 170 -9.35257
71 170 -9.35257
72 170 -9.35257
73 170 -9.35257
74 170 -9.35257
75 170 -9.35257
76 170 -9.35257
77 170 -9.35257
78 170 -9.35257
79 170 -9.35257
80 170 -9.35257
81 170 -9.35257
82 170 -9.35257
83 170 -9.35257
84 170 -9.35257
85 170 -9.35257
86 170 -9.35257
87 170 -9.35257
88 170 -9.35257
89 170 -9.35257
90 170 -9.35257
91 170 -9.35257
92 170 -9.35257
93 170 -9.35257
94 170 -9.35257
95 170 -9.35257
96 170 -9.35257
97 170 -9.35257
98 170 -9.35257
99 170 -2.73542
100 170 -2.39117
101 170 -2.04674
102 170 -1.70309
103 170 -1.35967
104 170 -1.01634
105 170 -0.673195
106 170 -0.330735
107 170 0.0116606
108 170 0.353863
109 170 0.695742
110 170 1.03717
111 170 1.37886
112 170 1.71953
113 170 2.06039
114 170 2.40068
115 170 2.74129
116 170 3.08211
117 170 3.4233
118 170 3.76415
119 170 4.10523
120 170 4.44669
121 170 4.78851
122 170 4.43542
123 170 4.08016
124 170 3.7252
125 170 3.36998
126 170 3.01519
127 170 2.66075
128 170 2.30605
129 170 1.95156
130 170 1.59738
131 170 1.24329
132 170 0.888979
133 170 0.534688
134 170 0.180653
135 170 -0.173701
136 170 -0.528029
137 170 -0.882366
138 170 -1.23707
139 170 -1.59215
140 170 -1.94605
141 170 -2.08962
142 170 -9.35257
143 170 -9.35257
144 170 -9.35257
145 170 -9.35257
146 170 -9.35257
147 170 -9.35257
148 170 -9.35257
149 170 -9.35257
150 170 -9.35257
151 170 -9.35257
152 170 -9.35257
153 170 -9.35257
154 170 -9.35257
155 170 -9.35257
156 170 -9.35257
157 170 -9.35257
158 170 -9.35257
159 170 -9.35257
160 170 -9.35257
161 170 -9.35257
162 170 -9.35257
163 170 -9.35257
164 170 -9.35257
165 170 -9.35257
166 170 -9.35257
167 170 -9.35257
168 170 -9.35257
169 170 -9.35257
170 170 -9.35257
171 170 -9.35257
172 170 -9.35257
173 170 -9.35257
174 170 -9.35257
175 170 -9.35257
176 170 -9.35257
177 170 -9.35257
178 170 -9.35257
179 170 -9.35257
180 170 -9.35257
181 170 -9.35257
182 170 -9.35257
183 170 -9.35257
184 170 -9.35257
185 170 -9.35257
186 170 -9.35257
187 170 -9.35257
188 170 -9.35257
189 170 -9.35257
190 170 -9.35257
191 170 -9.35257
192 170 -9.35257
193 170 -9.35257
194 170 -9.35257
195 170 -9.35257
196 170 -9.35257
197 170 -9.35257
198 170 -9.35257
199 170 -9.35257
200 170 -9.35257
201 170 -9.35257
202 170 -9.35257
203 170 -9.35257
204 170 -9.35257
205 170 -9.35257
206 170 -9.35257
207 170 -9.35257
208 170 -9.35257
209 170 -9.35257
210 170 -9.35257
211 170 -9.35257
212 170 -9.35257
213 170 -9.35257
214 170 -9.35257
215 170 -9.35257
216 170 -9.35257
217 170 -9.35257
218 170 -9.35257
219 170 -9.35257
220 170 -9.35257
221 170 -9.35257
222 170 -9.35257
223 170 -9.35257
224 170 -9.35257
225 170 -9.35257
226 170 -9.35257
227 170 -9.35257
228 170 -9.35257
229 170 -9.35257
230 170 -9.35257
231 170 -9.35257
232 170 -9.35257
233 170 -9.35257
234 170 -9.35257
235 170 -9.35257
236 170 -9.35257
237 170 -9.35257
238 170 -9.35257
239 170 -9.35257
0 171 -9.35257
1 171 -9.35257
2 171 -9.35257
3 171 -9.35257
4 171 -9.35257
5 171 -9.35257
6 171 -9.35257
7 171 -9.35257
8 171 -9.35257
9 171 -9.35257
10 171 -9.35257
11 171 -9.35257
12 171 -9.35257
13 171 -9.35257
14 171 -9.35257
15 171 -9.35257
16 171 -9.35257
17 171 -9.35257
18 171 -9.35257
19 171 -9.35257
20 171 -9.35257
21 171 -9.35257
22 171 -9.35257
23 171 -9.35257
24 171 -9.35257
25 171 -9.35257
26 171 -9.35257
27 171 -9.35257
28 171 -9.35257
29 171 -9.35257
30 171 -9.35257
31 171 -9.35257
32 171 -9.35257
33 171 -9.35257
34 171 -9.35257
35 171 -9.35257
36 171 -9.35257
37 171 -9.35257
38 171 -9.35257
39 171 -9.35257
40 171 -9.35257
41 171 -9.35257
42 171 -9.35257
43 171 -9.35257
44 171 -9.35257
45 171 -9.35257
46 171 -9.35257
47 171 -9.35257
48 171 -9.35257
49 171 -9.35257
50 171 -9.35257
51 171 -9.35257
52 171 -9.35257
53 171 -9.35257
54 171 -9.35257
55 171 -9.35257
56 171 -9.35257
57 171 -9.35257
58 171 -9.35257
59 171 -9.35257
60 171 -9.35257
61 171 -9.35257
62 171 -9.35257
63 171 -9.35257
64 171 -9.35257
65 171 -9.35257
66 171 -9.35257
67 171 -9.35257
68 171 -9.35257
69 171 -9.35257
70 171 -9.35257
71 171 -9.35257
72 171 -9.35257
73 171 -9.35257
74 171 -9.35257
75 171 -9.35257
76 171 -9.35257
77 171 -9.35257
78 171 -9.35257
79 171 -9.35257
80 171 -9.35257
81 171 -9.35257
82 171 -9.35257
83 171 -9.35257
84 171 -9.35257
85 171 -9.35257
86 171 -9.35257
87 171 -9.35257
88 171 -9.35257
89 171 -9.35257
90 171 -9.35257
91 171 -9.35257
92 171 -9.35257
93 171 -9.35257
94 171 -9.35257
95 171 -9.35257
96 171 -9.35257
97 171 -9.35257
98 171 -9.35257
99 171 -2.88405
100 171 -2.53952
101 171 -2.19482
102 171 -1.85019
103 171 -1.50651
104 171 -1.16291
105 171 -0.81954
106 171 -0.476113
107 171 -0.133754
108 171 0.208367
109 171 0.550503
110 171 0.892832
111 171 1.23465
112 171 1.57646
113 171 1.91761
114 171 2.25885
115 171 2.59969
116 171 2.94071
117 171 3.2821
118 171 3.62386
119 171 3.96515
120 171 4.30687
121 171 4.64885
122 171 4.29583
123 171 3.94062
124 171 3.58574
125 171 3.23061
126 171 2.87592
127 171 2.52146
128 171 2.1669
129 171 1.81254
130 171 1.45837
131 171 1.10449
132 171 0.750474
133 171 0.396251
134 171 0.042344
135 171 -0.311836
136 171 -0.665991
137 171 -1.02014
138 171 -1.37462
139 171 -1.72411
140 171 -2.03627
141 171 -2.17412
142 171 -9.35257
143 171 -9.35257
144 171 -9.35257
145 171 -9.35257
146 171 -9.35257
147 171 -9.35257
148 171 -9.35257
149 171 -9.35257
150 171 -9.35257
151 171 -9.35257
152 171 -9.35257
153 171 -9.35257
154 171 -9.35257
155 171 -9.35257
156 171 -9.35257
157 171 -9.35257
158 171 -9.35257
159 171 -9.35257
160 171 -9.35257
161 171 -9.35257
162 171 -9.35257
163 171 -9.35257
164 171 -9.35257
165 171 -9.35257
166 171 -9.35257
167 171 -9.35257
168 171 -9.35257
169 171 -9.35257
170 171 -9.35257
171 171 -9.35257
172 171 -9.35257
173 171 -9.35257
174 171 -9.35257
175 171 -9.35257
176 171 -9.35257
177 171 -9.35257
178 171 -9.35257
179 171 -9.35257
180 171 -9.35257
181 171 -9.35257
182 171 -9.35257
183 171 -9.35257
184 171 -9.35257
185 171 -9.35257
186 171 -9.35257
187 171 -9.35257
188 171 -9.35257
189 171 -9.35257
190 171 -9.35257
191 171 -9.35257
192 171 -9.35257
193 171 -9.35257
194 171 -9.35257
195 171 -9.35257
196 171 -9.35257
197 171 -9.35257
198 171 -9.35257
199 171 -9.35257
200 171 -9.35257
201 171 -9.35257
202 171 -9.35257
203 171 -9.35257
204 171 -9.35257
205 171 -9.35257
206 171 -9.35257
207 171 -9.35257
208 171 -9.35257
209 171 -9.35257
210 171 -9.35257
211 171 -9.35257
212 171 -9.35257
213 171 -9.35257
214 171 -9.35257
215 171 -9.35257
216 171 -9.35257
217 171 -9.35257
218 171 -9.35257
219 171 -9.35257
220 171 -9.35257
221 171 -9.35257
222 171 -9.35257
223 171 -9.35257
224 171 -9.35257
225 171 -9.35257
226 171 -9.35257
227 171 -9.35257
228 171 -9.35257
229 171 -9.35257
230 171 -9.35257
231 171 -9.35257
232 171 -9.35257
233 171 -9.35257
234 171 -9.35257
235 171 -9.35257
236 171 -9.35257
237 171 -9.35257
238 171 -9.35257
239 171 -9.35257
0 172 -9.35257
1 172 -9.35257
2 172 -9.35257
3 172 -9.35257
4 172 -9.35257
5 172 -9.35257
6 172 -9.35257
7 172 -9.35257
8 172 -9.35257
9 172 -9.35257
10 172 -9.35257
11 172 -9.35257
12 172 -9.35257
13 172 -9.35257
14 172 -9.35257
15 172 -9.35257
16 172 -9.35257
17 172 -9.35257
18 172 -9.35257
19 172 -9.35257
20 172 -9.35257
21 172 -9.35257
22 172 -9.35257
23 172 -9.35257
24 172 -9.35257
25 172 -9.35257
26 172 -9.35257
27 172 -9.35257
28 172 -9.35257
29 172 -9.35257
30 172 -9.35257
31 172 -9.35257
32 172 -9.35257
33 172 -9.35257
34 172 -9.35257
35 172 -9.35257
36 172 -9.35257
37 172 -9.35257
38 172 -9.35257
39 172 -9.35257
40 172 -9.35257
41 172 -9.35257
42 172 -9.35257
43 172 -9.35257
44 172 -9.35257
45 172 -9.35257
46 172 -9.35257
47 172 -9.35257
48 172 -9.35257
49 172 -9.35257
50 172 -9.35257
51 172 -9.35257
52 172 -9.35257
53 172 -9.35257
54 172 -9.35257
55 172 -9.35257
56 172 -9.35257
57 172 -9.35257
58 172 -9.35257
59 172 -9.35257
60 172 -9.35257
61 172 -9.35257
62 172 -9.35257
63 172 -9.35257
64 172 -9.35257
65 172 -9.35257
66 172 -9.35257
67 172 -9.35257
68 172 -9.35257
69 172 -9.35257
70 172 -9.35257
71 172 -9.35257
72 172 -9.35257
73 172 -9.35257
74 172 -9.35257
75 172 -9.35257
76 172 -9.35257
77 172 -9.35257
78 172 -9.35257
79 172 -9.35257
80 172 -9.35257
81 172 -9.35257
82 172 -9.35257
83 172 -9.35257
84 172 -9.35257
85 172 -9.35257
86 172 -9.35257
87 172 -9.35257
88 172 -9.35257
89 172 -9.35257
90 172 -9.35257
91 172 -9.35257
92 172 -9.35257
93 172 -9.35257
94 172 -9.35257
95 172 -9.35257
96 172 -9.35257
97 172 -9.35257
98 172 -9.35257
99 172 -3.03411
100 172 -2.68803
101 172 -2.34284
102 172 -1.99791
103 172 -1.65325
104 172 -1.30938
105 172 -0.965947
106 172 -0.6226
107 172 -0.279644
108 172 0.0627133
109 172 0.40507
110 172 0.747595
111 172 1.0903
112 172 1.43234
113 172 1.77457
114 172 2.11602
115 172 2.45774
116 172 2.79896
117 172 3.14053
118 172 3.48247
119 172 3.82466
120 172 4.16663
121 172 4.50879
122 172 4.15592
123 172 3.80075
124 172 3.4459
125 172 3.09081
126 172 2.73594
127 172 2.38118
128 172 2.02705
129 172 1.67285
130 172 1.31885
131 172 0.965209
132 172 0.611198
133 172 0.257497
134 172 -0.0962985
135 172 -0.450491
136 172 -0.804454
137 172 -1.15931
138 172 -1.51889
139 172 -1.89341
140 172 -2.08174
141 172 -2.25594
142 172 -9.35257
143 172 -9.35257
144 172 -9.35257
145 172 -9.35257
146 172 -9.35257
147 172 -9.35257
148 172 -9.35257
149 172 -9.35257
150 172 -9.35257
151 172 -9.35257
152 172 -9.35257
153 172 -9.35257
154 172 -9.35257
155 172 -9.35257
156 172 -9.35257
157 172 -9.35257
158 172 -9.35257
159 172 -9.35257
160 172 -9.35257
161 172 -9.35257
162 172 -9.35257
163 172 -9.35257
164 172 -9.35257
165 172 -9.35257
166 172 -9.35257
167 172 -9.35257
168 172 -9.35257
169 172 -9.35257
170 172 -9.35257
171 172 -9.35257
172 172 -9.35257
173 172 -9.35257
174 172 -9.35257
175 172 -9.35257
176 172 -9.35257
177 172 -9.35257
178 172 -9.35257
179 172 -9.35257
180 172 -9.35257
181 172 -9.35257
182 172 -9.35257
183 172 -9.35257
184 172 -9.35257
185 172 -9.35257
186 172 -9.35257
187 172 -9.35257
188 172 -9.35257
189 172 -9.35257
190 172 -9.35257
191 172 -9.35257
192 172 -9.35257
193 172 -9.35257
194 172 -9.35257
195 172 -9.35257
196 172 -9.35257
197 172 -9.35257
198 172 -9.35257
199 172 -9.35257
200 172 -9.35257
201 172 -9.35257
202 172 -9.35257
203 172 -9.35257
204 172 -9.35257
205 172 -9.35257
206 172 -9.35257
207 172 -9.35257
208 172 -9.35257
209 172 -9.35257
210 172 -9.35257
211 172 -9.35257
212 172 -9.35257
213 172 -9.35257
214 172 -9.35257
215 172 -9.35257
216 172 -9.35257
217 172 -9.35257
218 172 -9.35257
219 172 -9.35257
220 172 -9.35257
221 172 -9.35257
222 172 -9.35257
223 172 -9.35257
224 172 -9.35257
225 172 -9.35257
226 172 -9.35257
227 172 -9.35257
228 172 -9.35257
229 172 -9.35257
230 172 -9.35257
231 172 -9.35257
232 172 -9.35257
233 172 -9.35257
234 172 -9.35257
235 172 -9.35257
236 172 -9.35257
237 172 -9.35257
238 172 -9.35257
239 172 -9.35257
0 173 -9.35257
1 173 -9.35257
2 173 -9.35257
3 173 -9.35257
4 173 -9.35257
5 173 -9.35257
6 173 -9.35257
7 173 -9.35257
8 173 -9.35257
9 173 -9.35257
10 173 -9.35257
11 173 -9.35257
12 173 -9.35257
13 173 -9.35257
14 173 -9.35257
15 173 -9.35257
16 173 -9.35257
17 173 -9.35257
18 173 -9.35257
19 173 -9.35257
20 173 -9.35257
21 173 -9.35257
22 173 -9.35257
23 173 -9.35257
24 173 -9.35257
25 173 -9.35257
26 173 -9.35257
27 173 -9.35257
28 173 -9.35257
29 173 -9.35257
30 173 -9.35257
31 173 -9.35257
32 173 -9.35257
33 173 -9.35257
34 173 -9.35257
35 173 -9.35257
36 173 -9.35257
37 173 -9.35257
38 173 -9.35257
39 173 -9.35257
40 173 -9.35257
41 173 -9.35257
42 173 -9.35257
43 173 -9.35257
44 173 -9.35257
45 173 -9.35257
46 173 -9.35257
47 173 -9.35257
48 173 -9.35257
49 173 -9.35257
50 173 -9.35257
51 173 -9.35257
52 173 -9.35257
53 173 -9.35257
54 173 -9.35257
55 173 -9.35257
56 173 -9.35257
57 173 -9.35257
58 173 -9.35257
59 173 -9.35257
60 173 -9.35257
61 173 -9.35257
62 173 -9.35257
63 173 -9.35257
64 173 -9.35257
65 173 -9.35257
66 173 -9.35257
67 173 -9.35257
68 173 -9.35257
69 173 -9.35257
70 173 -9.35257
71 173 -9.35257
72 173 -9.35257
73 173 -9.35257
74 173 -9.35257
75 173 -9.35257
76 173 -9.35257
77 173 -9.35257
78 173 -9.35257
79 173 -9.35257
80 173 -9.35257
81 173 -9.35257
82 173 -9.35257
83 173 -9.35257
84 173 -9.35257
85 173 -9.35257
86 173 -9.35257
87 173 -9.35257
88 173 -9.35257
89 173 -9.35257
90 173 -9.35257
91 173 -9.35257
92 173 -9.35257
93 173 -9.35257
94 173 -9.35257
95 173 -9.35257
96 173 -9.35257
97 173 -9.35257
98 173 -9.35257
99 173 -9.35257
100 173 -2.83566
101 173 -2.49058
102 173 -2.14548
103 173 -1.80064
104 173 -1.45617
105 173 -1.1129
106 173 -0.769548
107 173 -0.426353
108 173 -0.0830809
109 173 0.259468
110 173 0.602175
111 173 0.945066
112 173 1.28801
113 173 1.63046
114 173 1.97291
115 173 2.31475
116 173 2.65684
117 173 2.99858
118 173 3.34068
119 173 3.68298
120 173 4.02551
121 173 4.36837
122 173 4.01531
123 173 3.66008
124 173 3.30521
125 173 2.95028
126 173 2.59563
127 173 2.24129
128 173 1.88725
129 173 1.53298
130 173 1.17897
131 173 0.825195
132 173 0.471115
133 173 0.11736
134 173 -0.236109
135 173 -0.58959
136 173 -0.942645
137 173 -1.29588
138 173 -1.64823
139 173 -1.99985
140 173 -2.14244
141 173 -9.35257
142 173 -9.35257
143 173 -9.35257
144 173 -9.35257
145 173 -9.35257
146 173 -9.35257
147 173 -9.35257
148 173 -9.35257
149 173 -9.35257
150 173 -9.35257
151 173 -9.35257
152 173 -9.35257
153 173 -9.35257
154 173 -9.35257
155 173 -9.35257
156 173 -9.35257
157 173 -9.35257
158 173 -9.35257
159 173 -9.35257
160 173 -9.35257
161 173 -9.35257
162 173 -9.35257
163 173 -9.35257
164 173 -9.35257
165 173 -9.35257
166 173 -9.35257
167 173 -9.35257
168 173 -9.35257
169 173 -9.35257
170 173 -9.35257
171 173 -9.35257
172 173 -9.35257
173 173 -9.35257
174 173 -9.35257
175 173 -9.35257
176 173 -9.35257
177 173 -9.35257
178 173 -9.35257
179 173 -9.35257
180 173 -9.35257
181 173 -9.35257
182 173 -9.35257
183 173 -9.35257
184 173 -9.35257
185 173 -9.35257
186 173 -9.35257
187 173 -9.35257
188 173 -9.35257
189 173 -9.35257
190 173 -9.35257
191 173 -9.35257
192 173 -9.35257
193 173 -9.35257
194 173 -9.35257
195 173 -9.35257
196 173 -9.35257
197 173 -9.35257
198 173 -9.35257
199 173 -9.35257
200 173 -9.35257
201 173 -9.35257
202 173 -9.35257
203 173 -9.35257
204 173 -9.35257
205 173 -9.35257
206 173 -9.35257
207 173 -9.35257
208 173 -9.35257
209 173 -9.35257
210 173 -9.35257
211 173 -9.35257
212 173 -9.35257
213 173 -9.35257
214 173 -9.35257
215 173 -9.35257
216 173 -9.35257
217 173 -9.35257
218 173 -9.35257
219 173 -9.35257
220 173 -9.35257
221 173 -9.35257
222 173 -9.35257
223 173 -9.35257
224 173 -9.35257
225 173 -9.35257
226 173 -9.35257
227 173 -9.35257
228 173 -9.35257
229 173 -9.35257
230 173 -9.35257
231 173 -9.35257
232 173 -9.35257
233 173 -9.35257
234 173 -9.35257
235 173 -9.35257
236 173 -9.35257
237 173 -9.35257
238 173 -9.35257
239 173 -9.35257
0 174 -9.35257
1 174 -9.35257
2 174 -9.35257
3 174 -9.35257
4 174 -9.35257
5 174 -9.35257
6 174 -9.35257
7 174 -9.35257
8 174 -9.35257
9 174 -9.35257
10 174 -9.35257
11 174 -9.35257
12 174 -9.35257
13 174 -9.35257
14 174 -9.35257
15 174 -9.35257
16 174 -9.35257
17 174 -9.35257
18 174 -9.35257
19 174 -9.35257
20 174 -9.35257
21 174 -9.35257
22 174 -9.35257
23 174 -9.35257
24 174 -9.35257
25 174 -9.35257
26 174 -9.35257
27 174 -9.35257
28 174 -9.35257
29 174 -9.35257
30 174 -9.35257
31 174 -9.35257
32 174 -9.35257
33 174 -9.35257
34 174 -9.35257
35 174 -9.35257
36 174 -9.35257
37 174 -9.35257
38 174 -9.35257
39 174 -9.35257
40 174 -9.35257
41 174 -9.35257
42 174 -9.35257
43 174 -9.35257
44 174 -9.35257
45 174 -9.35257
46 174 -9.35257
47 174 -9.35257
48 174 -9.35257
49 174 -9.35257
50 174 -9.35257
51 174 -9.35257
52 174 -9.35257
53 174 -9.35257
54 174 -9.35257
55 174 -9.35257
56 174 -9.35257
57 174 -9.35257
58 174 -9.35257
59 174 -9.35257
60 174 -9.35257
61 174 -9.35257
62 174 -9.35257
63 174 -9.35257
64 174 -9.35257
65 174 -9.35257
66 174 -9.35257
67 174 -9.35257
68 174 -9.35257
69 174 -9.35257
70 174 -9.35257
71 174 -9.35257
72 174 -9.35257
73 174 -9.35257
74 174 -9.35257
75 174 -9.35257
76 174 -9.35257
77 174 -9.35257
78 174 -9.35257
79 174 -9.35257
80 174 -9.35257
81 174 -9.35257
82 174 -9.35257
83 174 -9.35257
84 174 -9.35257
85 174 -9.35257
86 174 -9.35257
87 174 -9.35257
88 174 -9.35257
89 174 -9.35257
90 174 -9.35257
91 174 -9.35257
92 174 -9.35257
93 174 -9.35257
94 174 -9.35257
95 174 -9.35257
96 174 -9.35257
97 174 -9.35257
98 174 -9.35257
99 174 -9.35257
100 174 -2.98579
101 174 -2.63835
102 174 -2.29294
103 174 -1.94827
104 174 -1.60403
105 174 -1.25992
106 174 -0.916482
107 174 -0.573138
108 174 -0.229709
109 174 0.113706
110 174 0.456573
111 174 0.799631
112 174 1.14277
113 174 1.48619
114 174 1.82917
115 174 2.17136
116 174 2.51366
117 174 2.85628
118 174 3.19855
119 174 3.54106
120 174 3.88393
121 174 4.22709
122 174 3.87414
123 174 3.51904
124 174 3.16395
125 174 2.8095
126 174 2.45499
127 174 2.10063
128 174 1.74659
129 174 1.39233
130 174 1.03836
131 174 0.684661
132 174 0.330709
133 174 -0.0230626
134 174 -0.376515
135 174 -0.730097
136 174 -1.08313
137 174 -1.43446
138 174 -1.77878
139 174 -2.0889
140 174 -2.22676
141 174 -9.35257
142 174 -9.35257
143 174 -9.35257
144 174 -9.35257
145 174 -9.35257
146 174 -9.35257
147 174 -9.35257
148 174 -9.35257
149 174 -9.35257
150 174 -9.35257
151 174 -9.35257
152 174 -9.35257
153 174 -9.35257
154 174 -9.35257
155 174 -9.35257
156 174 -9.35257
157 174 -9.35257
158 174 -9.35257
159 174 -9.35257
160 174 -9.35257
161 174 -9.35257
162 174 -9.35257
163 174 -9.35257
164 174 -9.35257
165 174 -9.35257
166 174 -9.35257
167 174 -9.35257
168 174 -9.35257
169 174 -9.35257
170 174 -9.35257
171 174 -9.35257
172 174 -9.35257
173 174 -9.35257
174 174 -9.35257
175 174 -9.35257
176 174 -9.35257
177 174 -9.35257
178 174 -9.35257
179 174 -9.35257
180 174 -9.35257
181 174 -9.35257
182 174 -9.35257
183 174 -9.35257
184 174 -9.35257
185 174 -9.35257
186 174 -9.35257
187 174 -9.35257
188 174 -9.35257
189 174 -9.35257
190 174 -9.35257
191 174 -9.35257
192 174 -9.35257
193 174 -9.35257
194 174 -9.35257
195 174 -9.35257
196 174 -9.35257
197 174 -9.35257
198 174 -9.35257
199 174 -9.35257
200 174 -9.35257
201 174 -9.35257
202 174 -9.35257
203 174 -9.35257
204 174 -9.35257
205 174 -9.35257
206 174 -9.35257
207 174 -9.35257
208 174 -9.35257
209 174 -9.35257
210 174 -9.35257
211 174 -9.35257
212 174 -9.35257
213 174 -9.35257
214 174 -9.35257
215 174 -9.35257
216 174 -9.35257
217 174 -9.35257
218 174 -9.35257
219 174 -9.35257
220 174 -9.35257
221 174 -9.35257
222 174 -9.35257
223 174 -9.35257
224 174 -9.35257
225 174 -9.35257
226 174 -9.35257
227 174 -9.35257
228 174 -9.35257
229 174 -9.35257
230 174 -9.35257
231 174 -9.35257
232 174 -9.35257
233 174 -9.35257
234 174 -9.35257
235 174 -9.35257
236 174 -9.35257
237 174 -9.35257
238 174 -9.35257
239 174 -9.35257
0 175 -9.35257
1 175 -9.35257
2 175 -9.35257
3 175 -9.35257
4 175 -9.35257
5 175 -9.35257
6 175 -9.35257
7 175 -9.35257
8 175 -9.35257
9 175 -9.35257
10 175 -9.35257
11 175 -9.35257
12 175 -9.35257
13 175 -9.35257
14 175 -9.35257
15 175 -9.35257
16 175 -9.35257
17 175 -9.35257
18 175 -9.35257
19 175 -9.35257
20 175 -9.35257
21 175 -9.35257
22 175 -9.35257
23 175 -9.35257
24 175 -9.35257
25 175 -9.35257
26 175 -9.35257
27 175 -9.35257
28 175 -9.35257
29 175 -9.35257
30 175 -9.35257
31 175 -9.35257
32 175 -9.35257
33 175 -9.35257
34 175 -9.35257
35 175 -9.35257
36 175 -9.35257
37 175 -9.35257
38 175 -9.35257
39 175 -9.35257
40 175 -9.35257
41 175 -9.35257
42 175 -9.35257
43 175 -9.35257
44 175 -9.35257
45 175 -9.35257
46 175 -9.35257
47 175 -9.35257
48 175 -9.35257
49 175 -9.35257
50 175 -9.35257
51 175 -9.35257
52 175 -9.35257
53 175 -9.35257
54 175 -9.35257
55 175 -9.35257
56 175 -9.35257
57 175 -9.35257
58 175 -9.35257
59 175 -9.35257
60 175 -9.35257
61 175 -9.35257
62 175 -9.35257
63 175 -9.35257
64 175 -9.35257
65 175 -9.35257
66 175 -9.35257
67 175 -9.35257
68 175 -9.35257
69 175 -9.35257
70 175 -9.35257
71 175 -9.35257
72 175 -9.35257
73 175 -9.35257
74 175 -9.35257
75 175 -9.35257
76 175 -9.35257
77 175 -9.35257
78 175 -9.35257
79 175 -9.35257
80 175 -9.35257
81 175 -9.35257
82 175 -9.35257
83 175 -9.35257
84 175 -9.35257
85 175 -9.35257
86 175 -9.35257
87 175 -9.35257
88 175 -9.35257
89 175 -9.35257
90 175 -9.35257
91 175 -9.35257
92 175 -9.35257
93 175 -9.35257
94 175 -9.35257
95 175 -9.35257
96 175 -9.35257
97 175 -9.35257
98 175 -9.35257
99 175 -9.35257
100 175 -9.35257
101 175 -2.78551
102 175 -2.44042
103 175 -2.09619
104 175 -1.75189
105 175 -1.40769
106 175 -1.06346
107 175 -0.720009
108 175 -0.376463
109 175 -0.0329243
110 175 0.31078
111 175 0.653973
112 175 0.997252
113 175 1.3408
114 175 1.68449
115 175 2.0277
116 175 2.37016
117 175 2.71292
118 175 3.05603
119 175 3.39877
120 175 3.7419
121 175 4.08542
122 175 3.73261
123 175 3.37748
124 175 3.02262
125 175 2.66826
126 175 2.3137
127 175 1.95944
128 175 1.60552
129 175 1.25141
130 175 0.897476
131 175 0.543768
132 175 0.189623
133 175 -0.164303
134 175 -0.517898
135 175 -0.872278
136 175 -1.22707
137 175 -1.58161
138 175 -1.94355
139 175 -2.13146
140 175 -2.30765
141 175 -9.35257
142 175 -9.35257
143 175 -9.35257
144 175 -9.35257
145 175 -9.35257
146 175 -9.35257
147 175 -9.35257
148 175 -9.35257
149 175 -9.35257
150 175 -9.35257
151 175 -9.35257
152 175 -9.35257
153 175 -9.35257
154 175 -9.35257
155 175 -9.35257
156 175 -9.35257
157 175 -9.35257
158 175 -9.35257
159 175 -9.35257
160 175 -9.35257
161 175 -9.35257
162 175 -9.35257
163 175 -9.35257
164 175 -9.35257
165 175 -9.35257
166 175 -9.35257
167 175 -9.35257
168 175 -9.35257
169 175 -9.35257
170 175 -9.35257
171 175 -9.35257
172 175 -9.35257
173 175 -9.35257
174 175 -9.35257
175 175 -9.35257
176 175 -9.35257
177 175 -9.35257
178 175 -9.35257
179 175 -9.35257
180 175 -9.35257
181 175 -9.35257
182 175 -9.35257
183 175 -9.35257
184 175 -9.35257
185 175 -9.35257
186 175 -9.35257
187 175 -9.35257
188 175 -9.35257
189 175 -9.35257
190 175 -9.35257
191 175 -9.35257
192 175 -9.35257
193 175 -9.35257
194 175 -9.35257
195 175 -9.35257
196 175 -9.35257
197 175 -9.35257
198 175 -9.35257
199 175 -9.35257
200 175 -9.35257
201 175 -9.35257
202 175 -9.35257
203 175 -9.35257
204 175 -9.35257
205 175 -9.35257
206 175 -9.35257
207 175 -9.35257
208 175 -9.35257
209 175 -9.35257
210 175 -9.35257
211 175 -9.35257
212 175 -9.35257
213 175 -9.35257
214 175 -9.35257
215 175 -9.35257
216 175 -9.35257
217 175 -9.35257
218 175 -9.35257
219 175 -9.35257
220 175 -9.35257
221 175 -9.35257
222 175 -9.35257
223 175 -9.35257
224 175 -9.35257
225 175 -9.35257
226 175 -9.35257
227 175 -9.35257
228 175 -9.35257
229 175 -9.35257
230 175 -9.35257
231 175 -9.35257
232 175 -9.35257
233 175 -9.35257
234 175 -9.35257
235 175 -9.35257
236 175 -9.35257
237 175 -9.35257
238 175 -9.35257
239 175 -9.35257
0 176 -9.35257
1 176 -9.35257
2 176 -9.35257
3 176 -9.35257
4 176 -9.35257
5 176 -9.35257
6 176 -9.35257
7 176 -9.35257
8 176 -9.35257
9 176 -9.35257
10 176 -9.35257
11 176 -9.35257
12 176 -9.35257
13 176 -9.35257
14 176 -9.35257
15 176 -9.35257
16 176 -9.35257
17 176 -9.35257
18 176 -9.35257
19 176 -9.35257
20 176 -9.35257
21 176 -9.35257
22 176 -9.35257
23 176 -9.35257
24 176 -9.35257
25 176 -9.35257
26 176 -9.35257
27 176 -9.35257
28 176 -9.35257
29 176 -9.35257
30 176 -9.35257
31 176 -9.35257
32 176 -9.35257
33 176 -9.35257
34 176 -9.35257
35 176 -9.35257
36 176 -9.35257
37 176 -9.35257
38 176 -9.35257
39 176 -9.35257
40 176 -9.35257
41 176 -9.35257
42 176 -9.35257
43 176 -9.35257
44 176 -9.35257
45 176 -9.35257
46 176 -9.35257
47 176 -9.35257
48 176 -9.35257
49 176 -9.35257
50 176 -9.35257
51 176 -9.35257
52 176 -9.35257
53 176 -9.35257
54 176 -9.35257
55 176 -9.35257
56 176 -9.35257
57 176 -9.35257
58 176 -9.35257
59 176 -9.35257
60 176 -9.35257
61 176 -9.35257
62 176 -9.35257
63 176 -9.35257
64 176 -9.35257
65 176 -9.35257
66 176 -9.35257
67 176 -9.35257
68 176 -9.35257
69 176 -9.35257
70 176 -9.35257
71 176 -9.35257
72 176 -9.35257
73 176 -9.35257
74 176 -9.35257
75 176 -9.35257
76 176 -9.35257
77 176 -9.35257
78 176 -9.35257
79 176 -9.35257
80 176 -9.35257
81 176 -9.35257
82 176 -9.35257
83 176 -9.35257
84 176 -9.35257
85 176 -9.35257
86 176 -9.35257
87 176 -9.35257
88 176 -9.35257
89 176 -9.35257
90 176 -9.35257
91 176 -9.35257
92 176 -9.35257
93 176 -9.35257
94 176 -9.35257
95 176 -9.35257
96 176 -9.35257
97 176 -9.35257
98 176 -9.35257
99 176 -9.35257
100 176 -9.35257
101 176 -2.9344
102 176 -2.5893
103 176 -2.24418
104 176 -1.89977
105 176 -1.55551
106 176 -1.21121
107 176 -0.866976
108 176 -0.523349
109 176 -0.17972
110 176 0.16408
111 176 0.508084
112 176 0.851469
113 176 1.19511
114 176 1.53888
115 176 1.88291
116 176 2.22636
117 176 2.5692
118 176 2.91233
119 176 3.25556
120 176 3.59931
121 176 3.94266
122 176 3.5904
123 176 3.23542
124 176 2.88079
125 176 2.52662
126 176 2.17211
127 176 1.81791
128 176 1.46403
129 176 1.10981
130 176 0.755872
131 176 0.402203
132 176 0.0481025
133 176 -0.305873
134 176 -0.659735
135 176 -1.01557
136 176 -1.37126
137 176 -1.72246
138 176 -2.04068
139 176 -2.18671
140 176 -9.35257
141 176 -9.35257
142 176 -9.35257
143 176 -9.35257
144 176 -9.35257
145 176 -9.35257
146 176 -9.35257
147 176 -9.35257
148 176 -9.35257
149 176 -9.35257
150 176 -9.35257
151 176 -9.35257
152 176 -9.35257
153 176 -9.35257
154 176 -9.35257
155 176 -9.35257
156 176 -9.35257
157 176 -9.35257
158 176 -9.35257
159 176 -9.35257
160 176 -9.35257
161 176 -9.35257
162 176 -9.35257
163 176 -9.35257
164 176 -9.35257
165 176 -9.35257
166 176 -9.35257
167 176 -9.35257
168 176 -9.35257
169 176 -9.35257
170 176 -9.35257
171 176 -9.35257
172 176 -9.35257
173 176 -9.35257
174 176 -9.35257
175 176 -9.35257
176 176 -9.35257
177 176 -9.35257
178 176 -9.35257
179 176 -9.35257
180 176 -9.35257
181 176 -9.35257
182 176 -9.35257
183 176 -9.35257
184 176 -9.35257
185 176 -9.35257
186 176 -9.35257
187 176 -9.35257
188 176 -9.35257
189 176 -9.35257
190 176 -9.35257
191 176 -9.35257
192 176 -9.35257
193 176 -9.35257
194 176 -9.35257
195 176 -9.35257
196 176 -9.35257
197 176 -9.35257
198 176 -9.35257
199 176 -9.35257
200 176 -9.35257
201 176 -9.35257
202 176 -9.35257
203 176 -9.35257
204 176 -9.35257
205 176 -9.35257
206 176 -9.35257
207 176 -9.35257
208 176 -9.35257
209 176 -9.35257
210 176 -9.35257
211 176 -9.35257
212 176 -9.35257
213 176 -9.35257
214 176 -9.35257
215 176 -9.35257
216 176 -9.35257
217 176 -9.35257
218 176 -9.35257
219 176 -9.35257
220 176 -9.35257
221 176 -9.35257
222 176 -9.35257
223 176 -9.35257
224 176 -9.35257
225 176 -9.35257
226 176 -9.35257
227 176 -9.35257
228 176 -9.35257
229 176 -9.35257
230 176 -9.35257
231 176 -9.35257
232 176 -9.35257
233 176 -9.35257
234 176 -9.35257
235 176 -9.35257
236 176 -9.35257
237 176 -9.35257
238 176 -9.35257
239 176 -9.35257
0 177 -9.35257
1 177 -9.35257
2 177 -9.35257
3 177 -9.35257
4 177 -9.35257
5 177 -9.35257
6 177 -9.35257
7 177 -9.35257
8 177 -9.35257
9 177 -9.35257
10 177 -9.35257
11 177 -9.35257
12 177 -9.35257
13 177 -9.35257
14 177 -9.35257
15 177 -9.35257
16 177 -9.35257
17 177 -9.35257
18 177 -9.35257
19 177 -9.35257
20 177 -9.35257
21 177 -9.35257
22 177 -9.35257
23 177 -9.35257
24 177 -9.35257
25 177 -9.35257
26 177 -9.35257
27 177 -9.35257
28 177 -9.35257
29 177 -9.35257
30 177 -9.35257
31 177 -9.35257
32 177 -9.35257
33 177 -9.35257
34 177 -9.35257
35 177 -9.35257
36 177 -9.35257
37 177 -9.35257
38 177 -9.35257
39 177 -9.35257
40 177 -9.35257
41 177 -9.35257
42 177 -9.35257
43 177 -9.35257
44 177 -9.35257
45 177 -9.35257
46 177 -9.35257
47 177 -9.35257
48 177 -9.35257
49 177 -9.35257
50 177 -9.35257
51 177 -9.35257
52 177 -9.35257
53 177 -9.35257
54 177 -9.35257
55 177 -9.35257
56 177 -9.35257
57 177 -9.35257
58 177 -9.35257
59 177 -9.35257
60 177 -9.35257
61 177 -9.35257
62 177 -9.35257
63 177 -9.35257
64 177 -9.35257
65 177 -9.35257
66 177 -9.35257
67 177 -9.35257
68 177 -9.35257
69 177 -9.35257
70 177 -9.35257
71 177 -9.35257
72 177 -9.35257
73 177 -9.35257
74 177 -9.35257
75 177 -9.35257
76 177 -9.35257
77 177 -9.35257
78 177 -9.35257
79 177 -9.35257
80 177 -9.35257
81 177 -9.35257
82 177 -9.35257
83 177 -9.35257
84 177 -9.35257
85 177 -9.35257
86 177 -9.35257
87 177 -9.35257
88 177 -9.35257
89 177 -9.35257
90 177 -9.35257
91 177 -9.35257
92 177 -9.35257
93 177 -9.35257
94 177 -9.35257
95 177 -9.35257
96 177 -9.35257
97 177 -9.35257
98 177 -9.35257
99 177 -9.35257
100 177 -9.35257
101 177 -3.08511
102 177 -2.73834
103 177 -2.39286
104 177 -2.04766
105 177 -1.70336
106 177 -1.35903
107 177 -1.01476
108 177 -0.670374
109 177 -0.326689
110 177 0.0171772
111 177 0.361255
112 177 0.705429
113 177 1.04915
114 177 1.39301
115 177 1.73715
116 177 2.08142
117 177 2.4252
118 177 2.7684
119 177 3.11181
120 177 3.45557
121 177 3.79933
122 177 3.4474
123 177 3.09301
124 177 2.73849
125 177 2.38422
126 177 2.02971
127 177 1.67557
128 177 1.32178
129 177 0.967698
130 177 0.614002
131 177 0.260458
132 177 -0.0935431
133 177 -0.447556
134 177 -0.802236
135 177 -1.15949
136 177 -1.52047
137 177 -1.8971
138 177 -2.08744
139 177 -2.26323
140 177 -9.35257
141 177 -9.35257
142 177 -9.35257
143 177 -9.35257
144 177 -9.35257
145 177 -9.35257
146 177 -9.35257
147 177 -9.35257
148 177 -9.35257
149 177 -9.35257
150 177 -9.35257
151 177 -9.35257
152 177 -9.35257
153 177 -9.35257
154 177 -9.35257
155 177 -9.35257
156 177 -9.35257
157 177 -9.35257
158 177 -9.35257
159 177 -9.35257
160 177 -9.35257
161 177 -9.35257
162 177 -9.35257
163 177 -9.35257
164 177 -9.35257
165 177 -9.35257
166 177 -9.35257
167 177 -9.35257
168 177 -9.35257
169 177 -9.35257
170 177 -9.35257
171 177 -9.35257
172 177 -9.35257
173 177 -9.35257
174 177 -9.35257
175 177 -9.35257
176 177 -9.35257
177 177 -9.35257
178 177 -9.35257
179 177 -9.35257
180 177 -9.35257
181 177 -9.35257
182 177 -9.35257
183 177 -9.35257
184 177 -9.35257
185 177 -9.35257
186 177 -9.35257
187 177 -9.35257
188 177 -9.35257
189 177 -9.35257
190 177 -9.35257
191 177 -9.35257
192 177 -9.35257
193 177 -9.35257
194 177 -9.35257
195 177 -9.35257
196 177 -9.35257
197 177 -9.35257
198 177 -9.35257
199 177 -9.35257
200 177 -9.35257
201 177 -9.35257
202 177 -9.35257
203 177 -9.35257
204 177 -9.35257
205 177 -9.35257
206 177 -9.35257
207 177 -9.35257
208 177 -9.35257
209 177 -9.35257
210 177 -9.35257
211 177 -9.35257
212 177 -9.35257
213 177 -9.35257
214 177 -9.35257
215 177 -9.35257
216 177 -9.35257
217 177 -9.35257
218 177 -9.35257
219 177 -9.35257
220 177 -9.35257
221 177 -9.35257
222 177 -9.35257
223 177 -9.35257
224 177 -9.35257
225 177 -9.35257
226 177 -9.35257
227 177 -9.35257
228 177 -9.35257
229 177 -9.35257
230 177 -9.35257
231 177 -9.35257
232 177 -9.35257
233 177 -9.35257
234 177 -9.35257
235 177 -9.35257
236 177 -9.35257
237 177 -9.35257
238 177 -9.35257
239 177 -9.35257
0 178 -9.35257
1 178 -9.35257
2 178 -9.35257
3 178 -9.35257
4 178 -9.35257
5 178 -9.35257
6 178 -9.35257
7 178 -9.35257
8 178 -9.35257
9 178 -9.35257
10 178 -9.35257
11 178 -9.35257
12 178 -9.35257
13 178 -9.35257
14 178 -9.35257
15 178 -9.35257
16 178 -9.35257
17 178 -9.35257
18 178 -9.35257
19 178 -9.35257
20 178 -9.35257
21 178 -9.35257
22 178 -9.35257
23 178 -9.35257
24 178 -9.35257
25 178 -9.35257
26 178 -9.35257
27 178 -9.35257
28 178 -9.35257
29 178 -9.35257
30 178 -9.35257
31 178 -9.35257
32 178 -9.35257
33 178 -9.35257
34 178 -9.35257
35 178 -9.35257
36 178 -9.35257
37 178 -9.35257
38 178 -9.35257
39 178 -9.35257
40 178 -9.35257
41 178 -9.35257
42 178 -9.35257
43 178 -9.35257
44 178 -9.35257
45 178 -9.35257
46 178 -9.35257
47 178 -9.35257
48 178 -9.35257
49 178 -9.35257
50 178 -9.35257
51 178 -9.35257
52 178 -9.35257
53 178 -9.35257
54 178 -9.35257
55 178 -9.35257
56 178 -9.35257
57 178 -9.35257
58 178 -9.35257
59 178 -9.35257
60 178 -9.35257
61 178 -9.35257
62 178 -9.35257
63 178 -9.35257
64 178 -9.35257
65 178 -9.35257
66 178 -9.35257
67 178 -9.35257
68 178 -9.35257
69 178 -9.35257
70 178 -9.35257
71 178 -9.35257
72 178 -9.35257
73 178 -9.35257
74 178 -9.35257
75 178 -9.35257
76 178 -9.35257
77 178 -9.35257
78 178 -9.35257
79 178 -9.35257
80 178 -9.35257
81 178 -9.35257
82 178 -9.35257
83 178 -9.35257
84 178 -9.35257
85 178 -9.35257
86 178 -9.35257
87 178 -9.35257
88 178 -9.35257
89 178 -9.35257
90 178 -9.35257
91 178 -9.35257
92 178 -9.35257
93 178 -9.35257
94 178 -9.35257
95 178 -9.35257
96 178 -9.35257
97 178 -9.35257
98 178 -9.35257
99 178 -9.35257
100 178 -9.35257
101 178 -9.35257
102 178 -2.8862
103 178 -2.54129
104 178 -2.1962
105 178 -1.85123
106 178 -1.50692
107 178 -1.16266
108 178 -0.818261
109 178 -0.47384
110 178 -0.129937
111 178 0.214188
112 178 0.55842
113 178 0.90292
114 178 1.24686
115 178 1.59111
116 178 1.93557
117 178 2.28051
118 178 2.62408
119 178 2.96774
120 178 3.31166
121 178 3.65578
122 178 3.30383
123 178 2.94926
124 178 2.59499
125 178 2.24122
126 178 1.88694
127 178 1.53288
128 178 1.1792
129 178 0.825206
130 178 0.471483
131 178 0.118059
132 178 -0.235677
133 178 -0.589703
134 178 -0.944506
135 178 -1.2997
136 178 -1.65403
137 178 -2.00698
138 178 -2.14874
139 178 -9.35257
140 178 -9.35257
141 178 -9.35257
142 178 -9.35257
143 178 -9.35257
144 178 -9.35257
145 178 -9.35257
146 178 -9.35257
147 178 -9.35257
148 178 -9.35257
149 178 -9.35257
150 178 -9.35257
151 178 -9.35257
152 178 -9.35257
153 178 -9.35257
154 178 -9.35257
155 178 -9.35257
156 178 -9.35257
157 178 -9.35257
158 178 -9.35257
159 178 -9.35257
160 178 -9.35257
161 178 -9.35257
162 178 -9.35257
163 178 -9.35257
164 178 -9.35257
165 178 -9.35257
166 178 -9.35257
167 178 -9.35257
168 178 -9.35257
169 178 -9.35257
170 178 -9.35257
171 178 -9.35257
172 178 -9.35257
173 178 -9.35257
174 178 -9.35257
175 178 -9.35257
176 178 -9.35257
177 178 -9.35257
178 178 -9.35257
179 178 -9.35257
180 178 -9.35257
181 178 -9.35257
182 178 -9.35257
183 178 -9.35257
184 178 -9.35257
185 178 -9.35257
186 178 -9.35257
187 178 -9.35257
188 178 -9.35257
189 178 -9.35257
190 178 -9.35257
191 178 -9.35257
192 178 -9.35257
193 178 -9.35257
194 178 -9.35257
195 178 -9.35257
196 178 -9.35257
197 178 -9.35257
198 178 -9.35257
199 178 -9.35257
200 178 -9.35257
201 178 -9.35257
202 178 -9.35257
203 178 -9.35257
204 178 -9.35257
205 178 -9.35257
206 178 -9.35257
207 178 -9.35257
208 178 -9.35257
209 178 -9.35257
210 178 -9.35257
211 178 -9.35257
212 178 -9.35257
213 178 -9.35257
214 178 -9.35257
215 178 -9.35257
216 178 -9.35257
217 178 -9.35257
218 178 -9.35257
219 178 -9.35257
220 178 -9.35257
221 178 -9.35257
222 178 -9.35257
223 178 -9.35257
224 178 -9.35257
225 178 -9.35257
226 178 -9.35257
227 178 -9.35257
228 178 -9.35257
229 178 -9.35257
230 178 -9.35257
231 178 -9.35257
232 178 -9.35257
233 178 -9.35257
234 178 -9.35257
235 178 -9.35257
236 178 -9.35257
237 178 -9.35257
238 178 -9.35257
239 178 -9.35257
0 179 -9.35257
1 179 -9.35257
2 179 -9.35257
3 179 -9.35257
4 179 -9.35257
5 179 -9.35257
6 179 -9.35257
7 179 -9.35257
8 179 -9.35257
9 179 -9.35257
10 179 -9.35257
11 179 -9.35257
12 179 -9.35257
13 179 -9.35257
14 179 -9.35257
15 179 -9.35257
16 179 -9.35257
17 179 -9.35257
18 179 -9.35257
19 179 -9.35257
20 179 -9.35257
21 179 -9.35257
22 179 -9.35257
23 179 -9.35257
24 179 -9.35257
25 179 -9.35257
26 179 -9.35257
27 179 -9.35257
28 179 -9.35257
29 179 -9.35257
30 179 -9.35257
31 179 -9.35257
32 179 -9.35257
33 179 -9.35257
34 179 -9.35257
35 179 -9.35257
36 179 -9.35257
37 179 -9.35257
38 179 -9.35257
39 179 -9.35257
40 179 -9.35257
41 179 -9.35257
42 179 -9.35257
43 179 -9.35257
44 179 -9.35257
45 179 -9.35257
46 179 -9.35257
47 179 -9.35257
48 179 -9.35257
49 179 -9.35257
50 179 -9.35257
51 179 -9.35257
52 179 -9.35257
53 179 -9.35257
54 179 -9.35257
55 179 -9.35257
56 179 -9.35257
57 179 -9.35257
58 179 -9.35257
59 179 -9.35257
60 179 -9.35257
61 179 -9.35257
62 179 -9.35257
63 179 -9.35257
64 179 -9.35257
65 179 -9.35257
66 179 -9.35257
67 179 -9.35257
68 179 -9.35257
69 179 -9.35257
70 179 -9.35257
71 179 -9.35257
72 179 -9.35257
73 179 -9.35257
74 179 -9.35257
75 179 -9.35257
76 179 -9.35257
77 179 -9.35257
78 179 -9.35257
79 179 -9.35257
80 179 -9.35257
81 179 -9.35257
82 179 -9.35257
83 179 -9.35257
84 179 -9.35257
85 179 -9.35257
86 179 -9.35257
87 179 -9.35257
88 179 -9.35257
89 179 -9.35257
90 179 -9.35257
91 179 -9.35257
92 179 -9.35257
93 179 -9.35257
94 179 -9.35257
95 179 -9.35257
96 179 -9.35257
97 179 -9.35257
98 179 -9.35257
99 179 -9.35257
100 179 -9.35257
101 179 -9.35257
102 179 -3.03582
103 179 -2.68988
104 179 -2.34476
105 179 -1.99986
106 179 -1.65491
107 179 -1.31068
108 179 -0.96631
109 179 -0.621895
110 179 -0.277272
111 179 0.0668749
112 179 0.411141
113 179 0.755688
114 179 1.1004
115 179 1.44471
116 179 1.78922
117 179 2.13405
118 179 2.47902
119 179 2.82339
120 179 3.16741
121 179 3.51166
122 179 3.15974
123 179 2.8052
124 179 2.45097
125 179 2.09714
126 179 1.74297
127 179 1.38934
128 179 1.0358
129 179 0.681952
130 179 0.328448
131 179 -0.0246407
132 179 -0.37815
133 179 -0.732599
134 179 -1.08699
135 179 -1.44127
136 179 -1.78946
137 179 -2.10012
138 179 -2.23603
139 179 -9.35257
140 179 -9.35257
141 179 -9.35257
142 179 -9.35257
143 179 -9.35257
144 179 -9.35257
145 179 -9.35257
146 179 -9.35257
147 179 -9.35257
148 179 -9.35257
149 179 -9.35257
150 179 -9.35257
151 179 -9.35257
152 179 -9.35257
153 179 -9.35257
154 179 -9.35257
155 179 -9.35257
156 179 -9.35257
157 179 -9.35257
158 179 -9.35257
159 179 -9.35257
160 179 -9.35257
161 179 -9.35257
162 179 -9.35257
163 179 -9.35257
164 179 -9.35257
165 179 -9.35257
166 179 -9.35257
167 179 -9.35257
168 179 -9.35257
169 179 -9.35257
170 179 -9.35257
171 179 -9.35257
172 179 -9.35257
173 179 -9.35257
174 179 -9.35257
175 179 -9.35257
176 179 -9.35257
177 179 -9.35257
178 179 -9.35257
179 179 -9.35257
180 179 -9.35257
181 179 -9.35257
182 179 -9.35257
183 179 -9.35257
184 179 -9.35257
185 179 -9.35257
186 179 -9.35257
187 179 -9.35257
188 179 -9.35257
189 179 -9.35257
190 179 -9.35257
191 179 -9.35257
192 179 -9.35257
193 179 -9.35257
194 179 -9.35257
195 179 -9.35257
196 179 -9.35257
197 179 -9.35257
198 179 -9.35257
199 179 -9.35257
200 179 -9.35257
201 179 -9.35257
202 179 -9.35257
203 179 -9.35257
204 179 -9.35257
205 179 -9.35257
206 179 -9.35257
207 179 -9.35257
208 179 -9.35257
209 179 -9.35257
210 179 -9.35257
211 179 -9.35257
212 179 -9.35257
213 179 -9.35257
214 179 -9.35257
215 179 -9.35257
216 179 -9.35257
217 179 -9.35257
218 179 -9.35257
219 179 -9.35257
220 179 -9.35257
221 179 -9.35257
222 179 -9.35257
223 179 -9.35257
224 179 -9.35257
225 179 -9.35257
226 179 -9.35257
227 179 -9.35257
228 179 -9.35257
229 179 -9.35257
230 179 -9.35257
231 179 -9.35257
232 179 -9.35257
233 179 -9.35257
234 179 -9.35257
235 179 -9.35257
236 179 -9.35257
237 179 -9.35257
238 179 -9.35257
239 179 -9.35257
0 180 -9.35257
1 180 -9.35257
2 180 -9.35257
3 180 -9.35257
4 180 -9.35257
5 180 -9.35257
6 180 -9.35257
7 180 -9.35257
8 180 -9.35257
9 180 -9.35257
10 180 -9.35257
11 180 -9.35257
12 180 -9.35257
13 180 -9.35257
14 180 -9.35257
15 180 -9.35257
16 180 -9.35257
17 180 -9.35257
18 180 -9.35257
19 180 -9.35257
20 180 -9.35257
21 180 -9.35257
22 180 -9.35257
23 180 -9.35257
24 180 -9.35257
25 180 -9.35257
26 180 -9.35257
27 180 -9.35257
28 180 -9.35257
29 180 -9.35257
30 180 -9.35257
31 180 -9.35257
32 180 -9.35257
33 180 -9.35257
34 180 -9.35257
35 180 -9.35257
36 180 -9.35257
37 180 -9.35257
38 180 -9.35257
39 180 -9.35257
40 180 -9.35257
41 180 -9.35257
42 180 -9.35257
43 180 -9.35257
44 180 -9.35257
45 180 -9.35257
46 180 -9.35257
47 180 -9.35257
48 180 -9.35257
49 180 -9.35257
50 180 -9.35257
51 180 -9.35257
52 180 -9.35257
53 180 -9.35257
54 180 -9.35257
55 180 -9.35257
56 180 -9.35257
57 180 -9.35257
58 180 -9.35257
59 180 -9.35257
60 180 -9.35257
61 180 -9.35257
62 180 -9.35257
63 180 -9.35257
64 180 -9.35257
65 180 -9.35257
66 180 -9.35257
67 180 -9.35257
68 180 -9.35257
69 180 -9.35257
70 180 -9.35257
71 180 -9.35257
72 180 -9.35257
73 180 -9.35257
74 180 -9.35257
75 180 -9.35257
76 180 -9.35257
77 180 -9.35257
78 180 -9.35257
79 180 -9.35257
80 180 -9.35257
81 180 -9.35257
82 180 -9.35257
83 180 -9.35257
84 180 -9.35257
85 180 -9.35257
86 180 -9.35257
87 180 -9.35257
88 180 -9.35257
89 180 -9.35257
90 180 -9.35257
91 180 -9.35257
92 180 -9.35257
93 180 -9.35257
94 180 -9.35257
95 180 -9.35257
96 180 -9.35257
97 180 -9.35257
98 180 -9.35257
99 180 -9.35257
100 180 -9.35257
101 180 -9.35257
102 180 -9.35257
103 180 -2.83765
104 180 -2.49322
105 180 -2.14856
106 180 -1.80372
107 180 -1.45886
108 180 -1.11454
109 180 -0.770158
110 180 -0.425553
111 180 -0.0806978
112 180 0.263581
113 180 0.608155
114 180 0.952902
115 180 1.29798
116 180 1.64255
117 180 1.98747
118 180 2.33265
119 180 2.67799
120 180 3.02279
121 180 3.36708
122 180 3.01508
123 180 2.66034
124 180 2.30607
125 180 1.95227
126 180 1.59826
127 180 1.24471
128 180 0.891628
129 180 0.538354
130 180 0.184998
131 180 -0.168034
132 180 -0.521711
133 180 -0.876055
134 180 -1.23071
135 180 -1.58916
136 180 -1.96243
137 180 -2.14862
138 180 -2.32012
139 180 -9.35257
140 180 -9.35257
141 180 -9.35257
142 180 -9.35257
143 180 -9.35257
144 180 -9.35257
145 180 -9.35257
146 180 -9.35257
147 180 -9.35257
148 180 -9.35257
149 180 -9.35257
150 180 -9.35257
151 180 -9.35257
152 180 -9.35257
153 180 -9.35257
154 180 -9.35257
155 180 -9.35257
156 180 -9.35257
157 180 -9.35257
158 180 -9.35257
159 180 -9.35257
160 180 -9.35257
161 180 -9.35257
162 180 -9.35257
163 180 -9.35257
164 180 -9.35257
165 180 -9.35257
166 180 -9.35257
167 180 -9.35257
168 180 -9.35257
169 180 -9.35257
170 180 -9.35257
171 180 -9.35257
172 180 -9.35257
173 180 -9.35257
174 180 -9.35257
175 180 -9.35257
176 180 -9.35257
177 180 -9.35257
178 180 -9.35257
179 180 -9.35257
180 180 -9.35257
181 180 -9.35257
182 180 -9.35257
183 180 -9.35257
184 180 -9.35257
185 180 -9.35257
186 180 -9.35257
187 180 -9.35257
188 180 -9.35257
189 180 -9.35257
190 180 -9.35257
191 180 -9.35257
192 180 -9.35257
193 180 -9.35257
194 180 -9.35257
195 180 -9.35257
196 180 -9.35257
197 180 -9.35257
198 180 -9.35257
199 180 -9.35257
200 180 -9.35257
201 180 -9.35257
202 180 -9.35257
203 180 -9.35257
204 180 -9.35257
205 180 -9.35257
206 180 -9.35257
207 180 -9.35257
208 180 -9.35257
209 180 -9.35257
210 180 -9.35257
211 180 -9.35257
212 180 -9.35257
213 180 -9.35257
214 180 -9.35257
215 180 -9.35257
216 180 -9.35257
217 180 -9.35257
218 180 -9.35257
219 180 -9.35257
220 180 -9.35257
221 180 -9.35257
222 180 -9.35257
223 180 -9.35257
224 180 -9.35257
225 180 -9.35257
226 180 -9.35257
227 180 -9.35257
228 180 -9.35257
229 180 -9.35257
230 180 -9.35257
231 180 -9.35257
232 180 -9.35257
233 180 -9.35257
234 180 -9.35257
235 180 -9.35257
236 180 -9.35257
237 180 -9.35257
238 180 -9.35257
239 180 -9.35257
0 181 -9.35257
1 181 -9.35257
2 181 -9.35257
3 181 -9.35257
4 181 -9.35257
5 181 -9.35257
6 181 -9.35257
7 181 -9.35257
8 181 -9.35257
9 181 -9.35257
10 181 -9.35257
11 181 -9.35257
12 181 -9.35257
13 181 -9.35257
14 181 -9.35257
15 181 -9.35257
16 181 -9.35257
17 181 -9.35257
18 181 -9.35257
19 181 -9.35257
20 181 -9.35257
21 181 -9.35257
22 181 -9.35257
23 181 -9.35257
24 181 -9.35257
25 181 -9.35257
26 181 -9.35257
27 181 -9.35257
28 181 -9.35257
29 181 -9.35257
30 181 -9.35257
31 181 -9.35257
32 181 -9.35257
33 181 -9.35257
34 181 -9.35257
35 181 -9.35257
36 181 -9.35257
37 181 -9.35257
38 181 -9.35257
39 181 -9.35257
40 181 -9.35257
41 181 -9.35257
42 181 -9.35257
43 181 -9.35257
44 181 -9.35257
45 181 -9.35257
46 181 -9.35257
47 181 -9.35257
48 181 -9.35257
49 181 -9.35257
50 181 -9.35257
51 181 -9.35257
52 181 -9.35257
53 181 -9.35257
54 181 -9.35257
55 181 -9.35257
56 181 -9.35257
57 181 -9.35257
58 181 -9.35257
59 181 -9.35257
60 181 -9.35257
61 181 -9.35257
62 181 -9.35257
63 181 -9.35257
64 181 -9.35257
65 181 -9.35257
66 181 -9.35257
67 181 -9.35257
68 181 -9.35257
69 181 -9.35257
70 181 -9.35257
71 181 -9.35257
72 181 -9.35257
73 181 -9.35257
74 181 -9.35257
75 181 -9.35257
76 181 -9.35257
77 181 -9.35257
78 181 -9.35257
79 181 -9.35257
80 181 -9.35257
81 181 -9.35257
82 181 -9.35257
83 181 -9.35257
84 181 -9.35257
85 181 -9.35257
86 181 -9.35257
87 181 -9.35257
88 181 -9.35257
89 181 -9.35257
90 181 -9.35257
91 181 -9.35257
92 181 -9.35257
93 181 -9.35257
94 181 -9.35257
95 181 -9.35257
96 181 -9.35257
97 181 -9.35257
98 181 -9.35257
99 181 -9.35257
100 181 -9.35257
101 181 -9.35257
102 181 -9.35257
103 181 -2.98725
104 181 -2.64204
105 181 -2.29743
106 181 -1.95268
107 181 -1.60792
108 181 -1.26297
109 181 -0.918646
110 181 -0.574085
111 181 -0.229256
112 181 0.115727
113 181 0.460307
114 181 0.805076
115 181 1.1502
116 181 1.49554
117 181 1.84062
118 181 2.18597
119 181 2.5314
120 181 2.87709
121 181 3.22167
122 181 2.86951
123 181 2.51481
124 181 2.16071
125 181 1.80699
126 181 1.45308
127 181 1.09961
128 181 0.746535
129 181 0.393346
130 181 0.0407258
131 181 -0.312244
132 181 -0.666134
133 181 -1.0192
134 181 -1.37122
135 181 -1.72222
136 181 -2.0725
137 181 -2.21292
138 181 -9.35257
139 181 -9.35257
140 181 -9.35257
141 181 -9.35257
142 181 -9.35257
143 181 -9.35257
144 181 -9.35257
145 181 -9.35257
146 181 -9.35257
147 181 -9.35257
148 181 -9.35257
149 181 -9.35257
150 181 -9.35257
151 181 -9.35257
152 181 -9.35257
153 181 -9.35257
154 181 -9.35257
155 181 -9.35257
156 181 -9.35257
157 181 -9.35257
158 181 -9.35257
159 181 -9.35257
160 181 -9.35257
161 181 -9.35257
162 181 -9.35257
163 181 -9.35257
164 181 -9.35257
165 181 -9.35257
166 181 -9.35257
167 181 -9.35257
168 181 -9.35257
169 181 -9.35257
170 181 -9.35257
171 181 -9.35257
172 181 -9.35257
173 181 -9.35257
174 181 -9.35257
175 181 -9.35257
176 181 -9.35257
177 181 -9.35257
178 181 -9.35257
179 181 -9.35257
180 181 -9.35257
181 181 -9.35257
182 181 -9.35257
183 181 -9.35257
184 181 -9.35257
185 181 -9.35257
186 181 -9.35257
187 181 -9.35257
188 181 -9.35257
189 181 -9.35257
190 181 -9.35257
191 181 -9.35257
192 181 -9.35257
193 181 -9.35257
194 181 -9.35257
195 181 -9.35257
196 181 -9.35257
197 181 -9.35257
198 181 -9.35257
199 181 -9.35257
200 181 -9.35257
201 181 -9.35257
202 181 -9.35257
203 181 -9.35257
204 181 -9.35257
205 181 -9.35257
206 181 -9.35257
207 181 -9.35257
208 181 -9.35257
209 181 -9.35257
210 181 -9.35257
211 181 -9.35257
212 181 -9.35257
213 181 -9.35257
214 181 -9.35257
215 181 -9.35257
216 181 -9.35257
217 181 -9.35257
218 181 -9.35257
219 181 -9.35257
220 181 -9.35257
221 181 -9.35257
222 181 -9.35257
223 181 -9.35257
224 181 -9.35257
225 181 -9.35257
226 181 -9.35257
227 181 -9.35257
228 181 -9.35257
229 181 -9.35257
230 181 -9.35257
231 181 -9.35257
232 181 -9.35257
233 181 -9.35257
234 181 -9.35257
235 181 -9.35257
236 181 -9.35257
237 181 -9.35257
238 181 -9.35257
239 181 -9.35257
0 182 -9.35257
1 182 -9.35257
2 182 -9.35257
3 182 -9.35257
4 182 -9.35257
5 182 -9.35257
6 182 -9.35257
7 182 -9.35257
8 182 -9.35257
9 182 -9.35257
10 182 -9.35257
11 182 -9.35257
12 182 -9.35257
13 182 -9.35257
14 182 -9.35257
15 182 -9.35257
16 182 -9.35257
17 182 -9.35257
18 182 -9.35257
19 182 -9.35257
20 182 -9.35257
21 182 -9.35257
22 182 -9.35257
23 182 -9.35257
24 182 -9.35257
25 182 -9.35257
26 182 -9.35257
27 182 -9.35257
28 182 -9.35257
29 182 -9.35257
30 182 -9.35257
31 182 -9.35257
32 182 -9.35257
33 182 -9.35257
34 182 -9.35257
35 182 -9.35257
36 182 -9.35257
37 182 -9.35257
38 182 -9.35257
39 182 -9.35257
40 182 -9.35257
41 182 -9.35257
42 182 -9.35257
43 182 -9.35257
44 182 -9.35257
45 182 -9.35257
46 182 -9.35257
47 182 -9.35257
48 182 -9.35257
49 182 -9.35257
50 182 -9.35257
51 182 -9.35257
52 182 -9.35257
53 182 -9.35257
54 182 -9.35257
55 182 -9.35257
56 182 -9.35257
57 182 -9.35257
58 182 -9.35257
59 182 -9.35257
60 182 -9.35257
61 182 -9.35257
62 182 -9.35257
63 182 -9.35257
64 182 -9.35257
65 182 -9.35257
66 182 -9.35257
67 182 -9.35257
68 182 -9.35257
69 182 -9.35257
70 182 -9.35257
71 182 -9.35257
72 182 -9.35257
73 182 -9.35257
74 182 -9.35257
75 182 -9.35257
76 182 -9.35257
77 182 -9.35257
78 182 -9.35257
79 182 -9.35257
80 182 -9.35257
81 182 -9.35257
82 182 -9.35257
83 182 -9.35257
84 182 -9.35257
85 182 -9.35257
86 182 -9.35257
87 182 -9.35257
88 182 -9.35257
89 182 -9.35257
90 182 -9.35257
91 182 -9.35257
92 182 -9.35257
93 182 -9.35257
94 182 -9.35257
95 182 -9.35257
96 182 -9.35257
97 182 -9.35257
98 182 -9.35257
99 182 -9.35257
100 182 -9.35257
101 182 -9.35257
102 182 -9.35257
103 182 -3.13802
104 182 -2.7918
105 182 -2.44644
106 182 -2.10181
107 182 -1.75717
108 182 -1.41232
109 182 -1.06738
110 182 -0.722883
111 182 -0.378104
112 182 -0.03315
113 182 0.312129
114 182 0.656901
115 182 1.00204
116 182 1.34738
117 182 1.69295
118 182 2.03908
119 182 2.38454
120 182 2.73046
121 182 3.07526
122 182 2.72331
123 182 2.36866
124 182 2.01447
125 182 1.66077
126 182 1.30696
127 182 0.953608
128 182 0.600726
129 182 0.247771
130 182 -0.104822
131 182 -0.458142
132 182 -0.811378
133 182 -1.16391
134 182 -1.51387
135 182 -1.85649
136 182 -2.1648
137 182 -2.30037
138 182 -9.35257
139 182 -9.35257
140 182 -9.35257
141 182 -9.35257
142 182 -9.35257
143 182 -9.35257
144 182 -9.35257
145 182 -9.35257
146 182 -9.35257
147 182 -9.35257
148 182 -9.35257
149 182 -9.35257
150 182 -9.35257
151 182 -9.35257
152 182 -9.35257
153 182 -9.35257
154 182 -9.35257
155 182 -9.35257
156 182 -9.35257
157 182 -9.35257
158 182 -9.35257
159 182 -9.35257
160 182 -9.35257
161 182 -9.35257
162 182 -9.35257
163 182 -9.35257
164 182 -9.35257
165 182 -9.35257
166 182 -9.35257
167 182 -9.35257
168 182 -9.35257
169 182 -9.35257
170 182 -9.35257
171 182 -9.35257
172 182 -9.35257
173 182 -9.35257
174 182 -9.35257
175 182 -9.35257
176 182 -9.35257
177 182 -9.35257
178 182 -9.35257
179 182 -9.35257
180 182 -9.35257
181 182 -9.35257
182 182 -9.35257
183 182 -9.35257
184 182 -9.35257
185 182 -9.35257
186 182 -9.35257
187 182 -9.35257
188 182 -9.35257
189 182 -9.35257
190 182 -9.35257
191 182 -9.35257
192 182 -9.35257
193 182 -9.35257
194 182 -9.35257
195 182 -9.35257
196 182 -9.35257
197 182 -9.35257
198 182 -9.35257
199 182 -9.35257
200 182 -9.35257
201 182 -9.35257
202 182 -9.35257
203 182 -9.35257
204 182 -9.35257
205 182 -9.35257
206 182 -9.35257
207 182 -9.35257
208 182 -9.35257
209 182 -9.35257
210 182 -9.35257
211 182 -9.35257
212 182 -9.35257
213 182 -9.35257
214 182 -9.35257
215 182 -9.35257
216 182 -9.35257
217 182 -9.35257
218 182 -9.35257
219 182 -9.35257
220 182 -9.35257
221 182 -9.35257
222 182 -9.35257
223 182 -9.35257
224 182 -9.35257
225 182 -9.35257
226 182 -9.35257
227 182 -9.35257
228 182 -9.35257
229 182 -9.35257
230 182 -9.35257
231 182 -9.35257
232 182 -9.35257
233 182 -9.35257
234 182 -9.35257
235 182 -9.35257
236 182 -9.35257
237 182 -9.35257
238 182 -9.35257
239 182 -9.35257
0 183 -9.35257
1 183 -9.35257
2 183 -9.35257
3 183 -9.35257
4 183 -9.35257
5 183 -9.35257
6 183 -9.35257
7 183 -9.35257
8 183 -9.35257
9 183 -9.35257
10 183 -9.35257
11 183 -9.35257
12 183 -9.35257
13 183 -9.35257
14 183 -9.35257
15 183 -9.35257
16 183 -9.35257
17 183 -9.35257
18 183 -9.35257
19 183 -9.35257
20 183 -9.35257
21 183 -9.35257
22 183 -9.35257
23 183 -9.35257
24 183 -9.35257
25 183 -9.35257
26 183 -9.35257
27 183 -9.35257
28 183 -9.35257
29 183 -9.35257
30 183 -9.35257
31 183 -9.35257
32 183 -9.35257
33 183 -9.35257
34 183 -9.35257
35 183 -9.35257
36 183 -9.35257
37 183 -9.35257
38 183 -9.35257
39 183 -9.35257
40 183 -9.35257
41 183 -9.35257
42 183 -9.35257
43 183 -9.35257
44 183 -9.35257
45 183 -9.35257
46 183 -9.35257
47 183 -9.35257
48 183 -9.35257
49 183 -9.35257
50 183 -9.35257
51 183 -9.35257
52 183 -9.35257
53 183 -9.35257
54 183 -9.35257
55 183 -9.35257
56 183 -9.35257
57 183 -9.35257
58 183 -9.35257
59 183 -9.35257
60 183 -9.35257
61 183 -9.35257
62 183 -9.35257
63 183 -9.35257
64 183 -9.35257
65 183 -9.35257
66 183 -9.35257
67 183 -9.35257
68 183 -9.35257
69 183 -9.35257
70 183 -9.35257
71 183 -9.35257
72 183 -9.35257
73 183 -9.35257
74 183 -9.35257
75 183 -9.35257
76 183 -9.35257
77 183 -9.35257
78 183 -9.35257
79 183 -9.35257
80 183 -9.35257
81 183 -9.35257
82 183 -9.35257
83 183 -9.35257
84 183 -9.35257
85 183 -9.35257
86 183 -9.35257
87 183 -9.35257
88 183 -9.35257
89 183 -9.35257
90 183 -9.35257
91 183 -9.35257
92 183 -9.35257
93 183 -9.35257
94 183 -9.35257
95 183 -9.35257
96 183 -9.35257
97 183 -9.35257
98 183 -9.35257
99 183 -9.35257
100 183 -9.35257
101 183 -9.35257
102 183 -9.35257
103 183 -9.35257
104 183 -2.94085
105 183 -2.59613
106 183 -2.25108
107 183 -1.90662
108 183 -1.56191
109 183 -1.21708
110 183 -0.871969
111 183 -0.527264
112 183 -0.182352
113 183 0.162894
114 183 0.508355
115 183 0.853555
116 183 1.19897
117 183 1.54474
118 183 1.89067
119 183 2.2366
120 183 2.58232
121 183 2.92808
122 183 2.57614
123 183 2.22157
124 183 1.86752
125 183 1.51406
126 183 1.16037
127 183 0.807145
128 183 0.454373
129 183 0.10133
130 183 -0.251681
131 183 -0.605242
132 183 -0.958822
133 183 -1.31187
134 183 -1.66448
135 183 -2.02507
136 183 -2.21062
137 183 -2.38401
138 183 -9.35257
139 183 -9.35257
140 183 -9.35257
141 183 -9.35257
142 183 -9.35257
143 183 -9.35257
144 183 -9.35257
145 183 -9.35257
146 183 -9.35257
147 183 -9.35257
148 183 -9.35257
149 183 -9.35257
150 183 -9.35257
151 183 -9.35257
152 183 -9.35257
153 183 -9.35257
154 183 -9.35257
155 183 -9.35257
156 183 -9.35257
157 183 -9.35257
158 183 -9.35257
159 183 -9.35257
160 183 -9.35257
161 183 -9.35257
162 183 -9.35257
163 183 -9.35257
164 183 -9.35257
165 183 -9.35257
166 183 -9.35257
167 183 -9.35257
168 183 -9.35257
169 183 -9.35257
170 183 -9.35257
171 183 -9.35257
172 183 -9.35257
173 183 -9.35257
174 183 -9.35257
175 183 -9.35257
176 183 -9.35257
177 183 -9.35257
178 183 -9.35257
179 183 -9.35257
180 183 -9.35257
181 183 -9.35257
182 183 -9.35257
183 183 -9.35257
184 183 -9.35257
185 183 -9.35257
186 183 -9.35257
187 183 -9.35257
188 183 -9.35257
189 183 -9.35257
190 183 -9.35257
191 183 -9.35257
192 183 -9.35257
193 183 -9.35257
194 183 -9.35257
195 183 -9.35257
196 183 -9.35257
197 183 -9.35257
198 183 -9.35257
199 183 -9.35257
200 183 -9.35257
201 183 -9.35257
202 183 -9.35257
203 183 -9.35257
204 183 -9.35257
205 183 -9.35257
206 183 -9.35257
207 183 -9.35257
208 183 -9.35257
209 183 -9.35257
210 183 -9.35257
211 183 -9.35257
212 183 -9.35257
213 183 -9.35257
214 183 -9.35257
215 183 -9.35257
216 183 -9.35257
217 183 -9.35257
218 183 -9.35257
219 183 -9.35257
220 183 -9.35257
221 183 -9.35257
222 183 -9.35257
223 183 -9.35257
224 183 -9.35257
225 183 -9.35257
226 183 -9.35257
227 183 -9.35257
228 183 -9.35257
229 183 -9.35257
230 183 -9.35257
231 183 -9.35257
232 183 -9.35257
233 183 -9.35257
234 183 -9.35257
235 183 -9.35257
236 183 -9.35257
237 183 -9.35257
238 183 -9.35257
239 183 -9.35257
0 184 -9.35257
1 184 -9.35257
2 184 -9.35257
3 184 -9.35257
4 184 -9.35257
5 184 -9.35257
6 184 -9.35257
7 184 -9.35257
8 184 -9.35257
9 184 -9.35257
10 184 -9.35257
11 184 -9.35257
12 184 -9.35257
13 184 -9.35257
14 184 -9.35257
15 184 -9.35257
16 184 -9.35257
17 184 -9.35257
18 184 -9.35257
19 184 -9.35257
20 184 -9.35257
21 184 -9.35257
22 184 -9.35257
23 184 -9.35257
24 184 -9.35257
25 184 -9.35257
26 184 -9.35257
27 184 -9.35257
28 184 -9.35257
29 184 -9.35257
30 184 -9.35257
31 184 -9.35257
32 184 -9.35257
33 184 -9.35257
34 184 -9.35257
35 184 -9.35257
36 184 -9.35257
37 184 -9.35257
38 184 -9.35257
39 184 -9.35257
40 184 -9.35257
41 184 -9.35257
42 184 -9.35257
43 184 -9.35257
44 184 -9.35257
45 184 -9.35257
46 184 -9.35257
47 184 -9.35257
48 184 -9.35257
49 184 -9.35257
50 184 -9.35257
51 184 -9.35257
52 184 -9.35257
53 184 -9.35257
54 184 -9.35257
55 184 -9.35257
56 184 -9.35257
57 184 -9.35257
58 184 -9.35257
59 184 -9.35257
60 184 -9.35257
61 184 -9.35257
62 184 -9.35257
63 184 -9.35257
64 184 -9.35257
65 184 -9.35257
66 184 -9.35257
67 184 -9.35257
68 184 -9.35257
69 184 -9.35257
70 184 -9.35257
71 184 -9.35257
72 184 -9.35257
73 184 -9.35257
74 184 -9.35257
75 184 -9.35257
76 184 -9.35257
77 184 -9.35257
78 184 -9.35257
79 184 -9.35257
80 184 -9.35257
81 184 -9.35257
82 184 -9.35257
83 184 -9.35257
84 184 -9.35257
85 184 -9.35257
86 184 -9.35257
87 184 -9.35257
88 184 -9.35257
89 184 -9.35257
90 184 -9.35257
91 184 -9.35257
92 184 -9.35257
93 184 -9.35257
94 184 -9.35257
95 184 -9.35257
96 184 -9.35257
97 184 -9.35257
98 184 -9.35257
99 184 -9.35257
100 184 -9.35257
101 184 -9.35257
102 184 -9.35257
103 184 -9.35257
104 184 -3.0907
105 184 -2.74617
106 184 -2.40131
107 184 -2.05631
108 184 -1.71177
109 184 -1.36706
110 184 -1.02207
111 184 -0.676771
112 184 -0.331886
113 184 0.0133072
114 184 0.358645
115 184 0.704182
116 184 1.05021
117 184 1.39572
118 184 1.74139
119 184 2.08744
120 184 2.43399
121 184 2.78014
122 184 2.42842
123 184 2.07396
124 184 1.71999
125 184 1.36646
126 184 1.0128
127 184 0.659729
128 184 0.307169
129 184 -0.0459938
130 184 -0.399526
131 184 -0.752935
132 184 -1.1068
133 184 -1.46028
134 184 -1.80923
135 184 -2.12515
136 184 -2.26911
137 184 -9.35257
138 184 -9.35257
139 184 -9.35257
140 184 -9.35257
141 184 -9.35257
142 184 -9.35257
143 184 -9.35257
144 184 -9.35257
145 184 -9.35257
146 184 -9.35257
147 184 -9.35257
148 184 -9.35257
149 184 -9.35257
150 184 -9.35257
151 184 -9.35257
152 184 -9.35257
153 184 -9.35257
154 184 -9.35257
155 184 -9.35257
156 184 -9.35257
157 184 -9.35257
158 184 -9.35257
159 184 -9.35257
160 184 -9.35257
161 184 -9.35257
162 184 -9.35257
163 184 -9.35257
164 184 -9.35257
165 184 -9.35257
166 184 -9.35257
167 184 -9.35257
168 184 -9.35257
169 184 -9.35257
170 184 -9.35257
171 184 -9.35257
172 184 -9.35257
173 184 -9.35257
174 184 -9.35257
175 184 -9.35257
176 184 -9.35257
177 184 -9.35257
178 184 -9.35257
179 184 -9.35257
180 184 -9.35257
181 184 -9.35257
182 184 -9.35257
183 184 -9.35257
184 184 -9.35257
185 184 -9.35257
186 184 -9.35257
187 184 -9.35257
188 184 -9.35257
189 184 -9.35257
190 184 -9.35257
191 184 -9.35257
192 184 -9.35257
193 184 -9.35257
194 184 -9.35257
195 184 -9.35257
196 184 -9.35257
197 184 -9.35257
198 184 -9.35257
199 184 -9.35257
200 184 -9.35257
201 184 -9.35257
202 184 -9.35257
203 184 -9.35257
204 184 -9.35257
205 184 -9.35257
206 184 -9.35257
207 184 -9.35257
208 184 -9.35257
209 184 -9.35257
210 184 -9.35257
211 184 -9.35257
212 184 -9.35257
213 184 -9.35257
214 184 -9.35257
215 184 -9.35257
216 184 -9.35257
217 184 -9.35257
218 184 -9.35257
219 184 -9.35257
220 184 -9.35257
221 184 -9.35257
222 184 -9.35257
223 184 -9.35257
224 184 -9.35257
225 184 -9.35257
226 184 -9.35257
227 184 -9.35257
228 184 -9.35257
229 184 -9.35257
230 184 -9.35257
231 184 -9.35257
232 184 -9.35257
233 184 -9.35257
234 184 -9.35257
235 184 -9.35257
236 184 -9.35257
237 184 -9.35257
238 184 -9.35257
239 184 -9.35257
0 185 -9.35257
1 185 -9.35257
2 185 -9.35257
3 185 -9.35257
4 185 -9.35257
5 185 -9.35257
6 185 -9.35257
7 185 -9.35257
8 185 -9.35257
9 185 -9.35257
10 185 -9.35257
11 185 -9.35257
12 185 -9.35257
13 185 -9.35257
14 185 -9.35257
15 185 -9.35257
16 185 -9.35257
17 185 -9.35257
18 185 -9.35257
19 185 -9.35257
20 185 -9.35257
21 185 -9.35257
22 185 -9.35257
23 185 -9.35257
24 185 -9.35257
25 185 -9.35257
26 185 -9.35257
27 185 -9.35257
28 185 -9.35257
29 185 -9.35257
30 185 -9.35257
31 185 -9.35257
32 185 -9.35257
33 185 -9.35257
34 185 -9.35257
35 185 -9.35257
36 185 -9.35257
37 185 -9.35257
38 185 -9.35257
39 185 -9.35257
40 185 -9.35257
41 185 -9.35257
42 185 -9.35257
43 185 -9.35257
44 185 -9.35257
45 185 -9.35257
46 185 -9.35257
47 185 -9.35257
48 185 -9.35257
49 185 -9.35257
50 185 -9.35257
51 185 -9.35257
52 185 -9.35257
53 185 -9.35257
54 185 -9.35257
55 185 -9.35257
56 185 -9.35257
57 185 -9.35257
58 185 -9.35257
59 185 -9.35257
60 185 -9.35257
61 185 -9.35257
62 185 -9.35257
63 185 -9.35257
64 185 -9.35257
65 185 -9.35257
66 185 -9.35257
67 185 -9.35257
68 185 -9.35257
69 185 -9.35257
70 185 -9.35257
71 185 -9.35257
72 185 -9.35257
73 185 -9.35257
74 185 -9.35257
75 185 -9.35257
76 185 -9.35257
77 185 -9.35257
78 185 -9.35257
79 185 -9.35257
80 185 -9.35257
81 185 -9.35257
82 185 -9.35257
83 185 -9.35257
84 185 -9.35257
85 185 -9.35257
86 185 -9.35257
87 185 -9.35257
88 185 -9.35257
89 185 -9.35257
90 185 -9.35257
91 185 -9.35257
92 185 -9.35257
93 185 -9.35257
94 185 -9.35257
95 185 -9.35257
96 185 -9.35257
97 185 -9.35257
98 185 -9.35257
99 185 -9.35257
100 185 -9.35257
101 185 -9.35257
102 185 -9.35257
103 185 -9.35257
104 185 -3.24116
105 185 -2.89656
106 185 -2.5518
107 185 -2.20698
108 185 -1.86191
109 185 -1.51733
110 185 -1.17249
111 185 -0.827422
112 185 -0.482264
113 185 -0.136562
114 185 0.208734
115 185 0.55418
116 185 0.899904
117 185 1.24583
118 185 1.5916
119 185 1.93777
120 185 2.28449
121 185 2.63157
122 185 2.27978
123 185 1.92537
124 185 1.5715
125 185 1.21813
126 185 0.864667
127 185 0.511797
128 185 0.159316
129 185 -0.194484
130 185 -0.548001
131 185 -0.901297
132 185 -1.25566
133 185 -1.61371
134 185 -1.98782
135 185 -2.17526
136 185 -2.3481
137 185 -9.35257
138 185 -9.35257
139 185 -9.35257
140 185 -9.35257
141 185 -9.35257
142 185 -9.35257
143 185 -9.35257
144 185 -9.35257
145 185 -9.35257
146 185 -9.35257
147 185 -9.35257
148 185 -9.35257
149 185 -9.35257
150 185 -9.35257
151 185 -9.35257
152 185 -9.35257
153 185 -9.35257
154 185 -9.35257
155 185 -9.35257
156 185 -9.35257
157 185 -9.35257
158 185 -9.35257
159 185 -9.35257
160 185 -9.35257
161 185 -9.35257
162 185 -9.35257
163 185 -9.35257
164 185 -9.35257
165 185 -9.35257
166 185 -9.35257
167 185 -9.35257
168 185 -9.35257
169 185 -9.35257
170 185 -9.35257
171 185 -9.35257
172 185 -9.35257
173 185 -9.35257
174 185 -9.35257
175 185 -9.35257
176 185 -9.35257
177 185 -9.35257
178 185 -9.35257
179 185 -9.35257
180 185 -9.35257
181 185 -9.35257
182 185 -9.35257
183 185 -9.35257
184 185 -9.35257
185 185 -9.35257
186 185 -9.35257
187 185 -9.35257
188 185 -9.35257
189 185 -9.35257
190 185 -9.35257
191 185 -9.35257
192 185 -9.35257
193 185 -9.35257
194 185 -9.35257
195 185 -9.35257
196 185 -9.35257
197 185 -9.35257
198 185 -9.35257
199 185 -9.35257
200 185 -9.35257
201 185 -9.35257
202 185 -9.35257
203 185 -9.35257
204 185 -9.35257
205 185 -9.35257
206 185 -9.35257
207 185 -9.35257
208 185 -9.35257
209 185 -9.35257
210 185 -9.35257
211 185 -9.35257
212 185 -9.35257
213 185 -9.35257
214 185 -9.35257
215 185 -9.35257
216 185 -9.35257
217 185 -9.35257
218 185 -9.35257
219 185 -9.35257
220 185 -9.35257
221 185 -9.35257
222 185 -9.35257
223 185 -9.35257
224 185 -9.35257
225 185 -9.35257
226 185 -9.35257
227 185 -9.35257
228 185 -9.35257
229 185 -9.35257
230 185 -9.35257
231 185 -9.35257
232 185 -9.35257
233 185 -9.35257
234 185 -9.35257
235 185 -9.35257
236 185 -9.35257
237 185 -9.35257
238 185 -9.35257
239 185 -9.35257
0 186 -9.35257
1 186 -9.35257
2 186 -9.35257
3 186 -9.35257
4 186 -9.35257
5 186 -9.35257
6 186 -9.35257
7 186 -9.35257
8 186 -9.35257
9 186 -9.35257
10 186 -9.35257
11 186 -9.35257
12 186 -9.35257
13 186 -9.35257
14 186 -9.35257
15 186 -9.35257
16 186 -9.35257
17 186 -9.35257
18 186 -9.35257
19 186 -9.35257
20 186 -9.35257
21 186 -9.35257
22 186 -9.35257
23 186 -9.35257
24 186 -9.35257
25 186 -9.35257
26 186 -9.35257
27 186 -9.35257
28 186 -9.35257
29 186 -9.35257
30 186 -9.35257
31 186 -9.35257
32 186 -9.35257
33 186 -9.35257
34 186 -9.35257
35 186 -9.35257
36 186 -9.35257
37 186 -9.35257
38 186 -9.35257
39 186 -9.35257
40 186 -9.35257
41 186 -9.35257
42 186 -9.35257
43 186 -9.35257
44 186 -9.35257
45 186 -9.35257
46 186 -9.35257
47 186 -9.35257
48 186 -9.35257
49 186 -9.35257
50 186 -9.35257
51 186 -9.35257
52 186 -9.35257
53 186 -9.35257
54 186 -9.35257
55 186 -9.35257
56 186 -9.35257
57 186 -9.35257
58 186 -9.35257
59 186 -9.35257
60 186 -9.35257
61 186 -9.35257
62 186 -9.35257
63 186 -9.35257
64 186 -9.35257
65 186 -9.35257
66 186 -9.35257
67 186 -9.35257
68 186 -9.35257
69 186 -9.35257
70 186 -9.35257
71 186 -9.35257
72 186 -9.35257
73 186 -9.35257
74 186 -9.35257
75 186 -9.35257
76 186 -9.35257
77 186 -9.35257
78 186 -9.35257
79 186 -9.35257
80 186 -9.35257
81 186 -9.35257
82 186 -9.35257
83 186 -9.35257
84 186 -9.35257
85 186 -9.35257
86 186 -9.35257
87 186 -9.35257
88 186 -9.35257
89 186 -9.35257
90 186 -9.35257
91 186 -9.35257
92 186 -9.35257
93 186 -9.35257
94 186 -9.35257
95 186 -9.35257
96 186 -9.35257
97 186 -9.35257
98 186 -9.35257
99 186 -9.35257
100 186 -9.35257
101 186 -9.35257
102 186 -9.35257
103 186 -9.35257
104 186 -9.35257
105 186 -3.04765
106 186 -2.70247
107 186 -2.35791
108 186 -2.01315
109 186 -1.66838
110 186 -1.32315
111 186 -0.978293
112 186 -0.633184
113 186 -0.287592
114 186 0.0580448
115 186 0.40313
116 186 0.748666
117 186 1.09468
118 186 1.44125
119 186 1.78755
120 186 2.13448
121 186 2.48197
122 186 2.13039
123 186 1.77625
124 186 1.42252
125 186 1.06929
126 186 0.715932
127 186 0.362973
128 186 0.0101228
129 186 -0.343764
130 186 -0.696915
131 186 -1.04921
132 186 -1.40083
133 186 -1.75111
134 186 -2.10103
135 186 -2.24048
136 186 -9.35257
137 186 -9.35257
138 186 -9.35257
139 186 -9.35257
140 186 -9.35257
141 186 -9.35257
142 186 -9.35257
143 186 -9.35257
144 186 -9.35257
145 186 -9.35257
146 186 -9.35257
147 186 -9.35257
148 186 -9.35257
149 186 -9.35257
150 186 -9.35257
151 186 -9.35257
152 186 -9.35257
153 186 -9.35257
154 186 -9.35257
155 186 -9.35257
156 186 -9.35257
157 186 -9.35257
158 186 -9.35257
159 186 -9.35257
160 186 -9.35257
161 186 -9.35257
162 186 -9.35257
163 186 -9.35257
164 186 -9.35257
165 186 -9.35257
166 186 -9.35257
167 186 -9.35257
168 186 -9.35257
169 186 -9.35257
170 186 -9.35257
171 186 -9.35257
172 186 -9.35257
173 186 -9.35257
174 186 -9.35257
175 186 -9.35257
176 186 -9.35257
177 186 -9.35257
178 186 -9.35257
179 186 -9.35257
180 186 -9.35257
181 186 -9.35257
182 186 -9.35257
183 186 -9.35257
184 186 -9.35257
185 186 -9.35257
186 186 -9.35257
187 186 -9.35257
188 186 -9.35257
189 186 -9.35257
190 186 -9.35257
191 186 -9.35257
192 186 -9.35257
193 186 -9.35257
194 186 -9.35257
195 186 -9.35257
196 186 -9.35257
197 186 -9.35257
198 186 -9.35257
199 186 -9.35257
200 186 -9.35257
201 186 -9.35257
202 186 -9.35257
203 186 -9.35257
204 186 -9.35257
205 186 -9.35257
206 186 -9.35257
207 186 -9.35257
208 186 -9.35257
209 186 -9.35257
210 186 -9.35257
211 186 -9.35257
212 186 -9.35257
213 186 -9.35257
214 186 -9.35257
215 186 -9.35257
216 186 -9.35257
217 186 -9.35257
218 186 -9.35257
219 186 -9.35257
220 186 -9.35257
221 186 -9.35257
222 186 -9.35257
223 186 -9.35257
224 186 -9.35257
225 186 -9.35257
226 186 -9.35257
227 186 -9.35257
228 186 -9.35257
229 186 -9.35257
230 186 -9.35257
231 186 -9.35257
232 186 -9.35257
233 186 -9.35257
234 186 -9.35257
235 186 -9.35257
236 186 -9.35257
237 186 -9.35257
238 186 -9.35257
239 186 -9.35257
0 187 -9.35257
1 187 -9.35257
2 187 -9.35257
3 187 -9.35257
4 187 -9.35257
5 187 -9.35257
6 187 -9.35257
7 187 -9.35257
8 187 -9.35257
9 187 -9.35257
10 187 -9.35257
11 187 -9.35257
12 187 -9.35257
13 187 -9.35257
14 187 -9.35257
15 187 -9.35257
16 187 -9.35257
17 187 -9.35257
18 187 -9.35257
19 187 -9.35257
20 187 -9.35257
21 187 -9.35257
22 187 -9.35257
23 187 -9.35257
24 187 -9.35257
25 187 -9.35257
26 187 -9.35257
27 187 -9.35257
28 187 -9.35257
29 187 -9.35257
30 187 -9.35257
31 187 -9.35257
32 187 -9.35257
33 187 -9.35257
34 187 -9.35257
35 187 -9.35257
36 187 -9.35257
37 187 -9.35257
38 187 -9.35257
39 187 -9.35257
40 187 -9.35257
41 187 -9.35257
42 187 -9.35257
43 187 -9.35257
44 187 -9.35257
45 187 -9.35257
46 187 -9.35257
47 187 -9.35257
48 187 -9.35257
49 187 -9.35257
50 187 -9.35257
51 187 -9.35257
52 187 -9.35257
53 187 -9.35257
54 187 -9.35257
55 187 -9.35257
56 187 -9.35257
57 187 -9.35257
58 187 -9.35257
59 187 -9.35257
60 187 -9.35257
61 187 -9.35257
62 187 -9.35257
63 187 -9.35257
64 187 -9.35257
65 187 -9.35257
66 187 -9.35257
67 187 -9.35257
68 187 -9.35257
69 187 -9.35257
70 187 -9.35257
71 187 -9.35257
72 187 -9.35257
73 187 -9.35257
74 187 -9.35257
75 187 -9.35257
76 187 -9.35257
77 187 -9.35257
78 187 -9.35257
79 187 -9.35257
80 187 -9.35257
81 187 -9.35257
82 187 -9.35257
83 187 -9.35257
84 187 -9.35257
85 187 -9.35257
86 187 -9.35257
87 187 -9.35257
88 187 -9.35257
89 187 -9.35257
90 187 -9.35257
91 187 -9.35257
92 187 -9.35257
93 187 -9.35257
94 187 -9.35257
95 187 -9.35257
96 187 -9.35257
97 187 -9.35257
98 187 -9.35257
99 187 -9.35257
100 187 -9.35257
101 187 -9.35257
102 187 -9.35257
103 187 -9.35257
104 187 -9.35257
105 187 -3.19911
106 187 -2.85407
107 187 -2.50904
108 187 -2.16452
109 187 -1.81988
110 187 -1.47488
111 187 -1.12955
112 187 -0.784588
113 187 -0.439434
114 187 -0.0942489
115 187 0.251488
116 187 0.596948
117 187 0.942975
118 187 1.2896
119 187 1.6367
120 187 1.98375
121 187 2.33139
122 187 1.98037
123 187 1.62621
124 187 1.27252
125 187 0.919452
126 187 0.566295
127 187 0.213188
128 187 -0.140192
129 187 -0.493781
130 187 -0.846689
131 187 -1.1984
132 187 -1.54785
133 187 -1.88936
134 187 -2.19652
135 187 -2.33034
136 187 -9.35257
137 187 -9.35257
138 187 -9.35257
139 187 -9.35257
140 187 -9.35257
141 187 -9.35257
142 187 -9.35257
143 187 -9.35257
144 187 -9.35257
145 187 -9.35257
146 187 -9.35257
147 187 -9.35257
148 187 -9.35257
149 187 -9.35257
150 187 -9.35257
151 187 -9.35257
152 187 -9.35257
153 187 -9.35257
154 187 -9.35257
155 187 -9.35257
156 187 -9.35257
157 187 -9.35257
158 187 -9.35257
159 187 -9.35257
160 187 -9.35257
161 187 -9.35257
162 187 -9.35257
163 187 -9.35257
164 187 -9.35257
165 187 -9.35257
166 187 -9.35257
167 187 -9.35257
168 187 -9.35257
169 187 -9.35257
170 187 -9.35257
171 187 -9.35257
172 187 -9.35257
173 187 -9.35257
174 187 -9.35257
175 187 -9.35257
176 187 -9.35257
177 187 -9.35257
178 187 -9.35257
179 187 -9.35257
180 187 -9.35257
181 187 -9.35257
182 187 -9.35257
183 187 -9.35257
184 187 -9.35257
185 187 -9.35257
186 187 -9.35257
187 187 -9.35257
188 187 -9.35257
189 187 -9.35257
190 187 -9.35257
191 187 -9.35257
192 187 -9.35257
193 187 -9.35257
194 187 -9.35257
195 187 -9.35257
196 187 -9.35257
197 187 -9.35257
198 187 -9.35257
199 187 -9.35257
200 187 -9.35257
201 187 -9.35257
202 187 -9.35257
203 187 -9.35257
204 187 -9.35257
205 187 -9.35257
206 187 -9.35257
207 187 -9.35257
208 187 -9.35257
209 187 -9.35257
210 187 -9.35257
211 187 -9.35257
212 187 -9.35257
213 187 -9.35257
214 187 -9.35257
215 187 -9.35257
216 187 -9.35257
217 187 -9.35257
218 187 -9.35257
219 187 -9.35257
220 187 -9.35257
221 187 -9.35257
222 187 -9.35257
223 187 -9.35257
224 187 -9.35257
225 187 -9.35257
226 187 -9.35257
227 187 -9.35257
228 187 -9.35257
229 187 -9.35257
230 187 -9.35257
231 187 -9.35257
232 187 -9.35257
233 187 -9.35257
234 187 -9.35257
235 187 -9.35257
236 187 -9.35257
237 187 -9.35257
238 187 -9.35257
239 187 -9.35257
0 188 -9.35257
1 188 -9.35257
2 188 -9.35257
3 188 -9.35257
4 188 -9.35257
5 188 -9.35257
6 188 -9.35257
7 188 -9.35257
8 188 -9.35257
9 188 -9.35257
10 188 -9.35257
11 188 -9.35257
12 188 -9.35257
13 188 -9.35257
14 188 -9.35257
15 188 -9.35257
16 188 -9.35257
17 188 -9.35257
18 188 -9.35257
19 188 -9.35257
20 188 -9.35257
21 188 -9.35257
22 188 -9.35257
23 188 -9.35257
24 188 -9.35257
25 188 -9.35257
26 188 -9.35257
27 188 -9.35257
28 188 -9.35257
29 188 -9.35257
30 188 -9.35257
31 188 -9.35257
32 188 -9.35257
33 188 -9.35257
34 188 -9.35257
35 188 -9.35257
36 188 -9.35257
37 188 -9.35257
38 188 -9.35257
39 188 -9.35257
40 188 -9.35257
41 188 -9.35257
42 188 -9.35257
43 188 -9.35257
44 188 -9.35257
45 188 -9.35257
46 188 -9.35257
47 188 -9.35257
48 188 -9.35257
49 188 -9.35257
50 188 -9.35257
51 188 -9.35257
52 188 -9.35257
53 188 -9.35257
54 188 -9.35257
55 188 -9.35257
56 188 -9.35257
57 188 -9.35257
58 188 -9.35257
59 188 -9.35257
60 188 -9.35257
61 188 -9.35257
62 188 -9.35257
63 188 -9.35257
64 188 -9.35257
65 188 -9.35257
66 188 -9.35257
67 188 -9.35257
68 188 -9.35257
69 188 -9.35257
70 188 -9.35257
71 188 -9.35257
72 188 -9.35257
73 188 -9.35257
74 188 -9.35257
75 188 -9.35257
76 188 -9.35257
77 188 -9.35257
78 188 -9.35257
79 188 -9.35257
80 188 -9.35257
81 188 -9.35257
82 188 -9.35257
83 188 -9.35257
84 188 -9.35257
85 188 -9.35257
86 188 -9.35257
87 188 -9.35257
88 188 -9.35257
89 188 -9.35257
90 188 -9.35257
91 188 -9.35257
92 188 -9.35257
93 188 -9.35257
94 188 -9.35257
95 188 -9.35257
96 188 -9.35257
97 188 -9.35257
98 188 -9.35257
99 188 -9.35257
100 188 -9.35257
101 188 -9.35257
102 188 -9.35257
103 188 -9.35257
104 188 -9.35257
105 188 -9.35257
106 188 -3.00582
107 188 -2.66108
108 188 -2.31614
109 188 -1.97174
110 188 -1.62694
111 188 -1.282
112 188 -0.936819
113 188 -0.592165
114 188 -0.247095
115 188 0.0985526
116 188 0.444663
117 188 0.790674
118 188 1.13732
119 188 1.48448
120 188 1.8323
121 188 2.17991
122 188 1.82882
123 188 1.47501
124 188 1.12191
125 188 0.769076
126 188 0.415974
127 188 0.062132
128 188 -0.29142
129 188 -0.644986
130 188 -0.99817
131 188 -1.35096
132 188 -1.70304
133 188 -2.06197
134 188 -2.2452
135 188 -2.41565
136 188 -9.35257
137 188 -9.35257
138 188 -9.35257
139 188 -9.35257
140 188 -9.35257
141 188 -9.35257
142 188 -9.35257
143 188 -9.35257
144 188 -9.35257
145 188 -9.35257
146 188 -9.35257
147 188 -9.35257
148 188 -9.35257
149 188 -9.35257
150 188 -9.35257
151 188 -9.35257
152 188 -9.35257
153 188 -9.35257
154 188 -9.35257
155 188 -9.35257
156 188 -9.35257
157 188 -9.35257
158 188 -9.35257
159 188 -9.35257
160 188 -9.35257
161 188 -9.35257
162 188 -9.35257
163 188 -9.35257
164 188 -9.35257
165 188 -9.35257
166 188 -9.35257
167 188 -9.35257
168 188 -9.35257
169 188 -9.35257
170 188 -9.35257
171 188 -9.35257
172 188 -9.35257
173 188 -9.35257
174 188 -9.35257
175 188 -9.35257
176 188 -9.35257
177 188 -9.35257
178 188 -9.35257
179 188 -9.35257
180 188 -9.35257
181 188 -9.35257
182 188 -9.35257
183 188 -9.35257
184 188 -9.35257
185 188 -9.35257
186 188 -9.35257
187 188 -9.35257
188 188 -9.35257
189 188 -9.35257
190 188 -9.35257
191 188 -9.35257
192 188 -9.35257
193 188 -9.35257
194 188 -9.35257
195 188 -9.35257
196 188 -9.35257
197 188 -9.35257
198 188 -9.35257
199 188 -9.35257
200 188 -9.35257
201 188 -9.35257
202 188 -9.35257
203 188 -9.35257
204 188 -9.35257
205 188 -9.35257
206 188 -9.35257
207 188 -9.35257
208 188 -9.35257
209 188 -9.35257
210 188 -9.35257
211 188 -9.35257
212 188 -9.35257
213 188 -9.35257
214 188 -9.35257
215 188 -9.35257
216 188 -9.35257
217 188 -9.35257
218 188 -9.35257
219 188 -9.35257
220 188 -9.35257
221 188 -9.35257
222 188 -9.35257
223 188 -9.35257
224 188 -9.35257
225 188 -9.35257
226 188 -9.35257
227 188 -9.35257
228 188 -9.35257
229 188 -9.35257
230 188 -9.35257
231 188 -9.35257
232 188 -9.35257
233 188 -9.35257
234 188 -9.35257
235 188 -9.35257
236 188 -9.35257
237 188 -9.35257
238 188 -9.35257
239 188 -9.35257
0 189 -9.35257
1 189 -9.35257
2 189 -9.35257
3 189 -9.35257
4 189 -9.35257
5 189 -9.35257
6 189 -9.35257
7 189 -9.35257
8 189 -9.35257
9 189 -9.35257
10 189 -9.35257
11 189 -9.35257
12 189 -9.35257
13 189 -9.35257
14 189 -9.35257
15 189 -9.35257
16 189 -9.35257
17 189 -9.35257
18 189 -9.35257
19 189 -9.35257
20 189 -9.35257
21 189 -9.35257
22 189 -9.35257
23 189 -9.35257
24 189 -9.35257
25 189 -9.35257
26 189 -9.35257
27 189 -9.35257
28 189 -9.35257
29 189 -9.35257
30 189 -9.35257
31 189 -9.35257
32 189 -9.35257
33 189 -9.35257
34 189 -9.35257
35 189 -9.35257
36 189 -9.35257
37 189 -9.35257
38 189 -9.35257
39 189 -9.35257
40 189 -9.35257
41 189 -9.35257
42 189 -9.35257
43 189 -9.35257
44 189 -9.35257
45 189 -9.35257
46 189 -9.35257
47 189 -9.35257
48 189 -9.35257
49 189 -9.35257
50 189 -9.35257
51 189 -9.35257
52 189 -9.35257
53 189 -9.35257
54 189 -9.35257
55 189 -9.35257
56 189 -9.35257
57 189 -9.35257
58 189 -9.35257
59 189 -9.35257
60 189 -9.35257
61 189 -9.35257
62 189 -9.35257
63 189 -9.35257
64 189 -9.35257
65 189 -9.35257
66 189 -9.35257
67 189 -9.35257
68 189 -9.35257
69 189 -9.35257
70 189 -9.35257
71 189 -9.35257
72 189 -9.35257
73 189 -9.35257
74 189 -9.35257
75 189 -9.35257
76 189 -9.35257
77 189 -9.35257
78 189 -9.35257
79 189 -9.35257
80 189 -9.35257
81 189 -9.35257
82 189 -9.35257
83 189 -9.35257
84 189 -9.35257
85 189 -9.35257
86 189 -9.35257
87 189 -9.35257
88 189 -9.35257
89 189 -9.35257
90 189 -9.35257
91 189 -9.35257
92 189 -9.35257
93 189 -9.35257
94 189 -9.35257
95 189 -9.35257
96 189 -9.35257
97 189 -9.35257
98 189 -9.35257
99 189 -9.35257
100 189 -9.35257
101 189 -9.35257
102 189 -9.35257
103 189 -9.35257
104 189 -9.35257
105 189 -9.35257
106 189 -3.15761
107 189 -2.81334
108 189 -2.46879
109 189 -2.12399
110 189 -1.77979
111 189 -1.43545
112 189 -1.09068
113 189 -0.74545
114 189 -0.400519
115 189 -0.0549849
116 189 0.291046
117 189 0.637736
118 189 0.984389
119 189 1.33159
120 189 1.67948
121 189 2.02787
122 189 1.67678
123 189 1.32312
124 189 0.970042
125 189 0.61737
126 189 0.264343
127 189 -0.0897202
128 189 -0.443469
129 189 -0.796575
130 189 -1.15004
131 189 -1.50321
132 189 -1.85139
133 189 -2.16559
134 189 -2.30716
135 189 -9.35257
136 189 -9.35257
137 189 -9.35257
138 189 -9.35257
139 189 -9.35257
140 189 -9.35257
141 189 -9.35257
142 189 -9.35257
143 189 -9.35257
144 189 -9.35257
145 189 -9.35257
146 189 -9.35257
147 189 -9.35257
148 189 -9.35257
149 189 -9.35257
150 189 -9.35257
151 189 -9.35257
152 189 -9.35257
153 189 -9.35257
154 189 -9.35257
155 189 -9.35257
156 189 -9.35257
157 189 -9.35257
158 189 -9.35257
159 189 -9.35257
160 189 -9.35257
161 189 -9.35257
162 189 -9.35257
163 189 -9.35257
164 189 -9.35257
165 189 -9.35257
166 189 -9.35257
167 189 -9.35257
168 189 -9.35257
169 189 -9.35257
170 189 -9.35257
171 189 -9.35257
172 189 -9.35257
173 189 -9.35257
174 189 -9.35257
175 189 -9.35257
176 189 -9.35257
177 189 -9.35257
178 189 -9.35257
179 189 -9.35257
180 189 -9.35257
181 189 -9.35257
182 189 -9.35257
183 189 -9.35257
184 189 -9.35257
185 189 -9.35257
186 189 -9.35257
187 189 -9.35257
188 189 -9.35257
189 189 -9.35257
190 189 -9.35257
191 189 -9.35257
192 189 -9.35257
193 189 -9.35257
194 189 -9.35257
195 189 -9.35257
196 189 -9.35257
197 189 -9.35257
198 189 -9.35257
199 189 -9.35257
200 189 -9.35257
201 189 -9.35257
202 189 -9.35257
203 189 -9.35257
204 189 -9.35257
205 189 -9.35257
206 189 -9.35257
207 189 -9.35257
208 189 -9.35257
209 189 -9.35257
210 189 -9.35257
211 189 -9.35257
212 189 -9.35257
213 189 -9.35257
214 189 -9.35257
215 189 -9.35257
216 189 -9.35257
217 189 -9.35257
218 189 -9.35257
219 189 -9.35257
220 189 -9.35257
221 189 -9.35257
222 189 -9.35257
223 189 -9.35257
224 189 -9.35257
225 189 -9.35257
226 189 -9.35257
227 189 -9.35257
228 189 -9.35257
229 189 -9.35257
230 189 -9.35257
231 189 -9.35257
232 189 -9.35257
233 189 -9.35257
234 189 -9.35257
235 189 -9.35257
236 189 -9.35257
237 189 -9.35257
238 189 -9.35257
239 189 -9.35257
0 190 -9.35257
1 190 -9.35257
2 190 -9.35257
3 190 -9.35257
4 190 -9.35257
5 190 -9.35257
6 190 -9.35257
7 190 -9.35257
8 190 -9.35257
9 190 -9.35257
10 190 -9.35257
11 190 -9.35257
12 190 -9.35257
13 190 -9.35257
14 190 -9.35257
15 190 -9.35257
16 190 -9.35257
17 190 -9.35257
18 190 -9.35257
19 190 -9.35257
20 190 -9.35257
21 190 -9.35257
22 190 -9.35257
23 190 -9.35257
24 190 -9.35257
25 190 -9.35257
26 190 -9.35257
27 190 -9.35257
28 190 -9.35257
29 190 -9.35257
30 190 -9.35257
31 190 -9.35257
32 190 -9.35257
33 190 -9.35257
34 190 -9.35257
35 190 -9.35257
36 190 -9.35257
37 190 -9.35257
38 190 -9.35257
39 190 -9.35257
40 190 -9.35257
41 190 -9.35257
42 190 -9.35257
43 190 -9.35257
44 190 -9.35257
45 190 -9.35257
46 190 -9.35257
47 190 -9.35257
48 190 -9.35257
49 190 -9.35257
50 190 -9.35257
51 190 -9.35257
52 190 -9.35257
53 190 -9.35257
54 190 -9.35257
55 190 -9.35257
56 190 -9.35257
57 190 -9.35257
58 190 -9.35257
59 190 -9.35257
60 190 -9.35257
61 190 -9.35257
62 190 -9.35257
63 190 -9.35257
64 190 -9.35257
65 190 -9.35257
66 190 -9.35257
67 190 -9.35257
68 190 -9.35257
69 190 -9.35257
70 190 -9.35257
71 190 -9.35257
72 190 -9.35257
73 190 -9.35257
74 190 -9.35257
75 190 -9.35257
76 190 -9.35257
77 190 -9.35257
78 190 -9.35257
79 190 -9.35257
80 190 -9.35257
81 190 -9.35257
82 190 -9.35257
83 190 -9.35257
84 190 -9.35257
85 190 -9.35257
86 190 -9.35257
87 190 -9.35257
88 190 -9.35257
89 190 -9.35257
90 190 -9.35257
91 190 -9.35257
92 190 -9.35257
93 190 -9.35257
94 190 -9.35257
95 190 -9.35257
96 190 -9.35257
97 190 -9.35257
98 190 -9.35257
99 190 -9.35257
100 190 -9.35257
101 190 -9.35257
102 190 -9.35257
103 190 -9.35257
104 190 -9.35257
105 190 -9.35257
106 190 -3.30901
107 190 -2.96586
108 190 -2.62182
109 190 -2.27772
110 190 -1.93348
111 190 -1.58945
112 190 -1.24501
113 190 -0.900008
114 190 -0.554546
115 190 -0.209158
116 190 0.136769
117 190 0.483403
118 190 0.830767
119 190 1.17802
120 190 1.52602
121 190 1.87463
122 190 1.52364
123 190 1.17013
124 190 0.817261
125 190 0.464539
126 190 0.111201
127 190 -0.241887
128 190 -0.595117
129 190 -0.948315
130 190 -1.30272
131 190 -1.66095
132 190 -2.03483
133 190 -2.21906
134 190 -2.3886
135 190 -9.35257
136 190 -9.35257
137 190 -9.35257
138 190 -9.35257
139 190 -9.35257
140 190 -9.35257
141 190 -9.35257
142 190 -9.35257
143 190 -9.35257
144 190 -9.35257
145 190 -9.35257
146 190 -9.35257
147 190 -9.35257
148 190 -9.35257
149 190 -9.35257
150 190 -9.35257
151 190 -9.35257
152 190 -9.35257
153 190 -9.35257
154 190 -9.35257
155 190 -9.35257
156 190 -9.35257
157 190 -9.35257
158 190 -9.35257
159 190 -9.35257
160 190 -9.35257
161 190 -9.35257
162 190 -9.35257
163 190 -9.35257
164 190 -9.35257
165 190 -9.35257
166 190 -9.35257
167 190 -9.35257
168 190 -9.35257
169 190 -9.35257
170 190 -9.35257
171 190 -9.35257
172 190 -9.35257
173 190 -9.35257
174 190 -9.35257
175 190 -9.35257
176 190 -9.35257
177 190 -9.35257
178 190 -9.35257
179 190 -9.35257
180 190 -9.35257
181 190 -9.35257
182 190 -9.35257
183 190 -9.35257
184 190 -9.35257
185 190 -9.35257
186 190 -9.35257
187 190 -9.35257
188 190 -9.35257
189 190 -9.35257
190 190 -9.35257
191 190 -9.35257
192 190 -9.35257
193 190 -9.35257
194 190 -9.35257
195 190 -9.35257
196 190 -9.35257
197 190 -9.35257
198 190 -9.35257
199 190 -9.35257
200 190 -9.35257
201 190 -9.35257
202 190 -9.35257
203 190 -9.35257
204 190 -9.35257
205 190 -9.35257
206 190 -9.35257
207 190 -9.35257
208 190 -9.35257
209 190 -9.35257
210 190 -9.35257
211 190 -9.35257
212 190 -9.35257
213 190 -9.35257
214 190 -9.35257
215 190 -9.35257
216 190 -9.35257
217 190 -9.35257
218 190 -9.35257
219 190 -9.35257
220 190 -9.35257
221 190 -9.35257
222 190 -9.35257
223 190 -9.35257
224 190 -9.35257
225 190 -9.35257
226 190 -9.35257
227 190 -9.35257
228 190 -9.35257
229 190 -9.35257
230 190 -9.35257
231 190 -9.35257
232 190 -9.35257
233 190 -9.35257
234 190 -9.35257
235 190 -9.35257
236 190 -9.35257
237 190 -9.35257
238 190 -9.35257
239 190 -9.35257
0 191 -9.35257
1 191 -9.35257
2 191 -9.35257
3 191 -9.35257
4 191 -9.35257
5 191 -9.35257
6 191 -9.35257
7 191 -9.35257
8 191 -9.35257
9 191 -9.35257
10 191 -9.35257
11 191 -9.35257
12 191 -9.35257
13 191 -9.35257
14 191 -9.35257
15 191 -9.35257
16 191 -9.35257
17 191 -9.35257
18 191 -9.35257
19 191 -9.35257
20 191 -9.35257
21 191 -9.35257
22 191 -9.35257
23 191 -9.35257
24 191 -9.35257
25 191 -9.35257
26 191 -9.35257
27 191 -9.35257
28 191 -9.35257
29 191 -9.35257
30 191 -9.35257
31 191 -9.35257
32 191 -9.35257
33 191 -9.35257
34 191 -9.35257
35 191 -9.35257
36 191 -9.35257
37 191 -9.35257
38 191 -9.35257
39 191 -9.35257
40 191 -9.35257
41 191 -9.35257
42 191 -9.35257
43 191 -9.35257
44 191 -9.35257
45 191 -9.35257
46 191 -9.35257
47 191 -9.35257
48 191 -9.35257
49 191 -9.35257
50 191 -9.35257
51 191 -9.35257
52 191 -9.35257
53 191 -9.35257
54 191 -9.35257
55 191 -9.35257
56 191 -9.35257
57 191 -9.35257
58 191 -9.35257
59 191 -9.35257
60 191 -9.35257
61 191 -9.35257
62 191 -9.35257
63 191 -9.35257
64 191 -9.35257
65 191 -9.35257
66 191 -9.35257
67 191 -9.35257
68 191 -9.35257
69 191 -9.35257
70 191 -9.35257
71 191 -9.35257
72 191 -9.35257
73 191 -9.35257
74 191 -9.35257
75 191 -9.35257
76 191 -9.35257
77 191 -9.35257
78 191 -9.35257
79 191 -9.35257
80 191 -9.35257
81 191 -9.35257
82 191 -9.35257
83 191 -9.35257
84 191 -9.35257
85 191 -9.35257
86 191 -9.35257
87 191 -9.35257
88 191 -9.35257
89 191 -9.35257
90 191 -9.35257
91 191 -9.35257
92 191 -9.35257
93 191 -9.35257
94 191 -9.35257
95 191 -9.35257
96 191 -9.35257
97 191 -9.35257
98 191 -9.35257
99 191 -9.35257
100 191 -9.35257
101 191 -9.35257
102 191 -9.35257
103 191 -9.35257
104 191 -9.35257
105 191 -9.35257
106 191 -9.35257
107 191 -3.11925
108 191 -2.77569
109 191 -2.4323
110 191 -2.08842
111 191 -1.74401
112 191 -1.39989
113 191 -1.05517
114 191 -0.709932
115 191 -0.36401
116 191 -0.0182153
117 191 0.32834
118 191 0.675683
119 191 1.02369
120 191 1.37181
121 191 1.7206
122 191 1.36984
123 191 1.01648
124 191 0.663701
125 191 0.310152
126 191 -0.0426987
127 191 -0.395423
128 191 -0.747779
129 191 -1.09968
130 191 -1.45159
131 191 -1.80303
132 191 -2.15331
133 191 -2.29006
134 191 -9.35257
135 191 -9.35257
136 191 -9.35257
137 191 -9.35257
138 191 -9.35257
139 191 -9.35257
140 191 -9.35257
141 191 -9.35257
142 191 -9.35257
143 191 -9.35257
144 191 -9.35257
145 191 -9.35257
146 191 -9.35257
147 191 -9.35257
148 191 -9.35257
149 191 -9.35257
150 191 -9.35257
151 191 -9.35257
152 191 -9.35257
153 191 -9.35257
154 191 -9.35257
155 191 -9.35257
156 191 -9.35257
157 191 -9.35257
158 191 -9.35257
159 191 -9.35257
160 191 -9.35257
161 191 -9.35257
162 191 -9.35257
163 191 -9.35257
164 191 -9.35257
165 191 -9.35257
166 191 -9.35257
167 191 -9.35257
168 191 -9.35257
169 191 -9.35257
170 191 -9.35257
171 191 -9.35257
172 191 -9.35257
173 191 -9.35257
174 191 -9.35257
175 191 -9.35257
176 191 -9.35257
177 191 -9.35257
178 191 -9.35257
179 191 -9.35257
180 191 -9.35257
181 191 -9.35257
182 191 -9.35257
183 191 -9.35257
184 191 -9.35257
185 191 -9.35257
186 191 -9.35257
187 191 -9.35257
188 191 -9.35257
189 191 -9.35257
190 191 -9.35257
191 191 -9.35257
192 191 -9.35257
193 191 -9.35257
194 191 -9.35257
195 191 -9.35257
196 191 -9.35257
197 191 -9.35257
198 191 -9.35257
199 191 -9.35257
200 191 -9.35257
201 191 -9.35257
202 191 -9.35257
203 191 -9.35257
204 191 -9.35257
205 191 -9.35257
206 191 -9.35257
207 191 -9.35257
208 191 -9.35257
209 191 -9.35257
210 191 -9.35257
211 191 -9.35257
212 191 -9.35257
213 191 -9.35257
214 191 -9.35257
215 191 -9.35257
216 191 -9.35257
217 191 -9.35257
218 191 -9.35257
219 191 -9.35257
220 191 -9.35257
221 191 -9.35257
222 191 -9.35257
223 191 -9.35257
224 191 -9.35257
225 191 -9.35257
226 191 -9.35257
227 191 -9.35257
228 191 -9.35257
229 191 -9.35257
230 191 -9.35257
231 191 -9.35257
232 191 -9.35257
233 191 -9.35257
234 191 -9.35257
235 191 -9.35257
236 191 -9.35257
237 191 -9.35257
238 191 -9.35257
239 191 -9.35257
0 192 -9.35257
1 192 -9.35257
2 192 -9.35257
3 192 -9.35257
4 192 -9.35257
5 192 -9.35257
6 192 -9.35257
7 192 -9.35257
8 192 -9.35257
9 192 -9.35257
10 192 -9.35257
11 192 -9.35257
12 192 -9.35257
13 192 -9.35257
14 192 -9.35257
15 192 -9.35257
16 192 -9.35257
17 192 -9.35257
18 192 -9.35257
19 192 -9.35257
20 192 -9.35257
21 192 -9.35257
22 192 -9.35257
23 192 -9.35257
24 192 -9.35257
25 192 -9.35257
26 192 -9.35257
27 192 -9.35257
28 192 -9.35257
29 192 -9.35257
30 192 -9.35257
31 192 -9.35257
32 192 -9.35257
33 192 -9.35257
34 192 -9.35257
35 192 -9.35257
36 192 -9.35257
37 192 -9.35257
38 192 -9.35257
39 192 -9.35257
40 192 -9.35257
41 192 -9.35257
42 192 -9.35257
43 192 -9.35257
44 192 -9.35257
45 192 -9.35257
46 192 -9.35257
47 192 -9.35257
48 192 -9.35257
49 192 -9.35257
50 192 -9.35257
51 192 -9.35257
52 192 -9.35257
53 192 -9.35257
54 192 -9.35257
55 192 -9.35257
56 192 -9.35257
57 192 -9.35257
58 192 -9.35257
59 192 -9.35257
60 192 -9.35257
61 192 -9.35257
62 192 -9.35257
63 192 -9.35257
64 192 -9.35257
65 192 -9.35257
66 192 -9.35257
67 192 -9.35257
68 192 -9.35257
69 192 -9.35257
70 192 -9.35257
71 192 -9.35257
72 192 -9.35257
73 192 -9.35257
74 192 -9.35257
75 192 -9.35257
76 192 -9.35257
77 192 -9.35257
78 192 -9.35257
79 192 -9.35257
80 192 -9.35257
81 192 -9.35257
82 192 -9.35257
83 192 -9.35257
84 192 -9.35257
85 192 -9.35257
86 192 -9.35257
87 192 -9.35257
88 192 -9.35257
89 192 -9.35257
90 192 -9.35257
91 192 -9.35257
92 192 -9.35257
93 192 -9.35257
94 192 -9.35257
95 192 -9.35257
96 192 -9.35257
97 192 -9.35257
98 192 -9.35257
99 192 -9.35257
100 192 -9.35257
101 192 -9.35257
102 192 -9.35257
103 192 -9.35257
104 192 -9.35257
105 192 -9.35257
106 192 -9.35257
107 192 -3.27271
108 192 -2.93024
109 192 -2.58736
110 192 -2.24387
111 192 -1.89985
112 192 -1.55537
113 192 -1.21097
114 192 -0.866008
115 192 -0.520307
116 192 -0.17396
117 192 0.172489
118 192 0.519792
119 192 0.867833
120 192 1.21677
121 192 1.56575
122 192 1.21493
123 192 0.86175
124 192 0.508854
125 192 0.155606
126 192 -0.196945
127 192 -0.549328
128 192 -0.900896
129 192 -1.25267
130 192 -1.60475
131 192 -1.94965
132 192 -2.25629
133 192 -2.38628
134 192 -9.35257
135 192 -9.35257
136 192 -9.35257
137 192 -9.35257
138 192 -9.35257
139 192 -9.35257
140 192 -9.35257
141 192 -9.35257
142 192 -9.35257
143 192 -9.35257
144 192 -9.35257
145 192 -9.35257
146 192 -9.35257
147 192 -9.35257
148 192 -9.35257
149 192 -9.35257
150 192 -9.35257
151 192 -9.35257
152 192 -9.35257
153 192 -9.35257
154 192 -9.35257
155 192 -9.35257
156 192 -9.35257
157 192 -9.35257
158 192 -9.35257
159 192 -9.35257
160 192 -9.35257
161 192 -9.35257
162 192 -9.35257
163 192 -9.35257
164 192 -9.35257
165 192 -9.35257
166 192 -9.35257
167 192 -9.35257
168 192 -9.35257
169 192 -9.35257
170 192 -9.35257
171 192 -9.35257
172 192 -9.35257
173 192 -9.35257
174 192 -9.35257
175 192 -9.35257
176 192 -9.35257
177 192 -9.35257
178 192 -9.35257
179 192 -9.35257
180 192 -9.35257
181 192 -9.35257
182 192 -9.35257
183 192 -9.35257
184 192 -9.35257
185 192 -9.35257
186 192 -9.35257
187 192 -9.35257
188 192 -9.35257
189 192 -9.35257
190 192 -9.35257
191 192 -9.35257
192 192 -9.35257
193 192 -9.35257
194 192 -9.35257
195 192 -9.35257
196 192 -9.35257
197 192 -9.35257
198 192 -9.35257
199 192 -9.35257
200 192 -9.35257
201 192 -9.35257
202 192 -9.35257
203 192 -9.35257
204 192 -9.35257
205 192 -9.35257
206 192 -9.35257
207 192 -9.35257
208 192 -9.35257
209 192 -9.35257
210 192 -9.35257
211 192 -9.35257
212 192 -9.35257
213 192 -9.35257
214 192 -9.35257
215 192 -9.35257
216 192 -9.35257
217 192 -9.35257
218 192 -9.35257
219 192 -9.35257
220 192 -9.35257
221 192 -9.35257
222 192 -9.35257
223 192 -9.35257
224 192 -9.35257
225 192 -9.35257
226 192 -9.35257
227 192 -9.35257
228 192 -9.35257
229 192 -9.35257
230 192 -9.35257
231 192 -9.35257
232 192 -9.35257
233 192 -9.35257
234 192 -9.35257
235 192 -9.35257
236 192 -9.35257
237 192 -9.35257
238 192 -9.35257
239 192 -9.35257
0 193 -9.35257
1 193 -9.35257
2 193 -9.35257
3 193 -9.35257
4 193 -9.35257
5 193 -9.35257
6 193 -9.35257
7 193 -9.35257
8 193 -9.35257
9 193 -9.35257
10 193 -9.35257
11 193 -9.35257
12 193 -9.35257
13 193 -9.35257
14 193 -9.35257
15 193 -9.35257
16 193 -9.35257
17 193 -9.35257
18 193 -9.35257
19 193 -9.35257
20 193 -9.35257
21 193 -9.35257
22 193 -9.35257
23 193 -9.35257
24 193 -9.35257
25 193 -9.35257
26 193 -9.35257
27 193 -9.35257
28 193 -9.35257
29 193 -9.35257
30 193 -9.35257
31 193 -9.35257
32 193 -9.35257
33 193 -9.35257
34 193 -9.35257
35 193 -9.35257
36 193 -9.35257
37 193 -9.35257
38 193 -9.35257
39 193 -9.35257
40 193 -9.35257
41 193 -9.35257
42 193 -9.35257
43 193 -9.35257
44 193 -9.35257
45 193 -9.35257
46 193 -9.35257
47 193 -9.35257
48 193 -9.35257
49 193 -9.35257
50 193 -9.35257
51 193 -9.35257
52 193 -9.35257
53 193 -9.35257
54 193 -9.35257
55 193 -9.35257
56 193 -9.35257
57 193 -9.35257
58 193 -9.35257
59 193 -9.35257
60 193 -9.35257
61 193 -9.35257
62 193 -9.35257
63 193 -9.35257
64 193 -9.35257
65 193 -9.35257
66 193 -9.35257
67 193 -9.35257
68 193 -9.35257
69 193 -9.35257
70 193 -9.35257
71 193 -9.35257
72 193 -9.35257
73 193 -9.35257
74 193 -9.35257
75 193 -9.35257
76 193 -9.35257
77 193 -9.35257
78 193 -9.35257
79 193 -9.35257
80 193 -9.35257
81 193 -9.35257
82 193 -9.35257
83 193 -9.35257
84 193 -9.35257
85 193 -9.35257
86 193 -9.35257
87 193 -9.35257
88 193 -9.35257
89 193 -9.35257
90 193 -9.35257
91 193 -9.35257
92 193 -9.35257
93 193 -9.35257
94 193 -9.35257
95 193 -9.35257
96 193 -9.35257
97 193 -9.35257
98 193 -9.35257
99 193 -9.35257
100 193 -9.35257
101 193 -9.35257
102 193 -9.35257
103 193 -9.35257
104 193 -9.35257
105 193 -9.35257
106 193 -9.35257
107 193 -9.35257
108 193 -3.0868
109 193 -2.74301
110 193 -2.39987
111 193 -2.05628
112 193 -1.71222
113 193 -1.36747
114 193 -1.02282
115 193 -0.677386
116 193 -0.331244
117 193 0.0157843
118 193 0.363022
119 193 0.71108
120 193 1.0601
121 193 1.40982
122 193 1.05898
123 193 0.706094
124 193 0.352808
125 193 0.000360368
126 193 -0.351979
127 193 -0.70456
128 193 -1.05719
129 193 -1.40933
130 193 -1.76509
131 193 -2.13552
132 193 -2.31466
133 193 -2.47819
134 193 -9.35257
135 193 -9.35257
136 193 -9.35257
137 193 -9.35257
138 193 -9.35257
139 193 -9.35257
140 193 -9.35257
141 193 -9.35257
142 193 -9.35257
143 193 -9.35257
144 193 -9.35257
145 193 -9.35257
146 193 -9.35257
147 193 -9.35257
148 193 -9.35257
149 193 -9.35257
150 193 -9.35257
151 193 -9.35257
152 193 -9.35257
153 193 -9.35257
154 193 -9.35257
155 193 -9.35257
156 193 -9.35257
157 193 -9.35257
158 193 -9.35257
159 193 -9.35257
160 193 -9.35257
161 193 -9.35257
162 193 -9.35257
163 193 -9.35257
164 193 -9.35257
165 193 -9.35257
166 193 -9.35257
167 193 -9.35257
168 193 -9.35257
169 193 -9.35257
170 193 -9.35257
171 193 -9.35257
172 193 -9.35257
173 193 -9.35257
174 193 -9.35257
175 193 -9.35257
176 193 -9.35257
177 193 -9.35257
178 193 -9.35257
179 193 -9.35257
180 193 -9.35257
181 193 -9.35257
182 193 -9.35257
183 193 -9.35257
184 193 -9.35257
185 193 -9.35257
186 193 -9.35257
187 193 -9.35257
188 193 -9.35257
189 193 -9.35257
190 193 -9.35257
191 193 -9.35257
192 193 -9.35257
193 193 -9.35257
194 193 -9.35257
195 193 -9.35257
196 193 -9.35257
197 193 -9.35257
198 193 -9.35257
199 193 -9.35257
200 193 -9.35257
201 193 -9.35257
202 193 -9.35257
203 193 -9.35257
204 193 -9.35257
205 193 -9.35257
206 193 -9.35257
207 193 -9.35257
208 193 -9.35257
209 193 -9.35257
210 193 -9.35257
211 193 -9.35257
212 193 -9.35257
213 193 -9.35257
214 193 -9.35257
215 193 -9.35257
216 193 -9.35257
217 193 -9.35257
218 193 -9.35257
219 193 -9.35257
220 193 -9.35257
221 193 -9.35257
222 193 -9.35257
223 193 -9.35257
224 193 -9.35257
225 193 -9.35257
226 193 -9.35257
227 193 -9.35257
228 193 -9.35257
229 193 -9.35257
230 193 -9.35257
231 193 -9.35257
232 193 -9.35257
233 193 -9.35257
234 193 -9.35257
235 193 -9.35257
236 193 -9.35257
237 193 -9.35257
238 193 -9.35257
239 193 -9.35257
0 194 -9.35257
1 194 -9.35257
2 194 -9.35257
3 194 -9.35257
4 194 -9.35257
5 194 -9.35257
6 194 -9.35257
7 194 -9.35257
8 194 -9.35257
9 194 -9.35257
10 194 -9.35257
11 194 -9.35257
12 194 -9.35257
13 194 -9.35257
14 194 -9.35257
15 194 -9.35257
16 194 -9.35257
17 194 -9.35257
18 194 -9.35257
19 194 -9.35257
20 194 -9.35257
21 194 -9.35257
22 194 -9.35257
23 194 -9.35257
24 194 -9.35257
25 194 -9.35257
26 194 -9.35257
27 194 -9.35257
28 194 -9.35257
29 194 -9.35257
30 194 -9.35257
31 194 -9.35257
32 194 -9.35257
33 194 -9.35257
34 194 -9.35257
35 194 -9.35257
36 194 -9.35257
37 194 -9.35257
38 194 -9.35257
39 194 -9.35257
40 194 -9.35257
41 194 -9.35257
42 194 -9.35257
43 194 -9.35257
44 194 -9.35257
45 194 -9.35257
46 194 -9.35257
47 194 -9.35257
48 194 -9.35257
49 194 -9.35257
50 194 -9.35257
51 194 -9.35257
52 194 -9.35257
53 194 -9.35257
54 194 -9.35257
55 194 -9.35257
56 194 -9.35257
57 194 -9.35257
58 194 -9.35257
59 194 -9.35257
60 194 -9.35257
61 194 -9.35257
62 194 -9.35257
63 194 -9.35257
64 194 -9.35257
65 194 -9.35257
66 194 -9.35257
67 194 -9.35257
68 194 -9.35257
69 194 -9.35257
70 194 -9.35257
71 194 -9.35257
72 194 -9.35257
73 194 -9.35257
74 194 -9.35257
75 194 -9.35257
76 194 -9.35257
77 194 -9.35257
78 194 -9.35257
79 194 -9.35257
80 194 -9.35257
81 194 -9.35257
82 194 -9.35257
83 194 -9.35257
84 194 -9.35257
85 194 -9.35257
86 194 -9.35257
87 194 -9.35257
88 194 -9.35257
89 194 -9.35257
90 194 -9.35257
91 194 -9.35257
92 194 -9.35257
93 194 -9.35257
94 194 -9.35257
95 194 -9.35257
96 194 -9.35257
97 194 -9.35257
98 194 -9.35257
99 194 -9.35257
100 194 -9.35257
101 194 -9.35257
102 194 -9.35257
103 194 -9.35257
104 194 -9.35257
105 194 -9.35257
106 194 -9.35257
107 194 -9.35257
108 194 -3.24241
109 194 -2.89946
110 194 -2.55632
111 194 -2.21332
112 194 -1.86975
113 194 -1.52543
114 194 -1.18043
115 194 -0.835306
116 194 -0.489414
117 194 -0.142567
118 194 0.205292
119 194 0.553364
120 194 0.902589
121 194 1.25297
122 194 0.902901
123 194 0.549289
124 194 0.195415
125 194 -0.158378
126 194 -0.510771
127 194 -0.862833
128 194 -1.21373
129 194 -1.56299
130 194 -1.91075
131 194 -2.25741
132 194 -2.39079
133 194 -9.35257
134 194 -9.35257
135 194 -9.35257
136 194 -9.35257
137 194 -9.35257
138 194 -9.35257
139 194 -9.35257
140 194 -9.35257
141 194 -9.35257
142 194 -9.35257
143 194 -9.35257
144 194 -9.35257
145 194 -9.35257
146 194 -9.35257
147 194 -9.35257
148 194 -9.35257
149 194 -9.35257
150 194 -9.35257
151 194 -9.35257
152 194 -9.35257
153 194 -9.35257
154 194 -9.35257
155 194 -9.35257
156 194 -9.35257
157 194 -9.35257
158 194 -9.35257
159 194 -9.35257
160 194 -9.35257
161 194 -9.35257
162 194 -9.35257
163 194 -9.35257
164 194 -9.35257
165 194 -9.35257
166 194 -9.35257
167 194 -9.35257
168 194 -9.35257
169 194 -9.35257
170 194 -9.35257
171 194 -9.35257
172 194 -9.35257
173 194 -9.35257
174 194 -9.35257
175 194 -9.35257
176 194 -9.35257
177 194 -9.35257
178 194 -9.35257
179 194 -9.35257
180 194 -9.35257
181 194 -9.35257
182 194 -9.35257
183 194 -9.35257
184 194 -9.35257
185 194 -9.35257
186 194 -9.35257
187 194 -9.35257
188 194 -9.35257
189 194 -9.35257
190 194 -9.35257
191 194 -9.35257
192 194 -9.35257
193 194 -9.35257
194 194 -9.35257
195 194 -9.35257
196 194 -9.35257
197 194 -9.35257
198 194 -9.35257
199 194 -9.35257
200 194 -9.35257
201 194 -9.35257
202 194 -9.35257
203 194 -9.35257
204 194 -9.35257
205 194 -9.35257
206 194 -9.35257
207 194 -9.35257
208 194 -9.35257
209 194 -9.35257
210 194 -9.35257
211 194 -9.35257
212 194 -9.35257
213 194 -9.35257
214 194 -9.35257
215 194 -9.35257
216 194 -9.35257
217 194 -9.35257
218 194 -9.35257
219 194 -9.35257
220 194 -9.35257
221 194 -9.35257
222 194 -9.35257
223 194 -9.35257
224 194 -9.35257
225 194 -9.35257
226 194 -9.35257
227 194 -9.35257
228 194 -9.35257
229 194 -9.35257
230 194 -9.35257
231 194 -9.35257
232 194 -9.35257
233 194 -9.35257
234 194 -9.35257
235 194 -9.35257
236 194 -9.35257
237 194 -9.35257
238 194 -9.35257
239 194 -9.35257
0 195 -9.35257
1 195 -9.35257
2 195 -9.35257
3 195 -9.35257
4 195 -9.35257
5 195 -9.35257
6 195 -9.35257
7 195 -9.35257
8 195 -9.35257
9 195 -9.35257
10 195 -9.35257
11 195 -9.35257
12 195 -9.35257
13 195 -9.35257
14 195 -9.35257
15 195 -9.35257
16 195 -9.35257
17 195 -9.35257
18 195 -9.35257
19 195 -9.35257
20 195 -9.35257
21 195 -9.35257
22 195 -9.35257
23 195 -9.35257
24 195 -9.35257
25 195 -9.35257
26 195 -9.35257
27 195 -9.35257
28 195 -9.35257
29 195 -9.35257
30 195 -9.35257
31 195 -9.35257
32 195 -9.35257
33 195 -9.35257
34 195 -9.35257
35 195 -9.35257
36 195 -9.35257
37 195 -9.35257
38 195 -9.35257
39 195 -9.35257
40 195 -9.35257
41 195 -9.35257
42 195 -9.35257
43 195 -9.35257
44 195 -9.35257
45 195 -9.35257
46 195 -9.35257
47 195 -9.35257
48 195 -9.35257
49 195 -9.35257
50 195 -9.35257
51 195 -9.35257
52 195 -9.35257
53 195 -9.35257
54 195 -9.35257
55 195 -9.35257
56 195 -9.35257
57 195 -9.35257
58 195 -9.35257
59 195 -9.35257
60 195 -9.35257
61 195 -9.35257
62 195 -9.35257
63 195 -9.35257
64 195 -9.35257
65 195 -9.35257
66 195 -9.35257
67 195 -9.35257
68 195 -9.35257
69 195 -9.35257
70 195 -9.35257
71 195 -9.35257
72 195 -9.35257
73 195 -9.35257
74 195 -9.35257
75 195 -9.35257
76 195 -9.35257
77 195 -9.35257
78 195 -9.35257
79 195 -9.35257
80 195 -9.35257
81 195 -9.35257
82 195 -9.35257
83 195 -9.35257
84 195 -9.35257
85 195 -9.35257
86 195 -9.35257
87 195 -9.35257
88 195 -9.35257
89 195 -9.35257
90 195 -9.35257
91 195 -9.35257
92 195 -9.35257
93 195 -9.35257
94 195 -9.35257
95 195 -9.35257
96 195 -9.35257
97 195 -9.35257
98 195 -9.35257
99 195 -9.35257
100 195 -9.35257
101 195 -9.35257
102 195 -9.35257
103 195 -9.35257
104 195 -9.35257
105 195 -9.35257
106 195 -9.35257
107 195 -9.35257
108 195 -3.39624
109 195 -3.05611
110 195 -2.71407
111 195 -2.37105
112 195 -2.02804
113 195 -1.68419
114 195 -1.33961
115 195 -0.994128
116 195 -0.648539
117 195 -0.30193
118 195 0.0457734
119 195 0.394494
120 195 0.74378
121 195 1.09456
122 195 0.742851
123 195 0.388736
124 195 0.0348446
125 195 -0.318284
126 195 -0.670515
127 195 -1.02227
128 195 -1.37243
129 195 -1.7193
130 195 -2.05802
131 195 -2.36107
132 195 -2.48943
133 195 -9.35257
134 195 -9.35257
135 195 -9.35257
136 195 -9.35257
137 195 -9.35257
138 195 -9.35257
139 195 -9.35257
140 195 -9.35257
141 195 -9.35257
142 195 -9.35257
143 195 -9.35257
144 195 -9.35257
145 195 -9.35257
146 195 -9.35257
147 195 -9.35257
148 195 -9.35257
149 195 -9.35257
150 195 -9.35257
151 195 -9.35257
152 195 -9.35257
153 195 -9.35257
154 195 -9.35257
155 195 -9.35257
156 195 -9.35257
157 195 -9.35257
158 195 -9.35257
159 195 -9.35257
160 195 -9.35257
161 195 -9.35257
162 195 -9.35257
163 195 -9.35257
164 195 -9.35257
165 195 -9.35257
166 195 -9.35257
167 195 -9.35257
168 195 -9.35257
169 195 -9.35257
170 195 -9.35257
171 195 -9.35257
172 195 -9.35257
173 195 -9.35257
174 195 -9.35257
175 195 -9.35257
176 195 -9.35257
177 195 -9.35257
178 195 -9.35257
179 195 -9.35257
180 195 -9.35257
181 195 -9.35257
182 195 -9.35257
183 195 -9.35257
184 195 -9.35257
185 195 -9.35257
186 195 -9.35257
187 195 -9.35257
188 195 -9.35257
189 195 -9.35257
190 195 -9.35257
191 195 -9.35257
192 195 -9.35257
193 195 -9.35257
194 195 -9.35257
195 195 -9.35257
196 195 -9.35257
197 195 -9.35257
198 195 -9.35257
199 195 -9.35257
200 195 -9.35257
201 195 -9.35257
202 195 -9.35257
203 195 -9.35257
204 195 -9.35257
205 195 -9.35257
206 195 -9.35257
207 195 -9.35257
208 195 -9.35257
209 195 -9.35257
210 195 -9.35257
211 195 -9.35257
212 195 -9.35257
213 195 -9.35257
214 195 -9.35257
215 195 -9.35257
216 195 -9.35257
217 195 -9.35257
218 195 -9.35257
219 195 -9.35257
220 195 -9.35257
221 195 -9.35257
222 195 -9.35257
223 195 -9.35257
224 195 -9.35257
225 195 -9.35257
226 195 -9.35257
227 195 -9.35257
228 195 -9.35257
229 195 -9.35257
230 195 -9.35257
231 195 -9.35257
232 195 -9.35257
233 195 -9.35257
234 195 -9.35257
235 195 -9.35257
236 195 -9.35257
237 195 -9.35257
238 195 -9.35257
239 195 -9.35257
0 196 -9.35257
1 196 -9.35257
2 196 -9.35257
3 196 -9.35257
4 196 -9.35257
5 196 -9.35257
6 196 -9.35257
7 196 -9.35257
8 196 -9.35257
9 196 -9.35257
10 196 -9.35257
11 196 -9.35257
12 196 -9.35257
13 196 -9.35257
14 196 -9.35257
15 196 -9.35257
16 196 -9.35257
17 196 -9.35257
18 196 -9.35257
19 196 -9.35257
20 196 -9.35257
21 196 -9.35257
22 196 -9.35257
23 196 -9.35257
24 196 -9.35257
25 196 -9.35257
26 196 -9.35257
27 196 -9.35257
28 196 -9.35257
29 196 -9.35257
30 196 -9.35257
31 196 -9.35257
32 196 -9.35257
33 196 -9.35257
34 196 -9.35257
35 196 -9.35257
36 196 -9.35257
37 196 -9.35257
38 196 -9.35257
39 196 -9.35257
40 196 -9.35257
41 196 -9.35257
42 196 -9.35257
43 196 -9.35257
44 196 -9.35257
45 196 -9.35257
46 196 -9.35257
47 196 -9.35257
48 196 -9.35257
49 196 -9.35257
50 196 -9.35257
51 196 -9.35257
52 196 -9.35257
53 196 -9.35257
54 196 -9.35257
55 196 -9.35257
56 196 -9.35257
57 196 -9.35257
58 196 -9.35257
59 196 -9.35257
60 196 -9.35257
61 196 -9.35257
62 196 -9.35257
63 196 -9.35257
64 196 -9.35257
65 196 -9.35257
66 196 -9.35257
67 196 -9.35257
68 196 -9.35257
69 196 -9.35257
70 196 -9.35257
71 196 -9.35257
72 196 -9.35257
73 196 -9.35257
74 196 -9.35257
75 196 -9.35257
76 196 -9.35257
77 196 -9.35257
78 196 -9.35257
79 196 -9.35257
80 196 -9.35257
81 196 -9.35257
82 196 -9.35257
83 196 -9.35257
84 196 -9.35257
85 196 -9.35257
86 196 -9.35257
87 196 -9.35257
88 196 -9.35257
89 196 -9.35257
90 196 -9.35257
91 196 -9.35257
92 196 -9.35257
93 196 -9.35257
94 196 -9.35257
95 196 -9.35257
96 196 -9.35257
97 196 -9.35257
98 196 -9.35257
99 196 -9.35257
100 196 -9.35257
101 196 -9.35257
102 196 -9.35257
103 196 -9.35257
104 196 -9.35257
105 196 -9.35257
106 196 -9.35257
107 196 -9.35257
108 196 -9.35257
109 196 -3.21466
110 196 -2.87279
111 196 -2.53036
112 196 -2.18717
113 196 -1.84382
114 196 -1.4997
115 196 -1.15463
116 196 -0.808685
117 196 -0.462386
118 196 -0.1149
119 196 0.233622
120 196 0.583335
121 196 0.933421
122 196 0.581306
123 196 0.227335
124 196 -0.126488
125 196 -0.479603
126 196 -0.831874
127 196 -1.18382
128 196 -1.53463
129 196 -1.88438
130 196 -2.24095
131 196 -2.4184
132 196 -2.5821
133 196 -9.35257
134 196 -9.35257
135 196 -9.35257
136 196 -9.35257
137 196 -9.35257
138 196 -9.35257
139 196 -9.35257
140 196 -9.35257
141 196 -9.35257
142 196 -9.35257
143 196 -9.35257
144 196 -9.35257
145 196 -9.35257
146 196 -9.35257
147 196 -9.35257
148 196 -9.35257
149 196 -9.35257
150 196 -9.35257
151 196 -9.35257
152 196 -9.35257
153 196 -9.35257
154 196 -9.35257
155 196 -9.35257
156 196 -9.35257
157 196 -9.35257
158 196 -9.35257
159 196 -9.35257
160 196 -9.35257
161 196 -9.35257
162 196 -9.35257
163 196 -9.35257
164 196 -9.35257
165 196 -9.35257
166 196 -9.35257
167 196 -9.35257
168 196 -9.35257
169 196 -9.35257
170 196 -9.35257
171 196 -9.35257
172 196 -9.35257
173 196 -9.35257
174 196 -9.35257
175 196 -9.35257
176 196 -9.35257
177 196 -9.35257
178 196 -9.35257
179 196 -9.35257
180 196 -9.35257
181 196 -9.35257
182 196 -9.35257
183 196 -9.35257
184 196 -9.35257
185 196 -9.35257
186 196 -9.35257
187 196 -9.35257
188 196 -9.35257
189 196 -9.35257
190 196 -9.35257
191 196 -9.35257
192 196 -9.35257
193 196 -9.35257
194 196 -9.35257
195 196 -9.35257
196 196 -9.35257
197 196 -9.35257
198 196 -9.35257
199 196 -9.35257
200 196 -9.35257
201 196 -9.35257
202 196 -9.35257
203 196 -9.35257
204 196 -9.35257
205 196 -9.35257
206 196 -9.35257
207 196 -9.35257
208 196 -9.35257
209 196 -9.35257
210 196 -9.35257
211 196 -9.35257
212 196 -9.35257
213 196 -9.35257
214 196 -9.35257
215 196 -9.35257
216 196 -9.35257
217 196 -9.35257
218 196 -9.35257
219 196 -9.35257
220 196 -9.35257
221 196 -9.35257
222 196 -9.35257
223 196 -9.35257
224 196 -9.35257
225 196 -9.35257
226 196 -9.35257
227 196 -9.35257
228 196 -9.35257
229 196 -9.35257
230 196 -9.35257
231 196 -9.35257
232 196 -9.35257
233 196 -9.35257
234 196 -9.35257
235 196 -9.35257
236 196 -9.35257
237 196 -9.35257
238 196 -9.35257
239 196 -9.35257
0 197 -9.35257
1 197 -9.35257
2 197 -9.35257
3 197 -9.35257
4 197 -9.35257
5 197 -9.35257
6 197 -9.35257
7 197 -9.35257
8 197 -9.35257
9 197 -9.35257
10 197 -9.35257
11 197 -9.35257
12 197 -9.35257
13 197 -9.35257
14 197 -9.35257
15 197 -9.35257
16 197 -9.35257
17 197 -9.35257
18 197 -9.35257
19 197 -9.35257
20 197 -9.35257
21 197 -9.35257
22 197 -9.35257
23 197 -9.35257
24 197 -9.35257
25 197 -9.35257
26 197 -9.35257
27 197 -9.35257
28 197 -9.35257
29 197 -9.35257
30 197 -9.35257
31 197 -9.35257
32 197 -9.35257
33 197 -9.35257
34 197 -9.35257
35 197 -9.35257
36 197 -9.35257
37 197 -9.35257
38 197 -9.35257
39 197 -9.35257
40 197 -9.35257
41 197 -9.35257
42 197 -9.35257
43 197 -9.35257
44 197 -9.35257
45 197 -9.35257
46 197 -9.35257
47 197 -9.35257
48 197 -9.35257
49 197 -9.35257
50 197 -9.35257
51 197 -9.35257
52 197 -9.35257
53 197 -9.35257
54 197 -9.35257
55 197 -9.35257
56 197 -9.35257
57 197 -9.35257
58 197 -9.35257
59 197 -9.35257
60 197 -9.35257
61 197 -9.35257
62 197 -9.35257
63 197 -9.35257
64 197 -9.35257
65 197 -9.35257
66 197 -9.35257
67 197 -9.35257
68 197 -9.35257
69 197 -9.35257
70 197 -9.35257
71 197 -9.35257
72 197 -9.35257
73 197 -9.35257
74 197 -9.35257
75 197 -9.35257
76 197 -9.35257
77 197 -9.35257
78 197 -9.35257
79 197 -9.35257
80 197 -9.35257
81 197 -9.35257
82 197 -9.35257
83 197 -9.35257
84 197 -9.35257
85 197 -9.35257
86 197 -9.35257
87 197 -9.35257
88 197 -9.35257
89 197 -9.35257
90 197 -9.35257
91 197 -9.35257
92 197 -9.35257
93 197 -9.35257
94 197 -9.35257
95 197 -9.35257
96 197 -9.35257
97 197 -9.35257
98 197 -9.35257
99 197 -9.35257
100 197 -9.35257
101 197 -9.35257
102 197 -9.35257
103 197 -9.35257
104 197 -9.35257
105 197 -9.35257
106 197 -9.35257
107 197 -9.35257
108 197 -9.35257
109 197 -3.37035
110 197 -3.03207
111 197 -2.69055
112 197 -2.34791
113 197 -2.00436
114 197 -1.66073
115 197 -1.31613
116 197 -0.970631
117 197 -0.624027
118 197 -0.276748
119 197 0.0715584
120 197 0.42094
121 197 0.770933
122 197 0.418525
123 197 0.0646461
124 197 -0.289045
125 197 -0.641988
126 197 -0.994176
127 197 -1.34652
128 197 -1.6979
129 197 -2.04376
130 197 -2.35446
131 197 -2.49001
132 197 -9.35257
133 197 -9.35257
134 197 -9.35257
135 197 -9.35257
136 197 -9.35257
137 197 -9.35257
138 197 -9.35257
139 197 -9.35257
140 197 -9.35257
141 197 -9.35257
142 197 -9.35257
143 197 -9.35257
144 197 -9.35257
145 197 -9.35257
146 197 -9.35257
147 197 -9.35257
148 197 -9.35257
149 197 -9.35257
150 197 -9.35257
151 197 -9.35257
152 197 -9.35257
153 197 -9.35257
154 197 -9.35257
155 197 -9.35257
156 197 -9.35257
157 197 -9.35257
158 197 -9.35257
159 197 -9.35257
160 197 -9.35257
161 197 -9.35257
162 197 -9.35257
163 197 -9.35257
164 197 -9.35257
165 197 -9.35257
166 197 -9.35257
167 197 -9.35257
168 197 -9.35257
169 197 -9.35257
170 197 -9.35257
171 197 -9.35257
172 197 -9.35257
173 197 -9.35257
174 197 -9.35257
175 197 -9.35257
176 197 -9.35257
177 197 -9.35257
178 197 -9.35257
179 197 -9.35257
180 197 -9.35257
181 197 -9.35257
182 197 -9.35257
183 197 -9.35257
184 197 -9.35257
185 197 -9.35257
186 197 -9.35257
187 197 -9.35257
188 197 -9.35257
189 197 -9.35257
190 197 -9.35257
191 197 -9.35257
192 197 -9.35257
193 197 -9.35257
194 197 -9.35257
195 197 -9.35257
196 197 -9.35257
197 197 -9.35257
198 197 -9.35257
199 197 -9.35257
200 197 -9.35257
201 197 -9.35257
202 197 -9.35257
203 197 -9.35257
204 197 -9.35257
205 197 -9.35257
206 197 -9.35257
207 197 -9.35257
208 197 -9.35257
209 197 -9.35257
210 197 -9.35257
211 197 -9.35257
212 197 -9.35257
213 197 -9.35257
214 197 -9.35257
215 197 -9.35257
216 197 -9.35257
217 197 -9.35257
218 197 -9.35257
219 197 -9.35257
220 197 -9.35257
221 197 -9.35257
222 197 -9.35257
223 197 -9.35257
224 197 -9.35257
225 197 -9.35257
226 197 -9.35257
227 197 -9.35257
228 197 -9.35257
229 197 -9.35257
230 197 -9.35257
231 197 -9.35257
232 197 -9.35257
233 197 -9.35257
234 197 -9.35257
235 197 -9.35257
236 197 -9.35257
237 197 -9.35257
238 197 -9.35257
239 197 -9.35257
0 198 -9.35257
1 198 -9.35257
2 198 -9.35257
3 198 -9.35257
4 198 -9.35257
5 198 -9.35257
6 198 -9.35257
7 198 -9.35257
8 198 -9.35257
9 198 -9.35257
10 198 -9.35257
11 198 -9.35257
12 198 -9.35257
13 198 -9.35257
14 198 -9.35257
15 198 -9.35257
16 198 -9.35257
17 198 -9.35257
18 198 -9.35257
19 198 -9.35257
20 198 -9.35257
21 198 -9.35257
22 198 -9.35257
23 198 -9.35257
24 198 -9.35257
25 198 -9.35257
26 198 -9.35257
27 198 -9.35257
28 198 -9.35257
29 198 -9.35257
30 198 -9.35257
31 198 -9.35257
32 198 -9.35257
33 198 -9.35257
34 198 -9.35257
35 198 -9.35257
36 198 -9.35257
37 198 -9.35257
38 198 -9.35257
39 198 -9.35257
40 198 -9.35257
41 198 -9.35257
42 198 -9.35257
43 198 -9.35257
44 198 -9.35257
45 198 -9.35257
46 198 -9.35257
47 198 -9.35257
48 198 -9.35257
49 198 -9.35257
50 198 -9.35257
51 198 -9.35257
52 198 -9.35257
53 198 -9.35257
54 198 -9.35257
55 198 -9.35257
56 198 -9.35257
57 198 -9.35257
58 198 -9.35257
59 198 -9.35257
60 198 -9.35257
61 198 -9.35257
62 198 -9.35257
63 198 -9.35257
64 198 -9.35257
65 198 -9.35257
66 198 -9.35257
67 198 -9.35257
68 198 -9.35257
69 198 -9.35257
70 198 -9.35257
71 198 -9.35257
72 198 -9.35257
73 198 -9.35257
74 198 -9.35257
75 198 -9.35257
76 198 -9.35257
77 198 -9.35257
78 198 -9.35257
79 198 -9.35257
80 198 -9.35257
81 198 -9.35257
82 198 -9.35257
83 198 -9.35257
84 198 -9.35257
85 198 -9.35257
86 198 -9.35257
87 198 -9.35257
88 198 -9.35257
89 198 -9.35257
90 198 -9.35257
91 198 -9.35257
92 198 -9.35257
93 198 -9.35257
94 198 -9.35257
95 198 -9.35257
96 198 -9.35257
97 198 -9.35257
98 198 -9.35257
99 198 -9.35257
100 198 -9.35257
101 198 -9.35257
102 198 -9.35257
103 198 -9.35257
104 198 -9.35257
105 198 -9.35257
106 198 -9.35257
107 198 -9.35257
108 198 -9.35257
109 198 -9.35257
110 198 -3.19461
111 198 -2.85198
112 198 -2.50957
113 198 -2.16654
114 198 -1.82275
115 198 -1.47866
116 198 -1.13368
117 198 -0.787785
118 198 -0.439761
119 198 -0.0915795
120 198 0.257794
121 198 0.608357
122 198 0.254632
123 198 -0.0988554
124 198 -0.452352
125 198 -0.805126
126 198 -1.15746
127 198 -1.5107
128 198 -1.86719
129 198 -2.23916
130 198 -2.41796
131 198 -2.57964
132 198 -9.35257
133 198 -9.35257
134 198 -9.35257
135 198 -9.35257
136 198 -9.35257
137 198 -9.35257
138 198 -9.35257
139 198 -9.35257
140 198 -9.35257
141 198 -9.35257
142 198 -9.35257
143 198 -9.35257
144 198 -9.35257
145 198 -9.35257
146 198 -9.35257
147 198 -9.35257
148 198 -9.35257
149 198 -9.35257
150 198 -9.35257
151 198 -9.35257
152 198 -9.35257
153 198 -9.35257
154 198 -9.35257
155 198 -9.35257
156 198 -9.35257
157 198 -9.35257
158 198 -9.35257
159 198 -9.35257
160 198 -9.35257
161 198 -9.35257
162 198 -9.35257
163 198 -9.35257
164 198 -9.35257
165 198 -9.35257
166 198 -9.35257
167 198 -9.35257
168 198 -9.35257
169 198 -9.35257
170 198 -9.35257
171 198 -9.35257
172 198 -9.35257
173 198 -9.35257
174 198 -9.35257
175 198 -9.35257
176 198 -9.35257
177 198 -9.35257
178 198 -9.35257
179 198 -9.35257
180 198 -9.35257
181 198 -9.35257
182 198 -9.35257
183 198 -9.35257
184 198 -9.35257
185 198 -9.35257
186 198 -9.35257
187 198 -9.35257
188 198 -9.35257
189 198 -9.35257
190 198 -9.35257
191 198 -9.35257
192 198 -9.35257
193 198 -9.35257
194 198 -9.35257
195 198 -9.35257
196 198 -9.35257
197 198 -9.35257
198 198 -9.35257
199 198 -9.35257
200 198 -9.35257
201 198 -9.35257
202 198 -9.35257
203 198 -9.35257
204 198 -9.35257
205 198 -9.35257
206 198 -9.35257
207 198 -9.35257
208 198 -9.35257
209 198 -9.35257
210 198 -9.35257
211 198 -9.35257
212 198 -9.35257
213 198 -9.35257
214 198 -9.35257
215 198 -9.35257
216 198 -9.35257
217 198 -9.35257
218 198 -9.35257
219 198 -9.35257
220 198 -9.35257
221 198 -9.35257
222 198 -9.35257
223 198 -9.35257
224 198 -9.35257
225 198 -9.35257
226 198 -9.35257
227 198 -9.35257
228 198 -9.35257
229 198 -9.35257
230 198 -9.35257
231 198 -9.35257
232 198 -9.35257
233 198 -9.35257
234 198 -9.35257
235 198 -9.35257
236 198 -9.35257
237 198 -9.35257
238 198 -9.35257
239 198 -9.35257
0 199 -9.35257
1 199 -9.35257
2 199 -9.35257
3 199 -9.35257
4 199 -9.35257
5 199 -9.35257
6 199 -9.35257
7 199 -9.35257
8 199 -9.35257
9 199 -9.35257
10 199 -9.35257
11 199 -9.35257
12 199 -9.35257
13 199 -9.35257
14 199 -9.35257
15 199 -9.35257
16 199 -9.35257
17 199 -9.35257
18 199 -9.35257
19 199 -9.35257
20 199 -9.35257
21 199 -9.35257
22 199 -9.35257
23 199 -9.35257
24 199 -9.35257
25 199 -9.35257
26 199 -9.35257
27 199 -9.35257
28 199 -9.35257
29 199 -9.35257
30 199 -9.35257
31 199 -9.35257
32 199 -9.35257
33 199 -9.35257
34 199 -9.35257
35 199 -9.35257
36 199 -9.35257
37 199 -9.35257
38 199 -9.35257
39 199 -9.35257
40 199 -9.35257
41 199 -9.35257
42 199 -9.35257
43 199 -9.35257
44 199 -9.35257
45 199 -9.35257
46 199 -9.35257
47 199 -9.35257
48 199 -9.35257
49 199 -9.35257
50 199 -9.35257
51 199 -9.35257
52 199 -9.35257
53 199 -9.35257
54 199 -9.35257
55 199 -9.35257
56 199 -9.35257
57 199 -9.35257
58 199 -9.35257
59 199 -9.35257
60 199 -9.35257
61 199 -9.35257
62 199 -9.35257
63 199 -9.35257
64 199 -9.35257
65 199 -9.35257
66 199 -9.35257
67 199 -9.35257
68 199 -9.35257
69 199 -9.35257
70 199 -9.35257
71 199 -9.35257
72 199 -9.35257
73 199 -9.35257
74 199 -9.35257
75 199 -9.35257
76 199 -9.35257
77 199 -9.35257
78 199 -9.35257
79 199 -9.35257
80 199 -9.35257
81 199 -9.35257
82 199 -9.35257
83 199 -9.35257
84 199 -9.35257
85 199 -9.35257
86 199 -9.35257
87 199 -9.35257
88 199 -9.35257
89 199 -9.35257
90 199 -9.35257
91 199 -9.35257
92 199 -9.35257
93 199 -9.35257
94 199 -9.35257
95 199 -9.35257
96 199 -9.35257
97 199 -9.35257
98 199 -9.35257
99 199 -9.35257
100 199 -9.35257
101 199 -9.35257
102 199 -9.35257
103 199 -9.35257
104 199 -9.35257
105 199 -9.35257
106 199 -9.35257
107 199 -9.35257
108 199 -9.35257
109 199 -9.35257
110 199 -3.35559
111 199 -3.01332
112 199 -2.67186
113 199 -2.32962
114 199 -1.98649
115 199 -1.64223
116 199 -1.29765
117 199 -0.9518
118 199 -0.60451
119 199 -0.255909
120 199 0.0933188
121 199 0.443871
122 199 0.0894855
123 199 -0.26397
124 199 -0.616897
125 199 -0.969221
126 199 -1.32068
127 199 -1.67165
128 199 -2.021
129 199 -2.36842
130 199 -2.49908
131 199 -9.35257
132 199 -9.35257
133 199 -9.35257
134 199 -9.35257
135 199 -9.35257
136 199 -9.35257
137 199 -9.35257
138 199 -9.35257
139 199 -9.35257
140 199 -9.35257
141 199 -9.35257
142 199 -9.35257
143 199 -9.35257
144 199 -9.35257
145 199 -9.35257
146 199 -9.35257
147 199 -9.35257
148 199 -9.35257
149 199 -9.35257
150 199 -9.35257
151 199 -9.35257
152 199 -9.35257
153 199 -9.35257
154 199 -9.35257
155 199 -9.35257
156 199 -9.35257
157 199 -9.35257
158 199 -9.35257
159 199 -9.35257
160 199 -9.35257
161 199 -9.35257
162 199 -9.35257
163 199 -9.35257
164 199 -9.35257
165 199 -9.35257
166 199 -9.35257
167 199 -9.35257
168 199 -9.35257
169 199 -9.35257
170 199 -9.35257
171 199 -9.35257
172 199 -9.35257
173 199 -9.35257
174 199 -9.35257
175 199 -9.35257
176 199 -9.35257
177 199 -9.35257
178 199 -9.35257
179 199 -9.35257
180 199 -9.35257
181 199 -9.35257
182 199 -9.35257
183 199 -9.35257
184 199 -9.35257
185 199 -9.35257
186 199 -9.35257
187 199 -9.35257
188 199 -9.35257
189 199 -9.35257
190 199 -9.35257
191 199 -9.35257
192 199 -9.35257
193 199 -9.35257
194 199 -9.35257
195 199 -9.35257
196 199 -9.35257
197 199 -9.35257
198 199 -9.35257
199 199 -9.35257
200 199 -9.35257
201 199 -9.35257
202 199 -9.35257
203 199 -9.35257
204 199 -9.35257
205 199 -9.35257
206 199 -9.35257
207 199 -9.35257
208 199 -9.35257
209 199 -9.35257
210 199 -9.35257
211 199 -9.35257
212 199 -9.35257
213 199 -9.35257
214 199 -9.35257
215 199 -9.35257
216 199 -9.35257
217 199 -9.35257
218 199 -9.35257
219 199 -9.35257
220 199 -9.35257
221 199 -9.35257
222 199 -9.35257
223 199 -9.35257
224 199 -9.35257
225 199 -9.35257
226 199 -9.35257
227 199 -9.35257
228 199 -9.35257
229 199 -9.35257
230 199 -9.35257
231 199 -9.35257
232 199 -9.35257
233 199 -9.35257
234 199 -9.35257
235 199 -9.35257
236 199 -9.35257
237 199 -9.35257
238 199 -9.35257
239 199 -9.35257
0 200 -9.35257
1 200 -9.35257
2 200 -9.35257
3 200 -9.35257
4 200 -9.35257
5 200 -9.35257
6 200 -9.35257
7 200 -9.35257
8 200 -9.35257
9 200 -9.35257
10 200 -9.35257
11 200 -9.35257
12 200 -9.35257
13 200 -9.35257
14 200 -9.35257
15 200 -9.35257
16 200 -9.35257
17 200 -9.35257
18 200 -9.35257
19 200 -9.35257
20 200 -9.35257
21 200 -9.35257
22 200 -9.35257
23 200 -9.35257
24 200 -9.35257
25 200 -9.35257
26 200 -9.35257
27 200 -9.35257
28 200 -9.35257
29 200 -9.35257
30 200 -9.35257
31 200 -9.35257
32 200 -9.35257
33 200 -9.35257
34 200 -9.35257
35 200 -9.35257
36 200 -9.35257
37 200 -9.35257
38 200 -9.35257
39 200 -9.35257
40 200 -9.35257
41 200 -9.35257
42 200 -9.35257
43 200 -9.35257
44 200 -9.35257
45 200 -9.35257
46 200 -9.35257
47 200 -9.35257
48 200 -9.35257
49 200 -9.35257
50 200 -9.35257
51 200 -9.35257
52 200 -9.35257
53 200 -9.35257
54 200 -9.35257
55 200 -9.35257
56 200 -9.35257
57 200 -9.35257
58 200 -9.35257
59 200 -9.35257
60 200 -9.35257
61 200 -9.35257
62 200 -9.35257
63 200 -9.35257
64 200 -9.35257
65 200 -9.35257
66 200 -9.35257
67 200 -9.35257
68 200 -9.35257
69 200 -9.35257
70 200 -9.35257
71 200 -9.35257
72 200 -9.35257
73 200 -9.35257
74 200 -9.35257
75 200 -9.35257
76 200 -9.35257
77 200 -9.35257
78 200 -9.35257
79 200 -9.35257
80 200 -9.35257
81 200 -9.35257
82 200 -9.35257
83 200 -9.35257
84 200 -9.35257
85 200 -9.35257
86 200 -9.35257
87 200 -9.35257
88 200 -9.35257
89 200 -9.35257
90 200 -9.35257
91 200 -9.35257
92 200 -9.35257
93 200 -9.35257
94 200 -9.35257
95 200 -9.35257
96 200 -9.35257
97 200 -9.35257
98 200 -9.35257
99 200 -9.35257
100 200 -9.35257
101 200 -9.35257
102 200 -9.35257
103 200 -9.35257
104 200 -9.35257
105 200 -9.35257
106 200 -9.35257
107 200 -9.35257
108 200 -9.35257
109 200 -9.35257
110 200 -3.51321
111 200 -3.17541
112 200 -2.83492
113 200 -2.49372
114 200 -2.15135
115 200 -1.80771
116 200 -1.46287
117 200 -1.11739
118 200 -0.77057
119 200 -0.422309
120 200 -0.0726181
121 200 0.277604
122 200 -0.0771075
123 200 -0.430461
124 200 -0.783062
125 200 -1.13465
126 200 -1.48503
127 200 -1.83472
128 200 -2.17726
129 200 -2.47979
130 200 -2.60421
131 200 -9.35257
132 200 -9.35257
133 200 -9.35257
134 200 -9.35257
135 200 -9.35257
136 200 -9.35257
137 200 -9.35257
138 200 -9.35257
139 200 -9.35257
140 200 -9.35257
141 200 -9.35257
142 200 -9.35257
143 200 -9.35257
144 200 -9.35257
145 200 -9.35257
146 200 -9.35257
147 200 -9.35257
148 200 -9.35257
149 200 -9.35257
150 200 -9.35257
151 200 -9.35257
152 200 -9.35257
153 200 -9.35257
154 200 -9.35257
155 200 -9.35257
156 200 -9.35257
157 200 -9.35257
158 200 -9.35257
159 200 -9.35257
160 200 -9.35257
161 200 -9.35257
162 200 -9.35257
163 200 -9.35257
164 200 -9.35257
165 200 -9.35257
166 200 -9.35257
167 200 -9.35257
168 200 -9.35257
169 200 -9.35257
170 200 -9.35257
171 200 -9.35257
172 200 -9.35257
173 200 -9.35257
174 200 -9.35257
175 200 -9.35257
176 200 -9.35257
177 200 -9.35257
178 200 -9.35257
179 200 -9.35257
180 200 -9.35257
181 200 -9.35257
182 200 -9.35257
183 200 -9.35257
184 200 -9.35257
185 200 -9.35257
186 200 -9.35257
187 200 -9.35257
188 200 -9.35257
189 200 -9.35257
190 200 -9.35257
191 200 -9.35257
192 200 -9.35257
193 200 -9.35257
194 200 -9.35257
195 200 -9.35257
196 200 -9.35257
197 200 -9.35257
198 200 -9.35257
199 200 -9.35257
200 200 -9.35257
201 200 -9.35257
202 200 -9.35257
203 200 -9.35257
204 200 -9.35257
205 200 -9.35257
206 200 -9.35257
207 200 -9.35257
208 200 -9.35257
209 200 -9.35257
210 200 -9.35257
211 200 -9.35257
212 200 -9.35257
213 200 -9.35257
214 200 -9.35257
215 200 -9.35257
216 200 -9.35257
217 200 -9.35257
218 200 -9.35257
219 200 -9.35257
220 200 -9.35257
221 200 -9.35257
222 200 -9.35257
223 200 -9.35257
224 200 -9.35257
225 200 -9.35257
226 200 -9.35257
227 200 -9.35257
228 200 -9.35257
229 200 -9.35257
230 200 -9.35257
231 200 -9.35257
232 200 -9.35257
233 200 -9.35257
234 200 -9.35257
235 200 -9.35257
236 200 -9.35257
237 200 -9.35257
238 200 -9.35257
239 200 -9.35257
0 201 -9.35257
1 201 -9.35257
2 201 -9.35257
3 201 -9.35257
4 201 -9.35257
5 201 -9.35257
6 201 -9.35257
7 201 -9.35257
8 201 -9.35257
9 201 -9.35257
10 201 -9.35257
11 201 -9.35257
12 201 -9.35257
13 201 -9.35257
14 201 -9.35257
15 201 -9.35257
16 201 -9.35257
17 201 -9.35257
18 201 -9.35257
19 201 -9.35257
20 201 -9.35257
21 201 -9.35257
22 201 -9.35257
23 201 -9.35257
24 201 -9.35257
25 201 -9.35257
26 201 -9.35257
27 201 -9.35257
28 201 -9.35257
29 201 -9.35257
30 201 -9.35257
31 201 -9.35257
32 201 -9.35257
33 201 -9.35257
34 201 -9.35257
35 201 -9.35257
36 201 -9.35257
37 201 -9.35257
38 201 -9.35257
39 201 -9.35257
40 201 -9.35257
41 201 -9.35257
42 201 -9.35257
43 201 -9.35257
44 201 -9.35257
45 201 -9.35257
46 201 -9.35257
47 201 -9.35257
48 201 -9.35257
49 201 -9.35257
50 201 -9.35257
51 201 -9.35257
52 201 -9.35257
53 201 -9.35257
54 201 -9.35257
55 201 -9.35257
56 201 -9.35257
57 201 -9.35257
58 201 -9.35257
59 201 -9.35257
60 201 -9.35257
61 201 -9.35257
62 201 -9.35257
63 201 -9.35257
64 201 -9.35257
65 201 -9.35257
66 201 -9.35257
67 201 -9.35257
68 201 -9.35257
69 201 -9.35257
70 201 -9.35257
71 201 -9.35257
72 201 -9.35257
73 201 -9.35257
74 201 -9.35257
75 201 -9.35257
76 201 -9.35257
77 201 -9.35257
78 201 -9.35257
79 201 -9.35257
80 201 -9.35257
81 201 -9.35257
82 201 -9.35257
83 201 -9.35257
84 201 -9.35257
85 201 -9.35257
86 201 -9.35257
87 201 -9.35257
88 201 -9.35257
89 201 -9.35257
90 201 -9.35257
91 201 -9.35257
92 201 -9.35257
93 201 -9.35257
94 201 -9.35257
95 201 -9.35257
96 201 -9.35257
97 201 -9.35257
98 201 -9.35257
99 201 -9.35257
100 201 -9.35257
101 201 -9.35257
102 201 -9.35257
103 201 -9.35257
104 201 -9.35257
105 201 -9.35257
106 201 -9.35257
107 201 -9.35257
108 201 -9.35257
109 201 -9.35257
110 201 -9.35257
111 201 -3.34035
112 201 -3.00014
113 201 -2.65911
114 201 -2.31751
115 201 -1.9745
116 201 -1.6302
117 201 -1.28446
118 201 -0.938068
119 201 -0.590139
120 201 -0.240666
121 201 0.10985
122 201 -0.245058
123 201 -0.598334
124 201 -0.950755
125 201 -1.30182
126 201 -1.65222
127 201 -2.00566
128 201 -2.37353
129 201 -2.54696
130 201 -2.70273
131 201 -9.35257
132 201 -9.35257
133 201 -9.35257
134 201 -9.35257
135 201 -9.35257
136 201 -9.35257
137 201 -9.35257
138 201 -9.35257
139 201 -9.35257
140 201 -9.35257
141 201 -9.35257
142 201 -9.35257
143 201 -9.35257
144 201 -9.35257
145 201 -9.35257
146 201 -9.35257
147 201 -9.35257
148 201 -9.35257
149 201 -9.35257
150 201 -9.35257
151 201 -9.35257
152 201 -9.35257
153 201 -9.35257
154 201 -9.35257
155 201 -9.35257
156 201 -9.35257
157 201 -9.35257
158 201 -9.35257
159 201 -9.35257
160 201 -9.35257
161 201 -9.35257
162 201 -9.35257
163 201 -9.35257
164 201 -9.35257
165 201 -9.35257
166 201 -9.35257
167 201 -9.35257
168 201 -9.35257
169 201 -9.35257
170 201 -9.35257
171 201 -9.35257
172 201 -9.35257
173 201 -9.35257
174 201 -9.35257
175 201 -9.35257
176 201 -9.35257
177 201 -9.35257
178 201 -9.35257
179 201 -9.35257
180 201 -9.35257
181 201 -9.35257
182 201 -9.35257
183 201 -9.35257
184 201 -9.35257
185 201 -9.35257
186 201 -9.35257
187 201 -9.35257
188 201 -9.35257
189 201 -9.35257
190 201 -9.35257
191 201 -9.35257
192 201 -9.35257
193 201 -9.35257
194 201 -9.35257
195 201 -9.35257
196 201 -9.35257
197 201 -9.35257
198 201 -9.35257
199 201 -9.35257
200 201 -9.35257
201 201 -9.35257
202 201 -9.35257
203 201 -9.35257
204 201 -9.35257
205 201 -9.35257
206 201 -9.35257
207 201 -9.35257
208 201 -9.35257
209 201 -9.35257
210 201 -9.35257
211 201 -9.35257
212 201 -9.35257
213 201 -9.35257
214 201 -9.35257
215 201 -9.35257
216 201 -9.35257
217 201 -9.35257
218 201 -9.35257
219 201 -9.35257
220 201 -9.35257
221 201 -9.35257
222 201 -9.35257
223 201 -9.35257
224 201 -9.35257
225 201 -9.35257
226 201 -9.35257
227 201 -9.35257
228 201 -9.35257
229 201 -9.35257
230 201 -9.35257
231 201 -9.35257
232 201 -9.35257
233 201 -9.35257
234 201 -9.35257
235 201 -9.35257
236 201 -9.35257
237 201 -9.35257
238 201 -9.35257
239 201 -9.35257
0 202 -9.35257
1 202 -9.35257
2 202 -9.35257
3 202 -9.35257
4 202 -9.35257
5 202 -9.35257
6 202 -9.35257
7 202 -9.35257
8 202 -9.35257
9 202 -9.35257
10 202 -9.35257
11 202 -9.35257
12 202 -9.35257
13 202 -9.35257
14 202 -9.35257
15 202 -9.35257
16 202 -9.35257
17 202 -9.35257
18 202 -9.35257
19 202 -9.35257
20 202 -9.35257
21 202 -9.35257
22 202 -9.35257
23 202 -9.35257
24 202 -9.35257
25 202 -9.35257
26 202 -9.35257
27 202 -9.35257
28 202 -9.35257
29 202 -9.35257
30 202 -9.35257
31 202 -9.35257
32 202 -9.35257
33 202 -9.35257
34 202 -9.35257
35 202 -9.35257
36 202 -9.35257
37 202 -9.35257
38 202 -9.35257
39 202 -9.35257
40 202 -9.35257
41 202 -9.35257
42 202 -9.35257
43 202 -9.35257
44 202 -9.35257
45 202 -9.35257
46 202 -9.35257
47 202 -9.35257
48 202 -9.35257
49 202 -9.35257
50 202 -9.35257
51 202 -9.35257
52 202 -9.35257
53 202 -9.35257
54 202 -9.35257
55 202 -9.35257
56 202 -9.35257
57 202 -9.35257
58 202 -9.35257
59 202 -9.35257
60 202 -9.35257
61 202 -9.35257
62 202 -9.35257
63 202 -9.35257
64 202 -9.35257
65 202 -9.35257
66 202 -9.35257
67 202 -9.35257
68 202 -9.35257
69 202 -9.35257
70 202 -9.35257
71 202 -9.35257
72 202 -9.35257
73 202 -9.35257
74 202 -9.35257
75 202 -9.35257
76 202 -9.35257
77 202 -9.35257
78 202 -9.35257
79 202 -9.35257
80 202 -9.35257
81 202 -9.35257
82 202 -9.35257
83 202 -9.35257
84 202 -9.35257
85 202 -9.35257
86 202 -9.35257
87 202 -9.35257
88 202 -9.35257
89 202 -9.35257
90 202 -9.35257
91 202 -9.35257
92 202 -9.35257
93 202 -9.35257
94 202 -9.35257
95 202 -9.35257
96 202 -9.35257
97 202 -9.35257
98 202 -9.35257
99 202 -9.35257
100 202 -9.35257
101 202 -9.35257
102 202 -9.35257
103 202 -9.35257
104 202 -9.35257
105 202 -9.35257
106 202 -9.35257
107 202 -9.35257
108 202 -9.35257
109 202 -9.35257
110 202 -9.35257
111 202 -3.49998
112 202 -3.16617
113 202 -2.82664
114 202 -2.48507
115 202 -2.1427
116 202 -1.79898
117 202 -1.45374
118 202 -1.10711
119 202 -0.759511
120 202 -0.410529
121 202 -0.0603311
122 202 -0.415157
123 202 -0.768212
124 202 -1.12002
125 202 -1.46967
126 202 -1.81699
127 202 -2.16217
128 202 -2.5059
129 202 -2.63341
130 202 -9.35257
131 202 -9.35257
132 202 -9.35257
133 202 -9.35257
134 202 -9.35257
135 202 -9.35257
136 202 -9.35257
137 202 -9.35257
138 202 -9.35257
139 202 -9.35257
140 202 -9.35257
141 202 -9.35257
142 202 -9.35257
143 202 -9.35257
144 202 -9.35257
145 202 -9.35257
146 202 -9.35257
147 202 -9.35257
148 202 -9.35257
149 202 -9.35257
150 202 -9.35257
151 202 -9.35257
152 202 -9.35257
153 202 -9.35257
154 202 -9.35257
155 202 -9.35257
156 202 -9.35257
157 202 -9.35257
158 202 -9.35257
159 202 -9.35257
160 202 -9.35257
161 202 -9.35257
162 202 -9.35257
163 202 -9.35257
164 202 -9.35257
165 202 -9.35257
166 202 -9.35257
167 202 -9.35257
168 202 -9.35257
169 202 -9.35257
170 202 -9.35257
171 202 -9.35257
172 202 -9.35257
173 202 -9.35257
174 202 -9.35257
175 202 -9.35257
176 202 -9.35257
177 202 -9.35257
178 202 -9.35257
179 202 -9.35257
180 202 -9.35257
181 202 -9.35257
182 202 -9.35257
183 202 -9.35257
184 202 -9.35257
185 202 -9.35257
186 202 -9.35257
187 202 -9.35257
188 202 -9.35257
189 202 -9.35257
190 202 -9.35257
191 202 -9.35257
192 202 -9.35257
193 202 -9.35257
194 202 -9.35257
195 202 -9.35257
196 202 -9.35257
197 202 -9.35257
198 202 -9.35257
199 202 -9.35257
200 202 -9.35257
201 202 -9.35257
202 202 -9.35257
203 202 -9.35257
204 202 -9.35257
205 202 -9.35257
206 202 -9.35257
207 202 -9.35257
208 202 -9.35257
209 202 -9.35257
210 202 -9.35257
211 202 -9.35257
212 202 -9.35257
213 202 -9.35257
214 202 -9.35257
215 202 -9.35257
216 202 -9.35257
217 202 -9.35257
218 202 -9.35257
219 202 -9.35257
220 202 -9.35257
221 202 -9.35257
222 202 -9.35257
223 202 -9.35257
224 202 -9.35257
225 202 -9.35257
226 202 -9.35257
227 202 -9.35257
228 202 -9.35257
229 202 -9.35257
230 202 -9.35257
231 202 -9.35257
232 202 -9.35257
233 202 -9.35257
234 202 -9.35257
235 202 -9.35257
236 202 -9.35257
237 202 -9.35257
238 202 -9.35257
239 202 -9.35257
0 203 -9.35257
1 203 -9.35257
2 203 -9.35257
3 203 -9.35257
4 203 -9.35257
5 203 -9.35257
6 203 -9.35257
7 203 -9.35257
8 203 -9.35257
9 203 -9.35257
10 203 -9.35257
11 203 -9.35257
12 203 -9.35257
13 203 -9.35257
14 203 -9.35257
15 203 -9.35257
16 203 -9.35257
17 203 -9.35257
18 203 -9.35257
19 203 -9.35257
20 203 -9.35257
21 203 -9.35257
22 203 -9.35257
23 203 -9.35257
24 203 -9.35257
25 203 -9.35257
26 203 -9.35257
27 203 -9.35257
28 203 -9.35257
29 203 -9.35257
30 203 -9.35257
31 203 -9.35257
32 203 -9.35257
33 203 -9.35257
34 203 -9.35257
35 203 -9.35257
36 203 -9.35257
37 203 -9.35257
38 203 -9.35257
39 203 -9.35257
40 203 -9.35257
41 203 -9.35257
42 203 -9.35257
43 203 -9.35257
44 203 -9.35257
45 203 -9.35257
46 203 -9.35257
47 203 -9.35257
48 203 -9.35257
49 203 -9.35257
50 203 -9.35257
51 203 -9.35257
52 203 -9.35257
53 203 -9.35257
54 203 -9.35257
55 203 -9.35257
56 203 -9.35257
57 203 -9.35257
58 203 -9.35257
59 203 -9.35257
60 203 -9.35257
61 203 -9.35257
62 203 -9.35257
63 203 -9.35257
64 203 -9.35257
65 203 -9.35257
66 203 -9.35257
67 203 -9.35257
68 203 -9.35257
69 203 -9.35257
70 203 -9.35257
71 203 -9.35257
72 203 -9.35257
73 203 -9.35257
74 203 -9.35257
75 203 -9.35257
76 203 -9.35257
77 203 -9.35257
78 203 -9.35257
79 203 -9.35257
80 203 -9.35257
81 203 -9.35257
82 203 -9.35257
83 203 -9.35257
84 203 -9.35257
85 203 -9.35257
86 203 -9.35257
87 203 -9.35257
88 203 -9.35257
89 203 -9.35257
90 203 -9.35257
91 203 -9.35257
92 203 -9.35257
93 203 -9.35257
94 203 -9.35257
95 203 -9.35257
96 203 -9.35257
97 203 -9.35257
98 203 -9.35257
99 203 -9.35257
100 203 -9.35257
101 203 -9.35257
102 203 -9.35257
103 203 -9.35257
104 203 -9.35257
105 203 -9.35257
106 203 -9.35257
107 203 -9.35257
108 203 -9.35257
109 203 -9.35257
110 203 -9.35257
111 203 -9.35257
112 203 -3.33793
113 203 -2.99633
114 203 -2.65489
115 203 -2.31238
116 203 -1.96927
117 203 -1.62456
118 203 -1.27856
119 203 -0.930905
120 203 -0.582475
121 203 -0.232306
122 203 -0.587029
123 203 -0.939962
124 203 -1.29145
125 203 -1.64036
126 203 -1.98505
127 203 -2.32065
128 203 -2.61923
129 203 -2.74139
130 203 -9.35257
131 203 -9.35257
132 203 -9.35257
133 203 -9.35257
134 203 -9.35257
135 203 -9.35257
136 203 -9.35257
137 203 -9.35257
138 203 -9.35257
139 203 -9.35257
140 203 -9.35257
141 203 -9.35257
142 203 -9.35257
143 203 -9.35257
144 203 -9.35257
145 203 -9.35257
146 203 -9.35257
147 203 -9.35257
148 203 -9.35257
149 203 -9.35257
150 203 -9.35257
151 203 -9.35257
152 203 -9.35257
153 203 -9.35257
154 203 -9.35257
155 203 -9.35257
156 203 -9.35257
157 203 -9.35257
158 203 -9.35257
159 203 -9.35257
160 203 -9.35257
161 203 -9.35257
162 203 -9.35257
163 203 -9.35257
164 203 -9.35257
165 203 -9.35257
166 203 -9.35257
167 203 -9.35257
168 203 -9.35257
169 203 -9.35257
170 203 -9.35257
171 203 -9.35257
172 203 -9.35257
173 203 -9.35257
174 203 -9.35257
175 203 -9.35257
176 203 -9.35257
177 203 -9.35257
178 203 -9.35257
179 203 -9.35257
180 203 -9.35257
181 203 -9.35257
182 203 -9.35257
183 203 -9.35257
184 203 -9.35257
185 203 -9.35257
186 203 -9.35257
187 203 -9.35257
188 203 -9.35257
189 203 -9.35257
190 203 -9.35257
191 203 -9.35257
192 203 -9.35257
193 203 -9.35257
194 203 -9.35257
195 203 -9.35257
196 203 -9.35257
197 203 -9.35257
198 203 -9.35257
199 203 -9.35257
200 203 -9.35257
201 203 -9.35257
202 203 -9.35257
203 203 -9.35257
204 203 -9.35257
205 203 -9.35257
206 203 -9.35257
207 203 -9.35257
208 203 -9.35257
209 203 -9.35257
210 203 -9.35257
211 203 -9.35257
212 203 -9.35257
213 203 -9.35257
214 203 -9.35257
215 203 -9.35257
216 203 -9.35257
217 203 -9.35257
218 203 -9.35257
219 203 -9.35257
220 203 -9.35257
221 203 -9.35257
222 203 -9.35257
223 203 -9.35257
224 203 -9.35257
225 203 -9.35257
226 203 -9.35257
227 203 -9.35257
228 203 -9.35257
229 203 -9.35257
230 203 -9.35257
231 203 -9.35257
232 203 -9.35257
233 203 -9.35257
234 203 -9.35257
235 203 -9.35257
236 203 -9.35257
237 203 -9.35257
238 203 -9.35257
239 203 -9.35257
0 204 -9.35257
1 204 -9.35257
2 204 -9.35257
3 204 -9.35257
4 204 -9.35257
5 204 -9.35257
6 204 -9.35257
7 204 -9.35257
8 204 -9.35257
9 204 -9.35257
10 204 -9.35257
11 204 -9.35257
12 204 -9.35257
13 204 -9.35257
14 204 -9.35257
15 204 -9.35257
16 204 -9.35257
17 204 -9.35257
18 204 -9.35257
19 204 -9.35257
20 204 -9.35257
21 204 -9.35257
22 204 -9.35257
23 204 -9.35257
24 204 -9.35257
25 204 -9.35257
26 204 -9.35257
27 204 -9.35257
28 204 -9.35257
29 204 -9.35257
30 204 -9.35257
31 204 -9.35257
32 204 -9.35257
33 204 -9.35257
34 204 -9.35257
35 204 -9.35257
36 204 -9.35257
37 204 -9.35257
38 204 -9.35257
39 204 -9.35257
40 204 -9.35257
41 204 -9.35257
42 204 -9.35257
43 204 -9.35257
44 204 -9.35257
45 204 -9.35257
46 204 -9.35257
47 204 -9.35257
48 204 -9.35257
49 204 -9.35257
50 204 -9.35257
51 204 -9.35257
52 204 -9.35257
53 204 -9.35257
54 204 -9.35257
55 204 -9.35257
56 204 -9.35257
57 204 -9.35257
58 204 -9.35257
59 204 -9.35257
60 204 -9.35257
61 204 -9.35257
62 204 -9.35257
63 204 -9.35257
64 204 -9.35257
65 204 -9.35257
66 204 -9.35257
67 204 -9.35257
68 204 -9.35257
69 204 -9.35257
70 204 -9.35257
71 204 -9.35257
72 204 -9.35257
73 204 -9.35257
74 204 -9.35257
75 204 -9.35257
76 204 -9.35257
77 204 -9.35257
78 204 -9.35257
79 204 -9.35257
80 204 -9.35257
81 204 -9.35257
82 204 -9.35257
83 204 -9.35257
84 204 -9.35257
85 204 -9.35257
86 204 -9.35257
87 204 -9.35257
88 204 -9.35257
89 204 -9.35257
90 204 -9.35257
91 204 -9.35257
92 204 -9.35257
93 204 -9.35257
94 204 -9.35257
95 204 -9.35257
96 204 -9.35257
97 204 -9.35257
98 204 -9.35257
99 204 -9.35257
100 204 -9.35257
101 204 -9.35257
102 204 -9.35257
103 204 -9.35257
104 204 -9.35257
105 204 -9.35257
106 204 -9.35257
107 204 -9.35257
108 204 -9.35257
109 204 -9.35257
110 204 -9.35257
111 204 -9.35257
112 204 -3.50578
113 204 -3.166
114 204 -2.82579
115 204 -2.48423
116 204 -2.14117
117 204 -1.79742
118 204 -1.45232
119 204 -1.10525
120 204 -0.7563
121 204 -0.406205
122 204 -0.761212
123 204 -1.1143
124 204 -1.466
125 204 -1.81547
126 204 -2.16283
127 204 -2.51614
128 204 -2.68655
129 204 -2.84167
130 204 -9.35257
131 204 -9.35257
132 204 -9.35257
133 204 -9.35257
134 204 -9.35257
135 204 -9.35257
136 204 -9.35257
137 204 -9.35257
138 204 -9.35257
139 204 -9.35257
140 204 -9.35257
141 204 -9.35257
142 204 -9.35257
143 204 -9.35257
144 204 -9.35257
145 204 -9.35257
146 204 -9.35257
147 204 -9.35257
148 204 -9.35257
149 204 -9.35257
150 204 -9.35257
151 204 -9.35257
152 204 -9.35257
153 204 -9.35257
154 204 -9.35257
155 204 -9.35257
156 204 -9.35257
157 204 -9.35257
158 204 -9.35257
159 204 -9.35257
160 204 -9.35257
161 204 -9.35257
162 204 -9.35257
163 204 -9.35257
164 204 -9.35257
165 204 -9.35257
166 204 -9.35257
167 204 -9.35257
168 204 -9.35257
169 204 -9.35257
170 204 -9.35257
171 204 -9.35257
172 204 -9.35257
173 204 -9.35257
174 204 -9.35257
175 204 -9.35257
176 204 -9.35257
177 204 -9.35257
178 204 -9.35257
179 204 -9.35257
180 204 -9.35257
181 204 -9.35257
182 204 -9.35257
183 204 -9.35257
184 204 -9.35257
185 204 -9.35257
186 204 -9.35257
187 204 -9.35257
188 204 -9.35257
189 204 -9.35257
190 204 -9.35257
191 204 -9.35257
192 204 -9.35257
193 204 -9.35257
194 204 -9.35257
195 204 -9.35257
196 204 -9.35257
197 204 -9.35257
198 204 -9.35257
199 204 -9.35257
200 204 -9.35257
201 204 -9.35257
202 204 -9.35257
203 204 -9.35257
204 204 -9.35257
205 204 -9.35257
206 204 -9.35257
207 204 -9.35257
208 204 -9.35257
209 204 -9.35257
210 204 -9.35257
211 204 -9.35257
212 204 -9.35257
213 204 -9.35257
214 204 -9.35257
215 204 -9.35257
216 204 -9.35257
217 204 -9.35257
218 204 -9.35257
219 204 -9.35257
220 204 -9.35257
221 204 -9.35257
222 204 -9.35257
223 204 -9.35257
224 204 -9.35257
225 204 -9.35257
226 204 -9.35257
227 204 -9.35257
228 204 -9.35257
229 204 -9.35257
230 204 -9.35257
231 204 -9.35257
232 204 -9.35257
233 204 -9.35257
234 204 -9.35257
235 204 -9.35257
236 204 -9.35257
237 204 -9.35257
238 204 -9.35257
239 204 -9.35257
0 205 -9.35257
1 205 -9.35257
2 205 -9.35257
3 205 -9.35257
4 205 -9.35257
5 205 -9.35257
6 205 -9.35257
7 205 -9.35257
8 205 -9.35257
9 205 -9.35257
10 205 -9.35257
11 205 -9.35257
12 205 -9.35257
13 205 -9.35257
14 205 -9.35257
15 205 -9.35257
16 205 -9.35257
17 205 -9.35257
18 205 -9.35257
19 205 -9.35257
20 205 -9.35257
21 205 -9.35257
22 205 -9.35257
23 205 -9.35257
24 205 -9.35257
25 205 -9.35257
26 205 -9.35257
27 205 -9.35257
28 205 -9.35257
29 205 -9.35257
30 205 -9.35257
31 205 -9.35257
32 205 -9.35257
33 205 -9.35257
34 205 -9.35257
35 205 -9.35257
36 205 -9.35257
37 205 -9.35257
38 205 -9.35257
39 205 -9.35257
40 205 -9.35257
41 205 -9.35257
42 205 -9.35257
43 205 -9.35257
44 205 -9.35257
45 205 -9.35257
46 205 -9.35257
47 205 -9.35257
48 205 -9.35257
49 205 -9.35257
50 205 -9.35257
51 205 -9.35257
52 205 -9.35257
53 205 -9.35257
54 205 -9.35257
55 205 -9.35257
56 205 -9.35257
57 205 -9.35257
58 205 -9.35257
59 205 -9.35257
60 205 -9.35257
61 205 -9.35257
62 205 -9.35257
63 205 -9.35257
64 205 -9.35257
65 205 -9.35257
66 205 -9.35257
67 205 -9.35257
68 205 -9.35257
69 205 -9.35257
70 205 -9.35257
71 205 -9.35257
72 205 -9.35257
73 205 -9.35257
74 205 -9.35257
75 205 -9.35257
76 205 -9.35257
77 205 -9.35257
78 205 -9.35257
79 205 -9.35257
80 205 -9.35257
81 205 -9.35257
82 205 -9.35257
83 205 -9.35257
84 205 -9.35257
85 205 -9.35257
86 205 -9.35257
87 205 -9.35257
88 205 -9.35257
89 205 -9.35257
90 205 -9.35257
91 205 -9.35257
92 205 -9.35257
93 205 -9.35257
94 205 -9.35257
95 205 -9.35257
96 205 -9.35257
97 205 -9.35257
98 205 -9.35257
99 205 -9.35257
100 205 -9.35257
101 205 -9.35257
102 205 -9.35257
103 205 -9.35257
104 205 -9.35257
105 205 -9.35257
106 205 -9.35257
107 205 -9.35257
108 205 -9.35257
109 205 -9.35257
110 205 -9.35257
111 205 -9.35257
112 205 -3.66845
113 205 -3.33622
114 205 -2.99804
115 205 -2.65771
116 205 -2.31585
117 205 -1.9725
118 205 -1.62803
119 205 -1.28149
120 205 -0.932852
121 205 -0.582339
122 205 -0.937531
123 205 -1.29067
124 205 -1.64276
125 205 -1.9927
126 205 -2.33583
127 205 -2.64152
128 205 -2.76967
129 205 -9.35257
130 205 -9.35257
131 205 -9.35257
132 205 -9.35257
133 205 -9.35257
134 205 -9.35257
135 205 -9.35257
136 205 -9.35257
137 205 -9.35257
138 205 -9.35257
139 205 -9.35257
140 205 -9.35257
141 205 -9.35257
142 205 -9.35257
143 205 -9.35257
144 205 -9.35257
145 205 -9.35257
146 205 -9.35257
147 205 -9.35257
148 205 -9.35257
149 205 -9.35257
150 205 -9.35257
151 205 -9.35257
152 205 -9.35257
153 205 -9.35257
154 205 -9.35257
155 205 -9.35257
156 205 -9.35257
157 205 -9.35257
158 205 -9.35257
159 205 -9.35257
160 205 -9.35257
161 205 -9.35257
162 205 -9.35257
163 205 -9.35257
164 205 -9.35257
165 205 -9.35257
166 205 -9.35257
167 205 -9.35257
168 205 -9.35257
169 205 -9.35257
170 205 -9.35257
171 205 -9.35257
172 205 -9.35257
173 205 -9.35257
174 205 -9.35257
175 205 -9.35257
176 205 -9.35257
177 205 -9.35257
178 205 -9.35257
179 205 -9.35257
180 205 -9.35257
181 205 -9.35257
182 205 -9.35257
183 205 -9.35257
184 205 -9.35257
185 205 -9.35257
186 205 -9.35257
187 205 -9.35257
188 205 -9.35257
189 205 -9.35257
190 205 -9.35257
191 205 -9.35257
192 205 -9.35257
193 205 -9.35257
194 205 -9.35257
195 205 -9.35257
196 205 -9.35257
197 205 -9.35257
198 205 -9.35257
199 205 -9.35257
200 205 -9.35257
201 205 -9.35257
202 205 -9.35257
203 205 -9.35257
204 205 -9.35257
205 205 -9.35257
206 205 -9.35257
207 205 -9.35257
208 205 -9.35257
209 205 -9.35257
210 205 -9.35257
211 205 -9.35257
212 205 -9.35257
213 205 -9.35257
214 205 -9.35257
215 205 -9.35257
216 205 -9.35257
217 205 -9.35257
218 205 -9.35257
219 205 -9.35257
220 205 -9.35257
221 205 -9.35257
222 205 -9.35257
223 205 -9.35257
224 205 -9.35257
225 205 -9.35257
226 205 -9.35257
227 205 -9.35257
228 205 -9.35257
229 205 -9.35257
230 205 -9.35257
231 205 -9.35257
232 205 -9.35257
233 205 -9.35257
234 205 -9.35257
235 205 -9.35257
236 205 -9.35257
237 205 -9.35257
238 205 -9.35257
239 205 -9.35257
0 206 -9.35257
1 206 -9.35257
2 206 -9.35257
3 206 -9.35257
4 206 -9.35257
5 206 -9.35257
6 206 -9.35257
7 206 -9.35257
8 206 -9.35257
9 206 -9.35257
10 206 -9.35257
11 206 -9.35257
12 206 -9.35257
13 206 -9.35257
14 206 -9.35257
15 206 -9.35257
16 206 -9.35257
17 206 -9.35257
18 206 -9.35257
19 206 -9.35257
20 206 -9.35257
21 206 -9.35257
22 206 -9.35257
23 206 -9.35257
24 206 -9.35257
25 206 -9.35257
26 206 -9.35257
27 206 -9.35257
28 206 -9.35257
29 206 -9.35257
30 206 -9.35257
31 206 -9.35257
32 206 -9.35257
33 206 -9.35257
34 206 -9.35257
35 206 -9.35257
36 206 -9.35257
37 206 -9.35257
38 206 -9.35257
39 206 -9.35257
40 206 -9.35257
41 206 -9.35257
42 206 -9.35257
43 206 -9.35257
44 206 -9.35257
45 206 -9.35257
46 206 -9.35257
47 206 -9.35257
48 206 -9.35257
49 206 -9.35257
50 206 -9.35257
51 206 -9.35257
52 206 -9.35257
53 206 -9.35257
54 206 -9.35257
55 206 -9.35257
56 206 -9.35257
57 206 -9.35257
58 206 -9.35257
59 206 -9.35257
60 206 -9.35257
61 206 -9.35257
62 206 -9.35257
63 206 -9.35257
64 206 -9.35257
65 206 -9.35257
66 206 -9.35257
67 206 -9.35257
68 206 -9.35257
69 206 -9.35257
70 206 -9.35257
71 206 -9.35257
72 206 -9.35257
73 206 -9.35257
74 206 -9.35257
75 206 -9.35257
76 206 -9.35257
77 206 -9.35257
78 206 -9.35257
79 206 -9.35257
80 206 -9.35257
81 206 -9.35257
82 206 -9.35257
83 206 -9.35257
84 206 -9.35257
85 206 -9.35257
86 206 -9.35257
87 206 -9.35257
88 206 -9.35257
89 206 -9.35257
90 206 -9.35257
91 206 -9.35257
92 206 -9.35257
93 206 -9.35257
94 206 -9.35257
95 206 -9.35257
96 206 -9.35257
97 206 -9.35257
98 206 -9.35257
99 206 -9.35257
100 206 -9.35257
101 206 -9.35257
102 206 -9.35257
103 206 -9.35257
104 206 -9.35257
105 206 -9.35257
106 206 -9.35257
107 206 -9.35257
108 206 -9.35257
109 206 -9.35257
110 206 -9.35257
111 206 -9.35257
112 206 -9.35257
113 206 -3.51398
114 206 -3.17308
115 206 -2.83349
116 206 -2.49275
117 206 -2.15028
118 206 -1.80583
119 206 -1.45981
120 206 -1.11142
121 206 -0.760722
122 206 -1.1159
123 206 -1.46925
124 206 -1.82221
125 206 -2.17727
126 206 -2.5471
127 206 -2.71756
128 206 -2.86838
129 206 -9.35257
130 206 -9.35257
131 206 -9.35257
132 206 -9.35257
133 206 -9.35257
134 206 -9.35257
135 206 -9.35257
136 206 -9.35257
137 206 -9.35257
138 206 -9.35257
139 206 -9.35257
140 206 -9.35257
141 206 -9.35257
142 206 -9.35257
143 206 -9.35257
144 206 -9.35257
145 206 -9.35257
146 206 -9.35257
147 206 -9.35257
148 206 -9.35257
149 206 -9.35257
150 206 -9.35257
151 206 -9.35257
152 206 -9.35257
153 206 -9.35257
154 206 -9.35257
155 206 -9.35257
156 206 -9.35257
157 206 -9.35257
158 206 -9.35257
159 206 -9.35257
160 206 -9.35257
161 206 -9.35257
162 206 -9.35257
163 206 -9.35257
164 206 -9.35257
165 206 -9.35257
166 206 -9.35257
167 206 -9.35257
168 206 -9.35257
169 206 -9.35257
170 206 -9.35257
171 206 -9.35257
172 206 -9.35257
173 206 -9.35257
174 206 -9.35257
175 206 -9.35257
176 206 -9.35257
177 206 -9.35257
178 206 -9.35257
179 206 -9.35257
180 206 -9.35257
181 206 -9.35257
182 206 -9.35257
183 206 -9.35257
184 206 -9.35257
185 206 -9.35257
186 206 -9.35257
187 206 -9.35257
188 206 -9.35257
189 206 -9.35257
190 206 -9.35257
191 206 -9.35257
192 206 -9.35257
193 206 -9.35257
194 206 -9.35257
195 206 -9.35257
196 206 -9.35257
197 206 -9.35257
198 206 -9.35257
199 206 -9.35257
200 206 -9.35257
201 206 -9.35257
202 206 -9.35257
203 206 -9.35257
204 206 -9.35257
205 206 -9.35257
206 206 -9.35257
207 206 -9.35257
208 206 -9.35257
209 206 -9.35257
210 206 -9.35257
211 206 -9.35257
212 206 -9.35257
213 206 -9.35257
214 206 -9.35257
215 206 -9.35257
216 206 -9.35257
217 206 -9.35257
218 206 -9.35257
219 206 -9.35257
220 206 -9.35257
221 206 -9.35257
222 206 -9.35257
223 206 -9.35257
224 206 -9.35257
225 206 -9.35257
226 206 -9.35257
227 206 -9.35257
228 206 -9.35257
229 206 -9.35257
230 206 -9.35257
231 206 -9.35257
232 206 -9.35257
233 206 -9.35257
234 206 -9.35257
235 206 -9.35257
236 206 -9.35257
237 206 -9.35257
238 206 -9.35257
239 206 -9.35257
0 207 -9.35257
1 207 -9.35257
2 207 -9.35257
3 207 -9.35257
4 207 -9.35257
5 207 -9.35257
6 207 -9.35257
7 207 -9.35257
8 207 -9.35257
9 207 -9.35257
10 207 -9.35257
11 207 -9.35257
12 207 -9.35257
13 207 -9.35257
14 207 -9.35257
15 207 -9.35257
16 207 -9.35257
17 207 -9.35257
18 207 -9.35257
19 207 -9.35257
20 207 -9.35257
21 207 -9.35257
22 207 -9.35257
23 207 -9.35257
24 207 -9.35257
25 207 -9.35257
26 207 -9.35257
27 207 -9.35257
28 207 -9.35257
29 207 -9.35257
30 207 -9.35257
31 207 -9.35257
32 207 -9.35257
33 207 -9.35257
34 207 -9.35257
35 207 -9.35257
36 207 -9.35257
37 207 -9.35257
38 207 -9.35257
39 207 -9.35257
40 207 -9.35257
41 207 -9.35257
42 207 -9.35257
43 207 -9.35257
44 207 -9.35257
45 207 -9.35257
46 207 -9.35257
47 207 -9.35257
48 207 -9.35257
49 207 -9.35257
50 207 -9.35257
51 207 -9.35257
52 207 -9.35257
53 207 -9.35257
54 207 -9.35257
55 207 -9.35257
56 207 -9.35257
57 207 -9.35257
58 207 -9.35257
59 207 -9.35257
60 207 -9.35257
61 207 -9.35257
62 207 -9.35257
63 207 -9.35257
64 207 -9.35257
65 207 -9.35257
66 207 -9.35257
67 207 -9.35257
68 207 -9.35257
69 207 -9.35257
70 207 -9.35257
71 207 -9.35257
72 207 -9.35257
73 207 -9.35257
74 207 -9.35257
75 207 -9.35257
76 207 -9.35257
77 207 -9.35257
78 207 -9.35257
79 207 -9.35257
80 207 -9.35257
81 207 -9.35257
82 207 -9.35257
83 207 -9.35257
84 207 -9.35257
85 207 -9.35257
86 207 -9.35257
87 207 -9.35257
88 207 -9.35257
89 207 -9.35257
90 207 -9.35257
91 207 -9.35257
92 207 -9.35257
93 207 -9.35257
94 207 -9.35257
95 207 -9.35257
96 207 -9.35257
97 207 -9.35257
98 207 -9.35257
99 207 -9.35257
100 207 -9.35257
101 207 -9.35257
102 207 -9.35257
103 207 -9.35257
104 207 -9.35257
105 207 -9.35257
106 207 -9.35257
107 207 -9.35257
108 207 -9.35257
109 207 -9.35257
110 207 -9.35257
111 207 -9.35257
112 207 -9.35257
113 207 -3.68697
114 207 -3.34901
115 207 -3.01107
116 207 -2.67138
117 207 -2.33017
118 207 -1.98665
119 207 -1.64052
120 207 -1.29241
121 207 -0.941708
122 207 -1.29661
123 207 -1.64908
124 207 -1.99954
125 207 -2.34706
126 207 -2.69169
127 207 -2.81378
128 207 -9.35257
129 207 -9.35257
130 207 -9.35257
131 207 -9.35257
132 207 -9.35257
133 207 -9.35257
134 207 -9.35257
135 207 -9.35257
136 207 -9.35257
137 207 -9.35257
138 207 -9.35257
139 207 -9.35257
140 207 -9.35257
141 207 -9.35257
142 207 -9.35257
143 207 -9.35257
144 207 -9.35257
145 207 -9.35257
146 207 -9.35257
147 207 -9.35257
148 207 -9.35257
149 207 -9.35257
150 207 -9.35257
151 207 -9.35257
152 207 -9.35257
153 207 -9.35257
154 207 -9.35257
155 207 -9.35257
156 207 -9.35257
157 207 -9.35257
158 207 -9.35257
159 207 -9.35257
160 207 -9.35257
161 207 -9.35257
162 207 -9.35257
163 207 -9.35257
164 207 -9.35257
165 207 -9.35257
166 207 -9.35257
167 207 -9.35257
168 207 -9.35257
169 207 -9.35257
170 207 -9.35257
171 207 -9.35257
172 207 -9.35257
173 207 -9.35257
174 207 -9.35257
175 207 -9.35257
176 207 -9.35257
177 207 -9.35257
178 207 -9.35257
179 207 -9.35257
180 207 -9.35257
181 207 -9.35257
182 207 -9.35257
183 207 -9.35257
184 207 -9.35257
185 207 -9.35257
186 207 -9.35257
187 207 -9.35257
188 207 -9.35257
189 207 -9.35257
190 207 -9.35257
191 207 -9.35257
192 207 -9.35257
193 207 -9.35257
194 207 -9.35257
195 207 -9.35257
196 207 -9.35257
197 207 -9.35257
198 207 -9.35257
199 207 -9.35257
200 207 -9.35257
201 207 -9.35257
202 207 -9.35257
203 207 -9.35257
204 207 -9.35257
205 207 -9.35257
206 207 -9.35257
207 207 -9.35257
208 207 -9.35257
209 207 -9.35257
210 207 -9.35257
211 207 -9.35257
212 207 -9.35257
213 207 -9.35257
214 207 -9.35257
215 207 -9.35257
216 207 -9.35257
217 207 -9.35257
218 207 -9.35257
219 207 -9.35257
220 207 -9.35257
221 207 -9.35257
222 207 -9.35257
223 207 -9.35257
224 207 -9.35257
225 207 -9.35257
226 207 -9.35257
227 207 -9.35257
228 207 -9.35257
229 207 -9.35257
230 207 -9.35257
231 207 -9.35257
232 207 -9.35257
233 207 -9.35257
234 207 -9.35257
235 207 -9.35257
236 207 -9.35257
237 207 -9.35257
238 207 -9.35257
239 207 -9.35257
0 208 -9.35257
1 208 -9.35257
2 208 -9.35257
3 208 -9.35257
4 208 -9.35257
5 208 -9.35257
6 208 -9.35257
7 208 -9.35257
8 208 -9.35257
9 208 -9.35257
10 208 -9.35257
11 208 -9.35257
12 208 -9.35257
13 208 -9.35257
14 208 -9.35257
15 208 -9.35257
16 208 -9.35257
17 208 -9.35257
18 208 -9.35257
19 208 -9.35257
20 208 -9.35257
21 208 -9.35257
22 208 -9.35257
23 208 -9.35257
24 208 -9.35257
25 208 -9.35257
26 208 -9.35257
27 208 -9.35257
28 208 -9.35257
29 208 -9.35257
30 208 -9.35257
31 208 -9.35257
32 208 -9.35257
33 208 -9.35257
34 208 -9.35257
35 208 -9.35257
36 208 -9.35257
37 208 -9.35257
38 208 -9.35257
39 208 -9.35257
40 208 -9.35257
41 208 -9.35257
42 208 -9.35257
43 208 -9.35257
44 208 -9.35257
45 208 -9.35257
46 208 -9.35257
47 208 -9.35257
48 208 -9.35257
49 208 -9.35257
50 208 -9.35257
51 208 -9.35257
52 208 -9.35257
53 208 -9.35257
54 208 -9.35257
55 208 -9.35257
56 208 -9.35257
57 208 -9.35257
58 208 -9.35257
59 208 -9.35257
60 208 -9.35257
61 208 -9.35257
62 208 -9.35257
63 208 -9.35257
64 208 -9.35257
65 208 -9.35257
66 208 -9.35257
67 208 -9.35257
68 208 -9.35257
69 208 -9.35257
70 208 -9.35257
71 208 -9.35257
72 208 -9.35257
73 208 -9.35257
74 208 -9.35257
75 208 -9.35257
76 208 -9.35257
77 208 -9.35257
78 208 -9.35257
79 208 -9.35257
80 208 -9.35257
81 208 -9.35257
82 208 -9.35257
83 208 -9.35257
84 208 -9.35257
85 208 -9.35257
86 208 -9.35257
87 208 -9.35257
88 208 -9.35257
89 208 -9.35257
90 208 -9.35257
91 208 -9.35257
92 208 -9.35257
93 208 -9.35257
94 208 -9.35257
95 208 -9.35257
96 208 -9.35257
97 208 -9.35257
98 208 -9.35257
99 208 -9.35257
100 208 -9.35257
101 208 -9.35257
102 208 -9.35257
103 208 -9.35257
104 208 -9.35257
105 208 -9.35257
106 208 -9.35257
107 208 -9.35257
108 208 -9.35257
109 208 -9.35257
110 208 -9.35257
111 208 -9.35257
112 208 -9.35257
113 208 -3.85237
114 208 -3.52492
115 208 -3.19055
116 208 -2.85297
117 208 -2.51252
118 208 -2.17006
119 208 -1.82465
120 208 -1.47615
121 208 -1.12526
122 208 -1.47976
123 208 -1.83154
124 208 -2.18035
125 208 -2.52026
126 208 -2.81735
127 208 -2.93267
128 208 -9.35257
129 208 -9.35257
130 208 -9.35257
131 208 -9.35257
132 208 -9.35257
133 208 -9.35257
134 208 -9.35257
135 208 -9.35257
136 208 -9.35257
137 208 -9.35257
138 208 -9.35257
139 208 -9.35257
140 208 -9.35257
141 208 -9.35257
142 208 -9.35257
143 208 -9.35257
144 208 -9.35257
145 208 -9.35257
146 208 -9.35257
147 208 -9.35257
148 208 -9.35257
149 208 -9.35257
150 208 -9.35257
151 208 -9.35257
152 208 -9.35257
153 208 -9.35257
154 208 -9.35257
155 208 -9.35257
156 208 -9.35257
157 208 -9.35257
158 208 -9.35257
159 208 -9.35257
160 208 -9.35257
161 208 -9.35257
162 208 -9.35257
163 208 -9.35257
164 208 -9.35257
165 208 -9.35257
166 208 -9.35257
167 208 -9.35257
168 208 -9.35257
169 208 -9.35257
170 208 -9.35257
171 208 -9.35257
172 208 -9.35257
173 208 -9.35257
174 208 -9.35257
175 208 -9.35257
176 208 -9.35257
177 208 -9.35257
178 208 -9.35257
179 208 -9.35257
180 208 -9.35257
181 208 -9.35257
182 208 -9.35257
183 208 -9.35257
184 208 -9.35257
185 208 -9.35257
186 208 -9.35257
187 208 -9.35257
188 208 -9.35257
189 208 -9.35257
190 208 -9.35257
191 208 -9.35257
192 208 -9.35257
193 208 -9.35257
194 208 -9.35257
195 208 -9.35257
196 208 -9.35257
197 208 -9.35257
198 208 -9.35257
199 208 -9.35257
200 208 -9.35257
201 208 -9.35257
202 208 -9.35257
203 208 -9.35257
204 208 -9.35257
205 208 -9.35257
206 208 -9.35257
207 208 -9.35257
208 208 -9.35257
209 208 -9.35257
210 208 -9.35257
211 208 -9.35257
212 208 -9.35257
213 208 -9.35257
214 208 -9.35257
215 208 -9.35257
216 208 -9.35257
217 208 -9.35257
218 208 -9.35257
219 208 -9.35257
220 208 -9.35257
221 208 -9.35257
222 208 -9.35257
223 208 -9.35257
224 208 -9.35257
225 208 -9.35257
226 208 -9.35257
227 208 -9.35257
228 208 -9.35257
229 208 -9.35257
230 208 -9.35257
231 208 -9.35257
232 208 -9.35257
233 208 -9.35257
234 208 -9.35257
235 208 -9.35257
236 208 -9.35257
237 208 -9.35257
238 208 -9.35257
239 208 -9.35257
0 209 -9.35257
1 209 -9.35257
2 209 -9.35257
3 209 -9.35257
4 209 -9.35257
5 209 -9.35257
6 209 -9.35257
7 209 -9.35257
8 209 -9.35257
9 209 -9.35257
10 209 -9.35257
11 209 -9.35257
12 209 -9.35257
13 209 -9.35257
14 209 -9.35257
15 209 -9.35257
16 209 -9.35257
17 209 -9.35257
18 209 -9.35257
19 209 -9.35257
20 209 -9.35257
21 209 -9.35257
22 209 -9.35257
23 209 -9.35257
24 209 -9.35257
25 209 -9.35257
26 209 -9.35257
27 209 -9.35257
28 209 -9.35257
29 209 -9.35257
30 209 -9.35257
31 209 -9.35257
32 209 -9.35257
33 209 -9.35257
34 209 -9.35257
35 209 -9.35257
36 209 -9.35257
37 209 -9.35257
38 209 -9.35257
39 209 -9.35257
40 209 -9.35257
41 209 -9.35257
42 209 -9.35257
43 209 -9.35257
44 209 -9.35257
45 209 -9.35257
46 209 -9.35257
47 209 -9.35257
48 209 -9.35257
49 209 -9.35257
50 209 -9.35257
51 209 -9.35257
52 209 -9.35257
53 209 -9.35257
54 209 -9.35257
55 209 -9.35257
56 209 -9.35257
57 209 -9.35257
58 209 -9.35257
59 209 -9.35257
60 209 -9.35257
61 209 -9.35257
62 209 -9.35257
63 209 -9.35257
64 209 -9.35257
65 209 -9.35257
66 209 -9.35257
67 209 -9.35257
68 209 -9.35257
69 209 -9.35257
70 209 -9.35257
71 209 -9.35257
72 209 -9.35257
73 209 -9.35257
74 209 -9.35257
75 209 -9.35257
76 209 -9.35257
77 209 -9.35257
78 209 -9.35257
79 209 -9.35257
80 209 -9.35257
81 209 -9.35257
82 209 -9.35257
83 209 -9.35257
84 209 -9.35257
85 209 -9.35257
86 209 -9.35257
87 209 -9.35257
88 209 -9.35257
89 209 -9.35257
90 209 -9.35257
91 209 -9.35257
92 209 -9.35257
93 209 -9.35257
94 209 -9.35257
95 209 -9.35257
96 209 -9.35257
97 209 -9.35257
98 209 -9.35257
99 209 -9.35257
100 209 -9.35257
101 209 -9.35257
102 209 -9.35257
103 209 -9.35257
104 209 -9.35257
105 209 -9.35257
106 209 -9.35257
107 209 -9.35257
108 209 -9.35257
109 209 -9.35257
110 209 -9.35257
111 209 -9.35257
112 209 -9.35257
113 209 -9.35257
114 209 -3.70775
115 209 -3.37337
116 209 -3.03743
117 209 -2.69845
118 209 -2.35644
119 209 -2.01187
120 209 -1.66387
121 209 -1.31259
122 209 -1.66665
123 209 -2.01813
124 209 -2.37028
125 209 -2.73628
126 209 -2.89995
127 209 -3.04216
128 209 -9.35257
129 209 -9.35257
130 209 -9.35257
131 209 -9.35257
132 209 -9.35257
133 209 -9.35257
134 209 -9.35257
135 209 -9.35257
136 209 -9.35257
137 209 -9.35257
138 209 -9.35257
139 209 -9.35257
140 209 -9.35257
141 209 -9.35257
142 209 -9.35257
143 209 -9.35257
144 209 -9.35257
145 209 -9.35257
146 209 -9.35257
147 209 -9.35257
148 209 -9.35257
149 209 -9.35257
150 209 -9.35257
151 209 -9.35257
152 209 -9.35257
153 209 -9.35257
154 209 -9.35257
155 209 -9.35257
156 209 -9.35257
157 209 -9.35257
158 209 -9.35257
159 209 -9.35257
160 209 -9.35257
161 209 -9.35257
162 209 -9.35257
163 209 -9.35257
164 209 -9.35257
165 209 -9.35257
166 209 -9.35257
167 209 -9.35257
168 209 -9.35257
169 209 -9.35257
170 209 -9.35257
171 209 -9.35257
172 209 -9.35257
173 209 -9.35257
174 209 -9.35257
175 209 -9.35257
176 209 -9.35257
177 209 -9.35257
178 209 -9.35257
179 209 -9.35257
180 209 -9.35257
181 209 -9.35257
182 209 -9.35257
183 209 -9.35257
184 209 -9.35257
185 209 -9.35257
186 209 -9.35257
187 209 -9.35257
188 209 -9.35257
189 209 -9.35257
190 209 -9.35257
191 209 -9.35257
192 209 -9.35257
193 209 -9.35257
194 209 -9.35257
195 209 -9.35257
196 209 -9.35257
197 209 -9.35257
198 209 -9.35257
199 209 -9.35257
200 209 -9.35257
201 209 -9.35257
202 209 -9.35257
203 209 -9.35257
204 209 -9.35257
205 209 -9.35257
206 209 -9.35257
207 209 -9.35257
208 209 -9.35257
209 209 -9.35257
210 209 -9.35257
211 209 -9.35257
212 209 -9.35257
213 209 -9.35257
214 209 -9.35257
215 209 -9.35257
216 209 -9.35257
217 209 -9.35257
218 209 -9.35257
219 209 -9.35257
220 209 -9.35257
221 209 -9.35257
222 209 -9.35257
223 209 -9.35257
224 209 -9.35257
225 209 -9.35257
226 209 -9.35257
227 209 -9.35257
228 209 -9.35257
229 209 -9.35257
230 209 -9.35257
231 209 -9.35257
232 209 -9.35257
233 209 -9.35257
234 209 -9.35257
235 209 -9.35257
236 209 -9.35257
237 209 -9.35257
238 209 -9.35257
239 209 -9.35257
0 210 -9.35257
1 210 -9.35257
2 210 -9.35257
3 210 -9.35257
4 210 -9.35257
5 210 -9.35257
6 210 -9.35257
7 210 -9.35257
8 210 -9.35257
9 210 -9.35257
10 210 -9.35257
11 210 -9.35257
12 210 -9.35257
13 210 -9.35257
14 210 -9.35257
15 210 -9.35257
16 210 -9.35257
17 210 -9.35257
18 210 -9.35257
19 210 -9.35257
20 210 -9.35257
21 210 -9.35257
22 210 -9.35257
23 210 -9.35257
24 210 -9.35257
25 210 -9.35257
26 210 -9.35257
27 210 -9.35257
28 210 -9.35257
29 210 -9.35257
30 210 -9.35257
31 210 -9.35257
32 210 -9.35257
33 210 -9.35257
34 210 -9.35257
35 210 -9.35257
36 210 -9.35257
37 210 -9.35257
38 210 -9.35257
39 210 -9.35257
40 210 -9.35257
41 210 -9.35257
42 210 -9.35257
43 210 -9.35257
44 210 -9.35257
45 210 -9.35257
46 210 -9.35257
47 210 -9.35257
48 210 -9.35257
49 210 -9.35257
50 210 -9.35257
51 210 -9.35257
52 210 -9.35257
53 210 -9.35257
54 210 -9.35257
55 210 -9.35257
56 210 -9.35257
57 210 -9.35257
58 210 -9.35257
59 210 -9.35257
60 210 -9.35257
61 210 -9.35257
62 210 -9.35257
63 210 -9.35257
64 210 -9.35257
65 210 -9.35257
66 210 -9.35257
67 210 -9.35257
68 210 -9.35257
69 210 -9.35257
70 210 -9.35257
71 210 -9.35257
72 210 -9.35257
73 210 -9.35257
74 210 -9.35257
75 210 -9.35257
76 210 -9.35257
77 210 -9.35257
78 210 -9.35257
79 210 -9.35257
80 210 -9.35257
81 210 -9.35257
82 210 -9.35257
83 210 -9.35257
84 210 -9.35257
85 210 -9.35257
86 210 -9.35257
87 210 -9.35257
88 210 -9.35257
89 210 -9.35257
90 210 -9.35257
91 210 -9.35257
92 210 -9.35257
93 210 -9.35257
94 210 -9.35257
95 210 -9.35257
96 210 -9.35257
97 210 -9.35257
98 210 -9.35257
99 210 -9.35257
100 210 -9.35257
101 210 -9.35257
102 210 -9.35257
103 210 -9.35257
104 210 -9.35257
105 210 -9.35257
106 210 -9.35257
107 210 -9.35257
108 210 -9.35257
109 210 -9.35257
110 210 -9.35257
111 210 -9.35257
112 210 -9.35257
113 210 -9.35257
114 210 -3.87995
115 210 -3.55786
116 210 -3.22494
117 210 -2.88755
118 210 -2.54684
119 210 -2.20252
120 210 -1.85501
121 210 -1.50335
122 210 -1.85611
123 210 -2.20404
124 210 -2.54685
125 210 -2.88691
126 210 -3.00453
127 210 -9.35257
128 210 -9.35257
129 210 -9.35257
130 210 -9.35257
131 210 -9.35257
132 210 -9.35257
133 210 -9.35257
134 210 -9.35257
135 210 -9.35257
136 210 -9.35257
137 210 -9.35257
138 210 -9.35257
139 210 -9.35257
140 210 -9.35257
141 210 -9.35257
142 210 -9.35257
143 210 -9.35257
144 210 -9.35257
145 210 -9.35257
146 210 -9.35257
147 210 -9.35257
148 210 -9.35257
149 210 -9.35257
150 210 -9.35257
151 210 -9.35257
152 210 -9.35257
153 210 -9.35257
154 210 -9.35257
155 210 -9.35257
156 210 -9.35257
157 210 -9.35257
158 210 -9.35257
159 210 -9.35257
160 210 -9.35257
161 210 -9.35257
162 210 -9.35257
163 210 -9.35257
164 210 -9.35257
165 210 -9.35257
166 210 -9.35257
167 210 -9.35257
168 210 -9.35257
169 210 -9.35257
170 210 -9.35257
171 210 -9.35257
172 210 -9.35257
173 210 -9.35257
174 210 -9.35257
175 210 -9.35257
176 210 -9.35257
177 210 -9.35257
178 210 -9.35257
179 210 -9.35257
180 210 -9.35257
181 210 -9.35257
182 210 -9.35257
183 210 -9.35257
184 210 -9.35257
185 210 -9.35257
186 210 -9.35257
187 210 -9.35257
188 210 -9.35257
189 210 -9.35257
190 210 -9.35257
191 210 -9.35257
192 210 -9.35257
193 210 -9.35257
194 210 -9.35257
195 210 -9.35257
196 210 -9.35257
197 210 -9.35257
198 210 -9.35257
199 210 -9.35257
200 210 -9.35257
201 210 -9.35257
202 210 -9.35257
203 210 -9.35257
204 210 -9.35257
205 210 -9.35257
206 210 -9.35257
207 210 -9.35257
208 210 -9.35257
209 210 -9.35257
210 210 -9.35257
211 210 -9.35257
212 210 -9.35257
213 210 -9.35257
214 210 -9.35257
215 210 -9.35257
216 210 -9.35257
217 210 -9.35257
218 210 -9.35257
219 210 -9.35257
220 210 -9.35257
221 210 -9.35257
222 210 -9.35257
223 210 -9.35257
224 210 -9.35257
225 210 -9.35257
226 210 -9.35257
227 210 -9.35257
228 210 -9.35257
229 210 -9.35257
230 210 -9.35257
231 210 -9.35257
232 210 -9.35257
233 210 -9.35257
234 210 -9.35257
235 210 -9.35257
236 210 -9.35257
237 210 -9.35257
238 210 -9.35257
239 210 -9.35257
0 211 -9.35257
1 211 -9.35257
2 211 -9.35257
3 211 -9.35257
4 211 -9.35257
5 211 -9.35257
6 211 -9.35257
7 211 -9.35257
8 211 -9.35257
9 211 -9.35257
10 211 -9.35257
11 211 -9.35257
12 211 -9.35257
13 211 -9.35257
14 211 -9.35257
15 211 -9.35257
16 211 -9.35257
17 211 -9.35257
18 211 -9.35257
19 211 -9.35257
20 211 -9.35257
21 211 -9.35257
22 211 -9.35257
23 211 -9.35257
24 211 -9.35257
25 211 -9.35257
26 211 -9.35257
27 211 -9.35257
28 211 -9.35257
29 211 -9.35257
30 211 -9.35257
31 211 -9.35257
32 211 -9.35257
33 211 -9.35257
34 211 -9.35257
35 211 -9.35257
36 211 -9.35257
37 211 -9.35257
38 211 -9.35257
39 211 -9.35257
40 211 -9.35257
41 211 -9.35257
42 211 -9.35257
43 211 -9.35257
44 211 -9.35257
45 211 -9.35257
46 211 -9.35257
47 211 -9.35257
48 211 -9.35257
49 211 -9.35257
50 211 -9.35257
51 211 -9.35257
52 211 -9.35257
53 211 -9.35257
54 211 -9.35257
55 211 -9.35257
56 211 -9.35257
57 211 -9.35257
58 211 -9.35257
59 211 -9.35257
60 211 -9.35257
61 211 -9.35257
62 211 -9.35257
63 211 -9.35257
64 211 -9.35257
65 211 -9.35257
66 211 -9.35257
67 211 -9.35257
68 211 -9.35257
69 211 -9.35257
70 211 -9.35257
71 211 -9.35257
72 211 -9.35257
73 211 -9.35257
74 211 -9.35257
75 211 -9.35257
76 211 -9.35257
77 211 -9.35257
78 211 -9.35257
79 211 -9.35257
80 211 -9.35257
81 211 -9.35257
82 211 -9.35257
83 211 -9.35257
84 211 -9.35257
85 211 -9.35257
86 211 -9.35257
87 211 -9.35257
88 211 -9.35257
89 211 -9.35257
90 211 -9.35257
91 211 -9.35257
92 211 -9.35257
93 211 -9.35257
94 211 -9.35257
95 211 -9.35257
96 211 -9.35257
97 211 -9.35257
98 211 -9.35257
99 211 -9.35257
100 211 -9.35257
101 211 -9.35257
102 211 -9.35257
103 211 -9.35257
104 211 -9.35257
105 211 -9.35257
106 211 -9.35257
107 211 -9.35257
108 211 -9.35257
109 211 -9.35257
110 211 -9.35257
111 211 -9.35257
112 211 -9.35257
113 211 -9.35257
114 211 -9.35257
115 211 -3.75475
116 211 -3.41693
117 211 -3.0801
118 211 -2.74084
119 211 -2.39782
120 211 -2.05042
121 211 -1.699
122 211 -2.05092
123 211 -2.39558
124 211 -2.72734
125 211 -3.01859
126 211 -3.12955
127 211 -9.35257
128 211 -9.35257
129 211 -9.35257
130 211 -9.35257
131 211 -9.35257
132 211 -9.35257
133 211 -9.35257
134 211 -9.35257
135 211 -9.35257
136 211 -9.35257
137 211 -9.35257
138 211 -9.35257
139 211 -9.35257
140 211 -9.35257
141 211 -9.35257
142 211 -9.35257
143 211 -9.35257
144 211 -9.35257
145 211 -9.35257
146 211 -9.35257
147 211 -9.35257
148 211 -9.35257
149 211 -9.35257
150 211 -9.35257
151 211 -9.35257
152 211 -9.35257
153 211 -9.35257
154 211 -9.35257
155 211 -9.35257
156 211 -9.35257
157 211 -9.35257
158 211 -9.35257
159 211 -9.35257
160 211 -9.35257
161 211 -9.35257
162 211 -9.35257
163 211 -9.35257
164 211 -9.35257
165 211 -9.35257
166 211 -9.35257
167 211 -9.35257
168 211 -9.35257
169 211 -9.35257
170 211 -9.35257
171 211 -9.35257
172 211 -9.35257
173 211 -9.35257
174 211 -9.35257
175 211 -9.35257
176 211 -9.35257
177 211 -9.35257
178 211 -9.35257
179 211 -9.35257
180 211 -9.35257
181 211 -9.35257
182 211 -9.35257
183 211 -9.35257
184 211 -9.35257
185 211 -9.35257
186 211 -9.35257
187 211 -9.35257
188 211 -9.35257
189 211 -9.35257
190 211 -9.35257
191 211 -9.35257
192 211 -9.35257
193 211 -9.35257
194 211 -9.35257
195 211 -9.35257
196 211 -9.35257
197 211 -9.35257
198 211 -9.35257
199 211 -9.35257
200 211 -9.35257
201 211 -9.35257
202 211 -9.35257
203 211 -9.35257
204 211 -9.35257
205 211 -9.35257
206 211 -9.35257
207 211 -9.35257
208 211 -9.35257
209 211 -9.35257
210 211 -9.35257
211 211 -9.35257
212 211 -9.35257
213 211 -9.35257
214 211 -9.35257
215 211 -9.35257
216 211 -9.35257
217 211 -9.35257
218 211 -9.35257
219 211 -9.35257
220 211 -9.35257
221 211 -9.35257
222 211 -9.35257
223 211 -9.35257
224 211 -9.35257
225 211 -9.35257
226 211 -9.35257
227 211 -9.35257
228 211 -9.35257
229 211 -9.35257
230 211 -9.35257
231 211 -9.35257
232 211 -9.35257
233 211 -9.35257
234 211 -9.35257
235 211 -9.35257
236 211 -9.35257
237 211 -9.35257
238 211 -9.35257
239 211 -9.35257
0 212 -9.35257
1 212 -9.35257
2 212 -9.35257
3 212 -9.35257
4 212 -9.35257
5 212 -9.35257
6 212 -9.35257
7 212 -9.35257
8 212 -9.35257
9 212 -9.35257
10 212 -9.35257
11 212 -9.35257
12 212 -9.35257
13 212 -9.35257
14 212 -9.35257
15 212 -9.35257
16 212 -9.35257
17 212 -9.35257
18 212 -9.35257
19 212 -9.35257
20 212 -9.35257
21 212 -9.35257
22 212 -9.35257
23 212 -9.35257
24 212 -9.35257
25 212 -9.35257
26 212 -9.35257
27 212 -9.35257
28 212 -9.35257
29 212 -9.35257
30 212 -9.35257
31 212 -9.35257
32 212 -9.35257
33 212 -9.35257
34 212 -9.35257
35 212 -9.35257
36 212 -9.35257
37 212 -9.35257
38 212 -9.35257
39 212 -9.35257
40 212 -9.35257
41 212 -9.35257
42 212 -9.35257
43 212 -9.35257
44 212 -9.35257
45 212 -9.35257
46 212 -9.35257
47 212 -9.35257
48 212 -9.35257
49 212 -9.35257
50 212 -9.35257
51 212 -9.35257
52 212 -9.35257
53 212 -9.35257
54 212 -9.35257
55 212 -9.35257
56 212 -9.35257
57 212 -9.35257
58 212 -9.35257
59 212 -9.35257
60 212 -9.35257
61 212 -9.35257
62 212 -9.35257
63 212 -9.35257
64 212 -9.35257
65 212 -9.35257
66 212 -9.35257
67 212 -9.35257
68 212 -9.35257
69 212 -9.35257
70 212 -9.35257
71 212 -9.35257
72 212 -9.35257
73 212 -9.35257
74 212 -9.35257
75 212 -9.35257
76 212 -9.35257
77 212 -9.35257
78 212 -9.35257
79 212 -9.35257
80 212 -9.35257
81 212 -9.35257
82 212 -9.35257
83 212 -9.35257
84 212 -9.35257
85 212 -9.35257
86 212 -9.35257
87 212 -9.35257
88 212 -9.35257
89 212 -9.35257
90 212 -9.35257
91 212 -9.35257
92 212 -9.35257
93 212 -9.35257
94 212 -9.35257
95 212 -9.35257
96 212 -9.35257
97 212 -9.35257
98 212 -9.35257
99 212 -9.35257
100 212 -9.35257
101 212 -9.35257
102 212 -9.35257
103 212 -9.35257
104 212 -9.35257
105 212 -9.35257
106 212 -9.35257
107 212 -9.35257
108 212 -9.35257
109 212 -9.35257
110 212 -9.35257
111 212 -9.35257
112 212 -9.35257
113 212 -9.35257
114 212 -9.35257
115 212 -3.94311
116 212 -3.60938
117 212 -3.2752
118 212 -2.9386
119 212 -2.59749
120 212 -2.25144
121 212 -1.90031
122 212 -2.25299
123 212 -2.60003
124 212 -2.94896
125 212 -3.1058
126 212 -3.24335
127 212 -9.35257
128 212 -9.35257
129 212 -9.35257
130 212 -9.35257
131 212 -9.35257
132 212 -9.35257
133 212 -9.35257
134 212 -9.35257
135 212 -9.35257
136 212 -9.35257
137 212 -9.35257
138 212 -9.35257
139 212 -9.35257
140 212 -9.35257
141 212 -9.35257
142 212 -9.35257
143 212 -9.35257
144 212 -9.35257
145 212 -9.35257
146 212 -9.35257
147 212 -9.35257
148 212 -9.35257
149 212 -9.35257
150 212 -9.35257
151 212 -9.35257
152 212 -9.35257
153 212 -9.35257
154 212 -9.35257
155 212 -9.35257
156 212 -9.35257
157 212 -9.35257
158 212 -9.35257
159 212 -9.35257
160 212 -9.35257
161 212 -9.35257
162 212 -9.35257
163 212 -9.35257
164 212 -9.35257
165 212 -9.35257
166 212 -9.35257
167 212 -9.35257
168 212 -9.35257
169 212 -9.35257
170 212 -9.35257
171 212 -9.35257
172 212 -9.35257
173 212 -9.35257
174 212 -9.35257
175 212 -9.35257
176 212 -9.35257
177 212 -9.35257
178 212 -9.35257
179 212 -9.35257
180 212 -9.35257
181 212 -9.35257
182 212 -9.35257
183 212 -9.35257
184 212 -9.35257
185 212 -9.35257
186 212 -9.35257
187 212 -9.35257
188 212 -9.35257
189 212 -9.35257
190 212 -9.35257
191 212 -9.35257
192 212 -9.35257
193 212 -9.35257
194 212 -9.35257
195 212 -9.35257
196 212 -9.35257
197 212 -9.35257
198 212 -9.35257
199 212 -9.35257
200 212 -9.35257
201 212 -9.35257
202 212 -9.35257
203 212 -9.35257
204 212 -9.35257
205 212 -9.35257
206 212 -9.35257
207 212 -9.35257
208 212 -9.35257
209 212 -9.35257
210 212 -9.35257
211 212 -9.35257
212 212 -9.35257
213 212 -9.35257
214 212 -9.35257
215 212 -9.35257
216 212 -9.35257
217 212 -9.35257
218 212 -9.35257
219 212 -9.35257
220 212 -9.35257
221 212 -9.35257
222 212 -9.35257
223 212 -9.35257
224 212 -9.35257
225 212 -9.35257
226 212 -9.35257
227 212 -9.35257
228 212 -9.35257
229 212 -9.35257
230 212 -9.35257
231 212 -9.35257
232 212 -9.35257
233 212 -9.35257
234 212 -9.35257
235 212 -9.35257
236 212 -9.35257
237 212 -9.35257
238 212 -9.35257
239 212 -9.35257
0 213 -9.35257
1 213 -9.35257
2 213 -9.35257
3 213 -9.35257
4 213 -9.35257
5 213 -9.35257
6 213 -9.35257
7 213 -9.35257
8 213 -9.35257
9 213 -9.35257
10 213 -9.35257
11 213 -9.35257
12 213 -9.35257
13 213 -9.35257
14 213 -9.35257
15 213 -9.35257
16 213 -9.35257
17 213 -9.35257
18 213 -9.35257
19 213 -9.35257
20 213 -9.35257
21 213 -9.35257
22 213 -9.35257
23 213 -9.35257
24 213 -9.35257
25 213 -9.35257
26 213 -9.35257
27 213 -9.35257
28 213 -9.35257
29 213 -9.35257
30 213 -9.35257
31 213 -9.35257
32 213 -9.35257
33 213 -9.35257
34 213 -9.35257
35 213 -9.35257
36 213 -9.35257
37 213 -9.35257
38 213 -9.35257
39 213 -9.35257
40 213 -9.35257
41 213 -9.35257
42 213 -9.35257
43 213 -9.35257
44 213 -9.35257
45 213 -9.35257
46 213 -9.35257
47 213 -9.35257
48 213 -9.35257
49 213 -9.35257
50 213 -9.35257
51 213 -9.35257
52 213 -9.35257
53 213 -9.35257
54 213 -9.35257
55 213 -9.35257
56 213 -9.35257
57 213 -9.35257
58 213 -9.35257
59 213 -9.35257
60 213 -9.35257
61 213 -9.35257
62 213 -9.35257
63 213 -9.35257
64 213 -9.35257
65 213 -9.35257
66 213 -9.35257
67 213 -9.35257
68 213 -9.35257
69 213 -9.35257
70 213 -9.35257
71 213 -9.35257
72 213 -9.35257
73 213 -9.35257
74 213 -9.35257
75 213 -9.35257
76 213 -9.35257
77 213 -9.35257
78 213 -9.35257
79 213 -9.35257
80 213 -9.35257
81 213 -9.35257
82 213 -9.35257
83 213 -9.35257
84 213 -9.35257
85 213 -9.35257
86 213 -9.35257
87 213 -9.35257
88 213 -9.35257
89 213 -9.35257
90 213 -9.35257
91 213 -9.35257
92 213 -9.35257
93 213 -9.35257
94 213 -9.35257
95 213 -9.35257
96 213 -9.35257
97 213 -9.35257
98 213 -9.35257
99 213 -9.35257
100 213 -9.35257
101 213 -9.35257
102 213 -9.35257
103 213 -9.35257
104 213 -9.35257
105 213 -9.35257
106 213 -9.35257
107 213 -9.35257
108 213 -9.35257
109 213 -9.35257
110 213 -9.35257
111 213 -9.35257
112 213 -9.35257
113 213 -9.35257
114 213 -9.35257
115 213 -4.11886
116 213 -3.80229
117 213 -3.47431
118 213 -3.14088
119 213 -2.8021
120 213 -2.45769
121 213 -2.10771
122 213 -2.46123
123 213 -2.80313
124 213 -3.09993
125 213 -3.21285
126 213 -9.35257
127 213 -9.35257
128 213 -9.35257
129 213 -9.35257
130 213 -9.35257
131 213 -9.35257
132 213 -9.35257
133 213 -9.35257
134 213 -9.35257
135 213 -9.35257
136 213 -9.35257
137 213 -9.35257
138 213 -9.35257
139 213 -9.35257
140 213 -9.35257
141 213 -9.35257
142 213 -9.35257
143 213 -9.35257
144 213 -9.35257
145 213 -9.35257
146 213 -9.35257
147 213 -9.35257
148 213 -9.35257
149 213 -9.35257
150 213 -9.35257
151 213 -9.35257
152 213 -9.35257
153 213 -9.35257
154 213 -9.35257
155 213 -9.35257
156 213 -9.35257
157 213 -9.35257
158 213 -9.35257
159 213 -9.35257
160 213 -9.35257
161 213 -9.35257
162 213 -9.35257
163 213 -9.35257
164 213 -9.35257
165 213 -9.35257
166 213 -9.35257
167 213 -9.35257
168 213 -9.35257
169 213 -9.35257
170 213 -9.35257
171 213 -9.35257
172 213 -9.35257
173 213 -9.35257
174 213 -9.35257
175 213 -9.35257
176 213 -9.35257
177 213 -9.35257
178 213 -9.35257
179 213 -9.35257
180 213 -9.35257
181 213 -9.35257
182 213 -9.35257
183 213 -9.35257
184 213 -9.35257
185 213 -9.35257
186 213 -9.35257
187 213 -9.35257
188 213 -9.35257
189 213 -9.35257
190 213 -9.35257
191 213 -9.35257
192 213 -9.35257
193 213 -9.35257
194 213 -9.35257
195 213 -9.35257
196 213 -9.35257
197 213 -9.35257
198 213 -9.35257
199 213 -9.35257
200 213 -9.35257
201 213 -9.35257
202 213 -9.35257
203 213 -9.35257
204 213 -9.35257
205 213 -9.35257
206 213 -9.35257
207 213 -9.35257
208 213 -9.35257
209 213 -9.35257
210 213 -9.35257
211 213 -9.35257
212 213 -9.35257
213 213 -9.35257
214 213 -9.35257
215 213 -9.35257
216 213 -9.35257
217 213 -9.35257
218 213 -9.35257
219 213 -9.35257
220 213 -9.35257
221 213 -9.35257
222 213 -9.35257
223 213 -9.35257
224 213 -9.35257
225 213 -9.35257
226 213 -9.35257
227 213 -9.35257
228 213 -9.35257
229 213 -9.35257
230 213 -9.35257
231 213 -9.35257
232 213 -9.35257
233 213 -9.35257
234 213 -9.35257
235 213 -9.35257
236 213 -9.35257
237 213 -9.35257
238 213 -9.35257
239 213 -9.35257
0 214 -9.35257
1 214 -9.35257
2 214 -9.35257
3 214 -9.35257
4 214 -9.35257
5 214 -9.35257
6 214 -9.35257
7 214 -9.35257
8 214 -9.35257
9 214 -9.35257
10 214 -9.35257
11 214 -9.35257
12 214 -9.35257
13 214 -9.35257
14 214 -9.35257
15 214 -9.35257
16 214 -9.35257
17 214 -9.35257
18 214 -9.35257
19 214 -9.35257
20 214 -9.35257
21 214 -9.35257
22 214 -9.35257
23 214 -9.35257
24 214 -9.35257
25 214 -9.35257
26 214 -9.35257
27 214 -9.35257
28 214 -9.35257
29 214 -9.35257
30 214 -9.35257
31 214 -9.35257
32 214 -9.35257
33 214 -9.35257
34 214 -9.35257
35 214 -9.35257
36 214 -9.35257
37 214 -9.35257
38 214 -9.35257
39 214 -9.35257
40 214 -9.35257
41 214 -9.35257
42 214 -9.35257
43 214 -9.35257
44 214 -9.35257
45 214 -9.35257
46 214 -9.35257
47 214 -9.35257
48 214 -9.35257
49 214 -9.35257
50 214 -9.35257
51 214 -9.35257
52 214 -9.35257
53 214 -9.35257
54 214 -9.35257
55 214 -9.35257
56 214 -9.35257
57 214 -9.35257
58 214 -9.35257
59 214 -9.35257
60 214 -9.35257
61 214 -9.35257
62 214 -9.35257
63 214 -9.35257
64 214 -9.35257
65 214 -9.35257
66 214 -9.35257
67 214 -9.35257
68 214 -9.35257
69 214 -9.35257
70 214 -9.35257
71 214 -9.35257
72 214 -9.35257
73 214 -9.35257
74 214 -9.35257
75 214 -9.35257
76 214 -9.35257
77 214 -9.35257
78 214 -9.35257
79 214 -9.35257
80 214 -9.35257
81 214 -9.35257
82 214 -9.35257
83 214 -9.35257
84 214 -9.35257
85 214 -9.35257
86 214 -9.35257
87 214 -9.35257
88 214 -9.35257
89 214 -9.35257
90 214 -9.35257
91 214 -9.35257
92 214 -9.35257
93 214 -9.35257
94 214 -9.35257
95 214 -9.35257
96 214 -9.35257
97 214 -9.35257
98 214 -9.35257
99 214 -9.35257
100 214 -9.35257
101 214 -9.35257
102 214 -9.35257
103 214 -9.35257
104 214 -9.35257
105 214 -9.35257
106 214 -9.35257
107 214 -9.35257
108 214 -9.35257
109 214 -9.35257
110 214 -9.35257
111 214 -9.35257
112 214 -9.35257
113 214 -9.35257
114 214 -9.35257
115 214 -9.35257
116 214 -4.00924
117 214 -3.68162
118 214 -3.34998
119 214 -3.01234
120 214 -2.66963
121 214 -2.32205
122 214 -2.68131
123 214 -3.05133
124 214 -3.20424
125 214 -3.33111
126 214 -9.35257
127 214 -9.35257
128 214 -9.35257
129 214 -9.35257
130 214 -9.35257
131 214 -9.35257
132 214 -9.35257
133 214 -9.35257
134 214 -9.35257
135 214 -9.35257
136 214 -9.35257
137 214 -9.35257
138 214 -9.35257
139 214 -9.35257
140 214 -9.35257
141 214 -9.35257
142 214 -9.35257
143 214 -9.35257
144 214 -9.35257
145 214 -9.35257
146 214 -9.35257
147 214 -9.35257
148 214 -9.35257
149 214 -9.35257
150 214 -9.35257
151 214 -9.35257
152 214 -9.35257
153 214 -9.35257
154 214 -9.35257
155 214 -9.35257
156 214 -9.35257
157 214 -9.35257
158 214 -9.35257
159 214 -9.35257
160 214 -9.35257
161 214 -9.35257
162 214 -9.35257
163 214 -9.35257
164 214 -9.35257
165 214 -9.35257
166 214 -9.35257
167 214 -9.35257
168 214 -9.35257
169 214 -9.35257
170 214 -9.35257
171 214 -9.35257
172 214 -9.35257
173 214 -9.35257
174 214 -9.35257
175 214 -9.35257
176 214 -9.35257
177 214 -9.35257
178 214 -9.35257
179 214 -9.35257
180 214 -9.35257
181 214 -9.35257
182 214 -9.35257
183 214 -9.35257
184 214 -9.35257
185 214 -9.35257
186 214 -9.35257
187 214 -9.35257
188 214 -9.35257
189 214 -9.35257
190 214 -9.35257
191 214 -9.35257
192 214 -9.35257
193 214 -9.35257
194 214 -9.35257
195 214 -9.35257
196 214 -9.35257
197 214 -9.35257
198 214 -9.35257
199 214 -9.35257
200 214 -9.35257
201 214 -9.35257
202 214 -9.35257
203 214 -9.35257
204 214 -9.35257
205 214 -9.35257
206 214 -9.35257
207 214 -9.35257
208 214 -9.35257
209 214 -9.35257
210 214 -9.35257
211 214 -9.35257
212 214 -9.35257
213 214 -9.35257
214 214 -9.35257
215 214 -9.35257
216 214 -9.35257
217 214 -9.35257
218 214 -9.35257
219 214 -9.35257
220 214 -9.35257
221 214 -9.35257
222 214 -9.35257
223 214 -9.35257
224 214 -9.35257
225 214 -9.35257
226 214 -9.35257
227 214 -9.35257
228 214 -9.35257
229 214 -9.35257
230 214 -9.35257
231 214 -9.35257
232 214 -9.35257
233 214 -9.35257
234 214 -9.35257
235 214 -9.35257
236 214 -9.35257
237 214 -9.35257
238 214 -9.35257
239 214 -9.35257
0 215 -9.35257
1 215 -9.35257
2 215 -9.35257
3 215 -9.35257
4 215 -9.35257
5 215 -9.35257
6 215 -9.35257
7 215 -9.35257
8 215 -9.35257
9 215 -9.35257
10 215 -9.35257
11 215 -9.35257
12 215 -9.35257
13 215 -9.35257
14 215 -9.35257
15 215 -9.35257
16 215 -9.35257
17 215 -9.35257
18 215 -9.35257
19 215 -9.35257
20 215 -9.35257
21 215 -9.35257
22 215 -9.35257
23 215 -9.35257
24 215 -9.35257
25 215 -9.35257
26 215 -9.35257
27 215 -9.35257
28 215 -9.35257
29 215 -9.35257
30 215 -9.35257
31 215 -9.35257
32 215 -9.35257
33 215 -9.35257
34 215 -9.35257
35 215 -9.35257
36 215 -9.35257
37 215 -9.35257
38 215 -9.35257
39 215 -9.35257
40 215 -9.35257
41 215 -9.35257
42 215 -9.35257
43 215 -9.35257
44 215 -9.35257
45 215 -9.35257
46 215 -9.35257
47 215 -9.35257
48 215 -9.35257
49 215 -9.35257
50 215 -9.35257
51 215 -9.35257
52 215 -9.35257
53 215 -9.35257
54 215 -9.35257
55 215 -9.35257
56 215 -9.35257
57 215 -9.35257
58 215 -9.35257
59 215 -9.35257
60 215 -9.35257
61 215 -9.35257
62 215 -9.35257
63 215 -9.35257
64 215 -9.35257
65 215 -9.35257
66 215 -9.35257
67 215 -9.35257
68 215 -9.35257
69 215 -9.35257
70 215 -9.35257
71 215 -9.35257
72 215 -9.35257
73 215 -9.35257
74 215 -9.35257
75 215 -9.35257
76 215 -9.35257
77 215 -9.35257
78 215 -9.35257
79 215 -9.35257
80 215 -9.35257
81 215 -9.35257
82 215 -9.35257
83 215 -9.35257
84 215 -9.35257
85 215 -9.35257
86 215 -9.35257
87 215 -9.35257
88 215 -9.35257
89 215 -9.35257
90 215 -9.35257
91 215 -9.35257
92 215 -9.35257
93 215 -9.35257
94 215 -9.35257
95 215 -9.35257
96 215 -9.35257
97 215 -9.35257
98 215 -9.35257
99 215 -9.35257
100 215 -9.35257
101 215 -9.35257
102 215 -9.35257
103 215 -9.35257
104 215 -9.35257
105 215 -9.35257
106 215 -9.35257
107 215 -9.35257
108 215 -9.35257
109 215 -9.35257
110 215 -9.35257
111 215 -9.35257
112 215 -9.35257
113 215 -9.35257
114 215 -9.35257
115 215 -9.35257
116 215 -4.19824
117 215 -3.89308
118 215 -3.56692
119 215 -3.23174
120 215 -2.88921
121 215 -2.53969
122 215 -2.89065
123 215 -3.23272
124 215 -3.33576
125 215 -9.35257
126 215 -9.35257
127 215 -9.35257
128 215 -9.35257
129 215 -9.35257
130 215 -9.35257
131 215 -9.35257
132 215 -9.35257
133 215 -9.35257
134 215 -9.35257
135 215 -9.35257
136 215 -9.35257
137 215 -9.35257
138 215 -9.35257
139 215 -9.35257
140 215 -9.35257
141 215 -9.35257
142 215 -9.35257
143 215 -9.35257
144 215 -9.35257
145 215 -9.35257
146 215 -9.35257
147 215 -9.35257
148 215 -9.35257
149 215 -9.35257
150 215 -9.35257
151 215 -9.35257
152 215 -9.35257
153 215 -9.35257
154 215 -9.35257
155 215 -9.35257
156 215 -9.35257
157 215 -9.35257
158 215 -9.35257
159 215 -9.35257
160 215 -9.35257
161 215 -9.35257
162 215 -9.35257
163 215 -9.35257
164 215 -9.35257
165 215 -9.35257
166 215 -9.35257
167 215 -9.35257
168 215 -9.35257
169 215 -9.35257
170 215 -9.35257
171 215 -9.35257
172 215 -9.35257
173 215 -9.35257
174 215 -9.35257
175 215 -9.35257
176 215 -9.35257
177 215 -9.35257
178 215 -9.35257
179 215 -9.35257
180 215 -9.35257
181 215 -9.35257
182 215 -9.35257
183 215 -9.35257
184 215 -9.35257
185 215 -9.35257
186 215 -9.35257
187 215 -9.35257
188 215 -9.35257
189 215 -9.35257
190 215 -9.35257
191 215 -9.35257
192 215 -9.35257
193 215 -9.35257
194 215 -9.35257
195 215 -9.35257
196 215 -9.35257
197 215 -9.35257
198 215 -9.35257
199 215 -9.35257
200 215 -9.35257
201 215 -9.35257
202 215 -9.35257
203 215 -9.35257
204 215 -9.35257
205 215 -9.35257
206 215 -9.35257
207 215 -9.35257
208 215 -9.35257
209 215 -9.35257
210 215 -9.35257
211 215 -9.35257
212 215 -9.35257
213 215 -9.35257
214 215 -9.35257
215 215 -9.35257
216 215 -9.35257
217 215 -9.35257
218 215 -9.35257
219 215 -9.35257
220 215 -9.35257
221 215 -9.35257
222 215 -9.35257
223 215 -9.35257
224 215 -9.35257
225 215 -9.35257
226 215 -9.35257
227 215 -9.35257
228 215 -9.35257
229 215 -9.35257
230 215 -9.35257
231 215 -9.35257
232 215 -9.35257
233 215 -9.35257
234 215 -9.35257
235 215 -9.35257
236 215 -9.35257
237 215 -9.35257
238 215 -9.35257
239 215 -9.35257
0 216 -9.35257
1 216 -9.35257
2 216 -9.35257
3 216 -9.35257
4 216 -9.35257
5 216 -9.35257
6 216 -9.35257
7 216 -9.35257
8 216 -9.35257
9 216 -9.35257
10 216 -9.35257
11 216 -9.35257
12 216 -9.35257
13 216 -9.35257
14 216 -9.35257
15 216 -9.35257
16 216 -9.35257
17 216 -9.35257
18 216 -9.35257
19 216 -9.35257
20 216 -9.35257
21 216 -9.35257
22 216 -9.35257
23 216 -9.35257
24 216 -9.35257
25 216 -9.35257
26 216 -9.35257
27 216 -9.35257
28 216 -9.35257
29 216 -9.35257
30 216 -9.35257
31 216 -9.35257
32 216 -9.35257
33 216 -9.35257
34 216 -9.35257
35 216 -9.35257
36 216 -9.35257
37 216 -9.35257
38 216 -9.35257
39 216 -9.35257
40 216 -9.35257
41 216 -9.35257
42 216 -9.35257
43 216 -9.35257
44 216 -9.35257
45 216 -9.35257
46 216 -9.35257
47 216 -9.35257
48 216 -9.35257
49 216 -9.35257
50 216 -9.35257
51 216 -9.35257
52 216 -9.35257
53 216 -9.35257
54 216 -9.35257
55 216 -9.35257
56 216 -9.35257
57 216 -9.35257
58 216 -9.35257
59 216 -9.35257
60 216 -9.35257
61 216 -9.35257
62 216 -9.35257
63 216 -9.35257
64 216 -9.35257
65 216 -9.35257
66 216 -9.35257
67 216 -9.35257
68 216 -9.35257
69 216 -9.35257
70 216 -9.35257
71 216 -9.35257
72 216 -9.35257
73 216 -9.35257
74 216 -9.35257
75 216 -9.35257
76 216 -9.35257
77 216 -9.35257
78 216 -9.35257
79 216 -9.35257
80 216 -9.35257
81 216 -9.35257
82 216 -9.35257
83 216 -9.35257
84 216 -9.35257
85 216 -9.35257
86 216 -9.35257
87 216 -9.35257
88 216 -9.35257
89 216 -9.35257
90 216 -9.35257
91 216 -9.35257
92 216 -9.35257
93 216 -9.35257
94 216 -9.35257
95 216 -9.35257
96 216 -9.35257
97 216 -9.35257
98 216 -9.35257
99 216 -9.35257
100 216 -9.35257
101 216 -9.35257
102 216 -9.35257
103 216 -9.35257
104 216 -9.35257
105 216 -9.35257
106 216 -9.35257
107 216 -9.35257
108 216 -9.35257
109 216 -9.35257
110 216 -9.35257
111 216 -9.35257
112 216 -9.35257
113 216 -9.35257
114 216 -9.35257
115 216 -9.35257
116 216 -9.35257
117 216 -4.12567
118 216 -3.79288
119 216 -3.4585
120 216 -3.11737
121 216 -2.76675
122 216 -3.10938
123 216 -3.39655
124 216 -3.48956
125 216 -9.35257
126 216 -9.35257
127 216 -9.35257
128 216 -9.35257
129 216 -9.35257
130 216 -9.35257
131 216 -9.35257
132 216 -9.35257
133 216 -9.35257
134 216 -9.35257
135 216 -9.35257
136 216 -9.35257
137 216 -9.35257
138 216 -9.35257
139 216 -9.35257
140 216 -9.35257
141 216 -9.35257
142 216 -9.35257
143 216 -9.35257
144 216 -9.35257
145 216 -9.35257
146 216 -9.35257
147 216 -9.35257
148 216 -9.35257
149 216 -9.35257
150 216 -9.35257
151 216 -9.35257
152 216 -9.35257
153 216 -9.35257
154 216 -9.35257
155 216 -9.35257
156 216 -9.35257
157 216 -9.35257
158 216 -9.35257
159 216 -9.35257
160 216 -9.35257
161 216 -9.35257
162 216 -9.35257
163 216 -9.35257
164 216 -9.35257
165 216 -9.35257
166 216 -9.35257
167 216 -9.35257
168 216 -9.35257
169 216 -9.35257
170 216 -9.35257
171 216 -9.35257
172 216 -9.35257
173 216 -9.35257
174 216 -9.35257
175 216 -9.35257
176 216 -9.35257
177 216 -9.35257
178 216 -9.35257
179 216 -9.35257
180 216 -9.35257
181 216 -9.35257
182 216 -9.35257
183 216 -9.35257
184 216 -9.35257
185 216 -9.35257
186 216 -9.35257
187 216 -9.35257
188 216 -9.35257
189 216 -9.35257
190 216 -9.35257
191 216 -9.35257
192 216 -9.35257
193 216 -9.35257
194 216 -9.35257
195 216 -9.35257
196 216 -9.35257
197 216 -9.35257
198 216 -9.35257
199 216 -9.35257
200 216 -9.35257
201 216 -9.35257
202 216 -9.35257
203 216 -9.35257
204 216 -9.35257
205 216 -9.35257
206 216 -9.35257
207 216 -9.35257
208 216 -9.35257
209 216 -9.35257
210 216 -9.35257
211 216 -9.35257
212 216 -9.35257
213 216 -9.35257
214 216 -9.35257
215 216 -9.35257
216 216 -9.35257
217 216 -9.35257
218 216 -9.35257
219 216 -9.35257
220 216 -9.35257
221 216 -9.35257
222 216 -9.35257
223 216 -9.35257
224 216 -9.35257
225 216 -9.35257
226 216 -9.35257
227 216 -9.35257
228 216 -9.35257
229 216 -9.35257
230 216 -9.35257
231 216 -9.35257
232 216 -9.35257
233 216 -9.35257
234 216 -9.35257
235 216 -9.35257
236 216 -9.35257
237 216 -9.35257
238 216 -9.35257
239 216 -9.35257
0 217 -9.35257
1 217 -9.35257
2 217 -9.35257
3 217 -9.35257
4 217 -9.35257
5 217 -9.35257
6 217 -9.35257
7 217 -9.35257
8 217 -9.35257
9 217 -9.35257
10 217 -9.35257
11 217 -9.35257
12 217 -9.35257
13 217 -9.35257
14 217 -9.35257
15 217 -9.35257
16 217 -9.35257
17 217 -9.35257
18 217 -9.35257
19 217 -9.35257
20 217 -9.35257
21 217 -9.35257
22 217 -9.35257
23 217 -9.35257
24 217 -9.35257
25 217 -9.35257
26 217 -9.35257
27 217 -9.35257
28 217 -9.35257
29 217 -9.35257
30 217 -9.35257
31 217 -9.35257
32 217 -9.35257
33 217 -9.35257
34 217 -9.35257
35 217 -9.35257
36 217 -9.35257
37 217 -9.35257
38 217 -9.35257
39 217 -9.35257
40 217 -9.35257
41 217 -9.35257
42 217 -9.35257
43 217 -9.35257
44 217 -9.35257
45 217 -9.35257
46 217 -9.35257
47 217 -9.35257
48 217 -9.35257
49 217 -9.35257
50 217 -9.35257
51 217 -9.35257
52 217 -9.35257
53 217 -9.35257
54 217 -9.35257
55 217 -9.35257
56 217 -9.35257
57 217 -9.35257
58 217 -9.35257
59 217 -9.35257
60 217 -9.35257
61 217 -9.35257
62 217 -9.35257
63 217 -9.35257
64 217 -9.35257
65 217 -9.35257
66 217 -9.35257
67 217 -9.35257
68 217 -9.35257
69 217 -9.35257
70 217 -9.35257
71 217 -9.35257
72 217 -9.35257
73 217 -9.35257
74 217 -9.35257
75 217 -9.35257
76 217 -9.35257
77 217 -9.35257
78 217 -9.35257
79 217 -9.35257
80 217 -9.35257
81 217 -9.35257
82 217 -9.35257
83 217 -9.35257
84 217 -9.35257
85 217 -9.35257
86 217 -9.35257
87 217 -9.35257
88 217 -9.35257
89 217 -9.35257
90 217 -9.35257
91 217 -9.35257
92 217 -9.35257
93 217 -9.35257
94 217 -9.35257
95 217 -9.35257
96 217 -9.35257
97 217 -9.35257
98 217 -9.35257
99 217 -9.35257
100 217 -9.35257
101 217 -9.35257
102 217 -9.35257
103 217 -9.35257
104 217 -9.35257
105 217 -9.35257
106 217 -9.35257
107 217 -9.35257
108 217 -9.35257
109 217 -9.35257
110 217 -9.35257
111 217 -9.35257
112 217 -9.35257
113 217 -9.35257
114 217 -9.35257
115 217 -9.35257
116 217 -9.35257
117 217 -4.34616
118 217 -4.02044
119 217 -3.692
120 217 -3.35515
121 217 -3.01106
122 217 -3.38357
123 217 -3.52256
124 217 -3.62855
125 217 -9.35257
126 217 -9.35257
127 217 -9.35257
128 217 -9.35257
129 217 -9.35257
130 217 -9.35257
131 217 -9.35257
132 217 -9.35257
133 217 -9.35257
134 217 -9.35257
135 217 -9.35257
136 217 -9.35257
137 217 -9.35257
138 217 -9.35257
139 217 -9.35257
140 217 -9.35257
141 217 -9.35257
142 217 -9.35257
143 217 -9.35257
144 217 -9.35257
145 217 -9.35257
146 217 -9.35257
147 217 -9.35257
148 217 -9.35257
149 217 -9.35257
150 217 -9.35257
151 217 -9.35257
152 217 -9.35257
153 217 -9.35257
154 217 -9.35257
155 217 -9.35257
156 217 -9.35257
157 217 -9.35257
158 217 -9.35257
159 217 -9.35257
160 217 -9.35257
161 217 -9.35257
162 217 -9.35257
163 217 -9.35257
164 217 -9.35257
165 217 -9.35257
166 217 -9.35257
167 217 -9.35257
168 217 -9.35257
169 217 -9.35257
170 217 -9.35257
171 217 -9.35257
172 217 -9.35257
173 217 -9.35257
174 217 -9.35257
175 217 -9.35257
176 217 -9.35257
177 217 -9.35257
178 217 -9.35257
179 217 -9.35257
180 217 -9.35257
181 217 -9.35257
182 217 -9.35257
183 217 -9.35257
184 217 -9.35257
185 217 -9.35257
186 217 -9.35257
187 217 -9.35257
188 217 -9.35257
189 217 -9.35257
190 217 -9.35257
191 217 -9.35257
192 217 -9.35257
193 217 -9.35257
194 217 -9.35257
195 217 -9.35257
196 217 -9.35257
197 217 -9.35257
198 217 -9.35257
199 217 -9.35257
200 217 -9.35257
201 217 -9.35257
202 217 -9.35257
203 217 -9.35257
204 217 -9.35257
205 217 -9.35257
206 217 -9.35257
207 217 -9.35257
208 217 -9.35257
209 217 -9.35257
210 217 -9.35257
211 217 -9.35257
212 217 -9.35257
213 217 -9.35257
214 217 -9.35257
215 217 -9.35257
216 217 -9.35257
217 217 -9.35257
218 217 -9.35257
219 217 -9.35257
220 217 -9.35257
221 217 -9.35257
222 217 -9.35257
223 217 -9.35257
224 217 -9.35257
225 217 -9.35257
226 217 -9.35257
227 217 -9.35257
228 217 -9.35257
229 217 -9.35257
230 217 -9.35257
231 217 -9.35257
232 217 -9.35257
233 217 -9.35257
234 217 -9.35257
235 217 -9.35257
236 217 -9.35257
237 217 -9.35257
238 217 -9.35257
239 217 -9.35257
0 218 -9.35257
1 218 -9.35257
2 218 -9.35257
3 218 -9.35257
4 218 -9.35257
5 218 -9.35257
6 218 -9.35257
7 218 -9.35257
8 218 -9.35257
9 218 -9.35257
10 218 -9.35257
11 218 -9.35257
12 218 -9.35257
13 218 -9.35257
14 218 -9.35257
15 218 -9.35257
16 218 -9.35257
17 218 -9.35257
18 218 -9.35257
19 218 -9.35257
20 218 -9.35257
21 218 -9.35257
22 218 -9.35257
23 218 -9.35257
24 218 -9.35257
25 218 -9.35257
26 218 -9.35257
27 218 -9.35257
28 218 -9.35257
29 218 -9.35257
30 218 -9.35257
31 218 -9.35257
32 218 -9.35257
33 218 -9.35257
34 218 -9.35257
35 218 -9.35257
36 218 -9.35257
37 218 -9.35257
38 218 -9.35257
39 218 -9.35257
40 218 -9.35257
41 218 -9.35257
42 218 -9.35257
43 218 -9.35257
44 218 -9.35257
45 218 -9.35257
46 218 -9.35257
47 218 -9.35257
48 218 -9.35257
49 218 -9.35257
50 218 -9.35257
51 218 -9.35257
52 218 -9.35257
53 218 -9.35257
54 218 -9.35257
55 218 -9.35257
56 218 -9.35257
57 218 -9.35257
58 218 -9.35257
59 218 -9.35257
60 218 -9.35257
61 218 -9.35257
62 218 -9.35257
63 218 -9.35257
64 218 -9.35257
65 218 -9.35257
66 218 -9.35257
67 218 -9.35257
68 218 -9.35257
69 218 -9.35257
70 218 -9.35257
71 218 -9.35257
72 218 -9.35257
73 218 -9.35257
74 218 -9.35257
75 218 -9.35257
76 218 -9.35257
77 218 -9.35257
78 218 -9.35257
79 218 -9.35257
80 218 -9.35257
81 218 -9.35257
82 218 -9.35257
83 218 -9.35257
84 218 -9.35257
85 218 -9.35257
86 218 -9.35257
87 218 -9.35257
88 218 -9.35257
89 218 -9.35257
90 218 -9.35257
91 218 -9.35257
92 218 -9.35257
93 218 -9.35257
94 218 -9.35257
95 218 -9.35257
96 218 -9.35257
97 218 -9.35257
98 218 -9.35257
99 218 -9.35257
100 218 -9.35257
101 218 -9.35257
102 218 -9.35257
103 218 -9.35257
104 218 -9.35257
105 218 -9.35257
106 218 -9.35257
107 218 -9.35257
108 218 -9.35257
109 218 -9.35257
110 218 -9.35257
111 218 -9.35257
112 218 -9.35257
113 218 -9.35257
114 218 -9.35257
115 218 -9.35257
116 218 -9.35257
117 218 -4.54599
118 218 -4.2522
119 218 -3.93391
120 218 -3.60032
121 218 -3.24978
122 218 -3.59333
123 218 -3.68208
124 218 -9.35257
125 218 -9.35257
126 218 -9.35257
127 218 -9.35257
128 218 -9.35257
129 218 -9.35257
130 218 -9.35257
131 218 -9.35257
132 218 -9.35257
133 218 -9.35257
134 218 -9.35257
135 218 -9.35257
136 218 -9.35257
137 218 -9.35257
138 218 -9.35257
139 218 -9.35257
140 218 -9.35257
141 218 -9.35257
142 218 -9.35257
143 218 -9.35257
144 218 -9.35257
145 218 -9.35257
146 218 -9.35257
147 218 -9.35257
148 218 -9.35257
149 218 -9.35257
150 218 -9.35257
151 218 -9.35257
152 218 -9.35257
153 218 -9.35257
154 218 -9.35257
155 218 -9.35257
156 218 -9.35257
157 218 -9.35257
158 218 -9.35257
159 218 -9.35257
160 218 -9.35257
161 218 -9.35257
162 218 -9.35257
163 218 -9.35257
164 218 -9.35257
165 218 -9.35257
166 218 -9.35257
167 218 -9.35257
168 218 -9.35257
169 218 -9.35257
170 218 -9.35257
171 218 -9.35257
172 218 -9.35257
173 218 -9.35257
174 218 -9.35257
175 218 -9.35257
176 218 -9.35257
177 218 -9.35257
178 218 -9.35257
179 218 -9.35257
180 218 -9.35257
181 218 -9.35257
182 218 -9.35257
183 218 -9.35257
184 218 -9.35257
185 218 -9.35257
186 218 -9.35257
187 218 -9.35257
188 218 -9.35257
189 218 -9.35257
190 218 -9.35257
191 218 -9.35257
192 218 -9.35257
193 218 -9.35257
194 218 -9.35257
195 218 -9.35257
196 218 -9.35257
197 218 -9.35257
198 218 -9.35257
199 218 -9.35257
200 218 -9.35257
201 218 -9.35257
202 218 -9.35257
203 218 -9.35257
204 218 -9.35257
205 218 -9.35257
206 218 -9.35257
207 218 -9.35257
208 218 -9.35257
209 218 -9.35257
210 218 -9.35257
211 218 -9.35257
212 218 -9.35257
213 218 -9.35257
214 218 -9.35257
215 218 -9.35257
216 218 -9.35257
217 218 -9.35257
218 218 -9.35257
219 218 -9.35257
220 218 -9.35257
221 218 -9.35257
222 218 -9.35257
223 218 -9.35257
224 218 -9.35257
225 218 -9.35257
226 218 -9.35257
227 218 -9.35257
228 218 -9.35257
229 218 -9.35257
230 218 -9.35257
231 218 -9.35257
232 218 -9.35257
233 218 -9.35257
234 218 -9.35257
235 218 -9.35257
236 218 -9.35257
237 218 -9.35257
238 218 -9.35257
239 218 -9.35257
0 219 -9.35257
1 219 -9.35257
2 219 -9.35257
3 219 -9.35257
4 219 -9.35257
5 219 -9.35257
6 219 -9.35257
7 219 -9.35257
8 219 -9.35257
9 219 -9.35257
10 219 -9.35257
11 219 -9.35257
12 219 -9.35257
13 219 -9.35257
14 219 -9.35257
15 219 -9.35257
16 219 -9.35257
17 219 -9.35257
18 219 -9.35257
19 219 -9.35257
20 219 -9.35257
21 219 -9.35257
22 219 -9.35257
23 219 -9.35257
24 219 -9.35257
25 219 -9.35257
26 219 -9.35257
27 219 -9.35257
28 219 -9.35257
29 219 -9.35257
30 219 -9.35257
31 219 -9.35257
32 219 -9.35257
33 219 -9.35257
34 219 -9.35257
35 219 -9.35257
36 219 -9.35257
37 219 -9.35257
38 219 -9.35257
39 219 -9.35257
40 219 -9.35257
41 219 -9.35257
42 219 -9.35257
43 219 -9.35257
44 219 -9.35257
45 219 -9.35257
46 219 -9.35257
47 219 -9.35257
48 219 -9.35257
49 219 -9.35257
50 219 -9.35257
51 219 -9.35257
52 219 -9.35257
53 219 -9.35257
54 219 -9.35257
55 219 -9.35257
56 219 -9.35257
57 219 -9.35257
58 219 -9.35257
59 219 -9.35257
60 219 -9.35257
61 219 -9.35257
62 219 -9.35257
63 219 -9.35257
64 219 -9.35257
65 219 -9.35257
66 219 -9.35257
67 219 -9.35257
68 219 -9.35257
69 219 -9.35257
70 219 -9.35257
71 219 -9.35257
72 219 -9.35257
73 219 -9.35257
74 219 -9.35257
75 219 -9.35257
76 219 -9.35257
77 219 -9.35257
78 219 -9.35257
79 219 -9.35257
80 219 -9.35257
81 219 -9.35257
82 219 -9.35257
83 219 -9.35257
84 219 -9.35257
85 219 -9.35257
86 219 -9.35257
87 219 -9.35257
88 219 -9.35257
89 219 -9.35257
90 219 -9.35257
91 219 -9.35257
92 219 -9.35257
93 219 -9.35257
94 219 -9.35257
95 219 -9.35257
96 219 -9.35257
97 219 -9.35257
98 219 -9.35257
99 219 -9.35257
100 219 -9.35257
101 219 -9.35257
102 219 -9.35257
103 219 -9.35257
104 219 -9.35257
105 219 -9.35257
106 219 -9.35257
107 219 -9.35257
108 219 -9.35257
109 219 -9.35257
110 219 -9.35257
111 219 -9.35257
112 219 -9.35257
113 219 -9.35257
114 219 -9.35257
115 219 -9.35257
116 219 -9.35257
117 219 -9.35257
118 219 -4.50845
119 219 -4.1926
120 219 -3.86255
121 219 -3.50565
122 219 -3.78774
123 219 -3.86346
124 219 -9.35257
125 219 -9.35257
126 219 -9.35257
127 219 -9.35257
128 219 -9.35257
129 219 -9.35257
130 219 -9.35257
131 219 -9.35257
132 219 -9.35257
133 219 -9.35257
134 219 -9.35257
135 219 -9.35257
136 219 -9.35257
137 219 -9.35257
138 219 -9.35257
139 219 -9.35257
140 219 -9.35257
141 219 -9.35257
142 219 -9.35257
143 219 -9.35257
144 219 -9.35257
145 219 -9.35257
146 219 -9.35257
147 219 -9.35257
148 219 -9.35257
149 219 -9.35257
150 219 -9.35257
151 219 -9.35257
152 219 -9.35257
153 219 -9.35257
154 219 -9.35257
155 219 -9.35257
156 219 -9.35257
157 219 -9.35257
158 219 -9.35257
159 219 -9.35257
160 219 -9.35257
161 219 -9.35257
162 219 -9.35257
163 219 -9.35257
164 219 -9.35257
165 219 -9.35257
166 219 -9.35257
167 219 -9.35257
168 219 -9.35257
169 219 -9.35257
170 219 -9.35257
171 219 -9.35257
172 219 -9.35257
173 219 -9.35257
174 219 -9.35257
175 219 -9.35257
176 219 -9.35257
177 219 -9.35257
178 219 -9.35257
179 219 -9.35257
180 219 -9.35257
181 219 -9.35257
182 219 -9.35257
183 219 -9.35257
184 219 -9.35257
185 219 -9.35257
186 219 -9.35257
187 219 -9.35257
188 219 -9.35257
189 219 -9.35257
190 219 -9.35257
191 219 -9.35257
192 219 -9.35257
193 219 -9.35257
194 219 -9.35257
195 219 -9.35257
196 219 -9.35257
197 219 -9.35257
198 219 -9.35257
199 219 -9.35257
200 219 -9.35257
201 219 -9.35257
202 219 -9.35257
203 219 -9.35257
204 219 -9.35257
205 219 -9.35257
206 219 -9.35257
207 219 -9.35257
208 219 -9.35257
209 219 -9.35257
210 219 -9.35257
211 219 -9.35257
212 219 -9.35257
213 219 -9.35257
214 219 -9.35257
215 219 -9.35257
216 219 -9.35257
217 219 -9.35257
218 219 -9.35257
219 219 -9.35257
220 219 -9.35257
221 219 -9.35257
222 219 -9.35257
223 219 -9.35257
224 219 -9.35257
225 219 -9.35257
226 219 -9.35257
227 219 -9.35257
228 219 -9.35257
229 219 -9.35257
230 219 -9.35257
231 219 -9.35257
232 219 -9.35257
233 219 -9.35257
234 219 -9.35257
235 219 -9.35257
236 219 -9.35257
237 219 -9.35257
238 219 -9.35257
239 219 -9.35257
0 220 -9.35257
1 220 -9.35257
2 220 -9.35257
3 220 -9.35257
4 220 -9.35257
5 220 -9.35257
6 220 -9.35257
7 220 -9.35257
8 220 -9.35257
9 220 -9.35257
10 220 -9.35257
11 220 -9.35257
12 220 -9.35257
13 220 -9.35257
14 220 -9.35257
15 220 -9.35257
16 220 -9.35257
17 220 -9.35257
18 220 -9.35257
19 220 -9.35257
20 220 -9.35257
21 220 -9.35257
22 220 -9.35257
23 220 -9.35257
24 220 -9.35257
25 220 -9.35257
26 220 -9.35257
27 220 -9.35257
28 220 -9.35257
29 220 -9.35257
30 220 -9.35257
31 220 -9.35257
32 220 -9.35257
33 220 -9.35257
34 220 -9.35257
35 220 -9.35257
36 220 -9.35257
37 220 -9.35257
38 220 -9.35257
39 220 -9.35257
40 220 -9.35257
41 220 -9.35257
42 220 -9.35257
43 220 -9.35257
44 220 -9.35257
45 220 -9.35257
46 220 -9.35257
47 220 -9.35257
48 220 -9.35257
49 220 -9.35257
50 220 -9.35257
51 220 -9.35257
52 220 -9.35257
53 220 -9.35257
54 220 -9.35257
55 220 -9.35257
56 220 -9.35257
57 220 -9.35257
58 220 -9.35257
59 220 -9.35257
60 220 -9.35257
61 220 -9.35257
62 220 -9.35257
63 220 -9.35257
64 220 -9.35257
65 220 -9.35257
66 220 -9.35257
67 220 -9.35257
68 220 -9.35257
69 220 -9.35257
70 220 -9.35257
71 220 -9.35257
72 220 -9.35257
73 220 -9.35257
74 220 -9.35257
75 220 -9.35257
76 220 -9.35257
77 220 -9.35257
78 220 -9.35257
79 220 -9.35257
80 220 -9.35257
81 220 -9.35257
82 220 -9.35257
83 220 -9.35257
84 220 -9.35257
85 220 -9.35257
86 220 -9.35257
87 220 -9.35257
88 220 -9.35257
89 220 -9.35257
90 220 -9.35257
91 220 -9.35257
92 220 -9.35257
93 220 -9.35257
94 220 -9.35257
95 220 -9.35257
96 220 -9.35257
97 220 -9.35257
98 220 -9.35257
99 220 -9.35257
100 220 -9.35257
101 220 -9.35257
102 220 -9.35257
103 220 -9.35257
104 220 -9.35257
105 220 -9.35257
106 220 -9.35257
107 220 -9.35257
108 220 -9.35257
109 220 -9.35257
110 220 -9.35257
111 220 -9.35257
112 220 -9.35257
113 220 -9.35257
114 220 -9.35257
115 220 -9.35257
116 220 -9.35257
117 220 -9.35257
118 220 -4.73467
119 220 -4.46548
120 220 -4.15322
121 220 -3.83271
122 220 -3.95151
123 220 -4.02631
124 220 -9.35257
125 220 -9.35257
126 220 -9.35257
127 220 -9.35257
128 220 -9.35257
129 220 -9.35257
130 220 -9.35257
131 220 -9.35257
132 220 -9.35257
133 220 -9.35257
134 220 -9.35257
135 220 -9.35257
136 220 -9.35257
137 220 -9.35257
138 220 -9.35257
139 220 -9.35257
140 220 -9.35257
141 220 -9.35257
142 220 -9.35257
143 220 -9.35257
144 220 -9.35257
145 220 -9.35257
146 220 -9.35257
147 220 -9.35257
148 220 -9.35257
149 220 -9.35257
150 220 -9.35257
151 220 -9.35257
152 220 -9.35257
153 220 -9.35257
154 220 -9.35257
155 220 -9.35257
156 220 -9.35257
157 220 -9.35257
158 220 -9.35257
159 220 -9.35257
160 220 -9.35257
161 220 -9.35257
162 220 -9.35257
163 220 -9.35257
164 220 -9.35257
165 220 -9.35257
166 220 -9.35257
167 220 -9.35257
168 220 -9.35257
169 220 -9.35257
170 220 -9.35257
171 220 -9.35257
172 220 -9.35257
173 220 -9.35257
174 220 -9.35257
175 220 -9.35257
176 220 -9.35257
177 220 -9.35257
178 220 -9.35257
179 220 -9.35257
180 220 -9.35257
181 220 -9.35257
182 220 -9.35257
183 220 -9.35257
184 220 -9.35257
185 220 -9.35257
186 220 -9.35257
187 220 -9.35257
188 220 -9.35257
189 220 -9.35257
190 220 -9.35257
191 220 -9.35257
192 220 -9.35257
193 220 -9.35257
194 220 -9.35257
195 220 -9.35257
196 220 -9.35257
197 220 -9.35257
198 220 -9.35257
199 220 -9.35257
200 220 -9.35257
201 220 -9.35257
202 220 -9.35257
203 220 -9.35257
204 220 -9.35257
205 220 -9.35257
206 220 -9.35257
207 220 -9.35257
208 220 -9.35257
209 220 -9.35257
210 220 -9.35257
211 220 -9.35257
212 220 -9.35257
213 220 -9.35257
214 220 -9.35257
215 220 -9.35257
216 220 -9.35257
217 220 -9.35257
218 220 -9.35257
219 220 -9.35257
220 220 -9.35257
221 220 -9.35257
222 220 -9.35257
223 220 -9.35257
224 220 -9.35257
225 220 -9.35257
226 220 -9.35257
227 220 -9.35257
228 220 -9.35257
229 220 -9.35257
230 220 -9.35257
231 220 -9.35257
232 220 -9.35257
233 220 -9.35257
234 220 -9.35257
235 220 -9.35257
236 220 -9.35257
237 220 -9.35257
238 220 -9.35257
239 220 -9.35257
0 221 -9.35257
1 221 -9.35257
2 221 -9.35257
3 221 -9.35257
4 221 -9.35257
5 221 -9.35257
6 221 -9.35257
7 221 -9.35257
8 221 -9.35257
9 221 -9.35257
10 221 -9.35257
11 221 -9.35257
12 221 -9.35257
13 221 -9.35257
14 221 -9.35257
15 221 -9.35257
16 221 -9.35257
17 221 -9.35257
18 221 -9.35257
19 221 -9.35257
20 221 -9.35257
21 221 -9.35257
22 221 -9.35257
23 221 -9.35257
24 221 -9.35257
25 221 -9.35257
26 221 -9.35257
27 221 -9.35257
28 221 -9.35257
29 221 -9.35257
30 221 -9.35257
31 221 -9.35257
32 221 -9.35257
33 221 -9.35257
34 221 -9.35257
35 221 -9.35257
36 221 -9.35257
37 221 -9.35257
38 221 -9.35257
39 221 -9.35257
40 221 -9.35257
41 221 -9.35257
42 221 -9.35257
43 221 -9.35257
44 221 -9.35257
45 221 -9.35257
46 221 -9.35257
47 221 -9.35257
48 221 -9.35257
49 221 -9.35257
50 221 -9.35257
51 221 -9.35257
52 221 -9.35257
53 221 -9.35257
54 221 -9.35257
55 221 -9.35257
56 221 -9.35257
57 221 -9.35257
58 221 -9.35257
59 221 -9.35257
60 221 -9.35257
61 221 -9.35257
62 221 -9.35257
63 221 -9.35257
64 221 -9.35257
65 221 -9.35257
66 221 -9.35257
67 221 -9.35257
68 221 -9.35257
69 221 -9.35257
70 221 -9.35257
71 221 -9.35257
72 221 -9.35257
73 221 -9.35257
74 221 -9.35257
75 221 -9.35257
76 221 -9.35257
77 221 -9.35257
78 221 -9.35257
79 221 -9.35257
80 221 -9.35257
81 221 -9.35257
82 221 -9.35257
83 221 -9.35257
84 221 -9.35257
85 221 -9.35257
86 221 -9.35257
87 221 -9.35257
88 221 -9.35257
89 221 -9.35257
90 221 -9.35257
91 221 -9.35257
92 221 -9.35257
93 221 -9.35257
94 221 -9.35257
95 221 -9.35257
96 221 -9.35257
97 221 -9.35257
98 221 -9.35257
99 221 -9.35257
100 221 -9.35257
101 221 -9.35257
102 221 -9.35257
103 221 -9.35257
104 221 -9.35257
105 221 -9.35257
106 221 -9.35257
107 221 -9.35257
108 221 -9.35257
109 221 -9.35257
110 221 -9.35257
111 221 -9.35257
112 221 -9.35257
113 221 -9.35257
114 221 -9.35257
115 221 -9.35257
116 221 -9.35257
117 221 -9.35257
118 221 -9.35257
119 221 -4.78274
120 221 -4.45226
121 221 -4.10526
122 221 -4.15953
123 221 -9.35257
124 221 -9.35257
125 221 -9.35257
126 221 -9.35257
127 221 -9.35257
128 221 -9.35257
129 221 -9.35257
130 221 -9.35257
131 221 -9.35257
132 221 -9.35257
133 221 -9.35257
134 221 -9.35257
135 221 -9.35257
136 221 -9.35257
137 221 -9.35257
138 221 -9.35257
139 221 -9.35257
140 221 -9.35257
141 221 -9.35257
142 221 -9.35257
143 221 -9.35257
144 221 -9.35257
145 221 -9.35257
146 221 -9.35257
147 221 -9.35257
148 221 -9.35257
149 221 -9.35257
150 221 -9.35257
151 221 -9.35257
152 221 -9.35257
153 221 -9.35257
154 221 -9.35257
155 221 -9.35257
156 221 -9.35257
157 221 -9.35257
158 221 -9.35257
159 221 -9.35257
160 221 -9.35257
161 221 -9.35257
162 221 -9.35257
163 221 -9.35257
164 221 -9.35257
165 221 -9.35257
166 221 -9.35257
167 221 -9.35257
168 221 -9.35257
169 221 -9.35257
170 221 -9.35257
171 221 -9.35257
172 221 -9.35257
173 221 -9.35257
174 221 -9.35257
175 221 -9.35257
176 221 -9.35257
177 221 -9.35257
178 221 -9.35257
179 221 -9.35257
180 221 -9.35257
181 221 -9.35257
182 221 -9.35257
183 221 -9.35257
184 221 -9.35257
185 221 -9.35257
186 221 -9.35257
187 221 -9.35257
188 221 -9.35257
189 221 -9.35257
190 221 -9.35257
191 221 -9.35257
192 221 -9.35257
193 221 -9.35257
194 221 -9.35257
195 221 -9.35257
196 221 -9.35257
197 221 -9.35257
198 221 -9.35257
199 221 -9.35257
200 221 -9.35257
201 221 -9.35257
202 221 -9.35257
203 221 -9.35257
204 221 -9.35257
205 221 -9.35257
206 221 -9.35257
207 221 -9.35257
208 221 -9.35257
209 221 -9.35257
210 221 -9.35257
211 221 -9.35257
212 221 -9.35257
213 221 -9.35257
214 221 -9.35257
215 221 -9.35257
216 221 -9.35257
217 221 -9.35257
218 221 -9.35257
219 221 -9.35257
220 221 -9.35257
221 221 -9.35257
222 221 -9.35257
223 221 -9.35257
224 221 -9.35257
225 221 -9.35257
226 221 -9.35257
227 221 -9.35257
228 221 -9.35257
229 221 -9.35257
230 221 -9.35257
231 221 -9.35257
232 221 -9.35257
233 221 -9.35257
234 221 -9.35257
235 221 -9.35257
236 221 -9.35257
237 221 -9.35257
238 221 -9.35257
239 221 -9.35257
0 222 -9.35257
1 222 -9.35257
2 222 -9.35257
3 222 -9.35257
4 222 -9.35257
5 222 -9.35257
6 222 -9.35257
7 222 -9.35257
8 222 -9.35257
9 222 -9.35257
10 222 -9.35257
11 222 -9.35257
12 222 -9.35257
13 222 -9.35257
14 222 -9.35257
15 222 -9.35257
16 222 -9.35257
17 222 -9.35257
18 222 -9.35257
19 222 -9.35257
20 222 -9.35257
21 222 -9.35257
22 222 -9.35257
23 222 -9.35257
24 222 -9.35257
25 222 -9.35257
26 222 -9.35257
27 222 -9.35257
28 222 -9.35257
29 222 -9.35257
30 222 -9.35257
31 222 -9.35257
32 222 -9.35257
33 222 -9.35257
34 222 -9.35257
35 222 -9.35257
36 222 -9.35257
37 222 -9.35257
38 222 -9.35257
39 222 -9.35257
40 222 -9.35257
41 222 -9.35257
42 222 -9.35257
43 222 -9.35257
44 222 -9.35257
45 222 -9.35257
46 222 -9.35257
47 222 -9.35257
48 222 -9.35257
49 222 -9.35257
50 222 -9.35257
51 222 -9.35257
52 222 -9.35257
53 222 -9.35257
54 222 -9.35257
55 222 -9.35257
56 222 -9.35257
57 222 -9.35257
58 222 -9.35257
59 222 -9.35257
60 222 -9.35257
61 222 -9.35257
62 222 -9.35257
63 222 -9.35257
64 222 -9.35257
65 222 -9.35257
66 222 -9.35257
67 222 -9.35257
68 222 -9.35257
69 222 -9.35257
70 222 -9.35257
71 222 -9.35257
72 222 -9.35257
73 222 -9.35257
74 222 -9.35257
75 222 -9.35257
76 222 -9.35257
77 222 -9.35257
78 222 -9.35257
79 222 -9.35257
80 222 -9.35257
81 222 -9.35257
82 222 -9.35257
83 222 -9.35257
84 222 -9.35257
85 222 -9.35257
86 222 -9.35257
87 222 -9.35257
88 222 -9.35257
89 222 -9.35257
90 222 -9.35257
91 222 -9.35257
92 222 -9.35257
93 222 -9.35257
94 222 -9.35257
95 222 -9.35257
96 222 -9.35257
97 222 -9.35257
98 222 -9.35257
99 222 -9.35257
100 222 -9.35257
101 222 -9.35257
102 222 -9.35257
103 222 -9.35257
104 222 -9.35257
105 222 -9.35257
106 222 -9.35257
107 222 -9.35257
108 222 -9.35257
109 222 -9.35257
110 222 -9.35257
111 222 -9.35257
112 222 -9.35257
113 222 -9.35257
114 222 -9.35257
115 222 -9.35257
116 222 -9.35257
117 222 -9.35257
118 222 -9.35257
119 222 -5.08461
120 222 -4.76861
121 222 -4.4096
122 222 -4.38354
123 222 -9.35257
124 222 -9.35257
125 222 -9.35257
126 222 -9.35257
127 222 -9.35257
128 222 -9.35257
129 222 -9.35257
130 222 -9.35257
131 222 -9.35257
132 222 -9.35257
133 222 -9.35257
134 222 -9.35257
135 222 -9.35257
136 222 -9.35257
137 222 -9.35257
138 222 -9.35257
139 222 -9.35257
140 222 -9.35257
141 222 -9.35257
142 222 -9.35257
143 222 -9.35257
144 222 -9.35257
145 222 -9.35257
146 222 -9.35257
147 222 -9.35257
148 222 -9.35257
149 222 -9.35257
150 222 -9.35257
151 222 -9.35257
152 222 -9.35257
153 222 -9.35257
154 222 -9.35257
155 222 -9.35257
156 222 -9.35257
157 222 -9.35257
158 222 -9.35257
159 222 -9.35257
160 222 -9.35257
161 222 -9.35257
162 222 -9.35257
163 222 -9.35257
164 222 -9.35257
165 222 -9.35257
166 222 -9.35257
167 222 -9.35257
168 222 -9.35257
169 222 -9.35257
170 222 -9.35257
171 222 -9.35257
172 222 -9.35257
173 222 -9.35257
174 222 -9.35257
175 222 -9.35257
176 222 -9.35257
177 222 -9.35257
178 222 -9.35257
179 222 -9.35257
180 222 -9.35257
181 222 -9.35257
182 222 -9.35257
183 222 -9.35257
184 222 -9.35257
185 222 -9.35257
186 222 -9.35257
187 222 -9.35257
188 222 -9.35257
189 222 -9.35257
190 222 -9.35257
191 222 -9.35257
192 222 -9.35257
193 222 -9.35257
194 222 -9.35257
195 222 -9.35257
196 222 -9.35257
197 222 -9.35257
198 222 -9.35257
199 222 -9.35257
200 222 -9.35257
201 222 -9.35257
202 222 -9.35257
203 222 -9.35257
204 222 -9.35257
205 222 -9.35257
206 222 -9.35257
207 222 -9.35257
208 222 -9.35257
209 222 -9.35257
210 222 -9.35257
211 222 -9.35257
212 222 -9.35257
213 222 -9.35257
214 222 -9.35257
215 222 -9.35257
216 222 -9.35257
217 222 -9.35257
218 222 -9.35257
219 222 -9.35257
220 222 -9.35257
221 222 -9.35257
222 222 -9.35257
223 222 -9.35257
224 222 -9.35257
225 222 -9.35257
226 222 -9.35257
227 222 -9.35257
228 222 -9.35257
229 222 -9.35257
230 222 -9.35257
231 222 -9.35257
232 222 -9.35257
233 222 -9.35257
234 222 -9.35257
235 222 -9.35257
236 222 -9.35257
237 222 -9.35257
238 222 -9.35257
239 222 -9.35257
0 223 -9.35257
1 223 -9.35257
2 223 -9.35257
3 223 -9.35257
4 223 -9.35257
5 223 -9.35257
6 223 -9.35257
7 223 -9.35257
8 223 -9.35257
9 223 -9.35257
10 223 -9.35257
11 223 -9.35257
12 223 -9.35257
13 223 -9.35257
14 223 -9.35257
15 223 -9.35257
16 223 -9.35257
17 223 -9.35257
18 223 -9.35257
19 223 -9.35257
20 223 -9.35257
21 223 -9.35257
22 223 -9.35257
23 223 -9.35257
24 223 -9.35257
25 223 -9.35257
26 223 -9.35257
27 223 -9.35257
28 223 -9.35257
29 223 -9.35257
30 223 -9.35257
31 223 -9.35257
32 223 -9.35257
33 223 -9.35257
34 223 -9.35257
35 223 -9.35257
36 223 -9.35257
37 223 -9.35257
38 223 -9.35257
39 223 -9.35257
40 223 -9.35257
41 223 -9.35257
42 223 -9.35257
43 223 -9.35257
44 223 -9.35257
45 223 -9.35257
46 223 -9.35257
47 223 -9.35257
48 223 -9.35257
49 223 -9.35257
50 223 -9.35257
51 223 -9.35257
52 223 -9.35257
53 223 -9.35257
54 223 -9.35257
55 223 -9.35257
56 223 -9.35257
57 223 -9.35257
58 223 -9.35257
59 223 -9.35257
60 223 -9.35257
61 223 -9.35257
62 223 -9.35257
63 223 -9.35257
64 223 -9.35257
65 223 -9.35257
66 223 -9.35257
67 223 -9.35257
68 223 -9.35257
69 223 -9.35257
70 223 -9.35257
71 223 -9.35257
72 223 -9.35257
73 223 -9.35257
74 223 -9.35257
75 223 -9.35257
76 223 -9.35257
77 223 -9.35257
78 223 -9.35257
79 223 -9.35257
80 223 -9.35257
81 223 -9.35257
82 223 -9.35257
83 223 -9.35257
84 223 -9.35257
85 223 -9.35257
86 223 -9.35257
87 223 -9.35257
88 223 -9.35257
89 223 -9.35257
90 223 -9.35257
91 223 -9.35257
92 223 -9.35257
93 223 -9.35257
94 223 -9.35257
95 223 -9.35257
96 223 -9.35257
97 223 -9.35257
98 223 -9.35257
99 223 -9.35257
100 223 -9.35257
101 223 -9.35257
102 223 -9.35257
103 223 -9.35257
104 223 -9.35257
105 223 -9.35257
106 223 -9.35257
107 223 -9.35257
108 223 -9.35257
109 223 -9.35257
110 223 -9.35257
111 223 -9.35257
112 223 -9.35257
113 223 -9.35257
114 223 -9.35257
115 223 -9.35257
116 223 -9.35257
117 223 -9.35257
118 223 -9.35257
119 223 -5.35602
120 223 -5.13062
121 223 -5.09213
122 223 -9.35257
123 223 -9.35257
124 223 -9.35257
125 223 -9.35257
126 223 -9.35257
127 223 -9.35257
128 223 -9.35257
129 223 -9.35257
130 223 -9.35257
131 223 -9.35257
132 223 -9.35257
133 223 -9.35257
134 223 -9.35257
135 223 -9.35257
136 223 -9.35257
137 223 -9.35257
138 223 -9.35257
139 223 -9.35257
140 223 -9.35257
141 223 -9.35257
142 223 -9.35257
143 223 -9.35257
144 223 -9.35257
145 223 -9.35257
146 223 -9.35257
147 223 -9.35257
148 223 -9.35257
149 223 -9.35257
150 223 -9.35257
151 223 -9.35257
152 223 -9.35257
153 223 -9.35257
154 223 -9.35257
155 223 -9.35257
156 223 -9.35257
157 223 -9.35257
158 223 -9.35257
159 223 -9.35257
160 223 -9.35257
161 223 -9.35257
162 223 -9.35257
163 223 -9.35257
164 223 -9.35257
165 223 -9.35257
166 223 -9.35257
167 223 -9.35257
168 223 -9.35257
169 223 -9.35257
170 223 -9.35257
171 223 -9.35257
172 223 -9.35257
173 223 -9.35257
174 223 -9.35257
175 223 -9.35257
176 223 -9.35257
177 223 -9.35257
178 223 -9.35257
179 223 -9.35257
180 223 -9.35257
181 223 -9.35257
182 223 -9.35257
183 223 -9.35257
184 223 -9.35257
185 223 -9.35257
186 223 -9.35257
187 223 -9.35257
188 223 -9.35257
189 223 -9.35257
190 223 -9.35257
191 223 -9.35257
192 223 -9.35257
193 223 -9.35257
194 223 -9.35257
195 223 -9.35257
196 223 -9.35257
197 223 -9.35257
198 223 -9.35257
199 223 -9.35257
200 223 -9.35257
201 223 -9.35257
202 223 -9.35257
203 223 -9.35257
204 223 -9.35257
205 223 -9.35257
206 223 -9.35257
207 223 -9.35257
208 223 -9.35257
209 223 -9.35257
210 223 -9.35257
211 223 -9.35257
212 223 -9.35257
213 223 -9.35257
214 223 -9.35257
215 223 -9.35257
216 223 -9.35257
217 223 -9.35257
218 223 -9.35257
219 223 -9.35257
220 223 -9.35257
221 223 -9.35257
222 223 -9.35257
223 223 -9.35257
224 223 -9.35257
225 223 -9.35257
226 223 -9.35257
227 223 -9.35257
228 223 -9.35257
229 223 -9.35257
230 223 -9.35257
231 223 -9.35257
232 223 -9.35257
233 223 -9.35257
234 223 -9.35257
235 223 -9.35257
236 223 -9.35257
237 223 -9.35257
238 223 -9.35257
239 223 -9.35257
0 224 -9.35257
1 224 -9.35257
2 224 -9.35257
3 224 -9.35257
4 224 -9.35257
5 224 -9.35257
6 224 -9.35257
7 224 -9.35257
8 224 -9.35257
9 224 -9.35257
10 224 -9.35257
11 224 -9.35257
12 224 -9.35257
13 224 -9.35257
14 224 -9.35257
15 224 -9.35257
16 224 -9.35257
17 224 -9.35257
18 224 -9.35257
19 224 -9.35257
20 224 -9.35257
21 224 -9.35257
22 224 -9.35257
23 224 -9.35257
24 224 -9.35257
25 224 -9.35257
26 224 -9.35257
27 224 -9.35257
28 224 -9.35257
29 224 -9.35257
30 224 -9.35257
31 224 -9.35257
32 224 -9.35257
33 224 -9.35257
34 224 -9.35257
35 224 -9.35257
36 224 -9.35257
37 224 -9.35257
38 224 -9.35257
39 224 -9.35257
40 224 -9.35257
41 224 -9.35257
42 224 -9.35257
43 224 -9.35257
44 224 -9.35257
45 224 -9.35257
46 224 -9.35257
47 224 -9.35257
48 224 -9.35257
49 224 -9.35257
50 224 -9.35257
51 224 -9.35257
52 224 -9.35257
53 224 -9.35257
54 224 -9.35257
55 224 -9.35257
56 224 -9.35257
57 224 -9.35257
58 224 -9.35257
59 224 -9.35257
60 224 -9.35257
61 224 -9.35257
62 224 -9.35257
63 224 -9.35257
64 224 -9.35257
65 224 -9.35257
66 224 -9.35257
67 224 -9.35257
68 224 -9.35257
69 224 -9.35257
70 224 -9.35257
71 224 -9.35257
72 224 -9.35257
73 224 -9.35257
74 224 -9.35257
75 224 -9.35257
76 224 -9.35257
77 224 -9.35257
78 224 -9.35257
79 224 -9.35257
80 224 -9.35257
81 224 -9.35257
82 224 -9.35257
83 224 -9.35257
84 224 -9.35257
85 224 -9.35257
86 224 -9.35257
87 224 -9.35257
88 224 -9.35257
89 224 -9.35257
90 224 -9.35257
91 224 -9.35257
92 224 -9.35257
93 224 -9.35257
94 224 -9.35257
95 224 -9.35257
96 224 -9.35257
97 224 -9.35257
98 224 -9.35257
99 224 -9.35257
100 224 -9.35257
101 224 -9.35257
102 224 -9.35257
103 224 -9.35257
104 224 -9.35257
105 224 -9.35257
106 224 -9.35257
107 224 -9.35257
108 224 -9.35257
109 224 -9.35257
110 224 -9.35257
111 224 -9.35257
112 224 -9.35257
113 224 -9.35257
114 224 -9.35257
115 224 -9.35257
116 224 -9.35257
117 224 -9.35257
118 224 -9.35257
119 224 -9.35257
120 224 -5.71112
121 224 -5.67915
122 224 -9.35257
123 224 -9.35257
124 224 -9.35257
125 224 -9.35257
126 224 -9.35257
127 224 -9.35257
128 224 -9.35257
129 224 -9.35257
130 224 -9.35257
131 224 -9.35257
132 224 -9.35257
133 224 -9.35257
134 224 -9.35257
135 224 -9.35257
136 224 -9.35257
137 224 -9.35257
138 224 -9.35257
139 224 -9.35257
140 224 -9.35257
141 224 -9.35257
142 224 -9.35257
143 224 -9.35257
144 224 -9.35257
145 224 -9.35257
146 224 -9.35257
147 224 -9.35257
148 224 -9.35257
149 224 -9.35257
150 224 -9.35257
151 224 -9.35257
152 224 -9.35257
153 224 -9.35257
154 224 -9.35257
155 224 -9.35257
156 224 -9.35257
157 224 -9.35257
158 224 -9.35257
159 224 -9.35257
160 224 -9.35257
161 224 -9.35257
162 224 -9.35257
163 224 -9.35257
164 224 -9.35257
165 224 -9.35257
166 224 -9.35257
167 224 -9.35257
168 224 -9.35257
169 224 -9.35257
170 224 -9.35257
171 224 -9.35257
172 224 -9.35257
173 224 -9.35257
174 224 -9.35257
175 224 -9.35257
176 224 -9.35257
177 224 -9.35257
178 224 -9.35257
179 224 -9.35257
180 224 -9.35257
181 224 -9.35257
182 224 -9.35257
183 224 -9.35257
184 224 -9.35257
185 224 -9.35257
186 224 -9.35257
187 224 -9.35257
188 224 -9.35257
189 224 -9.35257
190 224 -9.35257
191 224 -9.35257
192 224 -9.35257
193 224 -9.35257
194 224 -9.35257
195 224 -9.35257
196 224 -9.35257
197 224 -9.35257
198 224 -9.35257
199 224 -9.35257
200 224 -9.35257
201 224 -9.35257
202 224 -9.35257
203 224 -9.35257
204 224 -9.35257
205 224 -9.35257
206 224 -9.35257
207 224 -9.35257
208 224 -9.35257
209 224 -9.35257
210 224 -9.35257
211 224 -9.35257
212 224 -9.35257
213 224 -9.35257
214 224 -9.35257
215 224 -9.35257
216 224 -9.35257
217 224 -9.35257
218 224 -9.35257
219 224 -9.35257
220 224 -9.35257
221 224 -9.35257
222 224 -9.35257
223 224 -9.35257
224 224 -9.35257
225 224 -9.35257
226 224 -9.35257
227 224 -9.35257
228 224 -9.35257
229 224 -9.35257
230 224 -9.35257
231 224 -9.35257
232 224 -9.35257
233 224 -9.35257
234 224 -9.35257
235 224 -9.35257
236 224 -9.35257
237 224 -9.35257
238 224 -9.35257
239 224 -9.35257
0 225 -9.35257
1 225 -9.35257
2 225 -9.35257
3 225 -9.35257
4 225 -9.35257
5 225 -9.35257
6 225 -9.35257
7 225 -9.35257
8 225 -9.35257
9 225 -9.35257
10 225 -9.35257
11 225 -9.35257
12 225 -9.35257
13 225 -9.35257
14 225 -9.35257
15 225 -9.35257
16 225 -9.35257
17 225 -9.35257
18 225 -9.35257
19 225 -9.35257
20 225 -9.35257
21 225 -9.35257
22 225 -9.35257
23 225 -9.35257
24 225 -9.35257
25 225 -9.35257
26 225 -9.35257
27 225 -9.35257
28 225 -9.35257
29 225 -9.35257
30 225 -9.35257
31 225 -9.35257
32 225 -9.35257
33 225 -9.35257
34 225 -9.35257
35 225 -9.35257
36 225 -9.35257
37 225 -9.35257
38 225 -9.35257
39 225 -9.35257
40 225 -9.35257
41 225 -9.35257
42 225 -9.35257
43 225 -9.35257
44 225 -9.35257
45 225 -9.35257
46 225 -9.35257
47 225 -9.35257
48 225 -9.35257
49 225 -9.35257
50 225 -9.35257
51 225 -9.35257
52 225 -9.35257
53 225 -9.35257
54 225 -9.35257
55 225 -9.35257
56 225 -9.35257
57 225 -9.35257
58 225 -9.35257
59 225 -9.35257
60 225 -9.35257
61 225 -9.35257
62 225 -9.35257
63 225 -9.35257
64 225 -9.35257
65 225 -9.35257
66 225 -9.35257
67 225 -9.35257
68 225 -9.35257
69 225 -9.35257
70 225 -9.35257
71 225 -9.35257
72 225 -9.35257
73 225 -9.35257
74 225 -9.35257
75 225 -9.35257
76 225 -9.35257
77 225 -9.35257
78 225 -9.35257
79 225 -9.35257
80 225 -9.35257
81 225 -9.35257
82 225 -9.35257
83 225 -9.35257
84 225 -9.35257
85 225 -9.35257
86 225 -9.35257
87 225 -9.35257
88 225 -9.35257
89 225 -9.35257
90 225 -9.35257
91 225 -9.35257
92 225 -9.35257
93 225 -9.35257
94 225 -9.35257
95 225 -9.35257
96 225 -9.35257
97 225 -9.35257
98 225 -9.35257
99 225 -9.35257
100 225 -9.35257
101 225 -9.35257
102 225 -9.35257
103 225 -9.35257
104 225 -9.35257
105 225 -9.35257
106 225 -9.35257
107 225 -9.35257
108 225 -9.35257
109 225 -9.35257
110 225 -9.35257
111 225 -9.35257
112 225 -9.35257
113 225 -9.35257
114 225 -9.35257
115 225 -9.35257
116 225 -9.35257
117 225 -9.35257
118 225 -9.35257
119 225 -9.35257
120 225 -6.37317
121 225 -6.18517
122 225 -9.35257
123 225 -9.35257
124 225 -9.35257
125 225 -9.35257
126 225 -9.35257
127 225 -9.35257
128 225 -9.35257
129 225 -9.35257
130 225 -9.35257
131 225 -9.35257
132 225 -9.35257
133 225 -9.35257
134 225 -9.35257
135 225 -9.35257
136 225 -9.35257
137 225 -9.35257
138 225 -9.35257
139 225 -9.35257
140 225 -9.35257
141 225 -9.35257
142 225 -9.35257
143 225 -9.35257
144 225 -9.35257
145 225 -9.35257
146 225 -9.35257
147 225 -9.35257
148 225 -9.35257
149 225 -9.35257
150 225 -9.35257
151 225 -9.35257
152 225 -9.35257
153 225 -9.35257
154 225 -9.35257
155 225 -9.35257
156 225 -9.35257
157 225 -9.35257
158 225 -9.35257
159 225 -9.35257
160 225 -9.35257
161 225 -9.35257
162 225 -9.35257
163 225 -9.35257
164 225 -9.35257
165 225 -9.35257
166 225 -9.35257
167 225 -9.35257
168 225 -9.35257
169 225 -9.35257
170 225 -9.35257
171 225 -9.35257
172 225 -9.35257
173 225 -9.35257
174 225 -9.35257
175 225 -9.35257
176 225 -9.35257
177 225 -9.35257
178 225 -9.35257
179 225 -9.35257
180 225 -9.35257
181 225 -9.35257
182 225 -9.35257
183 225 -9.35257
184 225 -9.35257
185 225 -9.35257
186 225 -9.35257
187 225 -9.35257
188 225 -9.35257
189 225 -9.35257
190 225 -9.35257
191 225 -9.35257
192 225 -9.35257
193 225 -9.35257
194 225 -9.35257
195 225 -9.35257
196 225 -9.35257
197 225 -9.35257
198 225 -9.35257
199 225 -9.35257
200 225 -9.35257
201 225 -9.35257
202 225 -9.35257
203 225 -9.35257
204 225 -9.35257
205 225 -9.35257
206 225 -9.35257
207 225 -9.35257
208 225 -9.35257
209 225 -9.35257
210 225 -9.35257
211 225 -9.35257
212 225 -9.35257
213 225 -9.35257
214 225 -9.35257
215 225 -9.35257
216 225 -9.35257
217 225 -9.35257
218 225 -9.35257
219 225 -9.35257
220 225 -9.35257
221 225 -9.35257
222 225 -9.35257
223 225 -9.35257
224 225 -9.35257
225 225 -9.35257
226 225 -9.35257
227 225 -9.35257
228 225 -9.35257
229 225 -9.35257
230 225 -9.35257
231 225 -9.35257
232 225 -9.35257
233 225 -9.35257
234 225 -9.35257
235 225 -9.35257
236 225 -9.35257
237 225 -9.35257
238 225 -9.35257
239 225 -9.35257
0 226 -9.35257
1 226 -9.35257
2 226 -9.35257
3 226 -9.35257
4 226 -9.35257
5 226 -9.35257
6 226 -9.35257
7 226 -9.35257
8 226 -9.35257
9 226 -9.35257
10 226 -9.35257
11 226 -9.35257
12 226 -9.35257
13 226 -9.35257
14 226 -9.35257
15 226 -9.35257
16 226 -9.35257
17 226 -9.35257
18 226 -9.35257
19 226 -9.35257
20 226 -9.35257
21 226 -9.35257
22 226 -9.35257
23 226 -9.35257
24 226 -9.35257
25 226 -9.35257
26 226 -9.35257
27 226 -9.35257
28 226 -9.35257
29 226 -9.35257
30 226 -9.35257
31 226 -9.35257
32 226 -9.35257
33 226 -9.35257
34 226 -9.35257
35 226 -9.35257
36 226 -9.35257
37 226 -9.35257
38 226 -9.35257
39 226 -9.35257
40 226 -9.35257
41 226 -9.35257
42 226 -9.35257
43 226 -9.35257
44 226 -9.35257
45 226 -9.35257
46 226 -9.35257
47 226 -9.35257
48 226 -9.35257
49 226 -9.35257
50 226 -9.35257
51 226 -9.35257
52 226 -9.35257
53 226 -9.35257
54 226 -9.35257
55 226 -9.35257
56 226 -9.35257
57 226 -9.35257
58 226 -9.35257
59 226 -9.35257
60 226 -9.35257
61 226 -9.35257
62 226 -9.35257
63 226 -9.35257
64 226 -9.35257
65 226 -9.35257
66 226 -9.35257
67 226 -9.35257
68 226 -9.35257
69 226 -9.35257
70 226 -9.35257
71 226 -9.35257
72 226 -9.35257
73 226 -9.35257
74 226 -9.35257
75 226 -9.35257
76 226 -9.35257
77 226 -9.35257
78 226 -9.35257
79 226 -9.35257
80 226 -9.35257
81 226 -9.35257
82 226 -9.35257
83 226 -9.35257
84 226 -9.35257
85 226 -9.35257
86 226 -9.35257
87 226 -9.35257
88 226 -9.35257
89 226 -9.35257
90 226 -9.35257
91 226 -9.35257
92 226 -9.35257
93 226 -9.35257
94 226 -9.35257
95 226 -9.35257
96 226 -9.35257
97 226 -9.35257
98 226 -9.35257
99 226 -9.35257
100 226 -9.35257
101 226 -9.35257
102 226 -9.35257
103 226 -9.35257
104 226 -9.35257
105 226 -9.35257
106 226 -9.35257
107 226 -9.35257
108 226 -9.35257
109 226 -9.35257
110 226 -9.35257
111 226 -9.35257
112 226 -9.35257
113 226 -9.35257
114 226 -9.35257
115 226 -9.35257
116 226 -9.35257
117 226 -9.35257
118 226 -9.35257
119 226 -9.35257
120 226 -9.35257
121 226 -9.35257
122 226 -9.35257
123 226 -9.35257
124 226 -9.35257
125 226 -9.35257
126 226 -9.35257
127 226 -9.35257
128 226 -9.35257
129 226 -9.35257
130 226 -9.35257
131 226 -9.35257
132 226 -9.35257
133 226 -9.35257
134 226 -9.35257
135 226 -9.35257
136 226 -9.35257
137 226 -9.35257
138 226 -9.35257
139 226 -9.35257
140 226 -9.35257
141 226 -9.35257
142 226 -9.35257
143 226 -9.35257
144 226 -9.35257
145 226 -9.35257
146 226 -9.35257
147 226 -9.35257
148 226 -9.35257
149 226 -9.35257
150 226 -9.35257
151 226 -9.35257
152 226 -9.35257
153 226 -9.35257
154 226 -9.35257
155 226 -9.35257
156 226 -9.35257
157 226 -9.35257
158 226 -9.35257
159 226 -9.35257
160 226 -9.35257
161 226 -9.35257
162 226 -9.35257
163 226 -9.35257
164 226 -9.35257
165 226 -9.35257
166 226 -9.35257
167 226 -9.35257
168 226 -9.35257
169 226 -9.35257
170 226 -9.35257
171 226 -9.35257
172 226 -9.35257
173 226 -9.35257
174 226 -9.35257
175 226 -9.35257
176 226 -9.35257
177 226 -9.35257
178 226 -9.35257
179 226 -9.35257
180 226 -9.35257
181 226 -9.35257
182 226 -9.35257
183 226 -9.35257
184 226 -9.35257
185 226 -9.35257
186 226 -9.35257
187 226 -9.35257
188 226 -9.35257
189 226 -9.35257
190 226 -9.35257
191 226 -9.35257
192 226 -9.35257
193 226 -9.35257
194 226 -9.35257
195 226 -9.35257
196 226 -9.35257
197 226 -9.35257
198 226 -9.35257
199 226 -9.35257
200 226 -9.35257
201 226 -9.35257
202 226 -9.35257
203 226 -9.35257
204 226 -9.35257
205 226 -9.35257
206 226 -9.35257
207 226 -9.35257
208 226 -9.35257
209 226 -9.35257
210 226 -9.35257
211 226 -9.35257
212 226 -9.35257
213 226 -9.35257
214 226 -9.35257
215 226 -9.35257
216 226 -9.35257
217 226 -9.35257
218 226 -9.35257
219 226 -9.35257
220 226 -9.35257
221 226 -9.35257
222 226 -9.35257
223 226 -9.35257
224 226 -9.35257
225 226 -9.35257
226 226 -9.35257
227 226 -9.35257
228 226 -9.35257
229 226 -9.35257
230 226 -9.35257
231 226 -9.35257
232 226 -9.35257
233 226 -9.35257
234 226 -9.35257
235 226 -9.35257
236 226 -9.35257
237 226 -9.35257
238 226 -9.35257
239 226 -9.35257
0 227 -9.35257
1 227 -9.35257
2 227 -9.35257
3 227 -9.35257
4 227 -9.35257
5 227 -9.35257
6 227 -9.35257
7 227 -9.35257
8 227 -9.35257
9 227 -9.35257
10 227 -9.35257
11 227 -9.35257
12 227 -9.35257
13 227 -9.35257
14 227 -9.35257
15 227 -9.35257
16 227 -9.35257
17 227 -9.35257
18 227 -9.35257
19 227 -9.35257
20 227 -9.35257
21 227 -9.35257
22 227 -9.35257
23 227 -9.35257
24 227 -9.35257
25 227 -9.35257
26 227 -9.35257
27 227 -9.35257
28 227 -9.35257
29 227 -9.35257
30 227 -9.35257
31 227 -9.35257
32 227 -9.35257
33 227 -9.35257
34 227 -9.35257
35 227 -9.35257
36 227 -9.35257
37 227 -9.35257
38 227 -9.35257
39 227 -9.35257
40 227 -9.35257
41 227 -9.35257
42 227 -9.35257
43 227 -9.35257
44 227 -9.35257
45 227 -9.35257
46 227 -9.35257
47 227 -9.35257
48 227 -9.35257
49 227 -9.35257
50 227 -9.35257
51 227 -9.35257
52 227 -9.35257
53 227 -9.35257
54 227 -9.35257
55 227 -9.35257
56 227 -9.35257
57 227 -9.35257
58 227 -9.35257
59 227 -9.35257
60 227 -9.35257
61 227 -9.35257
62 227 -9.35257
63 227 -9.35257
64 227 -9.35257
65 227 -9.35257
66 227 -9.35257
67 227 -9.35257
68 227 -9.35257
69 227 -9.35257
70 227 -9.35257
71 227 -9.35257
72 227 -9.35257
73 227 -9.35257
74 227 -9.35257
75 227 -9.35257
76 227 -9.35257
77 227 -9.35257
78 227 -9.35257
79 227 -9.35257
80 227 -9.35257
81 227 -9.35257
82 227 -9.35257
83 227 -9.35257
84 227 -9.35257
85 227 -9.35257
86 227 -9.35257
87 227 -9.35257
88 227 -9.35257
89 227 -9.35257
90 227 -9.35257
91 227 -9.35257
92 227 -9.35257
93 227 -9.35257
94 227 -9.35257
95 227 -9.35257
96 227 -9.35257
97 227 -9.35257
98 227 -9.35257
99 227 -9.35257
100 227 -9.35257
101 227 -9.35257
102 227 -9.35257
103 227 -9.35257
104 227 -9.35257
105 227 -9.35257
106 227 -9.35257
107 227 -9.35257
108 227 -9.35257
109 227 -9.35257
110 227 -9.35257
111 227 -9.35257
112 227 -9.35257
113 227 -9.35257
114 227 -9.35257
115 227 -9.35257
116 227 -9.35257
117 227 -9.35257
118 227 -9.35257
119 227 -9.35257
120 227 -9.35257
121 227 -9.35257
122 227 -9.35257
123 227 -9.35257
124 227 -9.35257
125 227 -9.35257
126 227 -9.35257
127 227 -9.35257
128 227 -9.35257
129 227 -9.35257
130 227 -9.35257
131 227 -9.35257
132 227 -9.35257
133 227 -9.35257
134 227 -9.35257
135 227 -9.35257
136 227 -9.35257
137 227 -9.35257
138 227 -9.35257
139 227 -9.35257
140 227 -9.35257
141 227 -9.35257
142 227 -9.35257
143 227 -9.35257
144 227 -9.35257
145 227 -9.35257
146 227 -9.35257
147 227 -9.35257
148 227 -9.35257
149 227 -9.35257
150 227 -9.35257
151 227 -9.35257
152 227 -9.35257
153 227 -9.35257
154 227 -9.35257
155 227 -9.35257
156 227 -9.35257
157 227 -9.35257
158 227 -9.35257
159 227 -9.35257
160 227 -9.35257
161 227 -9.35257
162 227 -9.35257
163 227 -9.35257
164 227 -9.35257
165 227 -9.35257
166 227 -9.35257
167 227 -9.35257
168 227 -9.35257
169 227 -9.35257
170 227 -9.35257
171 227 -9.35257
172 227 -9.35257
173 227 -9.35257
174 227 -9.35257
175 227 -9.35257
176 227 -9.35257
177 227 -9.35257
178 227 -9.35257
179 227 -9.35257
180 227 -9.35257
181 227 -9.35257
182 227 -9.35257
183 227 -9.35257
184 227 -9.35257
185 227 -9.35257
186 227 -9.35257
187 227 -9.35257
188 227 -9.35257
189 227 -9.35257
190 227 -9.35257
191 227 -9.35257
192 227 -9.35257
193 227 -9.35257
194 227 -9.35257
195 227 -9.35257
196 227 -9.35257
197 227 -9.35257
198 227 -9.35257
199 227 -9.35257
200 227 -9.35257
201 227 -9.35257
202 227 -9.35257
203 227 -9.35257
204 227 -9.35257
205 227 -9.35257
206 227 -9.35257
207 227 -9.35257
208 227 -9.35257
209 227 -9.35257
210 227 -9.35257
211 227 -9.35257
212 227 -9.35257
213 227 -9.35257
214 227 -9.35257
215 227 -9.35257
216 227 -9.35257
217 227 -9.35257
218 227 -9.35257
219 227 -9.35257
220 227 -9.35257
221 227 -9.35257
222 227 -9.35257
223 227 -9.35257
224 227 -9.35257
225 227 -9.35257
226 227 -9.35257
227 227 -9.35257
228 227 -9.35257
229 227 -9.35257
230 227 -9.35257
231 227 -9.35257
232 227 -9.35257
233 227 -9.35257
234 227 -9.35257
235 227 -9.35257
236 227 -9.35257
237 227 -9.35257
238 227 -9.35257
239 227 -9.35257
0 228 -9.35257
1 228 -9.35257
2 228 -9.35257
3 228 -9.35257
4 228 -9.35257
5 228 -9.35257
6 228 -9.35257
7 228 -9.35257
8 228 -9.35257
9 228 -9.35257
10 228 -9.35257
11 228 -9.35257
12 228 -9.35257
13 228 -9.35257
14 228 -9.35257
15 228 -9.35257
16 228 -9.35257
17 228 -9.35257
18 228 -9.35257
19 228 -9.35257
20 228 -9.35257
21 228 -9.35257
22 228 -9.35257
23 228 -9.35257
24 228 -9.35257
25 228 -9.35257
26 228 -9.35257
27 228 -9.35257
28 228 -9.35257
29 228 -9.35257
30 228 -9.35257
31 228 -9.35257
32 228 -9.35257
33 228 -9.35257
34 228 -9.35257
35 228 -9.35257
36 228 -9.35257
37 228 -9.35257
38 228 -9.35257
39 228 -9.35257
40 228 -9.35257
41 228 -9.35257
42 228 -9.35257
43 228 -9.35257
44 228 -9.35257
45 228 -9.35257
46 228 -9.35257
47 228 -9.35257
48 228 -9.35257
49 228 -9.35257
50 228 -9.35257
51 228 -9.35257
52 228 -9.35257
53 228 -9.35257
54 228 -9.35257
55 228 -9.35257
56 228 -9.35257
57 228 -9.35257
58 228 -9.35257
59 228 -9.35257
60 228 -9.35257
61 228 -9.35257
62 228 -9.35257
63 228 -9.35257
64 228 -9.35257
65 228 -9.35257
66 228 -9.35257
67 228 -9.35257
68 228 -9.35257
69 228 -9.35257
70 228 -9.35257
71 228 -9.35257
72 228 -9.35257
73 228 -9.35257
74 228 -9.35257
75 228 -9.35257
76 228 -9.35257
77 228 -9.35257
78 228 -9.35257
79 228 -9.35257
80 228 -9.35257
81 228 -9.35257
82 228 -9.35257
83 228 -9.35257
84 228 -9.35257
85 228 -9.35257
86 228 -9.35257
87 228 -9.35257
88 228 -9.35257
89 228 -9.35257
90 228 -9.35257
91 228 -9.35257
92 228 -9.35257
93 228 -9.35257
94 228 -9.35257
95 228 -9.35257
96 228 -9.35257
97 228 -9.35257
98 228 -9.35257
99 228 -9.35257
100 228 -9.35257
101 228 -9.35257
102 228 -9.35257
103 228 -9.35257
104 228 -9.35257
105 228 -9.35257
106 228 -9.35257
107 228 -9.35257
108 228 -9.35257
109 228 -9.35257
110 228 -9.35257
111 228 -9.35257
112 228 -9.35257
113 228 -9.35257
114 228 -9.35257
115 228 -9.35257
116 228 -9.35257
117 228 -9.35257
118 228 -9.35257
119 228 -9.35257
120 228 -9.35257
121 228 -9.35257
122 228 -9.35257
123 228 -9.35257
124 228 -9.35257
125 228 -9.35257
126 228 -9.35257
127 228 -9.35257
128 228 -9.35257
129 228 -9.35257
130 228 -9.35257
131 228 -9.35257
132 228 -9.35257
133 228 -9.35257
134 228 -9.35257
135 228 -9.35257
136 228 -9.35257
137 228 -9.35257
138 228 -9.35257
139 228 -9.35257
140 228 -9.35257
141 228 -9.35257
142 228 -9.35257
143 228 -9.35257
144 228 -9.35257
145 228 -9.35257
146 228 -9.35257
147 228 -9.35257
148 228 -9.35257
149 228 -9.35257
150 228 -9.35257
151 228 -9.35257
152 228 -9.35257
153 228 -9.35257
154 228 -9.35257
155 228 -9.35257
156 228 -9.35257
157 228 -9.35257
158 228 -9.35257
159 228 -9.35257
160 228 -9.35257
161 228 -9.35257
162 228 -9.35257
163 228 -9.35257
164 228 -9.35257
165 228 -9.35257
166 228 -9.35257
167 228 -9.35257
168 228 -9.35257
169 228 -9.35257
170 228 -9.35257
171 228 -9.35257
172 228 -9.35257
173 228 -9.35257
174 228 -9.35257
175 228 -9.35257
176 228 -9.35257
177 228 -9.35257
178 228 -9.35257
179 228 -9.35257
180 228 -9.35257
181 228 -9.35257
182 228 -9.35257
183 228 -9.35257
184 228 -9.35257
185 228 -9.35257
186 228 -9.35257
187 228 -9.35257
188 228 -9.35257
189 228 -9.35257
190 228 -9.35257
191 228 -9.35257
192 228 -9.35257
193 228 -9.35257
194 228 -9.35257
195 228 -9.35257
196 228 -9.35257
197 228 -9.35257
198 228 -9.35257
199 228 -9.35257
200 228 -9.35257
201 228 -9.35257
202 228 -9.35257
203 228 -9.35257
204 228 -9.35257
205 228 -9.35257
206 228 -9.35257
207 228 -9.35257
208 228 -9.35257
209 228 -9.35257
210 228 -9.35257
211 228 -9.35257
212 228 -9.35257
213 228 -9.35257
214 228 -9.35257
215 228 -9.35257
216 228 -9.35257
217 228 -9.35257
218 228 -9.35257
219 228 -9.35257
220 228 -9.35257
221 228 -9.35257
222 228 -9.35257
223 228 -9.35257
224 228 -9.35257
225 228 -9.35257
226 228 -9.35257
227 228 -9.35257
228 228 -9.35257
229 228 -9.35257
230 228 -9.35257
231 228 -9.35257
232 228 -9.35257
233 228 -9.35257
234 228 -9.35257
235 228 -9.35257
236 228 -9.35257
237 228 -9.35257
238 228 -9.35257
239 228 -9.35257
0 229 -9.35257
1 229 -9.35257
2 229 -9.35257
3 229 -9.35257
4 229 -9.35257
5 229 -9.35257
6 229 -9.35257
7 229 -9.35257
8 229 -9.35257
9 229 -9.35257
10 229 -9.35257
11 229 -9.35257
12 229 -9.35257
13 229 -9.35257
14 229 -9.35257
15 229 -9.35257
16 229 -9.35257
17 229 -9.35257
18 229 -9.35257
19 229 -9.35257
20 229 -9.35257
21 229 -9.35257
22 229 -9.35257
23 229 -9.35257
24 229 -9.35257
25 229 -9.35257
26 229 -9.35257
27 229 -9.35257
28 229 -9.35257
29 229 -9.35257
30 229 -9.35257
31 229 -9.35257
32 229 -9.35257
33 229 -9.35257
34 229 -9.35257
35 229 -9.35257
36 229 -9.35257
37 229 -9.35257
38 229 -9.35257
39 229 -9.35257
40 229 -9.35257
41 229 -9.35257
42 229 -9.35257
43 229 -9.35257
44 229 -9.35257
45 229 -9.35257
46 229 -9.35257
47 229 -9.35257
48 229 -9.35257
49 229 -9.35257
50 229 -9.35257
51 229 -9.35257
52 229 -9.35257
53 229 -9.35257
54 229 -9.35257
55 229 -9.35257
56 229 -9.35257
57 229 -9.35257
58 229 -9.35257
59 229 -9.35257
60 229 -9.35257
61 229 -9.35257
62 229 -9.35257
63 229 -9.35257
64 229 -9.35257
65 229 -9.35257
66 229 -9.35257
67 229 -9.35257
68 229 -9.35257
69 229 -9.35257
70 229 -9.35257
71 229 -9.35257
72 229 -9.35257
73 229 -9.35257
74 229 -9.35257
75 229 -9.35257
76 229 -9.35257
77 229 -9.35257
78 229 -9.35257
79 229 -9.35257
80 229 -9.35257
81 229 -9.35257
82 229 -9.35257
83 229 -9.35257
84 229 -9.35257
85 229 -9.35257
86 229 -9.35257
87 229 -9.35257
88 229 -9.35257
89 229 -9.35257
90 229 -9.35257
91 229 -9.35257
92 229 -9.35257
93 229 -9.35257
94 229 -9.35257
95 229 -9.35257
96 229 -9.35257
97 229 -9.35257
98 229 -9.35257
99 229 -9.35257
100 229 -9.35257
101 229 -9.35257
102 229 -9.35257
103 229 -9.35257
104 229 -9.35257
105 229 -9.35257
106 229 -9.35257
107 229 -9.35257
108 229 -9.35257
109 229 -9.35257
110 229 -9.35257
111 229 -9.35257
112 229 -9.35257
113 229 -9.35257
114 229 -9.35257
115 229 -9.35257
116 229 -9.35257
117 229 -9.35257
118 229 -9.35257
119 229 -9.35257
120 229 -9.35257
121 229 -9.35257
122 229 -9.35257
123 229 -9.35257
124 229 -9.35257
125 229 -9.35257
126 229 -9.35257
127 229 -9.35257
128 229 -9.35257
129 229 -9.35257
130 229 -9.35257
131 229 -9.35257
132 229 -9.35257
133 229 -9.35257
134 229 -9.35257
135 229 -9.35257
136 229 -9.35257
137 229 -9.35257
138 229 -9.35257
139 229 -9.35257
140 229 -9.35257
141 229 -9.35257
142 229 -9.35257
143 229 -9.35257
144 229 -9.35257
145 229 -9.35257
146 229 -9.35257
147 229 -9.35257
148 229 -9.35257
149 229 -9.35257
150 229 -9.35257
151 229 -9.35257
152 229 -9.35257
153 229 -9.35257
154 229 -9.35257
155 229 -9.35257
156 229 -9.35257
157 229 -9.35257
158 229 -9.35257
159 229 -9.35257
160 229 -9.35257
161 229 -9.35257
162 229 -9.35257
163 229 -9.35257
164 229 -9.35257
165 229 -9.35257
166 229 -9.35257
167 229 -9.35257
168 229 -9.35257
169 229 -9.35257
170 229 -9.35257
171 229 -9.35257
172 229 -9.35257
173 229 -9.35257
174 229 -9.35257
175 229 -9.35257
176 229 -9.35257
177 229 -9.35257
178 229 -9.35257
179 229 -9.35257
180 229 -9.35257
181 229 -9.35257
182 229 -9.35257
183 229 -9.35257
184 229 -9.35257
185 229 -9.35257
186 229 -9.35257
187 229 -9.35257
188 229 -9.35257
189 229 -9.35257
190 229 -9.35257
191 229 -9.35257
192 229 -9.35257
193 229 -9.35257
194 229 -9.35257
195 229 -9.35257
196 229 -9.35257
197 229 -9.35257
198 229 -9.35257
199 229 -9.35257
200 229 -9.35257
201 229 -9.35257
202 229 -9.35257
203 229 -9.35257
204 229 -9.35257
205 229 -9.35257
206 229 -9.35257
207 229 -9.35257
208 229 -9.35257
209 229 -9.35257
210 229 -9.35257
211 229 -9.35257
212 229 -9.35257
213 229 -9.35257
214 229 -9.35257
215 229 -9.35257
216 229 -9.35257
217 229 -9.35257
218 229 -9.35257
219 229 -9.35257
220 229 -9.35257
221 229 -9.35257
222 229 -9.35257
223 229 -9.35257
224 229 -9.35257
225 229 -9.35257
226 229 -9.35257
227 229 -9.35257
228 229 -9.35257
229 229 -9.35257
230 229 -9.35257
231 229 -9.35257
232 229 -9.35257
233 229 -9.35257
234 229 -9.35257
235 229 -9.35257
236 229 -9.35257
237 229 -9.35257
238 229 -9.35257
239 229 -9.35257
0 230 -9.35257
1 230 -9.35257
2 230 -9.35257
3 230 -9.35257
4 230 -9.35257
5 230 -9.35257
6 230 -9.35257
7 230 -9.35257
8 230 -9.35257
9 230 -9.35257
10 230 -9.35257
11 230 -9.35257
12 230 -9.35257
13 230 -9.35257
14 230 -9.35257
15 230 -9.35257
16 230 -9.35257
17 230 -9.35257
18 230 -9.35257
19 230 -9.35257
20 230 -9.35257
21 230 -9.35257
22 230 -9.35257
23 230 -9.35257
24 230 -9.35257
25 230 -9.35257
26 230 -9.35257
27 230 -9.35257
28 230 -9.35257
29 230 -9.35257
30 230 -9.35257
31 230 -9.35257
32 230 -9.35257
33 230 -9.35257
34 230 -9.35257
35 230 -9.35257
36 230 -9.35257
37 230 -9.35257
38 230 -9.35257
39 230 -9.35257
40 230 -9.35257
41 230 -9.35257
42 230 -9.35257
43 230 -9.35257
44 230 -9.35257
45 230 -9.35257
46 230 -9.35257
47 230 -9.35257
48 230 -9.35257
49 230 -9.35257
50 230 -9.35257
51 230 -9.35257
52 230 -9.35257
53 230 -9.35257
54 230 -9.35257
55 230 -9.35257
56 230 -9.35257
57 230 -9.35257
58 230 -9.35257
59 230 -9.35257
60 230 -9.35257
61 230 -9.35257
62 230 -9.35257
63 230 -9.35257
64 230 -9.35257
65 230 -9.35257
66 230 -9.35257
67 230 -9.35257
68 230 -9.35257
69 230 -9.35257
70 230 -9.35257
71 230 -9.35257
72 230 -9.35257
73 230 -9.35257
74 230 -9.35257
75 230 -9.35257
76 230 -9.35257
77 230 -9.35257
78 230 -9.35257
79 230 -9.35257
80 230 -9.35257
81 230 -9.35257
82 230 -9.35257
83 230 -9.35257
84 230 -9.35257
85 230 -9.35257
86 230 -9.35257
87 230 -9.35257
88 230 -9.35257
89 230 -9.35257
90 230 -9.35257
91 230 -9.35257
92 230 -9.35257
93 230 -9.35257
94 230 -9.35257
95 230 -9.35257
96 230 -9.35257
97 230 -9.35257
98 230 -9.35257
99 230 -9.35257
100 230 -9.35257
101 230 -9.35257
102 230 -9.35257
103 230 -9.35257
104 230 -9.35257
105 230 -9.35257
106 230 -9.35257
107 230 -9.35257
108 230 -9.35257
109 230 -9.35257
110 230 -9.35257
111 230 -9.35257
112 230 -9.35257
113 230 -9.35257
114 230 -9.35257
115 230 -9.35257
116 230 -9.35257
117 230 -9.35257
118 230 -9.35257
119 230 -9.35257
120 230 -9.35257
121 230 -9.35257
122 230 -9.35257
123 230 -9.35257
124 230 -9.35257
125 230 -9.35257
126 230 -9.35257
127 230 -9.35257
128 230 -9.35257
129 230 -9.35257
130 230 -9.35257
131 230 -9.35257
132 230 -9.35257
133 230 -9.35257
134 230 -9.35257
135 230 -9.35257
136 230 -9.35257
137 230 -9.35257
138 230 -9.35257
139 230 -9.35257
140 230 -9.35257
141 230 -9.35257
142 230 -9.35257
143 230 -9.35257
144 230 -9.35257
145 230 -9.35257
146 230 -9.35257
147 230 -9.35257
148 230 -9.35257
149 230 -9.35257
150 230 -9.35257
151 230 -9.35257
152 230 -9.35257
153 230 -9.35257
154 230 -9.35257
155 230 -9.35257
156 230 -9.35257
157 230 -9.35257
158 230 -9.35257
159 230 -9.35257
160 230 -9.35257
161 230 -9.35257
162 230 -9.35257
163 230 -9.35257
164 230 -9.35257
165 230 -9.35257
166 230 -9.35257
167 230 -9.35257
168 230 -9.35257
169 230 -9.35257
170 230 -9.35257
171 230 -9.35257
172 230 -9.35257
173 230 -9.35257
174 230 -9.35257
175 230 -9.35257
176 230 -9.35257
177 230 -9.35257
178 230 -9.35257
179 230 -9.35257
180 230 -9.35257
181 230 -9.35257
182 230 -9.35257
183 230 -9.35257
184 230 -9.35257
185 230 -9.35257
186 230 -9.35257
187 230 -9.35257
188 230 -9.35257
189 230 -9.35257
190 230 -9.35257
191 230 -9.35257
192 230 -9.35257
193 230 -9.35257
194 230 -9.35257
195 230 -9.35257
196 230 -9.35257
197 230 -9.35257
198 230 -9.35257
199 230 -9.35257
200 230 -9.35257
201 230 -9.35257
202 230 -9.35257
203 230 -9.35257
204 230 -9.35257
205 230 -9.35257
206 230 -9.35257
207 230 -9.35257
208 230 -9.35257
209 230 -9.35257
210 230 -9.35257
211 230 -9.35257
212 230 -9.35257
213 230 -9.35257
214 230 -9.35257
215 230 -9.35257
216 230 -9.35257
217 230 -9.35257
218 230 -9.35257
219 230 -9.35257
220 230 -9.35257
221 230 -9.35257
222 230 -9.35257
223 230 -9.35257
224 230 -9.35257
225 230 -9.35257
226 230 -9.35257
227 230 -9.35257
228 230 -9.35257
229 230 -9.35257
230 230 -9.35257
231 230 -9.35257
232 230 -9.35257
233 230 -9.35257
234 230 -9.35257
235 230 -9.35257
236 230 -9.35257
237 230 -9.35257
238 230 -9.35257
239 230 -9.35257
0 231 -9.35257
1 231 -9.35257
2 231 -9.35257
3 231 -9.35257
4 231 -9.35257
5 231 -9.35257
6 231 -9.35257
7 231 -9.35257
8 231 -9.35257
9 231 -9.35257
10 231 -9.35257
11 231 -9.35257
12 231 -9.35257
13 231 -9.35257
14 231 -9.35257
15 231 -9.35257
16 231 -9.35257
17 231 -9.35257
18 231 -9.35257
19 231 -9.35257
20 231 -9.35257
21 231 -9.35257
22 231 -9.35257
23 231 -9.35257
24 231 -9.35257
25 231 -9.35257
26 231 -9.35257
27 231 -9.35257
28 231 -9.35257
29 231 -9.35257
30 231 -9.35257
31 231 -9.35257
32 231 -9.35257
33 231 -9.35257
34 231 -9.35257
35 231 -9.35257
36 231 -9.35257
37 231 -9.35257
38 231 -9.35257
39 231 -9.35257
40 231 -9.35257
41 231 -9.35257
42 231 -9.35257
43 231 -9.35257
44 231 -9.35257
45 231 -9.35257
46 231 -9.35257
47 231 -9.35257
48 231 -9.35257
49 231 -9.35257
50 231 -9.35257
51 231 -9.35257
52 231 -9.35257
53 231 -9.35257
54 231 -9.35257
55 231 -9.35257
56 231 -9.35257
57 231 -9.35257
58 231 -9.35257
59 231 -9.35257
60 231 -9.35257
61 231 -9.35257
62 231 -9.35257
63 231 -9.35257
64 231 -9.35257
65 231 -9.35257
66 231 -9.35257
67 231 -9.35257
68 231 -9.35257
69 231 -9.35257
70 231 -9.35257
71 231 -9.35257
72 231 -9.35257
73 231 -9.35257
74 231 -9.35257
75 231 -9.35257
76 231 -9.35257
77 231 -9.35257
78 231 -9.35257
79 231 -9.35257
80 231 -9.35257
81 231 -9.35257
82 231 -9.35257
83 231 -9.35257
84 231 -9.35257
85 231 -9.35257
86 231 -9.35257
87 231 -9.35257
88 231 -9.35257
89 231 -9.35257
90 231 -9.35257
91 231 -9.35257
92 231 -9.35257
93 231 -9.35257
94 231 -9.35257
95 231 -9.35257
96 231 -9.35257
97 231 -9.35257
98 231 -9.35257
99 231 -9.35257
100 231 -9.35257
101 231 -9.35257
102 231 -9.35257
103 231 -9.35257
104 231 -9.35257
105 231 -9.35257
106 231 -9.35257
107 231 -9.35257
108 231 -9.35257
109 231 -9.35257
110 231 -9.35257
111 231 -9.35257
112 231 -9.35257
113 231 -9.35257
114 231 -9.35257
115 231 -9.35257
116 231 -9.35257
117 231 -9.35257
118 231 -9.35257
119 231 -9.35257
120 231 -9.35257
121 231 -9.35257
122 231 -9.35257
123 231 -9.35257
124 231 -9.35257
125 231 -9.35257
126 231 -9.35257
127 231 -9.35257
128 231 -9.35257
129 231 -9.35257
130 231 -9.35257
131 231 -9.35257
132 231 -9.35257
133 231 -9.35257
134 231 -9.35257
135 231 -9.35257
136 231 -9.35257
137 231 -9.35257
138 231 -9.35257
139 231 -9.35257
140 231 -9.35257
141 231 -9.35257
142 231 -9.35257
143 231 -9.35257
144 231 -9.35257
145 231 -9.35257
146 231 -9.35257
147 231 -9.35257
148 231 -9.35257
149 231 -9.35257
150 231 -9.35257
151 231 -9.35257
152 231 -9.35257
153 231 -9.35257
154 231 -9.35257
155 231 -9.35257
156 231 -9.35257
157 231 -9.35257
158 231 -9.35257
159 231 -9.35257
160 231 -9.35257
161 231 -9.35257
162 231 -9.35257
163 231 -9.35257
164 231 -9.35257
165 231 -9.35257
166 231 -9.35257
167 231 -9.35257
168 231 -9.35257
169 231 -9.35257
170 231 -9.35257
171 231 -9.35257
172 231 -9.35257
173 231 -9.35257
174 231 -9.35257
175 231 -9.35257
176 231 -9.35257
177 231 -9.35257
178 231 -9.35257
179 231 -9.35257
180 231 -9.35257
181 231 -9.35257
182 231 -9.35257
183 231 -9.35257
184 231 -9.35257
185 231 -9.35257
186 231 -9.35257
187 231 -9.35257
188 231 -9.35257
189 231 -9.35257
190 231 -9.35257
191 231 -9.35257
192 231 -9.35257
193 231 -9.35257
194 231 -9.35257
195 231 -9.35257
196 231 -9.35257
197 231 -9.35257
198 231 -9.35257
199 231 -9.35257
200 231 -9.35257
201 231 -9.35257
202 231 -9.35257
203 231 -9.35257
204 231 -9.35257
205 231 -9.35257
206 231 -9.35257
207 231 -9.35257
208 231 -9.35257
209 231 -9.35257
210 231 -9.35257
211 231 -9.35257
212 231 -9.35257
213 231 -9.35257
214 231 -9.35257
215 231 -9.35257
216 231 -9.35257
217 231 -9.35257
218 231 -9.35257
219 231 -9.35257
220 231 -9.35257
221 231 -9.35257
222 231 -9.35257
223 231 -9.35257
224 231 -9.35257
225 231 -9.35257
226 231 -9.35257
227 231 -9.35257
228 231 -9.35257
229 231 -9.35257
230 231 -9.35257
231 231 -9.35257
232 231 -9.35257
233 231 -9.35257
234 231 -9.35257
235 231 -9.35257
236 231 -9.35257
237 231 -9.35257
238 231 -9.35257
239 231 -9.35257
0 232 -9.35257
1 232 -9.35257
2 232 -9.35257
3 232 -9.35257
4 232 -9.35257
5 232 -9.35257
6 232 -9.35257
7 232 -9.35257
8 232 -9.35257
9 232 -9.35257
10 232 -9.35257
11 232 -9.35257
12 232 -9.35257
13 232 -9.35257
14 232 -9.35257
15 232 -9.35257
16 232 -9.35257
17 232 -9.35257
18 232 -9.35257
19 232 -9.35257
20 232 -9.35257
21 232 -9.35257
22 232 -9.35257
23 232 -9.35257
24 232 -9.35257
25 232 -9.35257
26 232 -9.35257
27 232 -9.35257
28 232 -9.35257
29 232 -9.35257
30 232 -9.35257
31 232 -9.35257
32 232 -9.35257
33 232 -9.35257
34 232 -9.35257
35 232 -9.35257
36 232 -9.35257
37 232 -9.35257
38 232 -9.35257
39 232 -9.35257
40 232 -9.35257
41 232 -9.35257
42 232 -9.35257
43 232 -9.35257
44 232 -9.35257
45 232 -9.35257
46 232 -9.35257
47 232 -9.35257
48 232 -9.35257
49 232 -9.35257
50 232 -9.35257
51 232 -9.35257
52 232 -9.35257
53 232 -9.35257
54 232 -9.35257
55 232 -9.35257
56 232 -9.35257
57 232 -9.35257
58 232 -9.35257
59 232 -9.35257
60 232 -9.35257
61 232 -9.35257
62 232 -9.35257
63 232 -9.35257
64 232 -9.35257
65 232 -9.35257
66 232 -9.35257
67 232 -9.35257
68 232 -9.35257
69 232 -9.35257
70 232 -9.35257
71 232 -9.35257
72 232 -9.35257
73 232 -9.35257
74 232 -9.35257
75 232 -9.35257
76 232 -9.35257
77 232 -9.35257
78 232 -9.35257
79 232 -9.35257
80 232 -9.35257
81 232 -9.35257
82 232 -9.35257
83 232 -9.35257
84 232 -9.35257
85 232 -9.35257
86 232 -9.35257
87 232 -9.35257
88 232 -9.35257
89 232 -9.35257
90 232 -9.35257
91 232 -9.35257
92 232 -9.35257
93 232 -9.35257
94 232 -9.35257
95 232 -9.35257
96 232 -9.35257
97 232 -9.35257
98 232 -9.35257
99 232 -9.35257
100 232 -9.35257
101 232 -9.35257
102 232 -9.35257
103 232 -9.35257
104 232 -9.35257
105 232 -9.35257
106 232 -9.35257
107 232 -9.35257
108 232 -9.35257
109 232 -9.35257
110 232 -9.35257
111 232 -9.35257
112 232 -9.35257
113 232 -9.35257
114 232 -9.35257
115 232 -9.35257
116 232 -9.35257
117 232 -9.35257
118 232 -9.35257
119 232 -9.35257
120 232 -9.35257
121 232 -9.35257
122 232 -9.35257
123 232 -9.35257
124 232 -9.35257
125 232 -9.35257
126 232 -9.35257
127 232 -9.35257
128 232 -9.35257
129 232 -9.35257
130 232 -9.35257
131 232 -9.35257
132 232 -9.35257
133 232 -9.35257
134 232 -9.35257
135 232 -9.35257
136 232 -9.35257
137 232 -9.35257
138 232 -9.35257
139 232 -9.35257
140 232 -9.35257
141 232 -9.35257
142 232 -9.35257
143 232 -9.35257
144 232 -9.35257
145 232 -9.35257
146 232 -9.35257
147 232 -9.35257
148 232 -9.35257
149 232 -9.35257
150 232 -9.35257
151 232 -9.35257
152 232 -9.35257
153 232 -9.35257
154 232 -9.35257
155 232 -9.35257
156 232 -9.35257
157 232 -9.35257
158 232 -9.35257
159 232 -9.35257
160 232 -9.35257
161 232 -9.35257
162 232 -9.35257
163 232 -9.35257
164 232 -9.35257
165 232 -9.35257
166 232 -9.35257
167 232 -9.35257
168 232 -9.35257
169 232 -9.35257
170 232 -9.35257
171 232 -9.35257
172 232 -9.35257
173 232 -9.35257
174 232 -9.35257
175 232 -9.35257
176 232 -9.35257
177 232 -9.35257
178 232 -9.35257
179 232 -9.35257
180 232 -9.35257
181 232 -9.35257
182 232 -9.35257
183 232 -9.35257
184 232 -9.35257
185 232 -9.35257
186 232 -9.35257
187 232 -9.35257
188 232 -9.35257
189 232 -9.35257
190 232 -9.35257
191 232 -9.35257
192 232 -9.35257
193 232 -9.35257
194 232 -9.35257
195 232 -9.35257
196 232 -9.35257
197 232 -9.35257
198 232 -9.35257
199 232 -9.35257
200 232 -9.35257
201 232 -9.35257
202 232 -9.35257
203 232 -9.35257
204 232 -9.35257
205 232 -9.35257
206 232 -9.35257
207 232 -9.35257
208 232 -9.35257
209 232 -9.35257
210 232 -9.35257
211 232 -9.35257
212 232 -9.35257
213 232 -9.35257
214 232 -9.35257
215 232 -9.35257
216 232 -9.35257
217 232 -9.35257
218 232 -9.35257
219 232 -9.35257
220 232 -9.35257
221 232 -9.35257
222 232 -9.35257
223 232 -9.35257
224 232 -9.35257
225 232 -9.35257
226 232 -9.35257
227 232 -9.35257
228 232 -9.35257
229 232 -9.35257
230 232 -9.35257
231 232 -9.35257
232 232 -9.35257
233 232 -9.35257
234 232 -9.35257
235 232 -9.35257
236 232 -9.35257
237 232 -9.35257
238 232 -9.35257
239 232 -9.35257
0 233 -9.35257
1 233 -9.35257
2 233 -9.35257
3 233 -9.35257
4 233 -9.35257
5 233 -9.35257
6 233 -9.35257
7 233 -9.35257
8 233 -9.35257
9 233 -9.35257
10 233 -9.35257
11 233 -9.35257
12 233 -9.35257
13 233 -9.35257
14 233 -9.35257
15 233 -9.35257
16 233 -9.35257
17 233 -9.35257
18 233 -9.35257
19 233 -9.35257
20 233 -9.35257
21 233 -9.35257
22 233 -9.35257
23 233 -9.35257
24 233 -9.35257
25 233 -9.35257
26 233 -9.35257
27 233 -9.35257
28 233 -9.35257
29 233 -9.35257
30 233 -9.35257
31 233 -9.35257
32 233 -9.35257
33 233 -9.35257
34 233 -9.35257
35 233 -9.35257
36 233 -9.35257
37 233 -9.35257
38 233 -9.35257
39 233 -9.35257
40 233 -9.35257
41 233 -9.35257
42 233 -9.35257
43 233 -9.35257
44 233 -9.35257
45 233 -9.35257
46 233 -9.35257
47 233 -9.35257
48 233 -9.35257
49 233 -9.35257
50 233 -9.35257
51 233 -9.35257
52 233 -9.35257
53 233 -9.35257
54 233 -9.35257
55 233 -9.35257
56 233 -9.35257
57 233 -9.35257
58 233 -9.35257
59 233 -9.35257
60 233 -9.35257
61 233 -9.35257
62 233 -9.35257
63 233 -9.35257
64 233 -9.35257
65 233 -9.35257
66 233 -9.35257
67 233 -9.35257
68 233 -9.35257
69 233 -9.35257
70 233 -9.35257
71 233 -9.35257
72 233 -9.35257
73 233 -9.35257
74 233 -9.35257
75 233 -9.35257
76 233 -9.35257
77 233 -9.35257
78 233 -9.35257
79 233 -9.35257
80 233 -9.35257
81 233 -9.35257
82 233 -9.35257
83 233 -9.35257
84 233 -9.35257
85 233 -9.35257
86 233 -9.35257
87 233 -9.35257
88 233 -9.35257
89 233 -9.35257
90 233 -9.35257
91 233 -9.35257
92 233 -9.35257
93 233 -9.35257
94 233 -9.35257
95 233 -9.35257
96 233 -9.35257
97 233 -9.35257
98 233 -9.35257
99 233 -9.35257
100 233 -9.35257
101 233 -9.35257
102 233 -9.35257
103 233 -9.35257
104 233 -9.35257
105 233 -9.35257
106 233 -9.35257
107 233 -9.35257
108 233 -9.35257
109 233 -9.35257
110 233 -9.35257
111 233 -9.35257
112 233 -9.35257
113 233 -9.35257
114 233 -9.35257
115 233 -9.35257
116 233 -9.35257
117 233 -9.35257
118 233 -9.35257
119 233 -9.35257
120 233 -9.35257
121 233 -9.35257
122 233 -9.35257
123 233 -9.35257
124 233 -9.35257
125 233 -9.35257
126 233 -9.35257
127 233 -9.35257
128 233 -9.35257
129 233 -9.35257
130 233 -9.35257
131 233 -9.35257
132 233 -9.35257
133 233 -9.35257
134 233 -9.35257
135 233 -9.35257
136 233 -9.35257
137 233 -9.35257
138 233 -9.35257
139 233 -9.35257
140 233 -9.35257
141 233 -9.35257
142 233 -9.35257
143 233 -9.35257
144 233 -9.35257
145 233 -9.35257
146 233 -9.35257
147 233 -9.35257
148 233 -9.35257
149 233 -9.35257
150 233 -9.35257
151 233 -9.35257
152 233 -9.35257
153 233 -9.35257
154 233 -9.35257
155 233 -9.35257
156 233 -9.35257
157 233 -9.35257
158 233 -9.35257
159 233 -9.35257
160 233 -9.35257
161 233 -9.35257
162 233 -9.35257
163 233 -9.35257
164 233 -9.35257
165 233 -9.35257
166 233 -9.35257
167 233 -9.35257
168 233 -9.35257
169 233 -9.35257
170 233 -9.35257
171 233 -9.35257
172 233 -9.35257
173 233 -9.35257
174 233 -9.35257
175 233 -9.35257
176 233 -9.35257
177 233 -9.35257
178 233 -9.35257
179 233 -9.35257
180 233 -9.35257
181 233 -9.35257
182 233 -9.35257
183 233 -9.35257
184 233 -9.35257
185 233 -9.35257
186 233 -9.35257
187 233 -9.35257
188 233 -9.35257
189 233 -9.35257
190 233 -9.35257
191 233 -9.35257
192 233 -9.35257
193 233 -9.35257
194 233 -9.35257
195 233 -9.35257
196 233 -9.35257
197 233 -9.35257
198 233 -9.35257
199 233 -9.35257
200 233 -9.35257
201 233 -9.35257
202 233 -9.35257
203 233 -9.35257
204 233 -9.35257
205 233 -9.35257
206 233 -9.35257
207 233 -9.35257
208 233 -9.35257
209 233 -9.35257
210 233 -9.35257
211 233 -9.35257
212 233 -9.35257
213 233 -9.35257
214 233 -9.35257
215 233 -9.35257
216 233 -9.35257
217 233 -9.35257
218 233 -9.35257
219 233 -9.35257
220 233 -9.35257
221 233 -9.35257
222 233 -9.35257
223 233 -9.35257
224 233 -9.35257
225 233 -9.35257
226 233 -9.35257
227 233 -9.35257
228 233 -9.35257
229 233 -9.35257
230 233 -9.35257
231 233 -9.35257
232 233 -9.35257
233 233 -9.35257
234 233 -9.35257
235 233 -9.35257
236 233 -9.35257
237 233 -9.35257
238 233 -9.35257
239 233 -9.35257
0 234 -9.35257
1 234 -9.35257
2 234 -9.35257
3 234 -9.35257
4 234 -9.35257
5 234 -9.35257
6 234 -9.35257
7 234 -9.35257
8 234 -9.35257
9 234 -9.35257
10 234 -9.35257
11 234 -9.35257
12 234 -9.35257
13 234 -9.35257
14 234 -9.35257
15 234 -9.35257
16 234 -9.35257
17 234 -9.35257
18 234 -9.35257
19 234 -9.35257
20 234 -9.35257
21 234 -9.35257
22 234 -9.35257
23 234 -9.35257
24 234 -9.35257
25 234 -9.35257
26 234 -9.35257
27 234 -9.35257
28 234 -9.35257
29 234 -9.35257
30 234 -9.35257
31 234 -9.35257
32 234 -9.35257
33 234 -9.35257
34 234 -9.35257
35 234 -9.35257
36 234 -9.35257
37 234 -9.35257
38 234 -9.35257
39 234 -9.35257
40 234 -9.35257
41 234 -9.35257
42 234 -9.35257
43 234 -9.35257
44 234 -9.35257
45 234 -9.35257
46 234 -9.35257
47 234 -9.35257
48 234 -9.35257
49 234 -9.35257
50 234 -9.35257
51 234 -9.35257
52 234 -9.35257
53 234 -9.35257
54 234 -9.35257
55 234 -9.35257
56 234 -9.35257
57 234 -9.35257
58 234 -9.35257
59 234 -9.35257
60 234 -9.35257
61 234 -9.35257
62 234 -9.35257
63 234 -9.35257
64 234 -9.35257
65 234 -9.35257
66 234 -9.35257
67 234 -9.35257
68 234 -9.35257
69 234 -9.35257
70 234 -9.35257
71 234 -9.35257
72 234 -9.35257
73 234 -9.35257
74 234 -9.35257
75 234 -9.35257
76 234 -9.35257
77 234 -9.35257
78 234 -9.35257
79 234 -9.35257
80 234 -9.35257
81 234 -9.35257
82 234 -9.35257
83 234 -9.35257
84 234 -9.35257
85 234 -9.35257
86 234 -9.35257
87 234 -9.35257
88 234 -9.35257
89 234 -9.35257
90 234 -9.35257
91 234 -9.35257
92 234 -9.35257
93 234 -9.35257
94 234 -9.35257
95 234 -9.35257
96 234 -9.35257
97 234 -9.35257
98 234 -9.35257
99 234 -9.35257
100 234 -9.35257
101 234 -9.35257
102 234 -9.35257
103 234 -9.35257
104 234 -9.35257
105 234 -9.35257
106 234 -9.35257
107 234 -9.35257
108 234 -9.35257
109 234 -9.35257
110 234 -9.35257
111 234 -9.35257
112 234 -9.35257
113 234 -9.35257
114 234 -9.35257
115 234 -9.35257
116 234 -9.35257
117 234 -9.35257
118 234 -9.35257
119 234 -9.35257
120 234 -9.35257
121 234 -9.35257
122 234 -9.35257
123 234 -9.35257
124 234 -9.35257
125 234 -9.35257
126 234 -9.35257
127 234 -9.35257
128 234 -9.35257
129 234 -9.35257
130 234 -9.35257
131 234 -9.35257
132 234 -9.35257
133 234 -9.35257
134 234 -9.35257
135 234 -9.35257
136 234 -9.35257
137 234 -9.35257
138 234 -9.35257
139 234 -9.35257
140 234 -9.35257
141 234 -9.35257
142 234 -9.35257
143 234 -9.35257
144 234 -9.35257
145 234 -9.35257
146 234 -9.35257
147 234 -9.35257
148 234 -9.35257
149 234 -9.35257
150 234 -9.35257
151 234 -9.35257
152 234 -9.35257
153 234 -9.35257
154 234 -9.35257
155 234 -9.35257
156 234 -9.35257
157 234 -9.35257
158 234 -9.35257
159 234 -9.35257
160 234 -9.35257
161 234 -9.35257
162 234 -9.35257
163 234 -9.35257
164 234 -9.35257
165 234 -9.35257
166 234 -9.35257
167 234 -9.35257
168 234 -9.35257
169 234 -9.35257
170 234 -9.35257
171 234 -9.35257
172 234 -9.35257
173 234 -9.35257
174 234 -9.35257
175 234 -9.35257
176 234 -9.35257
177 234 -9.35257
178 234 -9.35257
179 234 -9.35257
180 234 -9.35257
181 234 -9.35257
182 234 -9.35257
183 234 -9.35257
184 234 -9.35257
185 234 -9.35257
186 234 -9.35257
187 234 -9.35257
188 234 -9.35257
189 234 -9.35257
190 234 -9.35257
191 234 -9.35257
192 234 -9.35257
193 234 -9.35257
194 234 -9.35257
195 234 -9.35257
196 234 -9.35257
197 234 -9.35257
198 234 -9.35257
199 234 -9.35257
200 234 -9.35257
201 234 -9.35257
202 234 -9.35257
203 234 -9.35257
204 234 -9.35257
205 234 -9.35257
206 234 -9.35257
207 234 -9.35257
208 234 -9.35257
209 234 -9.35257
210 234 -9.35257
211 234 -9.35257
212 234 -9.35257
213 234 -9.35257
214 234 -9.35257
215 234 -9.35257
216 234 -9.35257
217 234 -9.35257
218 234 -9.35257
219 234 -9.35257
220 234 -9.35257
221 234 -9.35257
222 234 -9.35257
223 234 -9.35257
224 234 -9.35257
225 234 -9.35257
226 234 -9.35257
227 234 -9.35257
228 234 -9.35257
229 234 -9.35257
230 234 -9.35257
231 234 -9.35257
232 234 -9.35257
233 234 -9.35257
234 234 -9.35257
235 234 -9.35257
236 234 -9.35257
237 234 -9.35257
238 234 -9.35257
239 234 -9.35257
0 235 -9.35257
1 235 -9.35257
2 235 -9.35257
3 235 -9.35257
4 235 -9.35257
5 235 -9.35257
6 235 -9.35257
7 235 -9.35257
8 235 -9.35257
9 235 -9.35257
10 235 -9.35257
11 235 -9.35257
12 235 -9.35257
13 235 -9.35257
14 235 -9.35257
15 235 -9.35257
16 235 -9.35257
17 235 -9.35257
18 235 -9.35257
19 235 -9.35257
20 235 -9.35257
21 235 -9.35257
22 235 -9.35257
23 235 -9.35257
24 235 -9.35257
25 235 -9.35257
26 235 -9.35257
27 235 -9.35257
28 235 -9.35257
29 235 -9.35257
30 235 -9.35257
31 235 -9.35257
32 235 -9.35257
33 235 -9.35257
34 235 -9.35257
35 235 -9.35257
36 235 -9.35257
37 235 -9.35257
38 235 -9.35257
39 235 -9.35257
40 235 -9.35257
41 235 -9.35257
42 235 -9.35257
43 235 -9.35257
44 235 -9.35257
45 235 -9.35257
46 235 -9.35257
47 235 -9.35257
48 235 -9.35257
49 235 -9.35257
50 235 -9.35257
51 235 -9.35257
52 235 -9.35257
53 235 -9.35257
54 235 -9.35257
55 235 -9.35257
56 235 -9.35257
57 235 -9.35257
58 235 -9.35257
59 235 -9.35257
60 235 -9.35257
61 235 -9.35257
62 235 -9.35257
63 235 -9.35257
64 235 -9.35257
65 235 -9.35257
66 235 -9.35257
67 235 -9.35257
68 235 -9.35257
69 235 -9.35257
70 235 -9.35257
71 235 -9.35257
72 235 -9.35257
73 235 -9.35257
74 235 -9.35257
75 235 -9.35257
76 235 -9.35257
77 235 -9.35257
78 235 -9.35257
79 235 -9.35257
80 235 -9.35257
81 235 -9.35257
82 235 -9.35257
83 235 -9.35257
84 235 -9.35257
85 235 -9.35257
86 235 -9.35257
87 235 -9.35257
88 235 -9.35257
89 235 -9.35257
90 235 -9.35257
91 235 -9.35257
92 235 -9.35257
93 235 -9.35257
94 235 -9.35257
95 235 -9.35257
96 235 -9.35257
97 235 -9.35257
98 235 -9.35257
99 235 -9.35257
100 235 -9.35257
101 235 -9.35257
102 235 -9.35257
103 235 -9.35257
104 235 -9.35257
105 235 -9.35257
106 235 -9.35257
107 235 -9.35257
108 235 -9.35257
109 235 -9.35257
110 235 -9.35257
111 235 -9.35257
112 235 -9.35257
113 235 -9.35257
114 235 -9.35257
115 235 -9.35257
116 235 -9.35257
117 235 -9.35257
118 235 -9.35257
119 235 -9.35257
120 235 -9.35257
121 235 -9.35257
122 235 -9.35257
123 235 -9.35257
124 235 -9.35257
125 235 -9.35257
126 235 -9.35257
127 235 -9.35257
128 235 -9.35257
129 235 -9.35257
130 235 -9.35257
131 235 -9.35257
132 235 -9.35257
133 235 -9.35257
134 235 -9.35257
135 235 -9.35257
136 235 -9.35257
137 235 -9.35257
138 235 -9.35257
139 235 -9.35257
140 235 -9.35257
141 235 -9.35257
142 235 -9.35257
143 235 -9.35257
144 235 -9.35257
145 235 -9.35257
146 235 -9.35257
147 235 -9.35257
148 235 -9.35257
149 235 -9.35257
150 235 -9.35257
151 235 -9.35257
152 235 -9.35257
153 235 -9.35257
154 235 -9.35257
155 235 -9.35257
156 235 -9.35257
157 235 -9.35257
158 235 -9.35257
159 235 -9.35257
160 235 -9.35257
161 235 -9.35257
162 235 -9.35257
163 235 -9.35257
164 235 -9.35257
165 235 -9.35257
166 235 -9.35257
167 235 -9.35257
168 235 -9.35257
169 235 -9.35257
170 235 -9.35257
171 235 -9.35257
172 235 -9.35257
173 235 -9.35257
174 235 -9.35257
175 235 -9.35257
176 235 -9.35257
177 235 -9.35257
178 235 -9.35257
179 235 -9.35257
180 235 -9.35257
181 235 -9.35257
182 235 -9.35257
183 235 -9.35257
184 235 -9.35257
185 235 -9.35257
186 235 -9.35257
187 235 -9.35257
188 235 -9.35257
189 235 -9.35257
190 235 -9.35257
191 235 -9.35257
192 235 -9.35257
193 235 -9.35257
194 235 -9.35257
195 235 -9.35257
196 235 -9.35257
197 235 -9.35257
198 235 -9.35257
199 235 -9.35257
200 235 -9.35257
201 235 -9.35257
202 235 -9.35257
203 235 -9.35257
204 235 -9.35257
205 235 -9.35257
206 235 -9.35257
207 235 -9.35257
208 235 -9.35257
209 235 -9.35257
210 235 -9.35257
211 235 -9.35257
212 235 -9.35257
213 235 -9.35257
214 235 -9.35257
215 235 -9.35257
216 235 -9.35257
217 235 -9.35257
218 235 -9.35257
219 235 -9.35257
220 235 -9.35257
221 235 -9.35257
222 235 -9.35257
223 235 -9.35257
224 235 -9.35257
225 235 -9.35257
226 235 -9.35257
227 235 -9.35257
228 235 -9.35257
229 235 -9.35257
230 235 -9.35257
231 235 -9.35257
232 235 -9.35257
233 235 -9.35257
234 235 -9.35257
235 235 -9.35257
236 235 -9.35257
237 235 -9.35257
238 235 -9.35257
239 235 -9.35257
0 236 -9.35257
1 236 -9.35257
2 236 -9.35257
3 236 -9.35257
4 236 -9.35257
5 236 -9.35257
6 236 -9.35257
7 236 -9.35257
8 236 -9.35257
9 236 -9.35257
10 236 -9.35257
11 236 -9.35257
12 236 -9.35257
13 236 -9.35257
14 236 -9.35257
15 236 -9.35257
16 236 -9.35257
17 236 -9.35257
18 236 -9.35257
19 236 -9.35257
20 236 -9.35257
21 236 -9.35257
22 236 -9.35257
23 236 -9.35257
24 236 -9.35257
25 236 -9.35257
26 236 -9.35257
27 236 -9.35257
28 236 -9.35257
29 236 -9.35257
30 236 -9.35257
31 236 -9.35257
32 236 -9.35257
33 236 -9.35257
34 236 -9.35257
35 236 -9.35257
36 236 -9.35257
37 236 -9.35257
38 236 -9.35257
39 236 -9.35257
40 236 -9.35257
41 236 -9.35257
42 236 -9.35257
43 236 -9.35257
44 236 -9.35257
45 236 -9.35257
46 236 -9.35257
47 236 -9.35257
48 236 -9.35257
49 236 -9.35257
50 236 -9.35257
51 236 -9.35257
52 236 -9.35257
53 236 -9.35257
54 236 -9.35257
55 236 -9.35257
56 236 -9.35257
57 236 -9.35257
58 236 -9.35257
59 236 -9.35257
60 236 -9.35257
61 236 -9.35257
62 236 -9.35257
63 236 -9.35257
64 236 -9.35257
65 236 -9.35257
66 236 -9.35257
67 236 -9.35257
68 236 -9.35257
69 236 -9.35257
70 236 -9.35257
71 236 -9.35257
72 236 -9.35257
73 236 -9.35257
74 236 -9.35257
75 236 -9.35257
76 236 -9.35257
77 236 -9.35257
78 236 -9.35257
79 236 -9.35257
80 236 -9.35257
81 236 -9.35257
82 236 -9.35257
83 236 -9.35257
84 236 -9.35257
85 236 -9.35257
86 236 -9.35257
87 236 -9.35257
88 236 -9.35257
89 236 -9.35257
90 236 -9.35257
91 236 -9.35257
92 236 -9.35257
93 236 -9.35257
94 236 -9.35257
95 236 -9.35257
96 236 -9.35257
97 236 -9.35257
98 236 -9.35257
99 236 -9.35257
100 236 -9.35257
101 236 -9.35257
102 236 -9.35257
103 236 -9.35257
104 236 -9.35257
105 236 -9.35257
106 236 -9.35257
107 236 -9.35257
108 236 -9.35257
109 236 -9.35257
110 236 -9.35257
111 236 -9.35257
112 236 -9.35257
113 236 -9.35257
114 236 -9.35257
115 236 -9.35257
116 236 -9.35257
117 236 -9.35257
118 236 -9.35257
119 236 -9.35257
120 236 -9.35257
121 236 -9.35257
122 236 -9.35257
123 236 -9.35257
124 236 -9.35257
125 236 -9.35257
126 236 -9.35257
127 236 -9.35257
128 236 -9.35257
129 236 -9.35257
130 236 -9.35257
131 236 -9.35257
132 236 -9.35257
133 236 -9.35257
134 236 -9.35257
135 236 -9.35257
136 236 -9.35257
137 236 -9.35257
138 236 -9.35257
139 236 -9.35257
140 236 -9.35257
141 236 -9.35257
142 236 -9.35257
143 236 -9.35257
144 236 -9.35257
145 236 -9.35257
146 236 -9.35257
147 236 -9.35257
148 236 -9.35257
149 236 -9.35257
150 236 -9.35257
151 236 -9.35257
152 236 -9.35257
153 236 -9.35257
154 236 -9.35257
155 236 -9.35257
156 236 -9.35257
157 236 -9.35257
158 236 -9.35257
159 236 -9.35257
160 236 -9.35257
161 236 -9.35257
162 236 -9.35257
163 236 -9.35257
164 236 -9.35257
165 236 -9.35257
166 236 -9.35257
167 236 -9.35257
168 236 -9.35257
169 236 -9.35257
170 236 -9.35257
171 236 -9.35257
172 236 -9.35257
173 236 -9.35257
174 236 -9.35257
175 236 -9.35257
176 236 -9.35257
177 236 -9.35257
178 236 -9.35257
179 236 -9.35257
180 236 -9.35257
181 236 -9.35257
182 236 -9.35257
183 236 -9.35257
184 236 -9.35257
185 236 -9.35257
186 236 -9.35257
187 236 -9.35257
188 236 -9.35257
189 236 -9.35257
190 236 -9.35257
191 236 -9.35257
192 236 -9.35257
193 236 -9.35257
194 236 -9.35257
195 236 -9.35257
196 236 -9.35257
197 236 -9.35257
198 236 -9.35257
199 236 -9.35257
200 236 -9.35257
201 236 -9.35257
202 236 -9.35257
203 236 -9.35257
204 236 -9.35257
205 236 -9.35257
206 236 -9.35257
207 236 -9.35257
208 236 -9.35257
209 236 -9.35257
210 236 -9.35257
211 236 -9.35257
212 236 -9.35257
213 236 -9.35257
214 236 -9.35257
215 236 -9.35257
216 236 -9.35257
217 236 -9.35257
218 236 -9.35257
219 236 -9.35257
220 236 -9.35257
221 236 -9.35257
222 236 -9.35257
223 236 -9.35257
224 236 -9.35257
225 236 -9.35257
226 236 -9.35257
227 236 -9.35257
228 236 -9.35257
229 236 -9.35257
230 236 -9.35257
231 236 -9.35257
232 236 -9.35257
233 236 -9.35257
234 236 -9.35257
235 236 -9.35257
236 236 -9.35257
237 236 -9.35257
238 236 -9.35257
239 236 -9.35257
0 237 -9.35257
1 237 -9.35257
2 237 -9.35257
3 237 -9.35257
4 237 -9.35257
5 237 -9.35257
6 237 -9.35257
7 237 -9.35257
8 237 -9.35257
9 237 -9.35257
10 237 -9.35257
11 237 -9.35257
12 237 -9.35257
13 237 -9.35257
14 237 -9.35257
15 237 -9.35257
16 237 -9.35257
17 237 -9.35257
18 237 -9.35257
19 237 -9.35257
20 237 -9.35257
21 237 -9.35257
22 237 -9.35257
23 237 -9.35257
24 237 -9.35257
25 237 -9.35257
26 237 -9.35257
27 237 -9.35257
28 237 -9.35257
29 237 -9.35257
30 237 -9.35257
31 237 -9.35257
32 237 -9.35257
33 237 -9.35257
34 237 -9.35257
35 237 -9.35257
36 237 -9.35257
37 237 -9.35257
38 237 -9.35257
39 237 -9.35257
40 237 -9.35257
41 237 -9.35257
42 237 -9.35257
43 237 -9.35257
44 237 -9.35257
45 237 -9.35257
46 237 -9.35257
47 237 -9.35257
48 237 -9.35257
49 237 -9.35257
50 237 -9.35257
51 237 -9.35257
52 237 -9.35257
53 237 -9.35257
54 237 -9.35257
55 237 -9.35257
56 237 -9.35257
57 237 -9.35257
58 237 -9.35257
59 237 -9.35257
60 237 -9.35257
61 237 -9.35257
62 237 -9.35257
63 237 -9.35257
64 237 -9.35257
65 237 -9.35257
66 237 -9.35257
67 237 -9.35257
68 237 -9.35257
69 237 -9.35257
70 237 -9.35257
71 237 -9.35257
72 237 -9.35257
73 237 -9.35257
74 237 -9.35257
75 237 -9.35257
76 237 -9.35257
77 237 -9.35257
78 237 -9.35257
79 237 -9.35257
80 237 -9.35257
81 237 -9.35257
82 237 -9.35257
83 237 -9.35257
84 237 -9.35257
85 237 -9.35257
86 237 -9.35257
87 237 -9.35257
88 237 -9.35257
89 237 -9.35257
90 237 -9.35257
91 237 -9.35257
92 237 -9.35257
93 237 -9.35257
94 237 -9.35257
95 237 -9.35257
96 237 -9.35257
97 237 -9.35257
98 237 -9.35257
99 237 -9.35257
100 237 -9.35257
101 237 -9.35257
102 237 -9.35257
103 237 -9.35257
104 237 -9.35257
105 237 -9.35257
106 237 -9.35257
107 237 -9.35257
108 237 -9.35257
109 237 -9.35257
110 237 -9.35257
111 237 -9.35257
112 237 -9.35257
113 237 -9.35257
114 237 -9.35257
115 237 -9.35257
116 237 -9.35257
117 237 -9.35257
118 237 -9.35257
119 237 -9.35257
120 237 -9.35257
121 237 -9.35257
122 237 -9.35257
123 237 -9.35257
124 237 -9.35257
125 237 -9.35257
126 237 -9.35257
127 237 -9.35257
128 237 -9.35257
129 237 -9.35257
130 237 -9.35257
131 237 -9.35257
132 237 -9.35257
133 237 -9.35257
134 237 -9.35257
135 237 -9.35257
136 237 -9.35257
137 237 -9.35257
138 237 -9.35257
139 237 -9.35257
140 237 -9.35257
141 237 -9.35257
142 237 -9.35257
143 237 -9.35257
144 237 -9.35257
145 237 -9.35257
146 237 -9.35257
147 237 -9.35257
148 237 -9.35257
149 237 -9.35257
150 237 -9.35257
151 237 -9.35257
152 237 -9.35257
153 237 -9.35257
154 237 -9.35257
155 237 -9.35257
156 237 -9.35257
157 237 -9.35257
158 237 -9.35257
159 237 -9.35257
160 237 -9.35257
161 237 -9.35257
162 237 -9.35257
163 237 -9.35257
164 237 -9.35257
165 237 -9.35257
166 237 -9.35257
167 237 -9.35257
168 237 -9.35257
169 237 -9.35257
170 237 -9.35257
171 237 -9.35257
172 237 -9.35257
173 237 -9.35257
174 237 -9.35257
175 237 -9.35257
176 237 -9.35257
177 237 -9.35257
178 237 -9.35257
179 237 -9.35257
180 237 -9.35257
181 237 -9.35257
182 237 -9.35257
183 237 -9.35257
184 237 -9.35257
185 237 -9.35257
186 237 -9.35257
187 237 -9.35257
188 237 -9.35257
189 237 -9.35257
190 237 -9.35257
191 237 -9.35257
192 237 -9.35257
193 237 -9.35257
194 237 -9.35257
195 237 -9.35257
196 237 -9.35257
197 237 -9.35257
198 237 -9.35257
199 237 -9.35257
200 237 -9.35257
201 237 -9.35257
202 237 -9.35257
203 237 -9.35257
204 237 -9.35257
205 237 -9.35257
206 237 -9.35257
207 237 -9.35257
208 237 -9.35257
209 237 -9.35257
210 237 -9.35257
211 237 -9.35257
212 237 -9.35257
213 237 -9.35257
214 237 -9.35257
215 237 -9.35257
216 237 -9.35257
217 237 -9.35257
218 237 -9.35257
219 237 -9.35257
220 237 -9.35257
221 237 -9.35257
222 237 -9.35257
223 237 -9.35257
224 237 -9.35257
225 237 -9.35257
226 237 -9.35257
227 237 -9.35257
228 237 -9.35257
229 237 -9.35257
230 237 -9.35257
231 237 -9.35257
232 237 -9.35257
233 237 -9.35257
234 237 -9.35257
235 237 -9.35257
236 237 -9.35257
237 237 -9.35257
238 237 -9.35257
239 237 -9.35257
0 238 -9.35257
1 238 -9.35257
2 238 -9.35257
3 238 -9.35257
4 238 -9.35257
5 238 -9.35257
6 238 -9.35257
7 238 -9.35257
8 238 -9.35257
9 238 -9.35257
10 238 -9.35257
11 238 -9.35257
12 238 -9.35257
13 238 -9.35257
14 238 -9.35257
15 238 -9.35257
16 238 -9.35257
17 238 -9.35257
18 238 -9.35257
19 238 -9.35257
20 238 -9.35257
21 238 -9.35257
22 238 -9.35257
23 238 -9.35257
24 238 -9.35257
25 238 -9.35257
26 238 -9.35257
27 238 -9.35257
28 238 -9.35257
29 238 -9.35257
30 238 -9.35257
31 238 -9.35257
32 238 -9.35257
33 238 -9.35257
34 238 -9.35257
35 238 -9.35257
36 238 -9.35257
37 238 -9.35257
38 238 -9.35257
39 238 -9.35257
40 238 -9.35257
41 238 -9.35257
42 238 -9.35257
43 238 -9.35257
44 238 -9.35257
45 238 -9.35257
46 238 -9.35257
47 238 -9.35257
48 238 -9.35257
49 238 -9.35257
50 238 -9.35257
51 238 -9.35257
52 238 -9.35257
53 238 -9.35257
54 238 -9.35257
55 238 -9.35257
56 238 -9.35257
57 238 -9.35257
58 238 -9.35257
59 238 -9.35257
60 238 -9.35257
61 238 -9.35257
62 238 -9.35257
63 238 -9.35257
64 238 -9.35257
65 238 -9.35257
66 238 -9.35257
67 238 -9.35257
68 238 -9.35257
69 238 -9.35257
70 238 -9.35257
71 238 -9.35257
72 238 -9.35257
73 238 -9.35257
74 238 -9.35257
75 238 -9.35257
76 238 -9.35257
77 238 -9.35257
78 238 -9.35257
79 238 -9.35257
80 238 -9.35257
81 238 -9.35257
82 238 -9.35257
83 238 -9.35257
84 238 -9.35257
85 238 -9.35257
86 238 -9.35257
87 238 -9.35257
88 238 -9.35257
89 238 -9.35257
90 238 -9.35257
91 238 -9.35257
92 238 -9.35257
93 238 -9.35257
94 238 -9.35257
95 238 -9.35257
96 238 -9.35257
97 238 -9.35257
98 238 -9.35257
99 238 -9.35257
100 238 -9.35257
101 238 -9.35257
102 238 -9.35257
103 238 -9.35257
104 238 -9.35257
105 238 -9.35257
106 238 -9.35257
107 238 -9.35257
108 238 -9.35257
109 238 -9.35257
110 238 -9.35257
111 238 -9.35257
112 238 -9.35257
113 238 -9.35257
114 238 -9.35257
115 238 -9.35257
116 238 -9.35257
117 238 -9.35257
118 238 -9.35257
119 238 -9.35257
120 238 -9.35257
121 238 -9.35257
122 238 -9.35257
123 238 -9.35257
124 238 -9.35257
125 238 -9.35257
126 238 -9.35257
127 238 -9.35257
128 238 -9.35257
129 238 -9.35257
130 238 -9.35257
131 238 -9.35257
132 238 -9.35257
133 238 -9.35257
134 238 -9.35257
135 238 -9.35257
136 238 -9.35257
137 238 -9.35257
138 238 -9.35257
139 238 -9.35257
140 238 -9.35257
141 238 -9.35257
142 238 -9.35257
143 238 -9.35257
144 238 -9.35257
145 238 -9.35257
146 238 -9.35257
147 238 -9.35257
148 238 -9.35257
149 238 -9.35257
150 238 -9.35257
151 238 -9.35257
152 238 -9.35257
153 238 -9.35257
154 238 -9.35257
155 238 -9.35257
156 238 -9.35257
157 238 -9.35257
158 238 -9.35257
159 238 -9.35257
160 238 -9.35257
161 238 -9.35257
162 238 -9.35257
163 238 -9.35257
164 238 -9.35257
165 238 -9.35257
166 238 -9.35257
167 238 -9.35257
168 238 -9.35257
169 238 -9.35257
170 238 -9.35257
171 238 -9.35257
172 238 -9.35257
173 238 -9.35257
174 238 -9.35257
175 238 -9.35257
176 238 -9.35257
177 238 -9.35257
178 238 -9.35257
179 238 -9.35257
180 238 -9.35257
181 238 -9.35257
182 238 -9.35257
183 238 -9.35257
184 238 -9.35257
185 238 -9.35257
186 238 -9.35257
187 238 -9.35257
188 238 -9.35257
189 238 -9.35257
190 238 -9.35257
191 238 -9.35257
192 238 -9.35257
193 238 -9.35257
194 238 -9.35257
195 238 -9.35257
196 238 -9.35257
197 238 -9.35257
198 238 -9.35257
199 238 -9.35257
200 238 -9.35257
201 238 -9.35257
202 238 -9.35257
203 238 -9.35257
204 238 -9.35257
205 238 -9.35257
206 238 -9.35257
207 238 -9.35257
208 238 -9.35257
209 238 -9.35257
210 238 -9.35257
211 238 -9.35257
212 238 -9.35257
213 238 -9.35257
214 238 -9.35257
215 238 -9.35257
216 238 -9.35257
217 238 -9.35257
218 238 -9.35257
219 238 -9.35257
220 238 -9.35257
221 238 -9.35257
222 238 -9.35257
223 238 -9.35257
224 238 -9.35257
225 238 -9.35257
226 238 -9.35257
227 238 -9.35257
228 238 -9.35257
229 238 -9.35257
230 238 -9.35257
231 238 -9.35257
232 238 -9.35257
233 238 -9.35257
234 238 -9.35257
235 238 -9.35257
236 238 -9.35257
237 238 -9.35257
238 238 -9.35257
239 238 -9.35257
0 239 -9.35257
1 239 -9.35257
2 239 -9.35257
3 239 -9.35257
4 239 -9.35257
5 239 -9.35257
6 239 -9.35257
7 239 -9.35257
8 239 -9.35257
9 239 -9.35257
10 239 -9.35257
11 239 -9.35257
12 239 -9.35257
13 239 -9.35257
14 239 -9.35257
15 239 -9.35257
16 239 -9.35257
17 239 -9.35257
18 239 -9.35257
19 239 -9.35257
20 239 -9.35257
21 239 -9.35257
22 239 -9.35257
23 239 -9.35257
24 239 -9.35257
25 239 -9.35257
26 239 -9.35257
27 239 -9.35257
28 239 -9.35257
29 239 -9.35257
30 239 -9.35257
31 239 -9.35257
32 239 -9.35257
33 239 -9.35257
34 239 -9.35257
35 239 -9.35257
36 239 -9.35257
37 239 -9.35257
38 239 -9.35257
39 239 -9.35257
40 239 -9.35257
41 239 -9.35257
42 239 -9.35257
43 239 -9.35257
44 239 -9.35257
45 239 -9.35257
46 239 -9.35257
47 239 -9.35257
48 239 -9.35257
49 239 -9.35257
50 239 -9.35257
51 239 -9.35257
52 239 -9.35257
53 239 -9.35257
54 239 -9.35257
55 239 -9.35257
56 239 -9.35257
57 239 -9.35257
58 239 -9.35257
59 239 -9.35257
60 239 -9.35257
61 239 -9.35257
62 239 -9.35257
63 239 -9.35257
64 239 -9.35257
65 239 -9.35257
66 239 -9.35257
67 239 -9.35257
68 239 -9.35257
69 239 -9.35257
70 239 -9.35257
71 239 -9.35257
72 239 -9.35257
73 239 -9.35257
74 239 -9.35257
75 239 -9.35257
76 239 -9.35257
77 239 -9.35257
78 239 -9.35257
79 239 -9.35257
80 239 -9.35257
81 239 -9.35257
82 239 -9.35257
83 239 -9.35257
84 239 -9.35257
85 239 -9.35257
86 239 -9.35257
87 239 -9.35257
88 239 -9.35257
89 239 -9.35257
90 239 -9.35257
91 239 -9.35257
92 239 -9.35257
93 239 -9.35257
94 239 -9.35257
95 239 -9.35257
96 239 -9.35257
97 239 -9.35257
98 239 -9.35257
99 239 -9.35257
100 239 -9.35257
101 239 -9.35257
102 239 -9.35257
103 239 -9.35257
104 239 -9.35257
105 239 -9.35257
106 239 -9.35257
107 239 -9.35257
108 239 -9.35257
109 239 -9.35257
110 239 -9.35257
111 239 -9.35257
112 239 -9.35257
113 239 -9.35257
114 239 -9.35257
115 239 -9.35257
116 239 -9.35257
117 239 -9.35257
118 239 -9.35257
119 239 -9.35257
120 239 -9.35257
121 239 -9.35257
122 239 -9.35257
123 239 -9.35257
124 239 -9.35257
125 239 -9.35257
126 239 -9.35257
127 239 -9.35257
128 239 -9.35257
129 239 -9.35257
130 239 -9.35257
131 239 -9.35257
132 239 -9.35257
133 239 -9.35257
134 239 -9.35257
135 239 -9.35257
136 239 -9.35257
137 239 -9.35257
138 239 -9.35257
139 239 -9.35257
140 239 -9.35257
141 239 -9.35257
142 239 -9.35257
143 239 -9.35257
144 239 -9.35257
145 239 -9.35257
146 239 -9.35257
147 239 -9.35257
148 239 -9.35257
149 239 -9.35257
150 239 -9.35257
151 239 -9.35257
152 239 -9.35257
153 239 -9.35257
154 239 -9.35257
155 239 -9.35257
156 239 -9.35257
157 239 -9.35257
158 239 -9.35257
159 239 -9.35257
160 239 -9.35257
161 239 -9.35257
162 239 -9.35257
163 239 -9.35257
164 239 -9.35257
165 239 -9.35257
166 239 -9.35257
167 239 -9.35257
168 239 -9.35257
169 239 -9.35257
170 239 -9.35257
171 239 -9.35257
172 239 -9.35257
173 239 -9.35257
174 239 -9.35257
175 239 -9.35257
176 239 -9.35257
177 239 -9.35257
178 239 -9.35257
179 239 -9.35257
180 239 -9.35257
181 239 -9.35257
182 239 -9.35257
183 239 -9.35257
184 239 -9.35257
185 239 -9.35257
186 239 -9.35257
187 239 -9.35257
188 239 -9.35257
189 239 -9.35257
190 239 -9.35257
191 239 -9.35257
192 239 -9.35257
193 239 -9.35257
194 239 -9.35257
195 239 -9.35257
196 239 -9.35257
197 239 -9.35257
198 239 -9.35257
199 239 -9.35257
200 239 -9.35257
201 239 -9.35257
202 239 -9.35257
203 239 -9.35257
204 239 -9.35257
205 239 -9.35257
206 239 -9.35257
207 239 -9.35257
208 239 -9.35257
209 239 -9.35257
210 239 -9.35257
211 239 -9.35257
212 239 -9.35257
213 239 -9.35257
214 239 -9.35257
215 239 -9.35257
216 239 -9.35257
217 239 -9.35257
218 239 -9.35257
219 239 -9.35257
220 239 -9.35257
221 239 -9.35257
222 239 -9.35257
223 239 -9.35257
224 239 -9.35257
225 239 -9.35257
226 239 -9.35257
227 239 -9.35257
228 239 -9.35257
229 239 -9.35257
230 239 -9.35257
231 239 -9.35257
232 239 -9.35257
233 239 -9.35257
234 239 -9.35257
235 239 -9.35257
236 239 -9.35257
237 239 -9.35257
238 239 -9.35257
239 239 -9.35257
